image_path,relative_image_path,site_id,year,site_year,plot_id,subplot_id,subplot_base,subplot_row,subplot_col,image_date,is_straightened,crop_id,grid_size,grid_row,grid_col,x_min,y_min,x_max,y_max,species_count,probability_vector
/Users/jianyang/Documents/codes/PlotDiversiVision/data/CPER_009/CPER_009_PlantDiversity_31_1_1_20140528-straightened.jpg,CPER_009/CPER_009_PlantDiversity_31_1_1_20140528-straightened.jpg,CPER,2014,,CPER_009,31_1_1,31,1,1,20140528,true,CPER_009_PlantDiversity_31_1_1_20140528-straightened_r0_c0,3,0,0,0,0,614,600,73,"[0.0006928971270099282, 6.0707025113515556e-05, 0.001877908012829721, 0.0011159221176058054, 0.000514548271894455, 0.0017143742879852653, 0.0003664707182906568, 0.00029382790671661496, 0.01680530048906803, 0.1306489259004593, 0.0014488005544990301, 0.001470493501983583, 7.53295244066976e-05, 6.6299494392296765e-06, 0.0004906707908958197, 0.0002376787451794371, 0.0008858097717165947, 0.00032978542731143534, 0.0007460461347363889, 0.006023236084729433, 0.0003208606503903866, 0.0016139866784214973, 9.867941844277084e-05, 4.457171598915011e-05, 9.29407065086707e-07, 0.00020091664919164032, 0.0021640988998115063, 0.0007737319101579487, 0.0005011430475860834, 0.0005098433466628194, 0.0033092605881392956, 0.0005230341339483857, 0.0005322768702171743, 0.00015970636741258204, 5.770429197582416e-05, 0.008863612078130245, 0.0006989925168454647, 0.0012030238285660744, 0.0006615151651203632, 3.200597711838782e-05, 0.0003528888337314129, 0.002874367870390415, 0.005354888737201691, 0.0008425093255937099, 0.00038799268077127635, 0.006971846800297499, 0.34980806708335876, 0.0010981605155393481, 0.0010008710669353604, 0.00026360273477621377, 0.007038761395961046, 0.00750977685675025, 0.003484519198536873, 0.20354370772838593, 0.00025144516257569194, 0.1286400854587555, 0.0011293605202808976, 0.00127456896007061, 0.0005323621444404125, 0.012501318007707596, 9.314950875705108e-05, 0.00023302472254727036, 2.1346782887121662e-05, 0.0007988227880559862, 0.0017895487835630774, 0.06197179853916168, 0.0022392775863409042, 0.005341016221791506, 0.001098328037187457, 0.0015138420276343822, 0.00014028917939867824, 1.3188950106268749e-05, 0.001810090965591371]"
/Users/jianyang/Documents/codes/PlotDiversiVision/data/CPER_009/CPER_009_PlantDiversity_31_1_1_20140528-straightened.jpg,CPER_009/CPER_009_PlantDiversity_31_1_1_20140528-straightened.jpg,CPER,2014,,CPER_009,31_1_1,31,1,1,20140528,true,CPER_009_PlantDiversity_31_1_1_20140528-straightened_r0_c1,3,0,1,614,0,1227,600,73,"[0.0009495479753240943, 3.89812485082075e-05, 0.0011735735461115837, 0.00810307264328003, 0.0009119112510234118, 0.00047425334923900664, 0.0010531970765441656, 4.2448089516256005e-05, 0.009827859699726105, 0.01776461862027645, 0.0024497283156961203, 0.0005483877030201256, 7.227001333376393e-05, 5.140372195455711e-06, 0.0002009187883231789, 0.0015943117905408144, 0.0028776018880307674, 0.0040242779068648815, 0.0033556444104760885, 0.0035740549210458994, 0.0010320544242858887, 0.0001488006964791566, 0.0001644373987801373, 0.0007224497385323048, 5.173677436687285e-06, 0.0007549116271547973, 0.00145865383092314, 6.611862772842869e-05, 0.0030342794489115477, 4.426127270562574e-05, 0.010582841001451015, 0.0002129521017195657, 8.491030894219875e-05, 0.00022070652630645782, 0.0003923428012058139, 0.001710472977720201, 0.00012707609857898206, 0.0018918338464573026, 8.247766527347267e-05, 6.499976734630764e-05, 0.004421255085617304, 0.00310834520496428, 0.02966197580099106, 0.0051812101155519485, 0.0001564446574775502, 0.009693003259599209, 0.05349496752023697, 0.00043525913497433066, 0.0006293294718489051, 0.0009615035960450768, 0.015182137489318848, 0.00011370970605639741, 0.00028065801598131657, 0.5969414710998535, 0.0009422017610631883, 0.13969437777996063, 0.0008522935095243156, 0.0036200215108692646, 0.00026117725064978004, 0.003517892910167575, 4.234297011862509e-05, 0.0005862550460733473, 3.025203841389157e-05, 0.0013817950384691358, 0.0025157746858894825, 0.004858466796576977, 0.006587399169802666, 0.031211910769343376, 1.134033936978085e-05, 0.0001728740899125114, 1.3614299859909806e-05, 2.3751424578222213e-06, 0.001592889311723411]"
/Users/jianyang/Documents/codes/PlotDiversiVision/data/CPER_009/CPER_009_PlantDiversity_31_1_1_20140528-straightened.jpg,CPER_009/CPER_009_PlantDiversity_31_1_1_20140528-straightened.jpg,CPER,2014,,CPER_009,31_1_1,31,1,1,20140528,true,CPER_009_PlantDiversity_31_1_1_20140528-straightened_r0_c2,3,0,2,1227,0,1841,600,73,"[0.00037033436819911003, 1.775683631421998e-05, 0.001978005515411496, 0.000204642943572253, 0.00012149323447374627, 3.5767450754065067e-05, 8.998079283628613e-05, 8.146968320943415e-05, 0.13758662343025208, 0.060335949063301086, 0.0013133101165294647, 0.0006843475275672972, 1.4309007383417338e-05, 1.2617007314474904e-06, 2.832937752828002e-05, 7.357870345003903e-05, 0.00015093799447640777, 0.0004882720240857452, 0.00018861079297494143, 0.04443906620144844, 7.183697744039819e-05, 0.0019177630310878158, 6.613764981011627e-06, 0.00010571957682259381, 2.470214667482651e-06, 2.963213228213135e-05, 0.0005520071717910469, 1.2099228115403093e-05, 8.410451300733257e-06, 2.212107801824459e-06, 0.007787433452904224, 3.756369915208779e-05, 0.000244455091888085, 1.404113481839886e-05, 2.9429698770400137e-05, 0.004386622924357653, 1.725140100461431e-05, 3.4209966543130577e-05, 1.4903098417562433e-05, 0.00011709144746419042, 3.062339828829863e-06, 0.0006395144155249, 0.00013970349391456693, 7.901641765784007e-06, 1.7398448107996956e-05, 0.0045338524505496025, 0.6800156831741333, 0.00019487131794448942, 0.00017422233941033483, 4.624892972060479e-05, 0.0007518782513216138, 0.0015718863578513265, 4.377073855721392e-05, 0.00693067442625761, 8.579736459068954e-06, 0.023557156324386597, 5.9822712501045316e-05, 5.172171222511679e-05, 5.2851795771857724e-05, 0.00010751475201686844, 2.1498399291886017e-05, 5.649572631227784e-05, 1.2864144082413986e-05, 0.00018343095143791288, 0.0003351031627971679, 0.012659940868616104, 2.457536720612552e-05, 4.513623207458295e-05, 6.478425348177552e-06, 7.552497845608741e-05, 2.6157149477512576e-05, 3.555155444701086e-06, 0.004045094829052687]"
/Users/jianyang/Documents/codes/PlotDiversiVision/data/CPER_009/CPER_009_PlantDiversity_31_1_1_20140528-straightened.jpg,CPER_009/CPER_009_PlantDiversity_31_1_1_20140528-straightened.jpg,CPER,2014,,CPER_009,31_1_1,31,1,1,20140528,true,CPER_009_PlantDiversity_31_1_1_20140528-straightened_r1_c0,3,1,0,0,600,614,1199,73,"[0.009762583300471306, 0.00011782787623815238, 0.00109818484634161, 0.0041753873229026794, 0.004042572807520628, 0.0007799604791216552, 0.2341431975364685, 0.00036198270390741527, 0.02906530722975731, 0.015311900526285172, 0.01849520020186901, 0.0013896557502448559, 0.0003397997352294624, 1.4315804946818389e-05, 0.00022505188826471567, 5.114498344482854e-05, 0.00010538317292230204, 0.0007083250093273818, 0.0015524982009083033, 0.19825439155101776, 0.003144877962768078, 0.0016291033243760467, 0.0005755193997174501, 0.0002032507472904399, 4.05704413424246e-05, 0.00025468665990047157, 8.29297787277028e-05, 8.049183088587597e-05, 0.00015550045645795763, 0.0001588495506439358, 0.03287405148148537, 9.901683370117098e-05, 0.0005928015452809632, 0.0012157653691247106, 0.0004091690352652222, 0.0878722220659256, 0.0005802324158139527, 0.007195128593593836, 0.00022446886578109115, 0.00010448253306094557, 0.01271068025380373, 0.059239525347948074, 0.0006120508769527078, 0.0001931163715198636, 0.00044235814129933715, 0.004955180920660496, 0.0834411159157753, 0.002009572461247444, 0.002213694155216217, 0.002210723701864481, 0.009887916967272758, 0.004920221399515867, 1.6992789824143983e-05, 0.0617513507604599, 7.54462307668291e-05, 0.009718960151076317, 0.00011571604409255087, 0.01444578729569912, 0.0018572183325886726, 0.006507352460175753, 0.0014589490601792932, 0.009115919470787048, 0.00040659861406311393, 0.0027442462742328644, 0.004598343279212713, 0.03432944044470787, 0.0007263905135914683, 0.0024837825912982225, 0.00011783100489992648, 0.005844690836966038, 0.00010016796295531094, 8.73863828019239e-05, 0.003173487726598978]"
/Users/jianyang/Documents/codes/PlotDiversiVision/data/CPER_009/CPER_009_PlantDiversity_31_1_1_20140528-straightened.jpg,CPER_009/CPER_009_PlantDiversity_31_1_1_20140528-straightened.jpg,CPER,2014,,CPER_009,31_1_1,31,1,1,20140528,true,CPER_009_PlantDiversity_31_1_1_20140528-straightened_r1_c1,3,1,1,614,600,1227,1199,73,"[0.0073761893436312675, 2.5919614927261136e-05, 0.0009668223792687058, 0.05452970042824745, 0.016919728368520737, 9.463079913984984e-05, 0.05304751917719841, 6.831332575529814e-05, 0.004569579381495714, 0.03572136536240578, 0.046055443584918976, 0.0023997826501727104, 0.00029282522154971957, 9.162974492937792e-06, 0.00044962787069380283, 1.004986188490875e-05, 0.00015313464973587543, 0.006534144282341003, 0.005241647362709045, 0.02426210790872574, 0.00023018772481009364, 0.001117595937103033, 0.0003916760324500501, 0.005014950409531593, 2.52363452091231e-06, 0.0005863828118890524, 0.00022114823514129966, 0.0002977623662445694, 0.0018043200252577662, 0.00016047395183704793, 0.03621724247932434, 0.0006354522774927318, 0.0005739782354794443, 0.00057182990713045, 0.00012293642794247717, 0.007194334175437689, 0.0015210715355351567, 0.003152746707201004, 9.510269592283294e-05, 6.459068572439719e-06, 0.008148021064698696, 0.020026560872793198, 0.002588022267445922, 0.002633072901517153, 0.00023096879885997623, 0.020664479583501816, 0.002486257581040263, 0.00033045397140085697, 0.0007871732814237475, 0.00018295965855941176, 0.018664386123418808, 0.0015214778250083327, 0.00035242459853179753, 0.3088139593601227, 0.00039365628617815673, 0.0035558606032282114, 0.0006395085365511477, 0.011720668524503708, 0.0013031276175752282, 0.0028996418695896864, 0.002149084350094199, 0.0037055870052427053, 7.367352372966707e-05, 0.002491308143362403, 0.004913863725960255, 0.2104354202747345, 0.016894575208425522, 0.024977708235383034, 3.703519905684516e-05, 0.002126008505001664, 9.353040695714299e-06, 0.00039535685209557414, 0.005202483385801315]"
/Users/jianyang/Documents/codes/PlotDiversiVision/data/CPER_009/CPER_009_PlantDiversity_31_1_1_20140528-straightened.jpg,CPER_009/CPER_009_PlantDiversity_31_1_1_20140528-straightened.jpg,CPER,2014,,CPER_009,31_1_1,31,1,1,20140528,true,CPER_009_PlantDiversity_31_1_1_20140528-straightened_r1_c2,3,1,2,1227,600,1841,1199,73,"[0.006480154115706682, 0.00034653610782697797, 0.00169701362028718, 0.020274300128221512, 0.0015212396392598748, 9.010188659885898e-05, 0.002040891908109188, 0.00027140023303218186, 0.012482726015150547, 0.01395494770258665, 0.038368623703718185, 0.03084205463528633, 0.00011925090802833438, 3.953535633627325e-05, 0.0015202824724838138, 1.958860048034694e-05, 0.0003166835231240839, 0.003618297167122364, 0.0037249037995934486, 0.025753777474164963, 0.00030067405896261334, 0.0013929996639490128, 0.00045419091475196183, 0.0006117545417509973, 7.03018622516538e-06, 0.005029873922467232, 0.0005236886790953577, 0.002483517862856388, 0.0007535164477303624, 0.001294254558160901, 0.01201991643756628, 0.004905828274786472, 0.0011257682926952839, 0.008126383647322655, 0.00040502430056221783, 0.012151030823588371, 0.0009311645990237594, 0.006489058956503868, 0.00028352587833069265, 0.00011362692021066323, 0.0013577648205682635, 0.04179772362112999, 0.0022562709636986256, 0.001556340721435845, 0.0004523753304965794, 0.0034674915950745344, 0.012597342021763325, 0.0031165978871285915, 0.004262485075742006, 0.003350695362314582, 0.005599725525826216, 0.0018253169255331159, 0.00029191732755862176, 0.5440878868103027, 0.0003587166720535606, 0.018412837758660316, 0.0032927882857620716, 0.0033004593569785357, 0.0051610711961984634, 0.006640206556767225, 0.002227382967248559, 0.005496154073625803, 0.00020493085321504623, 0.0003101806214544922, 0.00577964074909687, 0.08537101745605469, 0.0037435644771903753, 0.005823993589729071, 0.00022261163394432515, 0.0020668485667556524, 0.00017036481585819274, 6.163030047900975e-05, 0.0024505138862878084]"
/Users/jianyang/Documents/codes/PlotDiversiVision/data/CPER_009/CPER_009_PlantDiversity_31_1_1_20140528-straightened.jpg,CPER_009/CPER_009_PlantDiversity_31_1_1_20140528-straightened.jpg,CPER,2014,,CPER_009,31_1_1,31,1,1,20140528,true,CPER_009_PlantDiversity_31_1_1_20140528-straightened_r2_c0,3,2,0,0,1199,614,1799,73,"[0.02749088779091835, 0.00010317904525436461, 0.006414511241018772, 0.0027756523340940475, 0.0003733024059329182, 8.669609087519348e-05, 0.002890849718824029, 2.8120450224378146e-05, 0.017758933827280998, 0.029028188437223434, 0.17284473776817322, 0.007256569806486368, 3.0324952604132704e-05, 7.99242206994677e-06, 0.00024409870093222708, 1.01255536719691e-05, 0.00010189570457441732, 0.00045015811338089406, 0.0008832684834487736, 0.017608636990189552, 4.450729466043413e-05, 0.009546298533678055, 0.0002765114768408239, 0.004662159364670515, 0.00048093972145579755, 0.003091271035373211, 0.0001112647878471762, 0.00025605049449950457, 6.780290277674794e-05, 7.384007767541334e-05, 0.18104715645313263, 0.00013160856906324625, 0.0007576930220238864, 0.0013872776180505753, 4.2325376853113994e-05, 0.018832307308912277, 0.0001870056876214221, 0.002460668096318841, 5.4053885833127424e-05, 2.4231820134446025e-05, 0.0015167141100391746, 0.028758374974131584, 9.589869296178222e-05, 6.621355714742094e-05, 0.00021971283422317356, 0.008070128969848156, 0.07078180462121964, 9.536752622807398e-05, 0.0001327121426584199, 0.00011481773253763095, 0.010220061987638474, 0.03507082536816597, 8.246474862971809e-06, 0.10100498795509338, 8.808689017314464e-05, 0.007487546186894178, 0.0028171695303171873, 0.0010255321394652128, 0.0003970555844716728, 0.0003585128579288721, 0.0014926072908565402, 0.0004713532980531454, 0.0001989966694964096, 2.6456755222170614e-05, 0.0004164648416917771, 0.17734231054782867, 0.0015334924682974815, 0.00471916701644659, 0.0002981851575896144, 0.009508935734629631, 0.0001123095498769544, 6.188709812704474e-05, 0.02556496299803257]"
/Users/jianyang/Documents/codes/PlotDiversiVision/data/CPER_009/CPER_009_PlantDiversity_31_1_1_20140528-straightened.jpg,CPER_009/CPER_009_PlantDiversity_31_1_1_20140528-straightened.jpg,CPER,2014,,CPER_009,31_1_1,31,1,1,20140528,true,CPER_009_PlantDiversity_31_1_1_20140528-straightened_r2_c1,3,2,1,614,1199,1227,1799,73,"[7.331083179451525e-05, 0.0001920308859553188, 1.4877645298838615e-05, 0.012720156461000443, 1.6328058336512186e-05, 1.3367958899834775e-06, 9.879469871520996e-06, 3.145095251966268e-05, 0.00018943127361126244, 0.00024038706033024937, 0.0004741383309010416, 0.027314264327287674, 1.4937526430003345e-05, 0.00015029213682282716, 0.6654041409492493, 0.00015200457710307091, 0.0014431148301810026, 0.0004678964032791555, 0.00024576589930802584, 0.00012169171532150358, 0.0006822931463830173, 9.418937406735495e-05, 5.126049290993251e-05, 1.0577958164503798e-05, 4.746662852994632e-06, 0.0006985532236285508, 0.0007460950873792171, 0.008630823343992233, 0.00023256400891114026, 0.00029652038938365877, 0.00012126816727686673, 0.0024882149882614613, 0.0022123046219348907, 0.00416427431628108, 4.177141090622172e-05, 0.0008612763485871255, 0.0011781146749854088, 0.0006832412327639759, 0.0016536685870960355, 0.00016250826593022794, 7.739028660580516e-06, 0.00011847706628032029, 0.001970654120668769, 0.0005899666575714946, 3.996420218754793e-06, 2.0151695935055614e-05, 0.00035515386844053864, 0.00032041934900917113, 0.00185234600212425, 8.487288869218901e-05, 0.002422836609184742, 1.2947290088050067e-05, 4.664221705752425e-06, 0.21552135050296783, 5.262564809527248e-05, 0.005237216129899025, 0.025192661210894585, 0.0025683550629764795, 0.0023410131689161062, 0.002008755225688219, 0.00019157140923198313, 0.00027825243887491524, 2.1435334929265082e-05, 4.627235739462776e-06, 0.0009826108580455184, 0.00048494915245100856, 0.0012093145633116364, 0.001175098353996873, 5.565480478253448e-06, 8.162394078681245e-05, 0.0004905233508907259, 3.1374961508845445e-06, 9.349131869385019e-05]"
/Users/jianyang/Documents/codes/PlotDiversiVision/data/CPER_009/CPER_009_PlantDiversity_31_1_1_20140528-straightened.jpg,CPER_009/CPER_009_PlantDiversity_31_1_1_20140528-straightened.jpg,CPER,2014,,CPER_009,31_1_1,31,1,1,20140528,true,CPER_009_PlantDiversity_31_1_1_20140528-straightened_r2_c2,3,2,2,1227,1199,1841,1799,73,"[0.0013459755573421717, 3.3695948786771623e-06, 0.0010033471044152975, 2.116480936820153e-05, 0.0002677883312571794, 2.8293984541960526e-06, 0.00039072518120519817, 1.806045474950224e-05, 0.1911049485206604, 0.1714491993188858, 0.00688315462321043, 3.2059346267487854e-05, 0.0001038617774611339, 2.694767147204402e-07, 1.4829222436674172e-06, 2.03498057089746e-05, 6.937979196663946e-05, 6.003198723192327e-05, 3.7507918023038656e-05, 0.0032500328961759806, 2.0264747945475392e-05, 0.0008397554629482329, 3.695685154525563e-05, 1.0503872545086779e-05, 1.4803830161724818e-08, 0.00022193828772287816, 6.695902993669733e-05, 4.103566607227549e-05, 1.5413666915264912e-05, 1.884391349449288e-05, 0.0023125617299228907, 1.2741288628603797e-05, 4.843619535677135e-05, 4.392701612232486e-06, 1.2145625305493013e-06, 0.0036541379522532225, 0.0007088248385116458, 6.298862717812881e-05, 5.477997910929844e-05, 3.11281183940082e-07, 7.071257277857512e-05, 0.0038062594830989838, 0.00027881082496605814, 0.0001591369800735265, 2.3110602342057973e-05, 0.13310471177101135, 0.09267638623714447, 0.00016275302914436907, 3.299598392914049e-05, 1.0368200491939206e-05, 0.00017742047202773392, 0.0024223977234214544, 3.047011705348268e-05, 0.02326303906738758, 0.00011355753667885438, 0.00033005443401634693, 1.2533320159491268e-06, 0.00043164618546143174, 6.794190994696692e-05, 0.0005716507439501584, 4.1145387513097376e-05, 8.37732877698727e-05, 2.2137323867355008e-06, 3.4996985050383955e-05, 5.2790222980547696e-05, 0.3535667955875397, 0.0011567766778171062, 0.0024700057692825794, 2.261972622363828e-05, 0.0003871229710057378, 8.248516678577289e-06, 3.755672196348314e-06, 0.0002374483156017959]"
/Users/jianyang/Documents/codes/PlotDiversiVision/data/CPER_009/CPER_009_PlantDiversity_31_1_4_20140528-straightened.jpg,CPER_009/CPER_009_PlantDiversity_31_1_4_20140528-straightened.jpg,CPER,2014,,CPER_009,31_1_4,31,1,4,20140528,true,CPER_009_PlantDiversity_31_1_4_20140528-straightened_r0_c0,3,0,0,0,0,653,646,73,"[0.0017555153463035822, 3.0696648991579423e-06, 0.009929144755005836, 0.0002685912768356502, 0.002844530390575528, 0.000589492847211659, 0.0010510690044611692, 7.091701991157606e-05, 0.443196177482605, 0.29432371258735657, 0.006989703979343176, 3.578318501240574e-05, 2.498602589184884e-05, 3.8777099575781904e-07, 2.788518486340763e-06, 9.95818991214037e-05, 0.0003090711834374815, 0.0010780816664919257, 5.785959729109891e-05, 0.0007256143144331872, 0.0009159337496384978, 0.0006814643857069314, 3.045266930712387e-05, 0.0006094734999351203, 1.6271490039798664e-06, 0.005181878339499235, 0.0012309072772040963, 6.649745500908466e-06, 0.00013935075548943132, 7.58932492317399e-06, 0.05270455405116081, 9.512761607766151e-05, 9.609371772967279e-06, 5.5317709666269366e-06, 4.43349163106177e-05, 0.0019938787445425987, 0.0007758616120554507, 0.00012705080735031515, 0.00014805544924456626, 5.322998731571715e-06, 0.00017857943021226674, 0.00452485540881753, 0.001894808025099337, 0.0023167545441538095, 0.00013359580771066248, 0.038701239973306656, 0.013159801252186298, 0.00020112720085307956, 0.00046925374772399664, 9.405019227415323e-05, 0.0008629382937215269, 0.0004147663712501526, 0.00018869231280405074, 0.07202319800853729, 0.001077448483556509, 0.0010081384098157287, 3.432083076404524e-06, 7.041159551590681e-05, 0.00015562077169306576, 0.00155758042819798, 9.223492270393763e-06, 1.0901729183387943e-05, 7.801583706168458e-06, 0.0006126903463155031, 0.0005164410686120391, 0.02838689275085926, 0.0007395420107059181, 0.002446942962706089, 2.0307685190346092e-05, 5.479812898556702e-05, 4.621932475856738e-06, 2.2031836124369875e-06, 8.052614430198446e-05]"
/Users/jianyang/Documents/codes/PlotDiversiVision/data/CPER_009/CPER_009_PlantDiversity_31_1_4_20140528-straightened.jpg,CPER_009/CPER_009_PlantDiversity_31_1_4_20140528-straightened.jpg,CPER,2014,,CPER_009,31_1_4,31,1,4,20140528,true,CPER_009_PlantDiversity_31_1_4_20140528-straightened_r0_c1,3,0,1,653,0,1305,646,73,"[0.0013454844010993838, 6.565842909367348e-07, 0.0065923589281737804, 7.896998431533575e-05, 0.004658447578549385, 4.065321263624355e-05, 0.00333030940964818, 0.0001772745599737391, 0.46382731199264526, 0.23245958983898163, 0.020593591034412384, 0.00013405807840172201, 5.0547245336929336e-05, 9.535986009723274e-07, 1.1354674143149168e-06, 1.2016836990369484e-05, 9.185382805299014e-05, 0.0007985001429915428, 4.45747900812421e-05, 0.004036166705191135, 0.0007766181952320039, 9.895084804156795e-05, 7.385393837466836e-05, 0.0003305613936390728, 2.6586264993966324e-06, 0.0020539367105811834, 0.0006256415508687496, 1.844487314883736e-06, 0.0004086655972059816, 2.5607973839214537e-06, 0.03483259305357933, 4.446643288247287e-05, 1.1709932550729718e-05, 1.2239692296134308e-05, 1.795236130419653e-05, 0.0018055399414151907, 0.002046101028099656, 4.584855923894793e-05, 0.00013552969903685153, 2.9139780963305384e-05, 0.00031803364981897175, 0.007483697962015867, 0.0009013603557832539, 0.0009189838892780244, 0.00030108290957286954, 0.09979367256164551, 0.03062986023724079, 4.42302662122529e-05, 8.103041909635067e-05, 4.083646126673557e-05, 0.0008277155575342476, 6.404851592378691e-05, 0.00016585820412728935, 0.02981095016002655, 0.0005463024717755616, 0.0014944830909371376, 5.567347216128837e-06, 0.00022718089167028666, 0.0002453826309647411, 0.0005703489296138287, 0.00015487072232645005, 3.7843987229280174e-05, 2.611545096442569e-05, 0.0006493791006505489, 0.0002943530271295458, 0.03686641529202461, 0.0016175250057131052, 0.004172557033598423, 1.586951839271933e-05, 3.2053027098299935e-05, 4.146765604673419e-06, 6.918031431268901e-06, 2.0397861590026878e-05]"
/Users/jianyang/Documents/codes/PlotDiversiVision/data/CPER_009/CPER_009_PlantDiversity_31_1_4_20140528-straightened.jpg,CPER_009/CPER_009_PlantDiversity_31_1_4_20140528-straightened.jpg,CPER,2014,,CPER_009,31_1_4,31,1,4,20140528,true,CPER_009_PlantDiversity_31_1_4_20140528-straightened_r0_c2,3,0,2,1305,0,1958,646,73,"[0.0027846754528582096, 4.793194534613576e-07, 0.004715762101113796, 4.084916872670874e-05, 0.00015589233953505754, 1.8241997167933732e-05, 0.00021234602900221944, 4.971243470208719e-06, 0.1754961758852005, 0.4861305356025696, 0.01623178832232952, 1.7126836610259488e-05, 9.849870366451796e-06, 3.414294624803915e-08, 8.587760902400987e-08, 2.6176433038926916e-06, 1.1601070582401007e-05, 4.122707468923181e-05, 5.183650955586927e-06, 9.39953388296999e-05, 0.000232061036513187, 0.0007384793716482818, 4.968513621861348e-06, 7.43450946174562e-05, 6.74249122312176e-07, 0.0012273207539692521, 5.5230455473065376e-05, 3.6710505355586065e-06, 1.2960406820639037e-05, 3.732431252956303e-07, 0.12198910117149353, 1.811689253372606e-05, 6.476901035057381e-06, 1.3528398312701029e-06, 6.230724011402344e-06, 0.001854144735261798, 0.00012888481433037668, 1.6017769667087123e-05, 1.4644107977801468e-05, 3.1399545719068556e-07, 8.238171722041443e-05, 0.0012382781133055687, 8.058147795964032e-05, 3.242449747631326e-05, 3.3134467230411246e-05, 0.1264321655035019, 0.009156269952654839, 1.3560025763581507e-05, 9.473286809225101e-06, 4.143772093812004e-05, 0.000295439240289852, 0.00030010772752575576, 8.98190337466076e-05, 0.01280293520539999, 2.922065687016584e-05, 0.0005336016765795648, 1.081371124200814e-06, 4.647197329177288e-06, 0.00010815825953613967, 4.85718046547845e-05, 3.003708570759045e-06, 2.1285673028614838e-06, 1.868078243205673e-06, 4.174806599621661e-05, 9.214285091729835e-05, 0.03543050214648247, 0.00011594661918934435, 0.0003062393516302109, 4.112777787668165e-06, 2.0921735995216295e-05, 3.7795408047713863e-07, 1.0214224630544777e-06, 0.0002879399689845741]"
/Users/jianyang/Documents/codes/PlotDiversiVision/data/CPER_009/CPER_009_PlantDiversity_31_1_4_20140528-straightened.jpg,CPER_009/CPER_009_PlantDiversity_31_1_4_20140528-straightened.jpg,CPER,2014,,CPER_009,31_1_4,31,1,4,20140528,true,CPER_009_PlantDiversity_31_1_4_20140528-straightened_r1_c0,3,1,0,0,646,653,1291,73,"[0.0008317039464600384, 2.678671989997383e-06, 0.007723615970462561, 0.0009527896763756871, 0.005839261692017317, 0.0005184696055948734, 0.0011050698813050985, 2.0221385057084262e-05, 0.058080073446035385, 0.16962796449661255, 0.0036969080101698637, 5.7065142755163833e-05, 9.809886250877753e-05, 6.717808105349832e-07, 2.1471662421390647e-06, 1.737191269057803e-05, 0.00030891518690623343, 0.0007886439561843872, 6.015106555423699e-05, 0.00994072761386633, 0.00011717317829607055, 0.0008322054054588079, 1.2521018106781412e-05, 0.0006485822377726436, 2.025866706389934e-06, 0.0007616904331371188, 0.00032147837919183075, 1.0138360266864765e-05, 1.8103943148162216e-05, 9.31708564166911e-06, 0.13694407045841217, 0.00011791121505666524, 6.705138275719946e-06, 2.1516685592359863e-05, 5.320801574271172e-05, 0.0017201141454279423, 0.0009698931826278567, 5.030681859352626e-05, 2.9500273740268312e-05, 1.2882990176876774e-06, 0.00019785018230322748, 0.009727134369313717, 0.003483485197648406, 0.0014962635468691587, 7.162489055190235e-05, 0.05474047362804413, 0.06646985560655594, 0.0002078869438264519, 0.00021350799943320453, 2.360136750212405e-05, 0.001343587413430214, 0.007370038889348507, 0.00027778156800195575, 0.09103669226169586, 0.0007855333969928324, 0.0008821886731311679, 6.188926818140317e-06, 7.360309973591939e-05, 0.00017341531929560006, 0.0005124917952343822, 3.578818723326549e-05, 3.605676829465665e-05, 1.3652592087964877e-06, 0.0017717265291139483, 0.00020669605873990804, 0.34367114305496216, 0.0022046633530408144, 0.010409132577478886, 9.795597179618198e-06, 4.258862099959515e-05, 6.5589151745371055e-06, 1.3796725397696719e-06, 0.00018953681865241379]"
/Users/jianyang/Documents/codes/PlotDiversiVision/data/CPER_009/CPER_009_PlantDiversity_31_1_4_20140528-straightened.jpg,CPER_009/CPER_009_PlantDiversity_31_1_4_20140528-straightened.jpg,CPER,2014,,CPER_009,31_1_4,31,1,4,20140528,true,CPER_009_PlantDiversity_31_1_4_20140528-straightened_r1_c1,3,1,1,653,646,1305,1291,73,"[0.0019924656953662634, 2.0491033865255304e-05, 0.0003262154059484601, 0.00012124759086873382, 0.00306099490262568, 2.9869715945096686e-05, 0.0024104053154587746, 2.3552129277959466e-05, 0.3286527991294861, 0.22970110177993774, 0.007371628191322088, 0.0001619584218133241, 9.00788145372644e-05, 1.9803528061856923e-07, 8.562188327232434e-07, 6.818901852057024e-07, 1.3244447472970933e-05, 0.00024342906544916332, 7.645439836778678e-06, 0.014889962039887905, 9.730515557748731e-06, 0.0001680988207226619, 1.8207233551947866e-06, 0.00012098100705770776, 3.076804659940535e-07, 0.0005259527242742479, 9.880399011308327e-05, 1.0236701200483367e-05, 1.3401430578596774e-06, 6.4202272369584534e-06, 0.009841663762927055, 1.8340457245358266e-05, 2.3846667318139225e-05, 1.2326971045695245e-05, 1.0097655831486918e-06, 0.0005999378045089543, 0.0013270353665575385, 0.0001605626312084496, 3.512377224978991e-05, 8.885352826837334e-07, 2.7649115509120747e-05, 0.006363813299685717, 7.550435839220881e-05, 4.147964864387177e-05, 0.0001385578652843833, 0.02548569068312645, 0.013752589002251625, 0.00010839084279723465, 3.851548535749316e-05, 2.313775894435821e-06, 0.00014256079157348722, 0.0011935012880712748, 6.144599319668487e-05, 0.05798455700278282, 7.161082612583414e-05, 8.019052620511502e-05, 8.456405339529738e-06, 3.957834269385785e-05, 0.0006328151794150472, 0.0006488656508736312, 3.5210301575716585e-05, 1.704257374512963e-05, 2.598294486233499e-06, 0.00011874652409460396, 4.787207944900729e-05, 0.2829686403274536, 0.0009766299044713378, 0.006574394181370735, 3.710022065206431e-05, 0.00018380598339717835, 5.308260369929485e-06, 4.352386895334348e-06, 4.689621346187778e-05]"
/Users/jianyang/Documents/codes/PlotDiversiVision/data/CPER_009/CPER_009_PlantDiversity_31_1_4_20140528-straightened.jpg,CPER_009/CPER_009_PlantDiversity_31_1_4_20140528-straightened.jpg,CPER,2014,,CPER_009,31_1_4,31,1,4,20140528,true,CPER_009_PlantDiversity_31_1_4_20140528-straightened_r1_c2,3,1,2,1305,646,1958,1291,73,"[0.11843428015708923, 0.00012045161565765738, 0.001137285609729588, 0.00018386235751677305, 0.013613350689411163, 0.0019343224121257663, 0.004981093108654022, 4.864661968895234e-05, 0.13585498929023743, 0.15709756314754486, 0.04819029942154884, 2.611505624372512e-05, 0.0001897639303933829, 1.788194623486561e-07, 2.7398399993217026e-07, 6.429133009078214e-06, 8.62258457345888e-05, 0.0002180423034587875, 1.5379329852294177e-05, 0.0011137154651805758, 0.00019009140669368207, 0.0008102799765765667, 1.0715144526329823e-05, 0.0012689854484051466, 9.229172519553686e-07, 0.0008011944009922445, 0.0003239242942072451, 1.801774669729639e-05, 1.0038337677542586e-05, 2.7797635993920267e-05, 0.07691745460033417, 6.650447903666645e-05, 1.267378047487e-05, 1.1388213351892773e-05, 1.3482679605658632e-05, 0.15375372767448425, 0.0016079831402748823, 0.00044582298141904175, 0.0005451887263916433, 3.413429965348769e-07, 0.000921740080229938, 0.027469949796795845, 0.0005628812359645963, 0.0001505790278315544, 0.0007545325788669288, 0.004728397820144892, 0.01672402396798134, 0.003589608706533909, 0.00022780489234719425, 2.24184896069346e-05, 0.003603218123316765, 0.05191368609666824, 0.0003314364585094154, 0.06044786795973778, 0.00025209932937286794, 0.0021022194996476173, 1.0892772479564883e-05, 2.276041232107673e-05, 0.0003060705785173923, 0.00033408947638235986, 1.804305793484673e-05, 7.541922514064936e-06, 1.7314414435531944e-05, 0.001046917517669499, 0.0005121183348819613, 0.0700683444738388, 0.003582604695111513, 0.02818968892097473, 0.0009471543016843498, 0.0009915645932778716, 2.289904386998387e-06, 2.8647536964854226e-06, 4.8349320422858e-05]"
/Users/jianyang/Documents/codes/PlotDiversiVision/data/CPER_009/CPER_009_PlantDiversity_31_1_4_20140528-straightened.jpg,CPER_009/CPER_009_PlantDiversity_31_1_4_20140528-straightened.jpg,CPER,2014,,CPER_009,31_1_4,31,1,4,20140528,true,CPER_009_PlantDiversity_31_1_4_20140528-straightened_r2_c0,3,2,0,0,1291,653,1937,73,"[0.004922274965792894, 2.4654019625813817e-07, 0.002863677917048335, 0.000137233582790941, 0.0005092665087431669, 1.696702611297951e-06, 7.746891060378402e-05, 1.1330758752592374e-05, 0.21444541215896606, 0.19015921652317047, 0.024647407233715057, 4.595382051775232e-05, 1.5874968539719703e-06, 2.555059950282157e-07, 5.713544624086353e-07, 2.8023885079164756e-06, 5.751293065259233e-05, 8.369518764084205e-05, 5.1951072236988693e-05, 0.1124766618013382, 1.7950113033293746e-05, 0.0077612148597836494, 5.345438330550678e-05, 9.54014467424713e-06, 5.603849785984494e-06, 3.248709253966808e-05, 0.0002535934909246862, 2.380062369411462e-06, 5.371251972974278e-06, 1.1154446610817104e-06, 0.006316036451607943, 1.867399441835005e-05, 8.788524610281456e-06, 4.689466550189536e-06, 2.6839809379453072e-06, 0.029034212231636047, 0.00030799859086982906, 0.00046106078661978245, 6.857606786070392e-05, 6.48138939141063e-06, 0.00010483921505510807, 0.0021810822654515505, 9.63369348028209e-06, 4.583824193105102e-06, 0.0001275503309443593, 0.04002073407173157, 0.10751940310001373, 2.9399732738966122e-05, 1.833517490013037e-05, 4.92801918881014e-05, 0.000348021654644981, 0.025281427428126335, 1.3646189245264395e-06, 0.052042197436094284, 0.00011883646948263049, 0.0006077059078961611, 3.45127446053084e-05, 0.00020418671192601323, 3.72853028238751e-05, 0.00010836913133971393, 2.5513909349683672e-05, 6.9148959482845385e-06, 4.675340460380539e-05, 2.03009185497649e-05, 9.355020301882178e-05, 0.17380103468894958, 0.00015372599591501057, 0.0003049495571758598, 2.3550914193037897e-05, 2.4253309675259516e-05, 2.0098877939744852e-05, 1.146208546742855e-06, 0.0017612749943509698]"
/Users/jianyang/Documents/codes/PlotDiversiVision/data/CPER_009/CPER_009_PlantDiversity_31_1_4_20140528-straightened.jpg,CPER_009/CPER_009_PlantDiversity_31_1_4_20140528-straightened.jpg,CPER,2014,,CPER_009,31_1_4,31,1,4,20140528,true,CPER_009_PlantDiversity_31_1_4_20140528-straightened_r2_c1,3,2,1,653,1291,1305,1937,73,"[0.00017749090329743922, 1.3758450222667307e-05, 0.00036821927642449737, 7.763237954350188e-05, 0.00025961874052882195, 2.4683085939614102e-05, 0.00039773614844307303, 2.4155124265234917e-05, 0.24139143526554108, 0.09529200941324234, 0.003403564216569066, 0.0054902853444218636, 1.3227737326815259e-05, 1.3056130683253286e-06, 4.072006049682386e-05, 3.904596724169096e-06, 5.1360431825742126e-05, 0.00030868148314766586, 6.019753982400289e-06, 0.0229601189494133, 6.030490840203129e-05, 0.000176472807652317, 3.6170902149024187e-06, 1.3325891814019997e-05, 1.5467726655060687e-07, 0.0001018816910800524, 0.00020593783119693398, 6.722624675603583e-05, 7.859330253268126e-06, 3.932117033400573e-05, 0.0007401889888569713, 5.866619903827086e-05, 0.0008837569621391594, 8.369469469471369e-06, 3.1817720014259976e-07, 0.0007597391959279776, 0.001324330223724246, 5.4575797548750415e-05, 0.00014881943934597075, 1.1835841178253759e-06, 1.1937871931877453e-05, 0.0009588481625542045, 0.00015416207315865904, 3.433501842664555e-05, 4.6339966502273455e-05, 0.0025473437272012234, 0.031899839639663696, 3.9011451008263975e-05, 5.590861474047415e-05, 2.970710056615644e-06, 0.0002816974010784179, 0.0003698268556036055, 5.284705912345089e-05, 0.19799892604351044, 3.261481469962746e-05, 0.00048682972555980086, 0.00010924724483629689, 0.00017663513426668942, 0.0008138446137309074, 0.0011480989633128047, 3.675524567370303e-05, 1.8580170944915153e-05, 8.008656550373416e-06, 3.3552318200236186e-05, 0.0001001882046693936, 0.3833630383014679, 0.0014095916412770748, 0.002501888433471322, 3.6413053749129176e-05, 0.00017123263387475163, 4.401091791805811e-05, 5.917164799029706e-06, 8.75131445354782e-05]"
/Users/jianyang/Documents/codes/PlotDiversiVision/data/CPER_009/CPER_009_PlantDiversity_31_1_4_20140528-straightened.jpg,CPER_009/CPER_009_PlantDiversity_31_1_4_20140528-straightened.jpg,CPER,2014,,CPER_009,31_1_4,31,1,4,20140528,true,CPER_009_PlantDiversity_31_1_4_20140528-straightened_r2_c2,3,2,2,1305,1291,1958,1937,73,"[0.0007655609515495598, 3.9746882407598605e-07, 0.0017887362046167254, 7.560789526905864e-05, 0.003800038481131196, 9.452726226300001e-05, 0.0008614791440777481, 2.033189775829669e-05, 0.3286355137825012, 0.42368608713150024, 0.004509319085627794, 2.6167290343437344e-05, 1.1421095223340672e-05, 4.438753720137356e-08, 2.2323979464999866e-07, 3.0395838621188886e-05, 0.00011847513815155253, 0.00012338183296378702, 3.889346771757118e-06, 0.00045750022400170565, 0.00018516719865147024, 0.00028418106376193464, 9.016582225740422e-06, 0.0001873070141300559, 7.550315217486059e-08, 0.0019848053343594074, 0.00044227566104382277, 3.8967123145994265e-06, 3.133224890916608e-05, 2.0945294920693414e-07, 0.01603688858449459, 4.375982462079264e-05, 8.745235504648008e-07, 3.7895088098593988e-06, 2.211253740824759e-05, 0.0012537987204268575, 0.00045944502926431596, 3.023740282515064e-05, 2.0407269403222017e-05, 6.213705461277641e-08, 0.00018360430840402842, 0.0026700731832534075, 0.0004975599003955722, 0.0003073808620683849, 5.152156518306583e-05, 0.048294797539711, 0.04286915808916092, 7.965400436660275e-05, 5.908239108975977e-05, 9.317715012002736e-06, 0.005612751469016075, 0.00043675629422068596, 0.0005666034994646907, 0.06139505282044411, 0.00026172195794060826, 0.0006841534050181508, 6.271791335166199e-07, 3.7913760024821386e-05, 5.3824682254344225e-05, 0.0001911718863993883, 5.555463303608121e-06, 2.375415760980104e-06, 2.360356887720627e-07, 0.00016963918460533023, 0.00046733938506804407, 0.048314329236745834, 0.0001150808748207055, 0.0005713612190447748, 1.3726051975027076e-06, 3.6771236864296952e-06, 2.0590228189121262e-07, 8.305161145472084e-07, 7.659549009986222e-05]"
/Users/jianyang/Documents/codes/PlotDiversiVision/data/CPER_009/CPER_009_PlantDiversity_32_1_2_20140528-straightened.jpg,CPER_009/CPER_009_PlantDiversity_32_1_2_20140528-straightened.jpg,CPER,2014,,CPER_009,32_1_2,32,1,2,20140528,true,CPER_009_PlantDiversity_32_1_2_20140528-straightened_r0_c0,3,0,0,0,0,677,696,73,"[0.0016981818480417132, 1.0446311534906272e-05, 0.0060521699488162994, 5.4010066378396004e-05, 0.00033707619877532125, 7.396846194751561e-05, 0.0010478810872882605, 1.849139152909629e-05, 0.09679871797561646, 0.37370389699935913, 0.0013992114691063762, 3.242655293433927e-05, 2.977944131998811e-05, 1.0440723485771741e-07, 6.657725748482335e-08, 6.005174100209842e-07, 4.844107024837285e-06, 0.0010977678466588259, 2.5055574951693416e-05, 0.0004595980863086879, 5.7629997172625735e-05, 0.0003943828050978482, 2.3999471068236744e-06, 8.578490451327525e-06, 2.6511715489618837e-08, 7.123633258743212e-05, 0.00030638265889137983, 4.980024186806986e-06, 3.336906502227066e-06, 2.097755668728496e-06, 0.4530692398548126, 0.0003119015309493989, 4.363650077721104e-06, 1.4069755707168952e-06, 3.2712664506107103e-06, 0.0005657165311276913, 0.00019701874407473952, 0.0006763151031918824, 0.00011339326738379896, 5.549215842393096e-08, 0.00010367434879299253, 0.015655435621738434, 0.0011059388052672148, 3.146415838273242e-05, 0.0004081174556631595, 0.019112637266516685, 0.0002955796953756362, 0.0003535440191626549, 0.000755486311390996, 0.00014634376566391438, 0.0009047231869772077, 0.0009823000291362405, 0.0002190136001445353, 0.001305791549384594, 1.769617483660113e-05, 0.0003275165508966893, 4.757576789415907e-06, 2.0608267732313834e-05, 0.0001585797726875171, 0.0003416068502701819, 5.22363905020029e-07, 6.943735570530407e-06, 3.741751015695627e-06, 0.0002547453623265028, 0.002705335384234786, 0.010850162245333195, 0.0009314502822235227, 0.004186909645795822, 1.7085114450310357e-05, 1.4907132936059497e-05, 1.0821040632436052e-06, 1.5854218872846104e-05, 0.00012237278860993683]"
/Users/jianyang/Documents/codes/PlotDiversiVision/data/CPER_009/CPER_009_PlantDiversity_32_1_2_20140528-straightened.jpg,CPER_009/CPER_009_PlantDiversity_32_1_2_20140528-straightened.jpg,CPER,2014,,CPER_009,32_1_2,32,1,2,20140528,true,CPER_009_PlantDiversity_32_1_2_20140528-straightened_r0_c1,3,0,1,677,0,1355,696,73,"[0.001302350196056068, 2.4025972379604355e-05, 0.001752984942868352, 0.00022618677758146077, 0.001447852817364037, 0.0001762458705343306, 0.001465009176172316, 4.455054295249283e-05, 0.01257230993360281, 0.13530436158180237, 0.001005257829092443, 6.546651275129989e-05, 5.553866867558099e-05, 1.2211162356834393e-06, 9.427743634660146e-07, 2.100080018863082e-05, 0.0001342261239187792, 0.0022247047163546085, 9.812552889343351e-05, 0.0001293659588554874, 0.0001923844829434529, 0.0016632422339171171, 2.6307969164918177e-05, 8.593240636400878e-05, 7.719745553913526e-08, 0.0007532365270890296, 0.00034457017318345606, 6.464657053584233e-05, 4.625266228686087e-05, 1.0715935786720365e-05, 0.6926800012588501, 0.00035855607711710036, 3.610662679420784e-05, 1.4002791431266814e-05, 6.396559183485806e-05, 0.013226630166172981, 0.000315812008921057, 0.00027666505775414407, 0.0007961774826981127, 3.9623881775696645e-07, 0.00020966152078472078, 0.004287020303308964, 0.0014678060542792082, 0.001305354293435812, 0.0006180751952342689, 0.04110555723309517, 0.012724488042294979, 0.0005644408520311117, 0.0006483107572421432, 4.02073965233285e-05, 0.0034927763044834137, 0.009035895578563213, 0.0024828980676829815, 0.027486231178045273, 0.000713144545443356, 0.0017766281962394714, 1.6956373656284995e-05, 0.0003572862478904426, 0.00039402820402756333, 0.0012291799066588283, 3.2396161259384826e-05, 6.297534127952531e-05, 6.1081086641934235e-06, 0.0005243935738690197, 0.0008048683521337807, 0.011826912872493267, 0.0011673122644424438, 0.006158232223242521, 0.00021049656788818538, 0.0001261466823052615, 5.755508936999831e-06, 4.3114828258694615e-06, 0.00010667283640941605]"
/Users/jianyang/Documents/codes/PlotDiversiVision/data/CPER_009/CPER_009_PlantDiversity_32_1_2_20140528-straightened.jpg,CPER_009/CPER_009_PlantDiversity_32_1_2_20140528-straightened.jpg,CPER,2014,,CPER_009,32_1_2,32,1,2,20140528,true,CPER_009_PlantDiversity_32_1_2_20140528-straightened_r0_c2,3,0,2,1355,0,2032,696,73,"[0.0002825208939611912, 1.5511464823703136e-07, 4.895784968539374e-06, 0.997442364692688, 4.607892151398119e-06, 0.0002935825614258647, 3.683430259115994e-05, 2.1739256226283032e-06, 4.318111314205453e-05, 8.089358743745834e-05, 5.4526524763787165e-05, 4.706165327661438e-06, 5.693588605026889e-07, 1.4816882443202672e-10, 4.488819342896022e-07, 1.1758587788790464e-05, 0.0001283830206375569, 2.3425354811479338e-06, 1.0258291695208754e-05, 1.190222747027292e-06, 9.883297735768792e-08, 8.161482583091129e-06, 9.417335888883827e-08, 1.129755332840432e-06, 1.554251070956525e-06, 2.1022649889346212e-05, 2.3228090867633e-05, 7.543930564679613e-07, 1.8229276577130804e-07, 1.653273073998207e-07, 0.0004887970862910151, 0.00014560138515662402, 1.6305560279761266e-07, 5.036299057792348e-07, 9.465710490985657e-07, 0.00017396979092154652, 1.6477333701914176e-06, 3.090441396125243e-07, 9.271550425182795e-07, 2.6293525134946094e-09, 3.921767074643867e-06, 3.3853689274110366e-06, 2.7247289835941046e-05, 1.5930160088828416e-06, 5.342901090443775e-07, 4.5450990000972524e-05, 2.640735146997031e-06, 1.655122900956485e-06, 5.578656327998033e-06, 1.0111510164279025e-05, 0.00010649742762325332, 4.43366616309504e-06, 2.3316310659993178e-07, 4.324208475736668e-06, 2.051482397291693e-06, 0.0001557303185109049, 6.288131544351927e-07, 3.631636218415224e-07, 5.570256234932458e-06, 6.756508241778647e-07, 1.6511428668763983e-07, 4.3594349108388997e-07, 3.281321170334195e-08, 2.5381188606843352e-05, 0.00028506931266747415, 2.2622427422902547e-05, 1.3243034402421472e-07, 2.9041538596175087e-07, 1.2403439768604585e-06, 2.696703234050801e-07, 2.828601566307043e-07, 4.808512699128187e-07, 6.48499553790316e-06]"
/Users/jianyang/Documents/codes/PlotDiversiVision/data/CPER_009/CPER_009_PlantDiversity_32_1_2_20140528-straightened.jpg,CPER_009/CPER_009_PlantDiversity_32_1_2_20140528-straightened.jpg,CPER,2014,,CPER_009,32_1_2,32,1,2,20140528,true,CPER_009_PlantDiversity_32_1_2_20140528-straightened_r1_c0,3,1,0,0,696,677,1391,73,"[0.0006955459248274565, 2.1129985725565348e-06, 0.007657024078071117, 0.00017168288468383253, 0.00034596858313307166, 0.0001501861261203885, 0.0011465513380244374, 1.6562427845201455e-05, 0.12223904579877853, 0.24572689831256866, 0.002214863197878003, 6.189543637447059e-05, 1.5728617654531263e-05, 1.8951483582441142e-07, 6.612194738409016e-07, 4.656115379475523e-06, 1.7314554497716017e-05, 0.00048691220581531525, 1.9129307474941015e-05, 0.0010847878875210881, 4.2490930354688317e-05, 0.0016574389301240444, 4.006540621048771e-06, 0.00015404944133479148, 1.8664074730168068e-07, 0.0006789464969187975, 0.0001882836368167773, 6.324416062852833e-06, 8.509004146617372e-06, 6.81646952216397e-07, 0.47871533036231995, 7.830169488443062e-05, 1.1355984497640748e-05, 1.6874730135896243e-05, 2.3023001631372608e-05, 0.0006615964230149984, 0.0002254337159683928, 0.000400144315790385, 9.31406430026982e-06, 2.2739654070846882e-07, 0.00012563943164423108, 0.008906732313334942, 0.0005217870348133147, 7.015598384896293e-05, 0.0006642618682235479, 0.04181468486785889, 0.0055398172698915005, 0.0001411610865034163, 0.00013085482351016253, 5.7699933677213266e-05, 0.0008455816423520446, 0.007199531886726618, 7.567981811007485e-05, 0.03632285073399544, 3.6117340641794726e-05, 0.0014040768146514893, 9.966113793780096e-06, 2.4577138901804574e-05, 4.6910252422094345e-05, 6.244565156521276e-05, 1.9842829715344124e-05, 1.8922895833384246e-05, 4.952364633936668e-06, 0.00012940137821715325, 0.0001390192483086139, 0.0275479257106781, 0.00024150472017936409, 0.002124916296452284, 1.3679237781616393e-05, 3.622164877015166e-05, 1.47896469115949e-06, 2.6648212951840833e-06, 0.0007786951609887183]"
/Users/jianyang/Documents/codes/PlotDiversiVision/data/CPER_009/CPER_009_PlantDiversity_32_1_2_20140528-straightened.jpg,CPER_009/CPER_009_PlantDiversity_32_1_2_20140528-straightened.jpg,CPER,2014,,CPER_009,32_1_2,32,1,2,20140528,true,CPER_009_PlantDiversity_32_1_2_20140528-straightened_r1_c1,3,1,1,677,696,1355,1391,73,"[0.035096630454063416, 5.156513452675426e-06, 0.0017727641388773918, 0.00022222627012524754, 0.00292174587957561, 0.0002469127648510039, 0.003512835828587413, 8.705324034963269e-06, 0.15803556144237518, 0.2404942512512207, 0.06801434606313705, 0.00018163613276556134, 0.00013088750711176544, 5.889527301405906e-07, 1.1323728585921344e-06, 1.0534120065130992e-06, 1.3671385204361286e-05, 0.0007706909091211855, 9.507535651209764e-06, 0.00047657269169576466, 4.922203515889123e-05, 0.0013906731037423015, 3.131953462798265e-06, 0.00016418848827015609, 2.1647288122039754e-06, 0.0016447255620732903, 0.00021639381884597242, 3.841642683255486e-05, 1.5502468158956617e-05, 3.929653757950291e-06, 0.0379224568605423, 7.613427442265674e-05, 2.8028969609295018e-05, 3.5712268982024398e-06, 3.1134657092479756e-06, 0.009580401703715324, 0.0036910383496433496, 0.0003880010626744479, 0.00013195734936743975, 3.187249149050331e-07, 5.065410368843004e-05, 0.006773338187485933, 0.00019277326646260917, 7.020134944468737e-05, 0.00010830608516698703, 0.06450285762548447, 0.006294207647442818, 0.00012813086505047977, 0.00011894915223820135, 2.5163564714603126e-05, 0.001380545785650611, 0.004760079085826874, 0.00038724695332348347, 0.17443498969078064, 9.984020289266482e-05, 0.0012888931669294834, 3.001522782142274e-05, 8.338779298355803e-05, 0.00046606952673755586, 0.0003800235572271049, 3.136294981231913e-05, 9.386989404447377e-06, 2.1434228983707726e-05, 0.0002001667016884312, 0.0005566091276705265, 0.16666431725025177, 0.0005281702615320683, 0.002279489068314433, 0.00010454785660840571, 0.00016891771520022303, 9.080152267415542e-06, 4.939639984513633e-05, 0.0005311931017786264]"
/Users/jianyang/Documents/codes/PlotDiversiVision/data/CPER_009/CPER_009_PlantDiversity_32_1_2_20140528-straightened.jpg,CPER_009/CPER_009_PlantDiversity_32_1_2_20140528-straightened.jpg,CPER,2014,,CPER_009,32_1_2,32,1,2,20140528,true,CPER_009_PlantDiversity_32_1_2_20140528-straightened_r1_c2,3,1,2,1355,696,2032,1391,73,"[0.008807525038719177, 0.006084525026381016, 0.001860424061305821, 0.004832204431295395, 0.005006215535104275, 0.5706040859222412, 0.0031498977914452553, 3.065399141632952e-05, 0.03268749266862869, 0.036639269441366196, 0.0008890526369214058, 0.004616518504917622, 0.04409031942486763, 1.6844596473220008e-07, 4.298847488826141e-05, 0.00010853946150746197, 0.000778605230152607, 0.00426661828532815, 0.0030431721825152636, 2.251969817734789e-05, 0.00010747482883743942, 0.00027687358669936657, 3.346335233800346e-06, 0.00011198146239621565, 1.6063366956586833e-06, 0.005207189824432135, 0.00635510915890336, 0.0015529370866715908, 2.2015492504579015e-05, 6.354517608997412e-06, 0.023896807804703712, 0.0016919462941586971, 0.00024236831814050674, 8.705502841621637e-05, 0.00016757522826083004, 0.008151410147547722, 0.0005470737814903259, 0.0013382559409365058, 0.0020821779035031796, 2.2678126754271943e-07, 0.0009578834869898856, 0.00031716597732156515, 0.025266453623771667, 0.00034751580096781254, 0.00010421586921438575, 0.004537531174719334, 0.00012377073289826512, 0.0038535099010914564, 0.08766200393438339, 0.0009737031068652868, 0.008378845639526844, 0.0002804794639814645, 0.00012768697342835367, 0.010017842054367065, 1.658630026213359e-06, 0.0020527448505163193, 0.00011044150596717373, 4.405629442771897e-05, 0.0007569334702566266, 0.0008392180898226798, 1.282570451621723e-06, 0.0006539677269756794, 1.0775844202726148e-05, 0.04789246246218681, 0.016753192991018295, 0.0049436273984611034, 0.0006330981850624084, 0.0018168837996199727, 0.00011990506754955277, 0.0002772836887743324, 2.9389941119006835e-05, 0.0002749411796685308, 0.0004292098747100681]"
/Users/jianyang/Documents/codes/PlotDiversiVision/data/CPER_009/CPER_009_PlantDiversity_32_1_2_20140528-straightened.jpg,CPER_009/CPER_009_PlantDiversity_32_1_2_20140528-straightened.jpg,CPER,2014,,CPER_009,32_1_2,32,1,2,20140528,true,CPER_009_PlantDiversity_32_1_2_20140528-straightened_r2_c0,3,2,0,0,1391,677,2087,73,"[0.04011489823460579, 0.0005046254373155534, 0.00035469367867335677, 0.0037535661831498146, 0.008561571128666401, 0.0005968985497020185, 0.057449668645858765, 0.00024098211724776775, 0.009216251783072948, 0.04191707447171211, 0.0007970735314302146, 0.0014586789766326547, 0.0013263400178402662, 1.0725785614340566e-05, 0.00011317980533931404, 1.3941754332336131e-05, 0.00024059173301793635, 0.029702119529247284, 4.815259308088571e-05, 0.003145759692415595, 0.0003586940292734653, 0.015419370494782925, 2.174708788516e-05, 0.0003645984688773751, 1.2159234756836668e-06, 0.0032874345779418945, 0.00255489069968462, 0.004602545872330666, 5.177992534299847e-06, 0.0005912150372751057, 0.07523438334465027, 0.0024667249526828527, 0.0006098054582253098, 0.0005460133543238044, 0.0005840597441419959, 0.024422604590654373, 0.006915251724421978, 0.013307040557265282, 0.0021413627546280622, 7.381115665339166e-06, 0.0020889192819595337, 0.02320999465882778, 0.0017473825719207525, 0.0007249689078889787, 0.005919713992625475, 0.025777706876397133, 0.007953942753374577, 0.0019009672105312347, 0.002304245252162218, 0.001039730617776513, 0.022795306518673897, 0.27885228395462036, 0.00133028207346797, 0.1376832276582718, 0.0005591621738858521, 0.00201064208522439, 0.0005075251101516187, 0.01227877102792263, 0.019787387922406197, 0.008380296640098095, 0.004585406742990017, 0.000409993197536096, 0.0007376900757662952, 0.0004463610821403563, 0.012207780964672565, 0.04002533107995987, 0.0024449718184769154, 0.023540450260043144, 0.0016149308066815138, 0.0024799718521535397, 0.00014643817848991603, 0.00010447952809045091, 0.001395507133565843]"
/Users/jianyang/Documents/codes/PlotDiversiVision/data/CPER_009/CPER_009_PlantDiversity_32_1_2_20140528-straightened.jpg,CPER_009/CPER_009_PlantDiversity_32_1_2_20140528-straightened.jpg,CPER,2014,,CPER_009,32_1_2,32,1,2,20140528,true,CPER_009_PlantDiversity_32_1_2_20140528-straightened_r2_c1,3,2,1,677,1391,1355,2087,73,"[0.02038208395242691, 0.0023574901279062033, 0.012563362717628479, 0.009570764377713203, 0.0019539659842848778, 0.008089638315141201, 0.012271116487681866, 0.00019200863607693464, 0.28350356221199036, 0.10625078529119492, 0.0898730456829071, 0.0017234744736924767, 0.09316343814134598, 2.365567297601956e-06, 0.0003248482826165855, 8.796096517471597e-05, 0.0009943628683686256, 0.001282009296119213, 0.001159635721705854, 0.0019667986780405045, 0.00015796368825249374, 0.00023112297640182078, 2.3177708499133587e-05, 0.0018922454910352826, 3.92983783967793e-05, 0.006490989588201046, 0.0050298734568059444, 0.001917357323691249, 8.821029041428119e-05, 0.0005422284011729062, 0.06152702867984772, 0.006273404695093632, 0.0031779941637068987, 0.0011830533621832728, 0.00021640138584189117, 0.010528362356126308, 0.012538466602563858, 0.0014069057069718838, 0.0008972326177172363, 2.324553679500241e-05, 0.000543242902494967, 0.014615065418183804, 0.003976165782660246, 0.006003779824823141, 0.0004900849889963865, 0.007998991757631302, 0.007448545191437006, 0.006417717318981886, 0.0038338606245815754, 0.0006489724037237465, 0.01923093944787979, 0.0008332175202667713, 0.002296194899827242, 0.08200658857822418, 0.00016066685202531517, 0.01759084314107895, 0.0003962233604397625, 0.0006098764133639634, 0.005486977752298117, 0.0061542256735265255, 0.000705528596881777, 0.00206126575358212, 0.0014140079729259014, 0.004232638515532017, 0.00800424162298441, 0.022555232048034668, 0.0011872670147567987, 0.002530375961214304, 0.00020091499027330428, 0.0016918553737923503, 0.002364551415666938, 0.00017880660016089678, 0.00423386599868536]"
/Users/jianyang/Documents/codes/PlotDiversiVision/data/CPER_009/CPER_009_PlantDiversity_32_1_2_20140528-straightened.jpg,CPER_009/CPER_009_PlantDiversity_32_1_2_20140528-straightened.jpg,CPER,2014,,CPER_009,32_1_2,32,1,2,20140528,true,CPER_009_PlantDiversity_32_1_2_20140528-straightened_r2_c2,3,2,2,1355,1391,2032,2087,73,"[0.08148553967475891, 4.627780435839668e-05, 0.001088961842469871, 0.0021648332476615906, 0.0012537604197859764, 0.00028285078587941825, 0.019451472908258438, 0.00014488105080090463, 0.07733695209026337, 0.18010075390338898, 0.16478876769542694, 0.00023550988407805562, 0.00024039504933170974, 2.2289856360657723e-07, 1.9323708784213522e-06, 1.1171511005159118e-06, 1.0900746019615326e-05, 0.000305379944620654, 9.451211371924728e-05, 0.0018295207992196083, 0.00014403242676053196, 0.0004439422918949276, 4.9272242904407904e-05, 0.0006842472939752042, 4.66286473965738e-06, 0.0031688555609434843, 0.00011685924255289137, 6.937904981896281e-05, 8.206966413126793e-06, 1.2760802746925037e-05, 0.18014609813690186, 0.00021143208141438663, 4.491733852773905e-05, 3.485737761366181e-05, 2.1300411390257068e-05, 0.06678418070077896, 0.002295713871717453, 9.034523827722296e-05, 0.00029734693816863, 2.0891839085379615e-06, 0.0011299592442810535, 0.018478916957974434, 0.0002714945294428617, 3.686802665470168e-05, 7.30979663785547e-05, 0.07380387932062149, 0.004246143624186516, 9.299007069785148e-05, 0.0002827795688062906, 6.149880209704861e-05, 0.003184682223945856, 0.002618888858705759, 0.0015246617840602994, 0.04635190591216087, 4.402067497721873e-05, 0.0010768088977783918, 1.714090831228532e-05, 5.441512621473521e-05, 0.0005082993884570897, 0.0006324536516331136, 0.00013161763490643352, 6.997015589149669e-05, 1.0928725714620668e-05, 0.000515953463036567, 0.0012666921829804778, 0.054751064628362656, 0.0004976282361894846, 0.0016259066760540009, 9.706800483400002e-05, 0.0006603779038414359, 2.069236415991327e-06, 0.0001305809273617342, 0.0002541791182011366]"
/Users/jianyang/Documents/codes/PlotDiversiVision/data/CPER_009/CPER_009_PlantDiversity_32_1_4_20140528-straightened.jpg,CPER_009/CPER_009_PlantDiversity_32_1_4_20140528-straightened.jpg,CPER,2014,,CPER_009,32_1_4,32,1,4,20140528,true,CPER_009_PlantDiversity_32_1_4_20140528-straightened_r0_c0,3,0,0,0,0,811,778,73,"[0.016750769689679146, 6.823287549195811e-05, 0.009161034598946571, 0.0013679031981155276, 0.00443556671962142, 0.0011640730081126094, 0.0024581083562225103, 0.0001570625026943162, 0.10769622772932053, 0.11052978038787842, 0.008936606347560883, 0.00018899735005106777, 0.0008391094743274152, 2.2250540041568456e-06, 6.335276793834055e-06, 7.607717998325825e-05, 0.0011648547369986773, 0.0011757566826418042, 0.00104078883305192, 0.0017451621824875474, 0.0016244873404502869, 0.0017296930309385061, 7.367102080024779e-05, 0.0003817792749032378, 3.702756657730788e-06, 0.015749704092741013, 0.002415184862911701, 0.0001241197023773566, 8.453806367469952e-05, 2.4110031517921016e-05, 0.11583863198757172, 0.00021559321612585336, 0.00031359773129224777, 6.311905599432066e-05, 0.00019678869284689426, 0.03531935438513756, 0.0005529485642910004, 0.00024557547294534743, 0.0007679332629777491, 2.2839723897050135e-05, 0.00036511162761598825, 0.01693258434534073, 0.0027110769879072905, 0.006617249920964241, 0.0005864769918844104, 0.14465489983558655, 0.047654468566179276, 0.0008066435693763196, 0.0004764678596984595, 0.003552919952198863, 0.003435735357925296, 0.007011908106505871, 0.0006298463558778167, 0.1642635017633438, 0.0020335877779871225, 0.004163842648267746, 9.005452011479065e-05, 0.0004244231677148491, 0.002720525022596121, 0.0009312290931120515, 1.5323397747124545e-05, 0.0005352537264116108, 0.00014884112169966102, 0.0005794542375952005, 0.005268048960715532, 0.13116727769374847, 0.0004640406114049256, 0.005836138967424631, 0.00023550009063910693, 0.0001463536755181849, 2.1691963411285542e-05, 4.4237338443053886e-05, 0.0007631439948454499]"
/Users/jianyang/Documents/codes/PlotDiversiVision/data/CPER_009/CPER_009_PlantDiversity_32_1_4_20140528-straightened.jpg,CPER_009/CPER_009_PlantDiversity_32_1_4_20140528-straightened.jpg,CPER,2014,,CPER_009,32_1_4,32,1,4,20140528,true,CPER_009_PlantDiversity_32_1_4_20140528-straightened_r0_c1,3,0,1,811,0,1623,778,73,"[0.03210260346531868, 1.907790283439681e-05, 0.003335811197757721, 3.3968419302254915e-05, 0.002757142297923565, 0.0001426174130756408, 0.0001757251302478835, 1.117888587032212e-05, 0.3117801547050476, 0.2584629952907562, 0.0060188909992575645, 9.292761387769133e-05, 5.935026638326235e-05, 6.280715325601705e-08, 2.6805487323144916e-06, 1.631022860237863e-05, 3.9564012695336714e-05, 0.002080088946968317, 2.9613092920044437e-05, 0.0002839273656718433, 0.00029325325158424675, 0.00037092750426381826, 4.309729320084443e-06, 4.433039066498168e-05, 7.732192841558572e-08, 0.0008845091215334833, 0.0004164536076132208, 5.420810339273885e-06, 2.3462192984879948e-05, 1.1196682862646412e-05, 0.09573543071746826, 2.234162820968777e-05, 9.718467481434345e-05, 5.2655059334938414e-06, 5.803779004054377e-06, 0.0051138983108103275, 0.0024464598391205072, 0.00034480204340070486, 0.00012752287148032337, 2.410566821708926e-07, 0.0003254473558627069, 0.012641193345189095, 0.0005104910233058035, 8.330358832608908e-05, 0.0006550835678353906, 0.017831699922680855, 0.0015890538925305009, 0.00037411064840853214, 0.0001458091428503394, 7.588640437461436e-05, 0.0008082539425231516, 0.002924234140664339, 0.00022748678748030216, 0.045065850019454956, 3.548186941770837e-05, 0.006151478737592697, 9.510479685559403e-06, 1.6501167920068838e-05, 0.00043398255365900695, 0.001914280466735363, 1.7333948107989272e-06, 2.1254541934467852e-05, 8.66375194163993e-06, 0.0002965674502775073, 0.0002186500933021307, 0.16030465066432953, 0.002265732269734144, 0.02064792439341545, 0.00021987124637234956, 0.00040439589065499604, 6.2772010096523445e-06, 6.946187568246387e-06, 0.0003805735905189067]"
/Users/jianyang/Documents/codes/PlotDiversiVision/data/CPER_009/CPER_009_PlantDiversity_32_1_4_20140528-straightened.jpg,CPER_009/CPER_009_PlantDiversity_32_1_4_20140528-straightened.jpg,CPER,2014,,CPER_009,32_1_4,32,1,4,20140528,true,CPER_009_PlantDiversity_32_1_4_20140528-straightened_r0_c2,3,0,2,1623,0,2434,778,73,"[0.0016997522907331586, 9.393761138198897e-05, 0.004006598610430956, 0.00012933544348925352, 0.0018204543739557266, 1.9441478798398748e-05, 0.00018504832405596972, 9.862877959676553e-06, 0.26006895303726196, 0.2817169427871704, 0.030125614255666733, 0.0015761451795697212, 0.00014702437329106033, 8.52220125580061e-07, 6.985082563915057e-06, 0.00012895805411972106, 0.0007605243008583784, 0.0034829587675631046, 6.351483170874417e-05, 0.00037019781302660704, 9.278443758375943e-05, 0.00013514276361092925, 8.765201528149191e-06, 5.036295624449849e-05, 9.198119528264215e-07, 0.003311238018795848, 0.0007188478484749794, 0.0001691749639576301, 2.647934525157325e-05, 2.4577831936767325e-05, 0.015790285542607307, 0.0005037508672103286, 1.4015730812388938e-05, 0.00014643889153376222, 2.0898040020256303e-05, 0.0035861250944435596, 0.0019071794813498855, 0.00014539687254000455, 0.0012340197572484612, 2.152762590412749e-06, 1.8720809748629108e-05, 0.0031422250904142857, 0.0007948851562105119, 0.0006614611484110355, 2.4246683096862398e-05, 0.10808911919593811, 0.1211695671081543, 0.0003745387075468898, 0.00026461484958417714, 2.1315259800758213e-05, 0.001058658235706389, 0.00033138267463073134, 0.0002730250416789204, 0.09144405275583267, 0.00032735211425460875, 0.004957236815243959, 2.054361902992241e-05, 0.0008496569353155792, 0.0023988280445337296, 0.004388719797134399, 7.570187881356105e-05, 5.5461212468799204e-05, 1.637561399547849e-05, 0.0001676562096690759, 0.0005529498448595405, 0.03694983571767807, 0.0029587014578282833, 0.003979546017944813, 2.225637399533298e-05, 9.393761138198897e-05, 6.456674600485712e-05, 9.505176421953365e-06, 0.00014169648056849837]"
/Users/jianyang/Documents/codes/PlotDiversiVision/data/CPER_009/CPER_009_PlantDiversity_32_1_4_20140528-straightened.jpg,CPER_009/CPER_009_PlantDiversity_32_1_4_20140528-straightened.jpg,CPER,2014,,CPER_009,32_1_4,32,1,4,20140528,true,CPER_009_PlantDiversity_32_1_4_20140528-straightened_r1_c0,3,1,0,0,778,811,1557,73,"[0.00018439290579408407, 1.2542878721433226e-05, 0.02643486298620701, 0.0008039232925511897, 0.015634918585419655, 0.054696690291166306, 0.0075565725564956665, 0.0008196791750378907, 0.19785594940185547, 0.1716315746307373, 0.00027895625680685043, 0.0002993471862282604, 0.00017378234770148993, 2.287949207868678e-08, 3.956635282520438e-06, 0.0002975165843963623, 0.0009389569750055671, 0.0001604283752385527, 0.00011467179865576327, 0.00044463295489549637, 0.002764658071100712, 0.0014778855256736279, 6.927948561497033e-05, 0.0003133686841465533, 1.062755018210737e-06, 0.10961711406707764, 0.0022558372002094984, 9.954919369192794e-05, 9.509926894679666e-05, 4.793690095539205e-05, 0.10908152163028717, 0.002566340146586299, 1.4921140063961502e-05, 1.2826371857954655e-05, 0.00010167926666326821, 0.002575352555140853, 7.813079719198868e-05, 0.00043864225153811276, 0.0002910018083639443, 1.5932677115415572e-06, 0.0007447848911397159, 0.0012883365852758288, 0.03371230885386467, 0.008659159764647484, 0.004615594632923603, 0.047831941395998, 0.0038829410914331675, 0.00048244939534924924, 0.0007358102593570948, 0.002091878792271018, 0.008468902669847012, 0.003928756806999445, 0.003397449618205428, 0.036660876125097275, 0.005405055824667215, 0.0025265237782150507, 0.00013795804989058524, 0.0001678084081504494, 0.001018019625917077, 0.0005950663471594453, 1.2712242096313275e-05, 2.4713672246434726e-05, 0.00020522859995253384, 0.005491471383720636, 0.004978268872946501, 0.09384064376354218, 0.0015380128752440214, 0.016534186899662018, 0.0002640520688146353, 8.261548646260053e-05, 1.6048277757363394e-05, 1.1171197911608033e-05, 0.00040204805554822087]"
/Users/jianyang/Documents/codes/PlotDiversiVision/data/CPER_009/CPER_009_PlantDiversity_32_1_4_20140528-straightened.jpg,CPER_009/CPER_009_PlantDiversity_32_1_4_20140528-straightened.jpg,CPER,2014,,CPER_009,32_1_4,32,1,4,20140528,true,CPER_009_PlantDiversity_32_1_4_20140528-straightened_r1_c1,3,1,1,811,778,1623,1557,73,"[0.0177327748388052, 1.4624271216234774e-06, 0.0025823567993938923, 0.00022655290376860648, 0.0008696595323272049, 0.0001737584825605154, 0.0012883268063887954, 1.6598431102465838e-05, 0.11108709126710892, 0.24348768591880798, 0.03611784055829048, 2.361147380725015e-05, 0.00010730952635640278, 1.2525126180662483e-07, 1.8990797912010748e-07, 1.8474474927643314e-06, 1.5366858860943466e-05, 0.00010252053471049294, 1.5032890587463044e-05, 0.0011986466124653816, 0.00013406440848484635, 0.0025440675672143698, 9.658502676757053e-06, 9.018461423693225e-05, 6.879693614791904e-07, 0.0019698366522789, 0.0002111673093168065, 2.563263933552662e-06, 6.455018137785373e-06, 9.045188562595285e-07, 0.244711235165596, 9.175029845209792e-05, 5.368040547182318e-06, 3.841080797428731e-06, 1.5145593351917341e-05, 0.0036538410931825638, 0.0015152428532019258, 0.00014667920186184347, 2.461694566591177e-05, 3.3970539448091586e-07, 0.00012372095079626888, 0.004953453317284584, 0.0002079775440506637, 3.5662840673467144e-05, 0.00022814868134446442, 0.23108243942260742, 0.0013861963525414467, 5.1252329285489395e-05, 7.127879507606849e-05, 8.404655090998858e-05, 0.001286156359128654, 0.0037415167316794395, 0.0003530078975018114, 0.047388069331645966, 2.3634273020434193e-05, 0.0019555811304599047, 2.264317345179734e-06, 1.0614710845402442e-05, 8.253043051809072e-05, 2.246380245196633e-05, 6.2062144934316166e-06, 1.4871133316773921e-05, 5.010057975596283e-06, 0.0002141934382962063, 0.0001364595373161137, 0.03514040634036064, 6.120379839558154e-05, 0.0006463451427407563, 2.7181409677723423e-05, 5.3889914852334186e-05, 1.6550180816921056e-06, 8.760783202887978e-06, 0.00040741157135926187]"
/Users/jianyang/Documents/codes/PlotDiversiVision/data/CPER_009/CPER_009_PlantDiversity_32_1_4_20140528-straightened.jpg,CPER_009/CPER_009_PlantDiversity_32_1_4_20140528-straightened.jpg,CPER,2014,,CPER_009,32_1_4,32,1,4,20140528,true,CPER_009_PlantDiversity_32_1_4_20140528-straightened_r1_c2,3,1,2,1623,778,2434,1557,73,"[0.07385535538196564, 2.6821639949048404e-06, 0.000871822761837393, 0.0002115343522746116, 0.00033045749296434224, 5.0246879254700616e-05, 0.003681223839521408, 7.565596206404734e-06, 0.013765866868197918, 0.07601106911897659, 0.010255476459860802, 1.4650863704446238e-06, 3.363495852681808e-05, 9.999551409123342e-09, 1.527399149381381e-07, 4.7239635136975267e-07, 3.6374287901708158e-06, 4.8475929361302406e-05, 2.6597701435093768e-05, 0.00038323798798955977, 7.470754553651204e-06, 0.0005352122825570405, 1.379975765303243e-05, 0.00012834122753702104, 3.669775310299883e-07, 4.967398854205385e-05, 3.0283432352007367e-05, 8.669826456753071e-07, 4.486111265578074e-06, 4.05736329867068e-07, 0.6399775743484497, 3.4030916140181944e-05, 1.4908856655893032e-06, 4.125694886170095e-06, 1.781480386853218e-05, 0.09683248400688171, 0.0001649820915190503, 0.00015488349890802056, 5.557453550864011e-05, 2.9183982519498386e-07, 0.0006714960909448564, 0.026598045602440834, 0.00017939269309863448, 1.2106079338991549e-05, 0.00011846100824186578, 0.036234211176633835, 0.00023776551824994385, 0.0001214165095007047, 0.00012088780204067007, 3.263969119871035e-05, 0.0010189841268584132, 0.0051125893369317055, 0.00013177325308788568, 0.0013917876640334725, 2.3922195396153256e-05, 0.0029529184103012085, 4.76522899361953e-07, 8.515903573425021e-06, 4.1790913201111834e-06, 2.7809788662125356e-05, 1.0337827916373499e-05, 4.0619823266752064e-05, 8.2788401414291e-06, 0.0002250500547233969, 0.0001476150646340102, 0.003230305388569832, 0.0001525590632809326, 0.0031481890473514795, 2.6145515221287496e-05, 0.00013727048644796014, 3.632753475812933e-07, 8.276250810013153e-06, 0.0003103768976870924]"
/Users/jianyang/Documents/codes/PlotDiversiVision/data/CPER_009/CPER_009_PlantDiversity_32_1_4_20140528-straightened.jpg,CPER_009/CPER_009_PlantDiversity_32_1_4_20140528-straightened.jpg,CPER,2014,,CPER_009,32_1_4,32,1,4,20140528,true,CPER_009_PlantDiversity_32_1_4_20140528-straightened_r2_c0,3,2,0,0,1557,811,2335,73,"[0.0024096411652863026, 2.975552160933148e-05, 0.0016169545706361532, 0.0007263096049427986, 0.005124029237776995, 0.0005169003852643073, 0.007110211532562971, 0.00012247990525793284, 0.13186241686344147, 0.1215626448392868, 0.004506923258304596, 0.0005065817967988551, 0.0006570727564394474, 3.259261802668334e-07, 4.263043592800386e-06, 4.7396166337421164e-05, 0.0004164167621638626, 0.0014903130941092968, 4.85676991957007e-06, 0.006322843488305807, 5.38188724021893e-05, 0.0014811430592089891, 2.328429945919197e-05, 0.0006749320309609175, 1.0751313084256253e-06, 0.0009123107884079218, 0.004011905752122402, 5.940073242527433e-05, 1.623176285647787e-05, 0.00017445663979742676, 0.03443407639861107, 0.002071385271847248, 3.906980055035092e-05, 1.4679230844194535e-05, 5.170418717170833e-06, 0.005103468429297209, 0.0050000641494989395, 0.001550437300466001, 0.0015891557559370995, 1.510468052856595e-07, 7.110150181688368e-05, 0.014520581811666489, 0.0005738046602346003, 4.887811519438401e-05, 0.0017631329828873277, 0.0053494093008339405, 0.0024822461418807507, 0.0007593155605718493, 0.0015739762457087636, 1.454617358831456e-05, 0.013554925099015236, 0.03180309757590294, 0.005188426468521357, 0.07447605580091476, 0.0006901157321408391, 0.0020243278704583645, 7.861157064326108e-05, 0.00122040172573179, 0.0032856331672519445, 0.004422720056027174, 2.0069946913281456e-05, 2.498888898117002e-05, 3.185076275258325e-05, 0.0008318480686284602, 0.0010907357791438699, 0.36167794466018677, 0.011036567389965057, 0.11841823905706406, 0.000289064715616405, 0.00015777205408085138, 5.07128715980798e-05, 9.118545858655125e-05, 0.00012304092524573207]"
/Users/jianyang/Documents/codes/PlotDiversiVision/data/CPER_009/CPER_009_PlantDiversity_32_1_4_20140528-straightened.jpg,CPER_009/CPER_009_PlantDiversity_32_1_4_20140528-straightened.jpg,CPER,2014,,CPER_009,32_1_4,32,1,4,20140528,true,CPER_009_PlantDiversity_32_1_4_20140528-straightened_r2_c1,3,2,1,811,1557,1623,2335,73,"[0.07697944343090057, 2.501756898709573e-05, 0.0005407545831985772, 0.0013790542725473642, 0.0008235463174059987, 0.00040584159432910383, 0.0072087678126990795, 8.946329035097733e-05, 0.04123683273792267, 0.058771003037691116, 0.013545552268624306, 4.3478019506437704e-05, 0.002623702399432659, 8.927803207825491e-08, 4.3831516904901946e-07, 4.467526377993636e-05, 0.000352267874404788, 0.0008732426795177162, 1.7069743989850394e-05, 0.00933083239942789, 0.0013663715217262506, 0.0016688595060259104, 6.417134136427194e-05, 3.2280677260132506e-05, 8.558185982110444e-08, 0.09903454035520554, 0.0003910361847374588, 4.1296432755189016e-05, 2.6096938654518453e-06, 6.261240923777223e-05, 0.05359618738293648, 0.0008016504580155015, 4.455457201402169e-06, 3.154420483042486e-05, 1.1758645086956676e-05, 0.04993922635912895, 0.006691991351544857, 0.0003689201548695564, 0.00031951014534570277, 1.838797487607735e-07, 0.00018243097292724997, 0.012551122345030308, 0.0005038541276007891, 0.00012035524559905753, 0.00037825998151674867, 0.4058375656604767, 0.0016408191295340657, 0.00026110108592547476, 0.0005844631814397871, 0.025135938078165054, 0.005062723532319069, 0.010142209939658642, 0.00012241389777045697, 0.004240662325173616, 2.4515535187674686e-05, 0.00424574501812458, 3.6524540973914554e-06, 3.570542685338296e-05, 2.2379797883331776e-05, 0.0005687676602974534, 0.00013360995217226446, 4.7456171159865335e-05, 4.600010925059905e-06, 0.00039385363925248384, 0.001382857677526772, 0.09469355642795563, 0.0001221219135913998, 0.0016764395404607058, 0.00023401556245516986, 0.00073053507367149, 3.984411250712583e-06, 9.01202110981103e-06, 0.00018300530791748315]"
/Users/jianyang/Documents/codes/PlotDiversiVision/data/CPER_009/CPER_009_PlantDiversity_32_1_4_20140528-straightened.jpg,CPER_009/CPER_009_PlantDiversity_32_1_4_20140528-straightened.jpg,CPER,2014,,CPER_009,32_1_4,32,1,4,20140528,true,CPER_009_PlantDiversity_32_1_4_20140528-straightened_r2_c2,3,2,2,1623,1557,2434,2335,73,"[0.040915124118328094, 7.892478606663644e-06, 0.0006432770751416683, 0.0003983182250522077, 0.0009044018806889653, 4.0576065657660365e-05, 0.0017698550364002585, 1.8507333152228966e-05, 0.23898480832576752, 0.2823716998100281, 0.24624952673912048, 7.670666673220694e-05, 0.0001892434520414099, 3.033338558111609e-08, 1.0138971902051708e-06, 1.290787849939079e-06, 1.1776728570112027e-05, 0.0001479050552006811, 1.5963269106578082e-05, 0.0019755761604756117, 1.2724065527436323e-05, 0.00035874033346772194, 9.947765647666529e-06, 3.7334819353418425e-05, 8.668849318382854e-07, 0.00030461695860140026, 6.533147097798064e-05, 4.0009519580053166e-05, 1.0590836609480903e-05, 2.747974804151454e-06, 0.030651727691292763, 0.00018006560276262462, 2.564025271567516e-05, 3.419037602725439e-05, 1.1692929547280073e-05, 0.026754295453429222, 0.001173870638012886, 0.0007944684475660324, 0.0001069518257281743, 1.6628118260086922e-07, 0.0001247468317160383, 0.02628510631620884, 0.0001110075754695572, 1.6965930626611225e-05, 4.9761507398216054e-05, 0.017080312594771385, 0.006804090458899736, 0.0006578691536560655, 0.00015208112017717212, 7.4767258411156945e-06, 0.001130874385125935, 0.0027048697229474783, 0.0002515959495212883, 0.03617392107844353, 2.8877419026684947e-05, 0.0019377936841920018, 6.866894636914367e-06, 6.573018617928028e-05, 0.0003351643099449575, 0.00041175936348736286, 1.162656735687051e-05, 4.731208537123166e-05, 4.843939223064808e-06, 0.0001263377198483795, 0.00036168089718557894, 0.026512695476412773, 0.0005094878724776208, 0.0019375276751816273, 3.707891664816998e-05, 0.00029993319185450673, 1.5108176967260079e-06, 4.634321157936938e-05, 0.0004673932562582195]"
/Users/jianyang/Documents/codes/PlotDiversiVision/data/CPER_009/CPER_009_PlantDiversity_40_1_1_20140528-straightened.jpg,CPER_009/CPER_009_PlantDiversity_40_1_1_20140528-straightened.jpg,CPER,2014,,CPER_009,40_1_1,40,1,1,20140528,true,CPER_009_PlantDiversity_40_1_1_20140528-straightened_r0_c0,3,0,0,0,0,627,638,73,"[0.001487729954533279, 3.066974159082747e-07, 0.0012461594305932522, 0.00011636764247668907, 5.1976563554489985e-05, 6.398737241397612e-06, 0.0010488511761650443, 6.382550964190159e-06, 0.3040725588798523, 0.3655690550804138, 0.08331611752510071, 4.96920220030006e-05, 1.2512454304669518e-05, 1.01972531751926e-07, 9.296795155933069e-07, 2.516249821837846e-07, 3.162799202982569e-06, 5.235445860307664e-05, 4.504083790379809e-06, 0.029712263494729996, 8.043653906497639e-06, 0.0013505895622074604, 6.534331987495534e-06, 1.2452885130187497e-05, 3.5252881502856326e-07, 6.071416282793507e-05, 7.4684508035716135e-06, 4.573407750285696e-06, 2.7886489988304675e-06, 4.2500250856392086e-06, 0.008494734764099121, 1.757190329954028e-05, 5.56456288904883e-05, 1.2299350373723428e-06, 1.6165887473107432e-07, 0.003603984136134386, 0.00046559536713175476, 1.4530323824146762e-05, 8.540893759345636e-06, 1.1490831184346462e-06, 1.2493947906477842e-05, 0.0013948127161711454, 3.1541621865471825e-05, 2.825160891006817e-06, 1.6625452190055512e-05, 0.026278657838702202, 0.035225819796323776, 2.9589591576950625e-06, 4.74607713840669e-06, 1.0675883459043689e-05, 0.00013537508493755013, 0.0023381540086120367, 1.883830350379867e-06, 0.004815953318029642, 4.848961907555349e-06, 0.0003046258934773505, 2.16119151446037e-05, 0.00011702336632879451, 2.320522253285162e-05, 8.035775681491941e-05, 2.569740536273457e-05, 6.237838988454314e-06, 1.3795133781968616e-05, 1.0268262258250616e-06, 3.319104143884033e-05, 0.12691499292850494, 4.970491136191413e-05, 0.0002682577178347856, 7.23061157259508e-06, 0.0001666438183747232, 3.637099507614039e-05, 2.6478851395950187e-06, 0.0007714826497249305]"
/Users/jianyang/Documents/codes/PlotDiversiVision/data/CPER_009/CPER_009_PlantDiversity_40_1_1_20140528-straightened.jpg,CPER_009/CPER_009_PlantDiversity_40_1_1_20140528-straightened.jpg,CPER,2014,,CPER_009,40_1_1,40,1,1,20140528,true,CPER_009_PlantDiversity_40_1_1_20140528-straightened_r0_c1,3,0,1,627,0,1255,638,73,"[0.010675461031496525, 6.068874790798873e-05, 0.0007717806147411466, 0.0007854160503484309, 0.00012860556307714432, 0.00022706565505359322, 0.0011216968996450305, 4.2893159843515605e-05, 0.13718818128108978, 0.3178085386753082, 0.4204115867614746, 0.00018323776021134108, 0.00016137337661348283, 7.62432989631634e-07, 4.829087629332207e-05, 3.927576017304091e-06, 5.7809840654954314e-05, 0.0002278874017065391, 0.0001631473278393969, 0.004223046358674765, 7.76315646362491e-05, 0.00033152743708342314, 1.7164471501018852e-05, 0.00011625017214100808, 1.2734550182358362e-05, 0.0015200399793684483, 0.00010120971273863688, 0.0003354405052959919, 1.6414105630246922e-05, 0.0001587109873071313, 0.019278330728411674, 0.0012051875237375498, 0.0008688293164595962, 8.500373951392248e-05, 1.1191953490197193e-05, 0.007288645952939987, 0.0006446648039855063, 0.00011747790267691016, 6.677723285974935e-05, 2.829111872415524e-05, 0.000217260152567178, 0.010259130038321018, 0.0010250323684886098, 0.0003916374407708645, 3.591631320887245e-05, 0.003104059025645256, 0.007419824134558439, 0.0002036451769527048, 0.00015610383707098663, 0.0003275200433563441, 0.00021810716134496033, 0.000369760935427621, 1.77029814949492e-05, 0.003818261669948697, 0.00013240681437309831, 0.003092618193477392, 0.0004853116115555167, 0.00010811594984261319, 0.00046770877088420093, 0.001695520244538784, 4.781428287969902e-05, 8.130815695039928e-05, 0.0003584009828045964, 5.8137589803664014e-05, 0.0010213166242465377, 0.03195381909608841, 0.0005636202404275537, 0.002537327818572521, 0.00012592870916705579, 0.0020787580870091915, 0.0005813983734697104, 1.6118932762765326e-05, 0.00045754577149637043]"
/Users/jianyang/Documents/codes/PlotDiversiVision/data/CPER_009/CPER_009_PlantDiversity_40_1_1_20140528-straightened.jpg,CPER_009/CPER_009_PlantDiversity_40_1_1_20140528-straightened.jpg,CPER,2014,,CPER_009,40_1_1,40,1,1,20140528,true,CPER_009_PlantDiversity_40_1_1_20140528-straightened_r0_c2,3,0,2,1255,0,1882,638,73,"[0.018804343417286873, 1.7823138477979228e-05, 0.004954905714839697, 0.002189535880461335, 0.0022014621645212173, 0.00040550887933932245, 0.00657751876860857, 2.488089921826031e-05, 0.09307658672332764, 0.19539788365364075, 0.15383009612560272, 0.0008224443881772459, 0.00013084238162264228, 4.909927042717754e-07, 1.2563653399411123e-05, 5.507067726284731e-06, 5.9821115428349e-05, 0.001453291391953826, 5.708540993509814e-05, 0.00152303627692163, 6.095748540246859e-05, 0.0006152027053758502, 7.533646567026153e-06, 0.00024496851256117225, 1.3710327039007097e-05, 0.009951695799827576, 0.0007346178754232824, 0.00011239974992349744, 2.75138663710095e-05, 5.8185785746900365e-05, 0.07058670371770859, 0.0006715002236887813, 0.00018298646318726242, 4.4838823669124395e-05, 9.759161002875771e-06, 0.004562584217637777, 0.0018272356828674674, 0.0004622655105777085, 9.646608668845147e-05, 5.714243798138341e-07, 0.00029860681388527155, 0.010373816825449467, 0.0004953674506396055, 6.285146810114384e-05, 0.0003613914595916867, 0.05639224126935005, 0.0024345479905605316, 0.0001930408616317436, 0.0001212682036566548, 0.00019755236280616373, 0.0023570179473608732, 0.002325686626136303, 0.00017061419202946126, 0.1606379747390747, 6.001974907121621e-05, 0.0013217033119872212, 0.00034122788929380476, 0.00022859894670546055, 0.0024734525941312313, 0.0004913213197141886, 5.656775465467945e-05, 0.00014593405649065971, 2.680504258023575e-05, 0.00021754232875537127, 0.0007938509224914014, 0.17349769175052643, 0.001444889116100967, 0.009554767049849033, 0.00014797229960095137, 0.00021615592413581908, 7.934747372928541e-06, 3.4725639125099406e-05, 0.000699577503837645]"
/Users/jianyang/Documents/codes/PlotDiversiVision/data/CPER_009/CPER_009_PlantDiversity_40_1_1_20140528-straightened.jpg,CPER_009/CPER_009_PlantDiversity_40_1_1_20140528-straightened.jpg,CPER,2014,,CPER_009,40_1_1,40,1,1,20140528,true,CPER_009_PlantDiversity_40_1_1_20140528-straightened_r1_c0,3,1,0,0,638,627,1275,73,"[0.004041493404656649, 1.4256458598538302e-05, 0.0007977625937201083, 0.0003052063111681491, 0.0007216703379526734, 8.362103108083829e-05, 0.0021280446089804173, 7.126884156605229e-05, 0.5441957712173462, 0.15310680866241455, 0.014764796942472458, 0.0013593920739367604, 1.1149671991006471e-05, 1.8361866693794582e-07, 3.337946691317484e-05, 1.633301053516334e-06, 1.1417561836424284e-05, 0.00017009400471579283, 0.00013483958900906146, 0.011379445903003216, 2.159131327061914e-05, 0.0003582858480513096, 2.4464296075166203e-05, 3.367901808815077e-05, 1.3060415540167014e-06, 0.0007680734270252287, 0.00010387251677457243, 8.604766480857506e-05, 1.912548759719357e-05, 2.9566364901256748e-05, 0.010716784745454788, 0.00022074361913837492, 8.60388099681586e-05, 0.00010298675624653697, 2.8713152460113633e-06, 0.004188979975879192, 0.0005277315503917634, 0.0004901130450889468, 0.0001331639796262607, 1.8104332411894575e-05, 5.78029575990513e-05, 0.00574780348688364, 0.0008675369317643344, 4.036559403175488e-05, 1.5018182239145972e-05, 0.003191284602507949, 0.0049142190255224705, 0.00019250443438068032, 0.00034795340616256, 6.054440382285975e-05, 0.0010328857460990548, 0.0014583036536350846, 1.026008521876065e-05, 0.013327591121196747, 1.7610085706110112e-05, 0.0013900692574679852, 3.546468724380247e-05, 7.078277121763676e-05, 0.000609211390838027, 0.001480737468227744, 1.8803708371706307e-05, 2.1904070308664814e-05, 5.966421667835675e-05, 3.399681008886546e-05, 0.000404414429794997, 0.20680728554725647, 0.0016460069455206394, 0.004220578819513321, 9.435826359549537e-05, 0.0003098234592471272, 3.863292295136489e-05, 4.199020622763783e-06, 0.00020661772578023374]"
/Users/jianyang/Documents/codes/PlotDiversiVision/data/CPER_009/CPER_009_PlantDiversity_40_1_1_20140528-straightened.jpg,CPER_009/CPER_009_PlantDiversity_40_1_1_20140528-straightened.jpg,CPER,2014,,CPER_009,40_1_1,40,1,1,20140528,true,CPER_009_PlantDiversity_40_1_1_20140528-straightened_r1_c1,3,1,1,627,638,1255,1275,73,"[0.009685972705483437, 9.366954145662021e-06, 0.0009429236524738371, 0.0001881137432064861, 2.0163717636023648e-05, 2.630657581903506e-05, 0.0052691055461764336, 1.9120798242511228e-05, 0.39910122752189636, 0.2456522434949875, 0.11270314455032349, 0.0002569866774138063, 2.624803346407134e-05, 1.2376895597299153e-07, 8.79725757840788e-06, 1.1927789955734625e-07, 2.271862967972993e-06, 9.306587890023366e-05, 1.4952028323023114e-05, 0.01767740026116371, 3.606092832342256e-06, 0.0014756327727809548, 7.183920388342813e-06, 2.023831257247366e-05, 2.0812028651562287e-06, 0.00019622167747002095, 3.665481926873326e-05, 6.511039100587368e-05, 1.2893487109977286e-05, 1.2842043361160904e-05, 0.02369190938770771, 7.906236714916304e-05, 0.0004002334317192435, 1.637592322367709e-05, 5.201493991080497e-07, 0.014474952593445778, 0.002111683366820216, 0.00023985611915122718, 2.6032446839963086e-05, 3.2080959044833435e-06, 2.0916062567266636e-05, 0.004384201485663652, 8.984951273305342e-05, 7.867692147556227e-06, 6.89233547745971e-06, 0.018957415595650673, 0.005639011971652508, 1.3314548596099485e-05, 2.559084714448545e-05, 5.0389448915666435e-06, 0.00031763530569151044, 0.0018583574565127492, 8.388863534491975e-06, 0.010491907596588135, 4.573734258883633e-06, 0.00034142224467359483, 9.49123059399426e-05, 3.990608092863113e-05, 9.103216143557802e-05, 0.0004290324868634343, 5.396317283157259e-05, 2.1103925973875448e-05, 3.256455602240749e-05, 1.1445590644143522e-05, 0.00015037205594126135, 0.11710961908102036, 0.00017659655713941902, 0.0004435320443008095, 8.024126873351634e-05, 0.003317407798022032, 1.3706837307836395e-05, 5.144843089510687e-05, 0.0011366630205884576]"
/Users/jianyang/Documents/codes/PlotDiversiVision/data/CPER_009/CPER_009_PlantDiversity_40_1_1_20140528-straightened.jpg,CPER_009/CPER_009_PlantDiversity_40_1_1_20140528-straightened.jpg,CPER,2014,,CPER_009,40_1_1,40,1,1,20140528,true,CPER_009_PlantDiversity_40_1_1_20140528-straightened_r1_c2,3,1,2,1255,638,1882,1275,73,"[0.003012262284755707, 3.5265120459371246e-06, 0.00037791297654621303, 0.0009448324562981725, 0.00015130371320992708, 2.7992642571916804e-05, 0.000595571065787226, 4.023180736112408e-06, 0.29741063714027405, 0.5677072405815125, 0.06469210982322693, 6.761581971659325e-06, 2.0544017388601787e-05, 4.792239938211651e-09, 1.9696766173638025e-07, 5.265581535240926e-07, 3.972473223257111e-06, 0.0003447032650001347, 3.4423246688675135e-06, 4.748322317027487e-05, 6.803600626881234e-06, 0.0001422126078978181, 3.879546284224489e-07, 4.4313968828646466e-05, 6.938394676581083e-07, 0.0002079230034723878, 3.8432557630585507e-05, 4.199066552246222e-06, 4.326611815486103e-06, 6.766687761228241e-07, 0.018351959064602852, 9.552147821523249e-05, 3.787830792134628e-05, 8.484507674211272e-08, 1.6723190299217094e-07, 0.0007345573394559324, 0.0007558651850558817, 8.20041896076873e-06, 1.961490670510102e-05, 9.441742498950134e-09, 3.168136390740983e-05, 0.0003289105952717364, 1.9172885004081763e-05, 3.751232725335285e-06, 1.6595407942077145e-05, 0.03178127482533455, 0.0005206606583669782, 3.8014065921743168e-06, 5.14323392053484e-06, 6.261366252147127e-06, 0.00023740842880215496, 0.00013421752373687923, 1.9681914636748843e-05, 0.0017326760571449995, 3.8683906495862175e-06, 6.485188350779936e-05, 7.345005542447325e-06, 1.2344473361736163e-05, 0.0001116120329243131, 0.00022939247719477862, 9.242581313628762e-07, 2.5364881821587915e-06, 2.821271436914685e-06, 2.094873161695432e-05, 0.0007213836652226746, 0.007737697567790747, 6.051089076208882e-05, 0.00019084892119280994, 1.412690198776545e-05, 5.4379594075726345e-05, 9.478272318119707e-07, 8.972860086942092e-06, 0.00010446653323015198]"
/Users/jianyang/Documents/codes/PlotDiversiVision/data/CPER_009/CPER_009_PlantDiversity_40_1_1_20140528-straightened.jpg,CPER_009/CPER_009_PlantDiversity_40_1_1_20140528-straightened.jpg,CPER,2014,,CPER_009,40_1_1,40,1,1,20140528,true,CPER_009_PlantDiversity_40_1_1_20140528-straightened_r2_c0,3,2,0,0,1275,627,1913,73,"[0.001326335477642715, 2.3064601919031702e-05, 0.004101390950381756, 0.0013924288796260953, 0.00010422003833809868, 0.00010645656584529206, 0.0010192941408604383, 0.00017662139725871384, 0.05653981864452362, 0.07396043837070465, 0.05663609877228737, 0.00535620516166091, 0.00015631859423592687, 5.847680881743145e-07, 0.0001838282187236473, 3.3551757951499894e-05, 0.00017689783999230713, 0.0006459876312874258, 0.0006496921414509416, 0.13741517066955566, 0.00040212474414147437, 0.0004925620160065591, 0.0005335137248039246, 0.0001900589995784685, 6.956124707357958e-05, 0.0023338196333497763, 0.0007796112913638353, 0.00015341913967859, 0.00018319676746614277, 0.0001292781380470842, 0.011922490783035755, 0.0010695240925997496, 0.0021501793526113033, 0.0001629323814995587, 6.742155164829455e-06, 0.007723269052803516, 0.004480333067476749, 9.288494766224176e-05, 0.0002514973748475313, 0.00017808204574976116, 0.0001512602757429704, 0.010647373273968697, 0.0002085988671751693, 5.860236706212163e-05, 7.660235860385001e-05, 0.2023162841796875, 0.027530301362276077, 0.00010711157665355131, 0.00034592929296195507, 0.00027838433743454516, 0.009646586142480373, 0.0003650175058282912, 0.0001691748620942235, 0.24701090157032013, 3.8751237298129126e-05, 0.011188272386789322, 0.003927093464881182, 0.0012757822405546904, 0.0012342166155576706, 0.0010712920920923352, 6.588840915355831e-05, 0.0001015250090858899, 0.00032281814492307603, 7.593581540277228e-05, 0.0004200235998723656, 0.09433810412883759, 0.00504471966996789, 0.005512922070920467, 0.00029009071295149624, 0.0008824217366054654, 0.00040146108949556947, 1.1989471204287838e-05, 0.0015750923193991184]"
/Users/jianyang/Documents/codes/PlotDiversiVision/data/CPER_009/CPER_009_PlantDiversity_40_1_1_20140528-straightened.jpg,CPER_009/CPER_009_PlantDiversity_40_1_1_20140528-straightened.jpg,CPER,2014,,CPER_009,40_1_1,40,1,1,20140528,true,CPER_009_PlantDiversity_40_1_1_20140528-straightened_r2_c1,3,2,1,627,1275,1255,1913,73,"[0.0005279183387756348, 1.4754000403627288e-06, 0.003460233798250556, 6.422088335966691e-05, 1.6849725170686725e-06, 3.1231836601364193e-06, 0.0005569126224145293, 2.6071691081597237e-06, 0.32869023084640503, 0.39169561862945557, 0.03498901054263115, 0.00015781538968440145, 1.2292966857785359e-05, 9.50734175830803e-08, 8.234642905335932e-07, 1.7944847741091507e-07, 3.4448851238266798e-06, 1.4797802577959374e-05, 3.3585440633032704e-06, 0.0006387179018929601, 5.475255420606118e-06, 0.000711530854459852, 1.4837193020866835e-06, 2.7607997253653593e-05, 5.008990683563752e-06, 0.00012008480553049594, 9.445247997064143e-06, 2.5954908778658137e-05, 2.0277564090065425e-06, 1.6962715108093107e-06, 0.005556460935622454, 1.4826054211880546e-05, 0.00027114435215480626, 6.700823860228411e-07, 1.4688120586470177e-07, 0.0005534141091629863, 0.0009574694558978081, 1.435062222299166e-05, 3.981437657785136e-06, 2.2966360120335594e-06, 4.409051143738907e-06, 0.0004980909870937467, 3.6563892535923515e-06, 1.1438203983971107e-07, 1.086373799807916e-06, 0.11136633902788162, 0.024641521275043488, 2.2905452112809144e-07, 1.3946922763352632e-06, 1.5231469660648145e-05, 0.00015212431026156992, 7.934214954730123e-05, 2.424112381049781e-06, 0.001488557318225503, 6.598195341211976e-07, 7.723207818344235e-05, 3.221133374609053e-05, 1.7770000340533443e-05, 1.528758366475813e-05, 5.635695197270252e-05, 5.142624104337301e-06, 1.2169781484772102e-06, 5.363499440136366e-06, 5.948978696324048e-07, 1.198810787172988e-05, 0.09187973290681839, 6.74498915032018e-06, 1.0848794772755355e-05, 6.0141715039208066e-06, 0.0002953704388346523, 4.862980404141126e-06, 1.1149911642860388e-06, 0.00020736688748002052]"
/Users/jianyang/Documents/codes/PlotDiversiVision/data/CPER_009/CPER_009_PlantDiversity_40_1_1_20140528-straightened.jpg,CPER_009/CPER_009_PlantDiversity_40_1_1_20140528-straightened.jpg,CPER,2014,,CPER_009,40_1_1,40,1,1,20140528,true,CPER_009_PlantDiversity_40_1_1_20140528-straightened_r2_c2,3,2,2,1255,1275,1882,1913,73,"[0.006215496454387903, 3.917890808224911e-06, 0.0016909711994230747, 0.0011693015694618225, 7.916565664345399e-05, 2.2441392502514645e-05, 0.002716634189710021, 6.327278242679313e-06, 0.2010655552148819, 0.4480890929698944, 0.19427670538425446, 0.0001295982947340235, 3.2681444281479344e-05, 4.937770015089882e-08, 1.4161432773107663e-06, 3.101966399299272e-07, 4.311949396651471e-06, 0.00024873652728274465, 1.1017376891686581e-05, 0.0005446268478408456, 3.0167666409397498e-06, 0.0002729086554609239, 2.8495896913227625e-06, 3.3455438824603334e-05, 3.1179599773167865e-06, 0.00017067635781131685, 5.473048804560676e-05, 2.6902822355623357e-05, 1.3502685760613531e-05, 1.2142709238105454e-06, 0.02292589657008648, 0.0002969727211166173, 7.686737808398902e-05, 7.859090146666858e-06, 2.930181153715239e-06, 0.001023733988404274, 0.0005821678787469864, 3.802904029726051e-05, 5.031076943851076e-05, 4.602387093655125e-07, 1.860811789811123e-05, 0.0015815187944099307, 3.453415774856694e-05, 1.0285085409122985e-05, 8.171693480107933e-06, 0.10226812213659286, 0.0016478474717587233, 2.360708322157734e-06, 1.0131733688467648e-05, 1.4974702935433015e-05, 0.00020366905664559454, 0.0001168146263808012, 2.960066922241822e-05, 0.0018703497480601072, 4.212400654068915e-06, 8.862886170390993e-05, 2.655330899870023e-05, 8.870699821272865e-05, 0.00039781659143045545, 7.346469647018239e-05, 2.5835206542978995e-05, 1.6518233678652905e-05, 5.18937213200843e-06, 2.1270034267217852e-05, 0.00023582263384014368, 0.008740746416151524, 5.001379031455144e-05, 5.483267887029797e-05, 7.423343959089834e-06, 5.597689960268326e-05, 6.598933850909816e-06, 6.35260294075124e-05, 0.00032395109883509576]"
/Users/jianyang/Documents/codes/PlotDiversiVision/data/CPER_009/CPER_009_PlantDiversity_40_1_3_20140528-straightened.jpg,CPER_009/CPER_009_PlantDiversity_40_1_3_20140528-straightened.jpg,CPER,2014,,CPER_009,40_1_3,40,1,3,20140528,true,CPER_009_PlantDiversity_40_1_3_20140528-straightened_r0_c0,3,0,0,0,0,628,638,73,"[2.2723355868947692e-05, 4.233780600770842e-06, 6.88149611960398e-06, 0.00017183473391924053, 0.0009565544896759093, 5.49564163065952e-07, 0.009150415658950806, 4.674370302382158e-06, 0.001567315892316401, 0.0013615310890600085, 5.4435273341368884e-05, 1.6378386135329492e-05, 4.036436166643398e-06, 1.5320691204578907e-07, 3.960614776588045e-06, 4.25594691932929e-07, 1.654573225096101e-06, 0.0018725856207311153, 3.7557205359917134e-05, 0.0004669919435400516, 7.953555723361205e-06, 3.299561740277568e-06, 0.0001811339898267761, 1.8886596535594435e-06, 3.2350588874408004e-09, 2.053799562418135e-06, 7.5044667937618215e-06, 4.365795393823646e-05, 0.00011831301526399329, 5.3006365305918735e-06, 3.8508613215526566e-05, 1.2828794751840178e-05, 5.956483619229402e-06, 6.5102262851723935e-06, 3.344076958455844e-06, 0.0004002783098258078, 0.00045086981845088303, 0.0008317032479681075, 0.00014657268184237182, 1.5824639376660343e-07, 0.0069382572546601295, 0.00036735806497745216, 0.0003081710310652852, 9.293156472267583e-05, 2.2574060494662262e-05, 0.0001508831192040816, 0.0009343174751847982, 1.1622346391959582e-05, 9.955350833479315e-06, 4.618255843524821e-06, 0.0005011926987208426, 3.7959764540573815e-06, 4.22540733779897e-06, 0.0010572836035862565, 0.0004296423867344856, 7.054882007651031e-05, 1.0080966603709385e-05, 0.0006140741752460599, 0.00016825423517730087, 0.041021209210157394, 9.356330701848492e-05, 9.344061254523695e-05, 2.829314553309814e-06, 3.288442894699983e-05, 0.00030686421087011695, 7.69143589423038e-05, 0.4821567237377167, 0.4464769661426544, 1.0053195182990748e-06, 2.407730971754063e-05, 3.838420923329977e-07, 3.6652501876233146e-05, 4.0127624743035994e-06]"
/Users/jianyang/Documents/codes/PlotDiversiVision/data/CPER_009/CPER_009_PlantDiversity_40_1_3_20140528-straightened.jpg,CPER_009/CPER_009_PlantDiversity_40_1_3_20140528-straightened.jpg,CPER,2014,,CPER_009,40_1_3,40,1,3,20140528,true,CPER_009_PlantDiversity_40_1_3_20140528-straightened_r0_c1,3,0,1,628,0,1257,638,73,"[0.4625399112701416, 0.0003809609042946249, 0.0002268357202410698, 0.00012218582560308278, 0.004512356594204903, 0.0024136509746313095, 0.01059046108275652, 2.6768067982629873e-05, 0.027181660756468773, 0.03031454235315323, 0.004004533868283033, 6.243737152544782e-05, 0.0002754803281277418, 2.935054681074689e-06, 1.883711746586414e-07, 4.8525816964684054e-06, 3.971941623603925e-05, 0.00026001883088611066, 1.5458697816939093e-05, 0.0004054255841765553, 5.921653064433485e-05, 0.0003903136239387095, 3.382263457751833e-06, 0.000284344278043136, 1.2947394907314447e-06, 0.004820707254111767, 0.00025393348187208176, 3.1989067792892456e-05, 1.6344953337465995e-06, 1.9737986804102547e-05, 0.028593046590685844, 1.2566537407110445e-05, 1.5787603842909448e-05, 1.1479736713226885e-05, 3.565330189303495e-06, 0.24025197327136993, 0.0013993567554280162, 0.000251644232776016, 0.0003682075475808233, 7.002172708325816e-08, 0.0013105783145874739, 0.011717296205461025, 0.00015885659377090633, 2.1831881895195693e-05, 0.0007653114153072238, 0.008018654771149158, 0.005762240383774042, 0.00044762311154045165, 0.00013700775161851197, 7.685203308938071e-05, 0.0021227714605629444, 0.018087144941091537, 0.0018572440603747964, 0.05086694657802582, 5.80295454710722e-05, 0.003484272863715887, 3.843440936179832e-06, 1.307660568272695e-05, 0.0003232260642107576, 0.00027491760556586087, 7.508091948693618e-05, 5.28091040905565e-05, 1.6146519783433178e-06, 0.0013197391526773572, 0.00030658981995657086, 0.052997469902038574, 0.0013252280186861753, 0.012459680438041687, 0.0031045847572386265, 0.002652232302352786, 6.660986286988191e-07, 5.180622792977374e-06, 3.6807676224270836e-05]"
/Users/jianyang/Documents/codes/PlotDiversiVision/data/CPER_009/CPER_009_PlantDiversity_40_1_3_20140528-straightened.jpg,CPER_009/CPER_009_PlantDiversity_40_1_3_20140528-straightened.jpg,CPER,2014,,CPER_009,40_1_3,40,1,3,20140528,true,CPER_009_PlantDiversity_40_1_3_20140528-straightened_r0_c2,3,0,2,1257,0,1885,638,73,"[0.007523602340370417, 0.0003049064544029534, 0.01744811423122883, 0.00037658106884919107, 0.0003930160019081086, 0.000490963167976588, 0.001665983465500176, 4.6310520701808855e-05, 0.05076047405600548, 0.49297767877578735, 0.003505560103803873, 0.000521607871633023, 0.0002790560247376561, 3.083438059547916e-06, 1.441831136617111e-05, 2.2284713850240223e-05, 8.491076005157083e-05, 0.0006607891991734505, 0.0007807950023561716, 0.0030208060052245855, 0.0018026500474661589, 0.009740574285387993, 9.286426575272344e-06, 5.235072967479937e-05, 5.942957841398311e-07, 0.016887567937374115, 0.00022352579981088638, 0.0004579563392326236, 1.6117578525154386e-06, 1.658044129726477e-05, 0.12073566019535065, 9.056927228812128e-05, 0.00016106225666590035, 0.0002423740952508524, 5.35950566700194e-05, 0.0023270430974662304, 0.0003093538398388773, 0.00026688320212997496, 2.213154402852524e-05, 4.5844330998079386e-07, 0.00045310816494747996, 0.00750708905979991, 0.001237553427927196, 0.0006709237932227552, 0.0005190355004742742, 0.06128489971160889, 0.04685988277196884, 0.0002618849975988269, 0.00020620302530005574, 0.0060674711130559444, 0.0036458454560488462, 0.021525008603930473, 4.524602263700217e-05, 0.019003435969352722, 5.952924766461365e-05, 0.0040804436430335045, 0.00023670712835155427, 3.77295509679243e-05, 6.553290586452931e-05, 0.0006926544010639191, 0.00030585238710045815, 0.0002744175144471228, 6.278838100115536e-06, 0.00013013994612265378, 0.0043336465023458, 0.07089727371931076, 0.0003135668230243027, 0.00603078119456768, 2.7055793907493353e-05, 0.0014765653759241104, 4.0904764318838716e-05, 3.0135161068756133e-06, 0.007417704444378614]"
/Users/jianyang/Documents/codes/PlotDiversiVision/data/CPER_009/CPER_009_PlantDiversity_40_1_3_20140528-straightened.jpg,CPER_009/CPER_009_PlantDiversity_40_1_3_20140528-straightened.jpg,CPER,2014,,CPER_009,40_1_3,40,1,3,20140528,true,CPER_009_PlantDiversity_40_1_3_20140528-straightened_r1_c0,3,1,0,0,638,628,1277,73,"[0.0332120917737484, 0.0005342779331840575, 0.00019098726625088602, 0.0031444919295608997, 0.00019117168267257512, 0.00019594946934375912, 0.0031689610332250595, 3.794974691118114e-05, 0.007629134226590395, 0.04570762813091278, 0.004659328609704971, 0.00010709246998885646, 0.00048649898963049054, 6.003281782795966e-07, 2.5532142444717465e-06, 0.0002218383306171745, 0.004843863192945719, 0.0035547588486224413, 0.0001248127518920228, 0.004285078030079603, 0.008079640567302704, 0.015536176040768623, 0.0001127107534557581, 2.751631836872548e-05, 7.106998509698315e-07, 0.007211280986666679, 0.002292569726705551, 2.7328756914357655e-05, 1.5110921594896354e-05, 1.3561726746047498e-06, 0.009039797820150852, 0.00045940419659018517, 1.7964586049856734e-06, 2.817648055497557e-05, 7.88554607424885e-05, 0.08517446368932724, 0.0029056735802441835, 0.0016293011140078306, 0.0012132719857618213, 7.169791729211283e-07, 0.00625991728156805, 0.0005218456499278545, 0.0007680728449486196, 4.553126927930862e-05, 0.0005243999185040593, 0.09767089039087296, 0.006341105327010155, 0.00043091559200547636, 0.00014867522986605763, 0.54512619972229, 0.004534204490482807, 0.008758531883358955, 7.53880594857037e-05, 0.0009833024814724922, 0.0002255467843497172, 0.066437266767025, 1.4154410564515274e-05, 7.067641126923263e-05, 1.0797559298225679e-05, 0.002237617736682296, 3.0072642402956262e-05, 8.609484211774543e-06, 1.1574808240766288e-06, 0.0013373869005590677, 0.002577762585133314, 0.00641061645001173, 0.0001482120278524235, 0.001021630596369505, 0.000486706878291443, 0.00020953135390300304, 2.902113010350149e-06, 2.0846850020461716e-05, 0.00042457159725017846]"
/Users/jianyang/Documents/codes/PlotDiversiVision/data/CPER_009/CPER_009_PlantDiversity_40_1_3_20140528-straightened.jpg,CPER_009/CPER_009_PlantDiversity_40_1_3_20140528-straightened.jpg,CPER,2014,,CPER_009,40_1_3,40,1,3,20140528,true,CPER_009_PlantDiversity_40_1_3_20140528-straightened_r1_c1,3,1,1,628,638,1257,1277,73,"[0.005971684120595455, 8.606995106674731e-05, 0.0022582069505006075, 0.0022701609414070845, 0.004703456535935402, 0.0007476378232240677, 0.020412342622876167, 0.0001752096723066643, 0.12937961518764496, 0.3053044378757477, 0.00552265252918005, 0.00017147246398963034, 0.00014594597450923175, 3.6008573260915e-06, 2.7884254450327717e-05, 1.101291854865849e-05, 0.0003218888596165925, 0.010725408792495728, 0.000249378674197942, 0.03309410437941551, 9.68485910561867e-05, 0.0067175268195569515, 3.178401675540954e-05, 0.0008551460923627019, 1.9544008011962433e-07, 0.0006481927121058106, 0.00028952720458619297, 0.0004511773295234889, 3.503611878841184e-05, 6.54688265058212e-05, 0.058836594223976135, 0.000546445487998426, 8.786132093518972e-05, 0.0004564991395454854, 3.9167702198028564e-05, 0.005031041335314512, 0.006007327698171139, 0.0017391856526955962, 0.000982923898845911, 1.7676496781859896e-06, 0.0006053632241673768, 0.004350948613137007, 0.0025114205200225115, 0.0005120276473462582, 0.001286972314119339, 0.024545837193727493, 0.01189116295427084, 0.0025311566423624754, 0.003123082220554352, 8.370108116650954e-05, 0.0018958499422296882, 0.08223491907119751, 0.0013083267258480191, 0.11059587448835373, 0.0003710547462105751, 0.0047441450878977776, 7.570335583295673e-05, 0.0023431172594428062, 0.005105709657073021, 0.010537960566580296, 0.0011970119085162878, 0.0003583212092053145, 5.4884740166016854e-06, 0.0007802725885994732, 0.0020574547816067934, 0.08271881192922592, 0.012216695584356785, 0.023409830406308174, 0.0007422669441439211, 0.0006164040532894433, 3.259029836044647e-05, 0.00013832970580551773, 0.0005702980561181903]"
/Users/jianyang/Documents/codes/PlotDiversiVision/data/CPER_009/CPER_009_PlantDiversity_40_1_3_20140528-straightened.jpg,CPER_009/CPER_009_PlantDiversity_40_1_3_20140528-straightened.jpg,CPER,2014,,CPER_009,40_1_3,40,1,3,20140528,true,CPER_009_PlantDiversity_40_1_3_20140528-straightened_r1_c2,3,1,2,1257,638,1885,1277,73,"[0.041367124766111374, 6.923954060766846e-05, 0.0004785357741639018, 0.003910273779183626, 0.002774682594463229, 0.0036076761316508055, 0.06128281354904175, 0.00011538916442077607, 0.024842996150255203, 0.05980430915951729, 0.02500615082681179, 6.0051341279176995e-05, 0.0011162084992974997, 1.314365363214165e-06, 7.662590064683172e-07, 1.4985806728873285e-06, 5.456943836179562e-05, 0.0009093977860175073, 1.90009486686904e-05, 0.010276136919856071, 8.179320866474882e-05, 0.0013581451494246721, 2.8172138627269305e-05, 0.0021305091213434935, 3.135845645374502e-06, 0.0024299640208482742, 0.00024050725915003568, 0.0004458912299014628, 6.9778034230694175e-06, 9.155060251941904e-05, 0.04191993921995163, 0.0005042635602876544, 3.9066464523784816e-05, 6.263198156375438e-05, 2.0715380742331035e-05, 0.0696398913860321, 0.004532987251877785, 0.0005780748906545341, 0.0002580030122771859, 1.9039528353914648e-07, 0.00107602181378752, 0.04431649670004845, 0.0018125316128134727, 6.038050923962146e-05, 0.0004591337055899203, 0.011167328804731369, 0.02011110633611679, 0.0005039904499426484, 0.0008827375713735819, 0.00018146132060792297, 0.008151824586093426, 0.1091359555721283, 0.0008062290726229548, 0.007052447646856308, 0.00044349257950671017, 0.0017348689725622535, 1.0674149052647408e-05, 0.00046199042117223144, 0.0029126829467713833, 0.0009791163029149175, 0.00010647476301528513, 6.69218716211617e-05, 2.8242172902537277e-06, 0.0006228297133930027, 0.0014891517348587513, 0.38583284616470337, 0.0020316436421126127, 0.03592228889465332, 0.00021445410675369203, 0.0013125886907801032, 5.848460659763077e-06, 8.535045708413236e-06, 5.253439303487539e-05]"
/Users/jianyang/Documents/codes/PlotDiversiVision/data/CPER_009/CPER_009_PlantDiversity_40_1_3_20140528-straightened.jpg,CPER_009/CPER_009_PlantDiversity_40_1_3_20140528-straightened.jpg,CPER,2014,,CPER_009,40_1_3,40,1,3,20140528,true,CPER_009_PlantDiversity_40_1_3_20140528-straightened_r2_c0,3,2,0,0,1277,628,1915,73,"[0.004719594959169626, 5.556265023187734e-05, 0.003848760388791561, 0.002517040353268385, 0.01428581215441227, 0.0002281958586536348, 0.0024957763962447643, 9.303111437475309e-05, 0.10045311599969864, 0.3117395043373108, 0.0013610981404781342, 0.0001311498781433329, 9.871240035863593e-05, 4.976702783210385e-08, 6.764134923287202e-06, 0.00021448632469400764, 0.0013616278301924467, 0.0017846717964857817, 0.00029705409542657435, 0.001999317202717066, 0.00019753677770495415, 0.0003999038599431515, 0.00011927219020435587, 0.0007187437731772661, 1.0737086597600864e-07, 0.003588424762710929, 0.0017358579207211733, 3.0321920348796993e-05, 0.0003510261594783515, 1.683624395809602e-05, 0.008080163970589638, 0.00020795072487089783, 7.13201461621793e-06, 3.1970666896086186e-05, 1.4331695638247766e-05, 0.005563673097640276, 0.0023673202376812696, 0.001959331100806594, 0.0008306336821988225, 2.5345516974084603e-07, 0.0014547408791258931, 0.004842440132051706, 0.005732142832130194, 0.0009140003239735961, 0.0010400530882179737, 0.02018130011856556, 0.015364372171461582, 0.0009930088417604566, 0.000168464015587233, 4.860312765231356e-05, 0.0024675466120243073, 0.005668560974299908, 0.0008861430687829852, 0.08899516612291336, 0.004934070166200399, 0.004712578374892473, 1.9547005649656057e-05, 0.00010381538595538586, 0.0006563487695530057, 0.0046716975048184395, 7.570188608951867e-05, 0.00012161627091700211, 3.1725119242764777e-06, 0.002187343081459403, 0.0019934531301259995, 0.04011418670415878, 0.12478435784578323, 0.19251485168933868, 4.7911886213114485e-05, 4.704670936916955e-05, 3.315670255688019e-06, 1.4689146155433264e-05, 0.00032549677416682243]"
/Users/jianyang/Documents/codes/PlotDiversiVision/data/CPER_009/CPER_009_PlantDiversity_40_1_3_20140528-straightened.jpg,CPER_009/CPER_009_PlantDiversity_40_1_3_20140528-straightened.jpg,CPER,2014,,CPER_009,40_1_3,40,1,3,20140528,true,CPER_009_PlantDiversity_40_1_3_20140528-straightened_r2_c1,3,2,1,628,1277,1257,1915,73,"[9.04955159057863e-05, 1.5540714230155572e-05, 0.004312347155064344, 1.2041180525557138e-05, 0.0010269718477502465, 4.5536475226981565e-05, 0.000750248902477324, 7.009456749074161e-05, 0.1402420997619629, 0.21819449961185455, 0.0009341344120912254, 6.129239045549184e-05, 1.2239763236721046e-05, 4.891891194347409e-07, 3.4184793662461743e-07, 1.1763054317270871e-05, 0.00010812194523168728, 0.0009943582117557526, 1.768216498021502e-05, 0.023120149970054626, 3.778492100536823e-05, 0.0016893065767362714, 1.0636444130796008e-05, 0.0002718631294555962, 3.530207015600695e-09, 0.0006672596791759133, 3.57516692019999e-05, 1.2993027667107526e-05, 2.4329699954250827e-05, 4.708222604676848e-06, 0.01594889536499977, 1.352541039523203e-05, 1.2371104276098777e-05, 1.174780754809035e-05, 6.2480503402184695e-06, 0.0017897440120577812, 4.453221845324151e-05, 3.5984547139378265e-05, 5.147022966411896e-05, 3.099752063917549e-07, 2.114260678354185e-05, 0.008020097389817238, 0.004507869016379118, 0.00037385927862487733, 0.0003428919881116599, 0.028031358495354652, 0.27028247714042664, 0.00014555449888575822, 0.00010508160630706698, 1.5147683370742016e-05, 0.0013405074132606387, 0.008386158384382725, 6.51990967526217e-06, 0.01602206937968731, 0.00028905257931910455, 0.00029108638409525156, 6.3784073063288815e-06, 0.00028291516355238855, 7.281845319084823e-05, 0.0004905409296043217, 0.0002947153989225626, 5.8468427596380934e-05, 1.8506156038711197e-06, 0.00019294756930321455, 0.0002022474363911897, 0.23378688097000122, 0.0017636643024161458, 0.01384691707789898, 7.381634350167587e-05, 2.3277903892449103e-05, 1.305288265029958e-06, 2.710364128688525e-07, 3.018043571501039e-05]"
/Users/jianyang/Documents/codes/PlotDiversiVision/data/CPER_009/CPER_009_PlantDiversity_40_1_3_20140528-straightened.jpg,CPER_009/CPER_009_PlantDiversity_40_1_3_20140528-straightened.jpg,CPER,2014,,CPER_009,40_1_3,40,1,3,20140528,true,CPER_009_PlantDiversity_40_1_3_20140528-straightened_r2_c2,3,2,2,1257,1277,1885,1915,73,"[0.0003424927417654544, 7.777830433042254e-06, 0.00018950935918837786, 0.010873239487409592, 0.0022338617127388716, 6.850181671325117e-05, 0.4693540930747986, 0.00012751530448440462, 0.019394738599658012, 0.049293991178274155, 0.0019266202580183744, 7.552927127107978e-05, 2.907328962464817e-05, 3.758227933303715e-07, 1.583294215379283e-05, 3.594825557229342e-06, 5.705839430447668e-05, 0.007738391403108835, 0.00014961144188418984, 0.05616508796811104, 2.644539017637726e-05, 0.00017676211427897215, 0.00045065185986459255, 2.6658803108148277e-05, 1.0449927145828042e-07, 5.6751450756564736e-05, 4.897695907857269e-05, 0.00012790308392141014, 0.00016585513367317617, 7.235975317598786e-06, 0.0019511905265972018, 0.0001040558927343227, 6.692285296594491e-06, 8.141062426147982e-05, 3.935934728360735e-05, 0.0020194659009575844, 0.0047945501282811165, 0.000715774018317461, 0.0001748547947499901, 1.2721102393697947e-06, 0.0034838176798075438, 0.002424241742119193, 0.004047408699989319, 0.0008175455732271075, 0.00020899774972349405, 0.02083277516067028, 0.0036965275648981333, 5.978801709716208e-05, 0.0007950264844112098, 2.533767474233173e-05, 0.007845515385270119, 0.0004262553993612528, 2.1412943169707432e-05, 0.0009808731265366077, 0.0016666259616613388, 0.00028713882784359157, 1.690598037384916e-05, 0.007161649409681559, 8.456651266897097e-05, 0.012148220092058182, 0.004237474873661995, 0.00021366200235206634, 4.37638573203003e-06, 9.573214629199356e-05, 0.0017003142274916172, 0.0016216096701100469, 0.07618509978055954, 0.2194320261478424, 1.0954030585708097e-05, 0.00012460512516554445, 2.5945355446310714e-06, 0.00023440054792445153, 8.359149069292471e-05]"
/Users/jianyang/Documents/codes/PlotDiversiVision/data/CPER_009/CPER_009_PlantDiversity_41_1_1_20140528-straightened.jpg,CPER_009/CPER_009_PlantDiversity_41_1_1_20140528-straightened.jpg,CPER,2014,,CPER_009,41_1_1,41,1,1,20140528,true,CPER_009_PlantDiversity_41_1_1_20140528-straightened_r0_c0,3,0,0,0,0,704,682,73,"[0.00013408143422566354, 8.793505912763067e-06, 0.011441774666309357, 0.00046270739403553307, 0.0009421189315617085, 0.0008143941522575915, 0.0005149011849425733, 0.00010786577331600711, 0.4333743155002594, 0.2464417964220047, 0.0184627678245306, 0.0009856537217274308, 3.3962453017011285e-05, 2.1741044520240393e-07, 7.805278983141761e-06, 0.0001833668939070776, 0.0002664169005583972, 0.0001281294389627874, 5.305185914039612e-05, 0.011641480028629303, 0.0003712884208653122, 0.0014800254721194506, 2.0474548364290968e-05, 0.0002039496903307736, 1.8714456473389873e-06, 0.004492986481636763, 0.003910162020474672, 3.382655995665118e-05, 0.00018595776055008173, 9.320232493337244e-06, 0.006470320280641317, 0.00010068472329294309, 4.466732934815809e-05, 2.614462391647976e-05, 2.7277730623609386e-05, 0.001739245606586337, 0.001923627918586135, 0.00033939676359295845, 7.965607073856518e-05, 4.261647518433165e-06, 9.493518155068159e-05, 0.006415071431547403, 0.0029435616452246904, 0.0019612836185842752, 0.0002732951252255589, 0.06519603729248047, 0.06947286427021027, 0.0003146087401546538, 0.0011562209110707045, 0.0004166489525232464, 0.003033665707334876, 0.0008896763320080936, 0.0010612912010401487, 0.025893649086356163, 0.00021043739980086684, 0.005522590130567551, 3.029545769095421e-05, 7.129298410291085e-06, 2.292734461661894e-05, 0.0007622820558026433, 0.00032663505407981575, 6.08458094575326e-06, 2.5691026166896336e-05, 0.00015758447989355773, 0.0004260384012013674, 0.0640311911702156, 0.0003238262142986059, 0.0006157108582556248, 0.0001764714252203703, 0.0002617008285596967, 0.00019928751862607896, 3.615613422880415e-06, 0.0002969862543977797]"
/Users/jianyang/Documents/codes/PlotDiversiVision/data/CPER_009/CPER_009_PlantDiversity_41_1_1_20140528-straightened.jpg,CPER_009/CPER_009_PlantDiversity_41_1_1_20140528-straightened.jpg,CPER,2014,,CPER_009,41_1_1,41,1,1,20140528,true,CPER_009_PlantDiversity_41_1_1_20140528-straightened_r0_c1,3,0,1,704,0,1407,682,73,"[5.4849646403454244e-05, 2.4752951048867544e-06, 0.010166753083467484, 0.00016698941180948168, 0.00024371262406930327, 2.8097507311031222e-05, 3.175144229317084e-05, 5.5427011830033734e-05, 0.15668149292469025, 0.33758971095085144, 0.00036974516115151346, 0.00011757286847569048, 1.277434148505563e-05, 2.932875986516592e-07, 1.72620286775782e-06, 1.104140483221272e-05, 6.763886631233618e-05, 6.947226938791573e-05, 1.7389131244271994e-05, 0.00261510512791574, 0.001090129604563117, 0.003894325578585267, 2.487411165930098e-06, 5.385199256124906e-05, 1.0655619462340837e-06, 0.0004598991363309324, 0.0003215920878574252, 6.813423624407733e-06, 9.508088623988442e-06, 3.6359888326842338e-06, 0.012056748382747173, 2.9002470910199918e-05, 2.3944310669321567e-05, 4.030603577120928e-06, 1.9140090444125235e-05, 0.00040119540062732995, 0.00019695534138008952, 6.282069080043584e-05, 2.532092730689328e-05, 5.1013835218327586e-06, 6.429866334656253e-05, 0.0011375840986147523, 0.0005299467593431473, 0.0003726309514604509, 0.00018912131781689823, 0.315507173538208, 0.03071572259068489, 3.4532851714175195e-05, 3.5943980037700385e-05, 8.679504389874637e-05, 0.00039760887739248574, 0.0012036293046548963, 0.0001449755800422281, 0.031119786202907562, 0.0006704165134578943, 0.00028015219140797853, 9.627325198380277e-06, 3.9918904803926125e-06, 1.839203468989581e-05, 0.000421351520344615, 1.2818518371204846e-05, 4.512890882324427e-06, 8.369281204068102e-06, 1.673419501457829e-05, 0.00018661520152818412, 0.08782398700714111, 0.0005022107507102191, 0.0011925144353881478, 4.248099139658734e-05, 6.480000593001023e-05, 2.923964348156005e-05, 1.9325246114476613e-07, 0.0002002027613343671]"
/Users/jianyang/Documents/codes/PlotDiversiVision/data/CPER_009/CPER_009_PlantDiversity_41_1_1_20140528-straightened.jpg,CPER_009/CPER_009_PlantDiversity_41_1_1_20140528-straightened.jpg,CPER,2014,,CPER_009,41_1_1,41,1,1,20140528,true,CPER_009_PlantDiversity_41_1_1_20140528-straightened_r0_c2,3,0,2,1407,0,2111,682,73,"[0.0017916909419000149, 0.0016914088046178222, 0.0025001023896038532, 0.014075870625674725, 0.004925081506371498, 0.0006148210959509015, 0.006111758295446634, 0.0002104726154357195, 0.05275283753871918, 0.07666860520839691, 0.022208578884601593, 0.03176005929708481, 0.0008410214213654399, 2.240090907434933e-06, 0.00012564921053126454, 0.00014273161650635302, 0.00022678305685985833, 0.0005202534957788885, 0.006829091813415289, 0.0019204082200303674, 0.03286236524581909, 0.00042479511466808617, 0.0004503415257204324, 0.0005570402136072516, 0.0003181847569067031, 0.06449965387582779, 0.020947320386767387, 0.0003654120664577931, 0.0004589294840116054, 0.0007432413985952735, 0.11637040227651596, 0.00900799036026001, 0.000683870748616755, 0.0008277141023427248, 0.00027183827478438616, 0.0035007288679480553, 0.0015796545194461942, 0.015128939412534237, 0.001509152352809906, 0.00017418069182895124, 0.0021180894691497087, 0.02880358323454857, 0.05795888230204582, 0.017697308212518692, 0.008012269623577595, 0.0019525709794834256, 0.008254537358880043, 0.0045876167714595795, 0.012268999591469765, 0.02286788634955883, 0.20440320670604706, 0.0015141229378059506, 0.004617129452526569, 0.06580868363380432, 0.0010707535548135638, 0.0009278414072468877, 0.0015159030444920063, 8.041902765398845e-05, 0.00019071860879193991, 0.005833348724991083, 0.0031854198314249516, 0.0004533665778581053, 0.0024087775964289904, 0.0049011665396392345, 0.0023310629185289145, 0.02371850237250328, 0.004387515131384134, 0.006796708796173334, 8.091012568911538e-05, 0.002345674205571413, 0.0015956616261973977, 2.091144233418163e-05, 0.0006892212550155818]"
/Users/jianyang/Documents/codes/PlotDiversiVision/data/CPER_009/CPER_009_PlantDiversity_41_1_1_20140528-straightened.jpg,CPER_009/CPER_009_PlantDiversity_41_1_1_20140528-straightened.jpg,CPER,2014,,CPER_009,41_1_1,41,1,1,20140528,true,CPER_009_PlantDiversity_41_1_1_20140528-straightened_r1_c0,3,1,0,0,682,704,1365,73,"[0.001527975662611425, 0.00010787989594973624, 0.010154898278415203, 0.0004333179967943579, 0.004268607124686241, 0.0007136715576052666, 0.0022758087143301964, 6.518432928714901e-05, 0.27206116914749146, 0.09625369310379028, 0.0011568311601877213, 0.001853751833550632, 8.68090137373656e-05, 3.451231350481976e-06, 2.1205243683652952e-05, 0.00019665669242385775, 0.0006663324893452227, 0.002252110978588462, 5.1839790103258565e-05, 0.008201193995773792, 0.004914335906505585, 0.004630207549780607, 1.1044530765502714e-05, 0.00014283534255810082, 2.002859673666535e-06, 0.015840934589505196, 0.002104875398799777, 0.00022940509370528162, 1.8213173461845145e-05, 2.3267648430191912e-05, 0.05998774617910385, 0.00022598897339776158, 0.0001780457969289273, 3.7958205211907625e-05, 8.06246607680805e-05, 0.0050059896893799305, 0.006703892257064581, 0.000536296225618571, 0.00047009496483951807, 1.0238355571345892e-05, 0.0004927004338242114, 0.012181393802165985, 0.002407679334282875, 0.0016012804117053747, 0.000779205933213234, 0.11880757659673691, 0.0068285041488707066, 0.0023443633690476418, 0.002373210620135069, 0.0029385616071522236, 0.002751775784417987, 0.00904202088713646, 0.004242891911417246, 0.24565930664539337, 3.5850476706400514e-05, 0.0020694932900369167, 3.696677231346257e-05, 3.952679253416136e-05, 0.0023042873945087194, 0.0016766685293987393, 5.693074126611464e-05, 2.5773513698368333e-05, 5.915049769100733e-06, 0.002249380573630333, 0.0006580420886166394, 0.0698988065123558, 0.0013266272144392133, 0.0017744177021086216, 0.0007649980252608657, 0.00039480702253058553, 3.195158205926418e-05, 1.778821024345234e-05, 0.0006748457672074437]"
/Users/jianyang/Documents/codes/PlotDiversiVision/data/CPER_009/CPER_009_PlantDiversity_41_1_1_20140528-straightened.jpg,CPER_009/CPER_009_PlantDiversity_41_1_1_20140528-straightened.jpg,CPER,2014,,CPER_009,41_1_1,41,1,1,20140528,true,CPER_009_PlantDiversity_41_1_1_20140528-straightened_r1_c1,3,1,1,704,682,1407,1365,73,"[0.000348706787917763, 2.2172125468955528e-08, 0.0008375769830308855, 1.167379377875477e-05, 0.0005559367127716541, 3.115831759714638e-06, 0.00032053134054876864, 2.8324445793259656e-06, 0.1593036949634552, 0.19951455295085907, 0.004057976417243481, 3.21454240292951e-06, 5.093778327136533e-06, 3.432160866623235e-08, 1.6856278151067272e-08, 4.571959379973123e-06, 2.7273261366644874e-05, 1.1074260328314267e-05, 1.0374567409598967e-06, 0.001645548501983285, 2.6308403903385624e-05, 0.0002714426373131573, 1.4164241974867764e-06, 1.719420833978802e-05, 6.592334500510333e-08, 0.00012350420001894236, 1.9445426005404443e-05, 2.658165669799928e-07, 1.292397314500704e-06, 2.2082157613567688e-07, 0.007213623262941837, 3.401404228497995e-06, 1.0326868959964486e-06, 2.687386881916609e-07, 3.39566122420365e-06, 0.00043956408626399934, 0.0002730481792241335, 2.7440953545010416e-06, 1.3898761608288623e-06, 6.928713247589258e-08, 2.6031477318610996e-05, 0.0020564354490488768, 2.118492739100475e-05, 9.7235846624244e-05, 1.7790973288356327e-05, 0.5056793093681335, 0.030929114669561386, 8.284561772597954e-06, 1.8944235762319295e-06, 3.6256135445000837e-06, 0.0001307204074691981, 9.741776739247143e-05, 1.4046143405721523e-05, 0.0049818092957139015, 7.231193740153685e-05, 6.69669607304968e-05, 6.864364365810616e-08, 7.095790806488367e-06, 2.780257318590884e-06, 1.514133964519715e-05, 3.9037777241901495e-06, 1.5846746919123689e-06, 1.610243032246217e-07, 1.1319938494125381e-05, 7.641272532055154e-06, 0.08053740113973618, 2.4185272195609286e-05, 9.726404095999897e-05, 7.295411705854349e-07, 1.5505787814618088e-05, 1.1329345284138981e-07, 7.604131724292529e-08, 1.6751242583268322e-05]"
/Users/jianyang/Documents/codes/PlotDiversiVision/data/CPER_009/CPER_009_PlantDiversity_41_1_1_20140528-straightened.jpg,CPER_009/CPER_009_PlantDiversity_41_1_1_20140528-straightened.jpg,CPER,2014,,CPER_009,41_1_1,41,1,1,20140528,true,CPER_009_PlantDiversity_41_1_1_20140528-straightened_r1_c2,3,1,2,1407,682,2111,1365,73,"[0.0017603994347155094, 2.9676283475055243e-07, 0.0016155565390363336, 1.2386935850372538e-05, 0.0014012765605002642, 2.181276613555383e-05, 0.00042361579835414886, 1.0642055713105947e-05, 0.34267446398735046, 0.3091038465499878, 0.01933266595005989, 4.446518687473144e-06, 4.111387170269154e-05, 2.84882787582319e-07, 7.929914147553063e-08, 8.797099326329771e-06, 0.00011190328223165125, 3.357024979777634e-05, 4.364892447483726e-06, 0.0026638666167855263, 7.004705548752099e-05, 0.0001541532838018611, 4.0765430640021805e-06, 7.615669892402366e-05, 5.413224357653235e-07, 0.000325626228004694, 5.1652215915964916e-05, 2.2050511461202404e-07, 1.8197313238488277e-06, 4.788301453118038e-07, 0.042968690395355225, 6.029821634001564e-06, 1.046795091497188e-06, 2.852493935279199e-06, 7.965059921843931e-06, 0.0024749962612986565, 0.0002972334623336792, 4.9095651775132865e-06, 1.4293435015133582e-05, 2.9156740311009344e-07, 9.352224151371047e-05, 0.006004536058753729, 0.00016680793487466872, 5.329996929503977e-05, 3.127659147139639e-05, 0.05222468823194504, 0.1267988681793213, 1.2460013749659993e-05, 1.950374644366093e-05, 8.009116754692513e-06, 0.0013152430765330791, 0.00027117980062030256, 2.6861294827540405e-05, 0.005132739432156086, 3.850815846817568e-05, 0.00030085648177191615, 1.8665259915451315e-07, 3.306366124888882e-05, 2.6365474695921876e-05, 2.75787606369704e-05, 4.340980922279414e-06, 8.220406016334891e-06, 5.621952823275933e-07, 0.00018266253755427897, 1.549248736409936e-05, 0.08107809722423553, 9.097048314288259e-05, 0.0002932913484983146, 2.887946720875334e-06, 1.65930759976618e-05, 6.952998319320614e-07, 5.237518507783534e-07, 3.148536416119896e-05]"
/Users/jianyang/Documents/codes/PlotDiversiVision/data/CPER_009/CPER_009_PlantDiversity_41_1_1_20140528-straightened.jpg,CPER_009/CPER_009_PlantDiversity_41_1_1_20140528-straightened.jpg,CPER,2014,,CPER_009,41_1_1,41,1,1,20140528,true,CPER_009_PlantDiversity_41_1_1_20140528-straightened_r2_c0,3,2,0,0,1365,704,2047,73,"[0.00022784926113672554, 9.71435611063498e-07, 0.0004444629012141377, 1.7019798178807832e-05, 0.00017447629943490028, 2.0786289951502113e-06, 1.245261501026107e-05, 1.3897561075282283e-06, 0.030591802671551704, 0.0038886291440576315, 0.004001093562692404, 0.0009012334630824625, 3.2482112146681175e-06, 7.319167139030469e-08, 1.3900643352826592e-05, 8.359046660189051e-06, 0.00015350269677583128, 6.41025280856411e-06, 2.9195871320553124e-05, 0.054290857166051865, 8.167684427462518e-06, 0.0001332449319306761, 4.7300509322667494e-06, 1.8202680394097115e-06, 1.4670919881609734e-05, 2.6828965928871185e-05, 4.4258467823965475e-05, 9.586468650013558e-07, 2.7262469757260988e-06, 1.8257767806062475e-05, 0.000405641709221527, 4.377720415504882e-06, 0.00013766612391918898, 1.022087690216722e-05, 3.847615346330713e-07, 0.002689662389457226, 9.941929602064192e-05, 0.00013619624951388687, 8.944476576289162e-06, 1.068115216185106e-05, 1.1457805157988332e-05, 0.0024751878809183836, 1.8525770428823307e-05, 4.940815415466204e-06, 2.040899926214479e-05, 0.001554325339384377, 0.36013126373291016, 2.5169852960971184e-05, 1.681707658462983e-06, 6.182248398545198e-06, 0.0010546017438173294, 0.00039633724372833967, 8.20966306491755e-07, 0.5027161240577698, 3.911608928319765e-06, 0.0005246450891718268, 0.0001590984029462561, 2.77375820587622e-05, 1.2894549399788957e-05, 4.506859113462269e-05, 4.388139132061042e-05, 8.290015102829784e-05, 4.4647298636846244e-05, 3.9319552342931274e-06, 3.185409241268644e-06, 0.00873246043920517, 0.00013836951984558254, 0.00010787416977109388, 6.108454545028508e-05, 5.347007390810177e-05, 4.5374272303888574e-05, 6.375720658979844e-06, 0.022958222776651382]"
/Users/jianyang/Documents/codes/PlotDiversiVision/data/CPER_009/CPER_009_PlantDiversity_41_1_1_20140528-straightened.jpg,CPER_009/CPER_009_PlantDiversity_41_1_1_20140528-straightened.jpg,CPER,2014,,CPER_009,41_1_1,41,1,1,20140528,true,CPER_009_PlantDiversity_41_1_1_20140528-straightened_r2_c1,3,2,1,704,1365,1407,2047,73,"[0.0010762098245322704, 1.6729782714719477e-07, 0.0003877545241266489, 5.5413089285138994e-05, 0.0005968341138213873, 6.942776053620037e-06, 0.0011807774426415563, 1.0224492825727793e-06, 0.08929728716611862, 0.2611669600009918, 0.22697332501411438, 1.9123606762150303e-05, 1.1834458746307064e-05, 7.705900806342925e-09, 2.9253111932803222e-08, 6.9292027546907775e-06, 6.684247637167573e-05, 1.7083861166611314e-05, 5.232728881310322e-07, 0.0029719865415245295, 4.5328401029109955e-05, 0.00015464106400031596, 7.759213985991664e-06, 3.4121567296097055e-05, 3.546454365732643e-07, 0.000266391783952713, 1.1280721992079634e-05, 5.017621447223064e-07, 1.4189727153279819e-06, 4.231745265315112e-07, 0.014917952008545399, 1.2241277545399498e-05, 4.6898364303160633e-07, 2.762739939043968e-07, 4.7274127723540005e-07, 0.0035397575702518225, 0.0009759011445567012, 1.6356342484868946e-06, 7.995111445779912e-06, 2.3569466378603465e-08, 2.797293200273998e-05, 0.0022091995924711227, 2.397128082520794e-05, 4.4860851630801335e-05, 1.5509291188209318e-05, 0.23047903180122375, 0.03865262120962143, 6.735307124472456e-06, 2.8439344532671385e-06, 1.4786204701522365e-05, 0.0010000659385696054, 0.00023446658451575786, 2.488932295818813e-05, 0.0034966235980391502, 1.5569519746350124e-05, 0.0004513982275966555, 1.012477781614507e-07, 1.769805203366559e-05, 1.1534016266523395e-05, 8.519228686054703e-06, 1.2260812582098879e-05, 1.2965167570655467e-06, 6.673641337329173e-07, 1.2047265045111999e-05, 1.7802802176447585e-05, 0.1190248429775238, 2.8407155696186237e-05, 0.0002604392939247191, 7.73660394770559e-06, 2.208455953223165e-05, 4.877811647929775e-07, 2.9154423941690766e-07, 5.731533747166395e-05]"
/Users/jianyang/Documents/codes/PlotDiversiVision/data/CPER_009/CPER_009_PlantDiversity_41_1_1_20140528-straightened.jpg,CPER_009/CPER_009_PlantDiversity_41_1_1_20140528-straightened.jpg,CPER,2014,,CPER_009,41_1_1,41,1,1,20140528,true,CPER_009_PlantDiversity_41_1_1_20140528-straightened_r2_c2,3,2,2,1407,1365,2111,2047,73,"[0.0009027580381371081, 3.2399823339801515e-06, 0.024377265945076942, 0.0011967357713729143, 0.013371508568525314, 0.0013013755669817328, 8.447204891126603e-05, 0.000588534923736006, 0.1017216295003891, 0.12086840718984604, 0.004564828705042601, 0.0029452070593833923, 9.293161383538973e-06, 2.0788604160770774e-05, 5.694402352673933e-05, 0.0016122772358357906, 0.009708303026854992, 0.003549454966560006, 0.0035100567620247602, 0.0008424972184002399, 0.008391073904931545, 0.0022887473460286856, 5.743641304434277e-05, 0.0009110122337006032, 0.0001731865922920406, 0.0043017929419875145, 0.013554129749536514, 0.00017201591981574893, 0.0015654769958928227, 2.6452253223396838e-05, 0.06780309975147247, 0.0012192970607429743, 0.00027524371398612857, 0.0003423477755859494, 0.0014494044007733464, 0.0030242656357586384, 0.0001898371265269816, 0.0004825355135835707, 0.00047152844490483403, 0.00034721140400506556, 0.00026695351698435843, 0.003824693150818348, 0.013070130720734596, 0.007829043082892895, 0.0003551769186742604, 0.021854642778635025, 0.14605453610420227, 0.0014532966306433082, 0.0007003543432801962, 0.0011172776576131582, 0.02576737478375435, 0.0026671343948692083, 0.0011034609051421285, 0.15673190355300903, 0.007449295371770859, 0.006993534974753857, 0.000375382078345865, 0.00025888733216561377, 0.0020997279789298773, 0.0014429002767428756, 2.852662692021113e-05, 0.00014138960978016257, 0.00010223536082776263, 0.0040650018490850925, 0.004715628456324339, 0.1815238893032074, 0.004579968750476837, 0.004428504034876823, 2.7478092306409962e-05, 8.098905527731404e-05, 3.0290426366264e-05, 4.603801698976895e-06, 0.0005740862688980997]"
/Users/jianyang/Documents/codes/PlotDiversiVision/data/CPER_009/CPER_009_PlantDiversity_41_1_4_20140528-straightened.jpg,CPER_009/CPER_009_PlantDiversity_41_1_4_20140528-straightened.jpg,CPER,2014,,CPER_009,41_1_4,41,1,4,20140528,true,CPER_009_PlantDiversity_41_1_4_20140528-straightened_r0_c0,3,0,0,0,0,744,707,73,"[0.017402101308107376, 2.9197626645327546e-05, 0.0006380733684636652, 0.0008296814048662782, 0.0014481814578175545, 8.39781278045848e-05, 0.006793166510760784, 1.1658401490421966e-05, 0.01896648481488228, 0.02688225544989109, 0.005543405655771494, 2.937481076514814e-05, 3.182213913532905e-05, 8.82953656855534e-08, 8.537994062862708e-07, 2.226828200946329e-06, 3.409123746678233e-05, 0.0005410179146565497, 0.00025155447656288743, 0.0018669647397473454, 2.015428981394507e-05, 0.0010115336626768112, 8.690932190802414e-06, 0.0006719836383126676, 3.3604817417653976e-07, 0.0003137173189315945, 0.00021968776127323508, 5.0509606808191165e-06, 7.746079973003361e-06, 1.0179190894632484e-06, 0.711104154586792, 4.74796470371075e-05, 1.0848767487914301e-05, 1.896522553579416e-05, 1.7395968825439923e-05, 0.03137224167585373, 0.00028744424344040453, 0.0011222056346014142, 0.00015339719539042562, 3.5095504813398293e-07, 0.0015712426975369453, 0.058643270283937454, 0.00028849224327132106, 4.2921456042677164e-05, 0.0007114259642548859, 0.03372484818100929, 0.001023847726173699, 0.000562968896701932, 0.0004029746924061328, 6.898161518620327e-05, 0.0034284288994967937, 0.023559732362627983, 0.0001319282891927287, 0.028564533218741417, 4.7296343836933374e-05, 0.0007206472218967974, 9.952730579243507e-06, 4.3996842578053474e-05, 6.044266410754062e-05, 0.00018614809960126877, 7.571035530418158e-05, 6.845211464678869e-05, 5.5053587857401e-06, 0.00030964871984906495, 0.0009677634807303548, 0.008610393851995468, 0.001133607467636466, 0.00588312279433012, 0.0001222112332470715, 0.0003296344366390258, 2.8793124329240527e-06, 4.972861461283173e-06, 0.000911296287085861]"
/Users/jianyang/Documents/codes/PlotDiversiVision/data/CPER_009/CPER_009_PlantDiversity_41_1_4_20140528-straightened.jpg,CPER_009/CPER_009_PlantDiversity_41_1_4_20140528-straightened.jpg,CPER,2014,,CPER_009,41_1_4,41,1,4,20140528,true,CPER_009_PlantDiversity_41_1_4_20140528-straightened_r0_c1,3,0,1,744,0,1487,707,73,"[0.04024925455451012, 4.543604518403299e-05, 0.0007089007995091379, 0.014039737172424793, 0.0023059204686433077, 1.2202989637444261e-05, 0.002441285876557231, 0.00011434959014877677, 0.02776479348540306, 0.057516444474458694, 0.0166886355727911, 0.00030659494223073125, 5.606495324173011e-05, 3.3573667224118253e-07, 5.1642949983943254e-05, 5.927153324591927e-05, 0.0006646005786024034, 0.0007621310651302338, 0.003294773166999221, 0.04673164710402489, 0.0001106843919842504, 0.007463391870260239, 0.0005703135393559933, 0.005338446237146854, 7.789037681504851e-07, 0.0012743347324430943, 0.0008812322048470378, 6.984666106291115e-05, 0.00032032234594225883, 1.891190004243981e-05, 0.12145891040563583, 0.0001307678030570969, 5.788857379229739e-05, 0.00028993739397265017, 4.9109159590443596e-05, 0.030001666396856308, 0.0009906146442517638, 0.017869630828499794, 0.00010844589269254357, 1.415004021509958e-06, 0.010599044151604176, 0.0770004466176033, 0.0010827853111550212, 0.0002414859482087195, 0.00043792559881694615, 0.03143787756562233, 0.011532748118042946, 0.0011801505461335182, 0.001496695214882493, 0.0010184405837208033, 0.006622447166591883, 0.05976658686995506, 0.0001344430638710037, 0.18419940769672394, 0.00025987837580032647, 0.04750959575176239, 0.0001535657502245158, 0.00018016087415162474, 0.0001921141374623403, 0.0023645153269171715, 0.003852567635476589, 0.0014403244713321328, 7.6288079071673565e-06, 0.00018044424359686673, 0.0018597705056890845, 0.027987895533442497, 0.04831228032708168, 0.06518809497356415, 9.447783668292686e-05, 0.000597505655605346, 1.5716661437181756e-05, 2.709480031626299e-05, 0.012205195613205433]"
/Users/jianyang/Documents/codes/PlotDiversiVision/data/CPER_009/CPER_009_PlantDiversity_41_1_4_20140528-straightened.jpg,CPER_009/CPER_009_PlantDiversity_41_1_4_20140528-straightened.jpg,CPER,2014,,CPER_009,41_1_4,41,1,4,20140528,true,CPER_009_PlantDiversity_41_1_4_20140528-straightened_r0_c2,3,0,2,1487,0,2231,707,73,"[0.013471695594489574, 3.725866918102838e-06, 0.00023120868718251586, 0.004345745779573917, 0.0005483924178406596, 1.8371287296758965e-05, 0.014789102599024773, 0.000786771415732801, 0.1948721557855606, 0.08764966577291489, 0.027391670271754265, 0.00018383424321655184, 8.62205633893609e-05, 3.8125480728012917e-07, 0.0002612353127915412, 9.49997702264227e-05, 0.0008696283912286162, 0.0014814222231507301, 0.0011878794757649302, 0.13744692504405975, 4.273245212971233e-05, 0.0003533751587383449, 0.008367318660020828, 0.0003195524914190173, 6.551580327140982e-07, 0.00024538725847378373, 0.00750167528167367, 7.288360211532563e-05, 0.005693057086318731, 2.3573627458972624e-06, 0.020375492051243782, 0.0007825032225809991, 3.4140317438868806e-05, 0.00039097166154533625, 6.649735587416217e-05, 0.011656645685434341, 0.019812291488051414, 0.011892357841134071, 0.003505491651594639, 6.69430082780309e-05, 0.0015186952659860253, 0.02158411592245102, 0.003734281985089183, 0.0002602863241918385, 0.0008137056138366461, 0.038415368646383286, 0.0017381531652063131, 0.0020746858790516853, 0.014277663081884384, 0.00012185794912511483, 0.04485253244638443, 0.0018817447125911713, 0.0062065934762358665, 0.2059752494096756, 0.0006229194696061313, 0.03081561252474785, 0.0002780920476652682, 0.004805826582014561, 9.384751319885254e-05, 0.0013712628278881311, 0.004111331421881914, 0.0005801023216918111, 2.777854933810886e-05, 9.605691593606025e-05, 0.00046302395639941096, 0.002480366500094533, 0.016213433817029, 0.015117079019546509, 2.6581506972434e-05, 0.00014311893028207123, 2.8787988412659615e-05, 0.0005215419223532081, 0.001845010556280613]"
/Users/jianyang/Documents/codes/PlotDiversiVision/data/CPER_009/CPER_009_PlantDiversity_41_1_4_20140528-straightened.jpg,CPER_009/CPER_009_PlantDiversity_41_1_4_20140528-straightened.jpg,CPER,2014,,CPER_009,41_1_4,41,1,4,20140528,true,CPER_009_PlantDiversity_41_1_4_20140528-straightened_r1_c0,3,1,0,0,707,744,1413,73,"[0.01836441084742546, 8.115397940855473e-05, 0.0048928880132734776, 0.023836858570575714, 0.0002587621856946498, 3.3028692996595055e-05, 0.008648168295621872, 0.0001422222558176145, 0.03062909096479416, 0.07160431146621704, 0.03294531628489494, 0.00024918164126574993, 0.00014922629634384066, 4.585503177167993e-08, 1.7155598470708355e-05, 1.2704723530987394e-06, 2.8234995625098236e-05, 0.0005302209174260497, 0.0017475971253588796, 0.014998317696154118, 4.320491643738933e-05, 0.021818263456225395, 9.88751562545076e-05, 0.0025907543022185564, 6.065915840736125e-07, 0.0008215105044655502, 0.00019752235675696284, 0.0007881185156293213, 0.00033840222749859095, 6.399266112566693e-06, 0.38654622435569763, 0.0006464315229095519, 0.00010426659719087183, 0.00013662780111189932, 0.00012061180314049125, 0.005142982583492994, 0.0018947278149425983, 0.005337746813893318, 0.00033120688749477267, 1.3601091950476984e-06, 0.003351380815729499, 0.02161134034395218, 0.004486884456127882, 0.00015084831102285534, 0.00016826162755023688, 0.1484333872795105, 0.0003338045789860189, 0.00013972811575513333, 0.000465603603515774, 0.000468826008727774, 0.007832545787096024, 0.06746286153793335, 0.00011257104051765054, 0.006268660072237253, 0.00013540330110117793, 0.0006545856595039368, 4.614586941897869e-05, 3.94995731767267e-05, 0.00018257381452713162, 0.0022580588702112436, 8.244580385508016e-05, 0.00024288064741995186, 1.1350323802616913e-05, 0.0002279599430039525, 0.0037574083544313908, 0.02838764153420925, 0.01246072817593813, 0.04819551482796669, 4.535010157269426e-05, 0.00032542087137699127, 6.224828211998101e-06, 0.00011096411617472768, 0.005419901572167873]"
/Users/jianyang/Documents/codes/PlotDiversiVision/data/CPER_009/CPER_009_PlantDiversity_41_1_4_20140528-straightened.jpg,CPER_009/CPER_009_PlantDiversity_41_1_4_20140528-straightened.jpg,CPER,2014,,CPER_009,41_1_4,41,1,4,20140528,true,CPER_009_PlantDiversity_41_1_4_20140528-straightened_r1_c1,3,1,1,744,707,1487,1413,73,"[0.0014618784189224243, 1.556427014293149e-05, 0.0011005158303305507, 0.009943056851625443, 0.002061799168586731, 3.11911353492178e-05, 0.01010233536362648, 1.4456945791607723e-05, 0.00603527994826436, 0.02268984168767929, 0.003655084641650319, 0.00011443941184552386, 4.422647907631472e-05, 3.4724587294476805e-07, 1.1729897778423037e-05, 2.53562811849406e-05, 0.0001217560056829825, 0.002536927117034793, 0.000303846929455176, 0.0026348892133682966, 0.00010461007332196459, 0.00027925780159421265, 9.175422019325197e-05, 0.0003835246025118977, 4.3790626591544424e-07, 0.0008828669087961316, 0.00016926732496358454, 5.673076520906761e-05, 0.0004790478851646185, 3.550716792233288e-05, 0.019102243706583977, 6.238075729925185e-05, 8.644004992675036e-06, 4.222632560413331e-05, 1.8977216313942336e-05, 0.0015175982844084501, 0.001300638192333281, 0.0013998488429933786, 6.598480104003102e-05, 1.939168896569754e-07, 0.0007020969060249627, 0.005699372384697199, 0.003376019187271595, 0.0018850972410291433, 0.0006129546673037112, 0.03733395040035248, 0.0030785943381488323, 0.00011446997086750343, 0.0002060815313598141, 3.055053093703464e-05, 0.007593247573822737, 0.0008889296441338956, 6.871025107102469e-05, 0.035323891788721085, 0.0022277042735368013, 0.0023755617439746857, 2.7704112653736956e-05, 0.0005997751723043621, 0.00020391693396959454, 0.0037199873477220535, 0.0008943717693910003, 0.0002810060395859182, 8.011555109987967e-06, 2.8162725357105955e-05, 0.000921854458283633, 0.009635965339839458, 0.12042080610990524, 0.6725044846534729, 1.8883627490140498e-05, 7.355466368608177e-05, 1.7477221945227939e-06, 3.944687250623247e-06, 0.00023230371880345047]"
/Users/jianyang/Documents/codes/PlotDiversiVision/data/CPER_009/CPER_009_PlantDiversity_41_1_4_20140528-straightened.jpg,CPER_009/CPER_009_PlantDiversity_41_1_4_20140528-straightened.jpg,CPER,2014,,CPER_009,41_1_4,41,1,4,20140528,true,CPER_009_PlantDiversity_41_1_4_20140528-straightened_r1_c2,3,1,2,1487,707,2231,1413,73,"[0.009994166903197765, 3.353208740008995e-05, 0.0002619924198370427, 0.6561746597290039, 0.0007232021889649332, 0.0002463050768710673, 0.003147492650896311, 0.00015187908138614148, 0.0017336942255496979, 0.011403164826333523, 0.018219565972685814, 1.48290573633858e-05, 0.00021488846687134355, 2.4074582327671123e-08, 7.123074465198442e-05, 0.00020049531303811818, 0.0018890855135396123, 0.0008817429188638926, 0.0019147687125951052, 0.0032635738607496023, 2.1520256268559024e-05, 0.0005243640043772757, 0.0002526852476876229, 0.002578136743977666, 1.368123889733397e-06, 0.0011914040660485625, 0.0015151690458878875, 0.0012514798436313868, 0.001048910547979176, 1.3110081454215106e-05, 0.06923051178455353, 0.0019820870365947485, 4.9472397222416475e-05, 0.0005977652035653591, 0.0005139473360031843, 0.00498935766518116, 0.0011457533109933138, 0.00047269448987208307, 5.07616568938829e-05, 7.418326504193828e-07, 0.0022913983557373285, 0.033625900745391846, 0.03195389360189438, 0.013280081562697887, 5.8030487707583234e-05, 0.027540307492017746, 0.0007095064502209425, 0.009824744425714016, 0.002607154194265604, 0.00017204182222485542, 0.008986095897853374, 0.0014792123110964894, 0.00041897266055457294, 0.013105050660669804, 0.0035721317399293184, 0.014465409331023693, 1.4549228581017815e-05, 0.00019227532902732491, 6.19548445683904e-05, 0.0009777891682460904, 0.00024045995087362826, 0.00037866042112000287, 6.5280501075903885e-06, 0.000651397742331028, 0.0020549993496388197, 0.003433791920542717, 0.006258390843868256, 0.02196391671895981, 4.036216068925569e-06, 0.00018037945847027004, 1.757082100084517e-05, 1.0589524208626244e-05, 0.0014913143822923303]"
/Users/jianyang/Documents/codes/PlotDiversiVision/data/CPER_009/CPER_009_PlantDiversity_41_1_4_20140528-straightened.jpg,CPER_009/CPER_009_PlantDiversity_41_1_4_20140528-straightened.jpg,CPER,2014,,CPER_009,41_1_4,41,1,4,20140528,true,CPER_009_PlantDiversity_41_1_4_20140528-straightened_r2_c0,3,2,0,0,1413,744,2120,73,"[0.0025029426906257868, 1.930009420902934e-05, 0.00030473677907139063, 0.024353474378585815, 0.0012990048853680491, 3.1265883535525063e-06, 0.016649747267365456, 0.00013332479284144938, 0.016055943444371223, 0.037382204085588455, 0.0029744955245405436, 2.9487116989912465e-05, 5.0339458539383486e-05, 2.5432063921471126e-07, 0.00020024961850140244, 9.155792940873653e-05, 0.0009836498647928238, 0.027241533622145653, 0.0010814990382641554, 0.004580213222652674, 9.229363058693707e-05, 0.0003373695071786642, 0.001970932586118579, 0.00010417148587293923, 1.330543000221951e-07, 8.176263509085402e-05, 0.00029993904172442853, 0.0002894074423238635, 0.0021747767459601164, 1.6077799955382943e-05, 0.004603615961968899, 0.0003287256695330143, 3.191808218616643e-06, 0.0007450230186805129, 0.00047450209967792034, 0.007942388765513897, 0.015435549430549145, 0.0043351356871426105, 0.0022606162820011377, 2.233253326267004e-06, 0.0052493177354335785, 0.0011939179385080934, 0.013215524144470692, 0.0032089170999825, 0.0003064247139263898, 0.021568575873970985, 0.0013107121922075748, 0.0017571748467162251, 0.0018974673002958298, 0.00014990109775681049, 0.008070233277976513, 0.001626584678888321, 0.00016177781799342483, 0.01624223217368126, 0.012602070346474648, 0.0026975444052368402, 8.108732799883e-06, 0.026973092928528786, 0.0011576442047953606, 0.0370248518884182, 0.00702299689874053, 0.0006025605835020542, 3.759234232347808e-06, 4.300968794268556e-05, 0.0028730551712214947, 0.0010775375412777066, 0.3727841079235077, 0.2812526822090149, 3.6736369111167733e-06, 5.150393917574547e-05, 2.167469574487768e-05, 0.00017973556532524526, 0.00022669277677778155]"
/Users/jianyang/Documents/codes/PlotDiversiVision/data/CPER_009/CPER_009_PlantDiversity_41_1_4_20140528-straightened.jpg,CPER_009/CPER_009_PlantDiversity_41_1_4_20140528-straightened.jpg,CPER,2014,,CPER_009,41_1_4,41,1,4,20140528,true,CPER_009_PlantDiversity_41_1_4_20140528-straightened_r2_c1,3,2,1,744,1413,1487,2120,73,"[0.007435673847794533, 6.015524922986515e-05, 0.00014268032100517303, 0.009420392103493214, 0.003163680201396346, 2.9665287001989782e-05, 0.06549633294343948, 0.00012216299364808947, 0.003747087437659502, 0.009546428918838501, 0.0010278882691636682, 6.533278792630881e-05, 4.7249908675439656e-05, 1.842126238216224e-07, 9.239863175025675e-06, 2.6988613171852194e-05, 7.768470095470548e-05, 0.001453652512282133, 0.0015541015891358256, 0.0020481182727962732, 0.0001579447853146121, 0.0002626215573400259, 0.0017226370982825756, 0.0006158628384582698, 9.9133652398109e-09, 0.0006007662159390748, 3.579668191378005e-05, 6.840760033810511e-05, 0.0005540685961022973, 2.5824527256190777e-05, 0.010838008485734463, 2.8505439331638627e-05, 3.5454489989206195e-05, 0.00016814032278489321, 9.572894487064332e-05, 0.014492515474557877, 0.00042830785969272256, 0.0008379017235711217, 0.00013810599921271205, 1.61589582603483e-07, 0.040386538952589035, 0.03527982905507088, 0.003346053184941411, 0.005519276950508356, 0.0002272973651997745, 0.05307009443640709, 0.0017461907118558884, 0.00026009121211245656, 0.0003365188604220748, 0.00028315684176050127, 0.018687577918171883, 0.0010707936016842723, 4.3561878555919975e-05, 0.0203578881919384, 0.00248604454100132, 0.0009574615978635848, 2.9158377401472535e-06, 0.0030610612593591213, 0.0001282642624573782, 0.014721413142979145, 0.0012819926487281919, 0.0028681077528744936, 6.69474184178398e-06, 0.0003606603422667831, 0.002926439279690385, 0.005420500412583351, 0.09565936028957367, 0.5524253845214844, 3.1641357054468244e-05, 0.00032527808798477054, 1.536479885544395e-06, 4.1905197576852515e-05, 9.705709089757875e-05]"
/Users/jianyang/Documents/codes/PlotDiversiVision/data/CPER_009/CPER_009_PlantDiversity_41_1_4_20140528-straightened.jpg,CPER_009/CPER_009_PlantDiversity_41_1_4_20140528-straightened.jpg,CPER,2014,,CPER_009,41_1_4,41,1,4,20140528,true,CPER_009_PlantDiversity_41_1_4_20140528-straightened_r2_c2,3,2,2,1487,1413,2231,2120,73,"[0.0019915075972676277, 1.1249849194427952e-05, 5.261790283839218e-05, 0.7971973419189453, 0.00026956439251080155, 1.8641640053829178e-05, 0.00207310076802969, 0.00016311160288751125, 0.011765003204345703, 0.02364586852490902, 0.002206080360338092, 6.77399884807528e-06, 7.372742402367294e-05, 3.8646103206474436e-08, 0.00013747220509685576, 0.0005118087865412235, 0.006377419922500849, 0.002274702535942197, 0.0017592029180377722, 0.002883490175008774, 1.0378089427831583e-05, 8.808244456304237e-05, 0.00023670934024266899, 0.000101070647360757, 5.757046892540529e-07, 0.00012704016990028322, 0.0015371458139270544, 9.996405424317345e-05, 0.00021874839148949832, 4.280186203686753e-06, 0.002297165570780635, 0.0005464369896799326, 8.468668966088444e-06, 0.0002852124744094908, 6.38047931715846e-05, 0.0030378217343240976, 0.0008601121371611953, 0.0004165868158452213, 0.0002895182988140732, 1.5488684539377573e-06, 0.00024498096900060773, 0.0009461414301767945, 0.022816475480794907, 0.00395337026566267, 1.2514831723819952e-05, 0.002922447631135583, 0.0016200849786400795, 0.0010947583941742778, 0.0013769323704764247, 3.724342604982667e-05, 0.020276524126529694, 0.00046498444862663746, 2.354708885832224e-05, 0.002434931928291917, 0.024322502315044403, 0.00778212770819664, 2.6844267267733812e-05, 0.0010077542392536998, 0.00012272357707843184, 0.0030094017274677753, 0.001241442165337503, 0.00010593689512461424, 3.563022619346157e-05, 0.000592975236941129, 0.0038659176789224148, 0.0007169201271608472, 0.017031481489539146, 0.017197437584400177, 2.6641955628292635e-06, 1.2725642591249198e-05, 4.882090797764249e-05, 3.625709723564796e-05, 0.0009660987998358905]"
