image_path,relative_image_path,site_id,year,site_year,plot_id,subplot_id,subplot_base,subplot_row,subplot_col,image_date,is_straightened,crop_id,grid_size,grid_row,grid_col,x_min,y_min,x_max,y_max,species_count,Allium textile,Argemone polyanthemos,Aristida purpurea,Artemisia frigida,Astragalus gracilis,Astragalus mollissimus,Astragalus pectinatus,Atriplex canescens,Bouteloua dactyloides,Bouteloua gracilis,Carex duriuscula,Euphorbia glyptosperma,Cirsium canescens,Cleome serrulata Pursh,Erigeron canadensis,Cryptantha crassisepala,Cryptantha minima,Dalea candida,Descurainia pinnata,Distichlis spicata,Echinocereus viridiflorus,Elymus elymoides,Ericameria nauseosa,Eriogonum effusum,Eritrichium nanum,Pelecyphora vivipara,Evolvulus nuttallianus,Grindelia squarrosa,Gutierrezia sarothrae,Helianthus annuus,Hesperostipa comata,Heterotheca villosa,Lactuca serriola,Lepidium densiflorum,Lepidium montanum,Leucocrinum montanum,Liatris punctata,Linum rigidum,Lithospermum incisum,Lobularia maritima,Lomatium nuttallii,Lygodesmia juncea,Xanthisma spinulosum,Machaeranthera tanacetifolia,Mirabilis linearis,Muhlenbergia torreyi,Munroa squarrosa,Oenothera albicaulis,Oenothera suffrutescens,Opuntia polyacantha,Aphyllon fasciculatum,Elymus smithii,Penstemon albidus,Phemeranthus parviflorus,Picradeniopsis oppositifolia,Plantago patagonica,Portulaca oleracea,Ladeania lanceolata,Pediomelum tenuiflorum,Ratibida columnifera,Salsola collina,Sisymbrium altissimum,Solanum triflorum,Sophora nuttalliana,Sphaeralcea coccinea,Sporobolus cryptandrus,Thelesperma filifolium,Thelesperma megapotamicum,Tradescantia occidentalis,Tragopogon dubius,Verbena bracteata,Vicia americana,Festuca octoflora
/users/PAS2099/jianyanggu/PlotDiversiVision/data/CPER_012/CPER_012_PlantDiversity_31_1_1_20140610-straightened.jpg,CPER_012/CPER_012_PlantDiversity_31_1_1_20140610-straightened.jpg,CPER,2014,,CPER_012,31_1_1,31,1,1,20140610,true,CPER_012_PlantDiversity_31_1_1_20140610-straightened_r0_c0,3,0,0,0,0,653,667,73,6.872111407574266e-05,2.1551661575358594e-06,4.318223716381908e-07,5.499949475051835e-05,1.4488322221950511e-06,6.628832238675386e-08,3.465094664534263e-07,5.796550340164686e-06,9.258975296688732e-06,9.082761494028091e-07,7.643117896805052e-06,0.001123950001783669,3.382360205250734e-07,3.4012379046544083e-07,4.152828751102788e-06,0.04387107118964195,0.9271687269210815,3.9927486795932055e-05,5.1077964599244297e-05,0.00011328165419399738,7.127346179913729e-07,2.874518258977332e-06,2.016405687754741e-06,9.874945135379676e-06,1.682239826550358e-06,6.067248818908411e-07,0.0003293870249763131,2.644385176608921e-06,4.19422258346458e-06,9.959828872752041e-08,3.6795252071897266e-06,9.88218016573228e-06,2.7125099677505204e-07,5.046055593993515e-05,0.000372680980945006,0.0003673120227176696,5.789737755890201e-08,5.049807896284619e-06,0.0004511332663241774,0.01921079494059086,1.4816181419519125e-06,9.72707312030252e-07,3.4009931368927937e-06,1.348021123703802e-05,4.15140357290511e-06,3.6095525501878e-07,0.0008199939620681107,3.8401110941777006e-05,0.00010437667515361682,1.1706942132150289e-05,0.00011336811439832672,4.358174919616431e-06,5.758092811447568e-06,0.00013857708836439997,1.0985830158460885e-05,0.0005265396903268993,0.002651581075042486,0.0002918563550338149,4.472211730899289e-05,1.5005591649241978e-06,1.1726249795174226e-05,2.9142229323042557e-05,0.0011475879000499845,0.0002516265958547592,6.342170763673494e-06,2.417475855054363e-07,9.607003903511213e-07,7.696887394104124e-08,3.185142850270495e-05,5.443854433906381e-08,0.000381335528800264,2.0166663716736366e-07,1.3966915730634355e-06
/users/PAS2099/jianyanggu/PlotDiversiVision/data/CPER_012/CPER_012_PlantDiversity_31_1_1_20140610-straightened.jpg,CPER_012/CPER_012_PlantDiversity_31_1_1_20140610-straightened.jpg,CPER,2014,,CPER_012,31_1_1,31,1,1,20140610,true,CPER_012_PlantDiversity_31_1_1_20140610-straightened_r0_c1,3,0,1,653,0,1307,667,73,7.362235919572413e-05,7.116016058716923e-05,9.427975783182774e-06,0.0040798308327794075,9.607069841877092e-06,5.191869058762677e-05,7.997452485142276e-06,0.0006742299883626401,0.00019598170183598995,1.9974335373262875e-05,1.6313089872710407e-05,0.0015125767095014453,5.88964485359611e-06,3.951117832912132e-07,1.4277027730713598e-05,0.001785708125680685,0.15323592722415924,0.0010725734755396843,3.48926150763873e-05,0.0073903813026845455,9.653574579715496e-07,0.00010239755647489801,1.3755981854046695e-05,0.00016720924759283662,8.301482239403413e-07,1.1162308510392904e-05,0.0009661804069764912,7.054580783005804e-05,2.629755272209877e-06,6.394152296707034e-05,3.634158565546386e-05,0.0014782256912440062,3.402729635126889e-05,2.1700137949665077e-05,2.622383544803597e-05,0.00043991970596835017,1.5658235952287214e-07,1.8924381947726943e-05,3.5373206628719345e-05,0.0005002812249585986,5.070359293313231e-06,8.135550160659477e-06,5.53777463210281e-05,6.658609891019296e-06,7.224741420941427e-05,1.9523010905686533e-06,0.01748720370233059,6.582469359273091e-05,0.0002890141913667321,0.00011427239223849028,0.0026309031527489424,0.000474930478958413,1.923199533848674e-06,0.00013351949746720493,8.704933134140447e-05,0.00043558800825849175,0.7435464262962341,0.017462804913520813,0.00551389716565609,0.00011028524022549391,7.241099410748575e-06,1.481300569139421e-05,0.03367096930742264,0.0008803618839010596,0.001014686655253172,3.897931310348213e-05,4.084373722434975e-05,1.3104136996844318e-05,0.00012064875045325607,1.4683936342407833e-06,0.0010569521691650152,4.616035585058853e-05,0.0003373007057234645
/users/PAS2099/jianyanggu/PlotDiversiVision/data/CPER_012/CPER_012_PlantDiversity_31_1_1_20140610-straightened.jpg,CPER_012/CPER_012_PlantDiversity_31_1_1_20140610-straightened.jpg,CPER,2014,,CPER_012,31_1_1,31,1,1,20140610,true,CPER_012_PlantDiversity_31_1_1_20140610-straightened_r0_c2,3,0,2,1307,0,1960,667,73,6.30318681942299e-05,3.3619539863138925e-06,1.625100587432371e-08,7.336238923016936e-06,3.401765297894599e-06,4.5219977096166986e-08,8.995330347261188e-08,2.8080535230401438e-06,1.3677067727257963e-05,9.878576747723855e-07,1.1671643278532429e-06,0.0033971669618040323,1.6698896843081457e-07,6.031906991665892e-07,1.2549156053864863e-05,0.09463661909103394,0.8857355117797852,0.00031971780117601156,0.00022798700956627727,1.896961657621432e-05,2.0909025977289275e-07,1.4347442629514262e-06,4.3209485767192746e-08,1.5069466599015868e-06,5.206872444318833e-08,4.6511141249538923e-07,1.153835364675615e-05,1.6290622397718835e-06,3.260766732182674e-07,2.3015464023501409e-07,1.3222677353041945e-06,1.4712747997691622e-06,8.630128718323249e-07,0.00019660609541460872,0.0004432970308698714,0.00015085299673955888,5.162980709627618e-09,3.802447849921009e-07,6.439408025471494e-05,0.004956670105457306,4.794531832885696e-06,7.305623483944146e-08,1.4037067330718855e-07,1.0162577382288873e-05,7.938476755953161e-07,1.2310739805343474e-07,0.0027764125261455774,1.7375047036694014e-06,5.847353349963669e-06,7.554544936283492e-07,5.237818550085649e-05,2.156247774109943e-06,1.511027107881091e-07,8.251600957009941e-05,2.6138428438571282e-05,0.00019907088426407427,0.001146063324995339,0.0009057534043677151,0.0003618636983446777,4.6197123992897104e-06,2.1535606720135547e-05,6.377145473379642e-05,0.0030804856214672327,0.00012997942394576967,6.254178970266366e-06,8.063239675948353e-08,1.2651191809709417e-06,1.0795282179287824e-07,1.0396712241345085e-05,8.219450364777003e-08,0.0008234655833803117,8.282466410491907e-07,1.689697228357545e-06
/users/PAS2099/jianyanggu/PlotDiversiVision/data/CPER_012/CPER_012_PlantDiversity_31_1_1_20140610-straightened.jpg,CPER_012/CPER_012_PlantDiversity_31_1_1_20140610-straightened.jpg,CPER,2014,,CPER_012,31_1_1,31,1,1,20140610,true,CPER_012_PlantDiversity_31_1_1_20140610-straightened_r1_c0,3,1,0,0,667,653,1334,73,0.0019295556703582406,0.03263222426176071,1.5800789697095752e-05,0.0010746069019660354,1.2894992096335045e-06,2.7242317628406454e-06,1.0003368515754119e-05,0.00024636960006318986,0.00042365051922388375,4.82410287077073e-05,3.129084507236257e-05,0.0034350580535829067,3.697441934491508e-05,3.292462452009204e-06,0.00022304638696368784,0.01206017192453146,0.20962893962860107,0.00011994733358733356,0.0003977490705437958,0.003106537973508239,4.7383255150634795e-06,1.395388608216308e-05,4.041201918880688e-06,1.2471543413994368e-05,1.1346068049533642e-06,5.856052212038776e-06,0.00026527862064540386,0.0007944659446366131,1.3317322782313568e-06,0.00024130960809998214,0.0002852534526027739,7.771253149257973e-05,0.0010675914818421006,0.004411846399307251,0.0008528644684702158,0.015093067660927773,3.6024579230797826e-07,0.00020399836648721248,0.00032682271557860076,0.03656560182571411,1.8720147636486217e-05,0.0005971330683678389,0.00016238192620221525,0.00032132648630067706,9.278646757593378e-05,1.485796474298695e-06,0.0016443030908703804,0.00527312234044075,0.006545555777847767,0.0012181259226053953,0.014509879052639008,4.635084405890666e-05,9.654303721617907e-05,0.0005729094846174121,9.551150287734345e-05,0.014151282608509064,0.44224661588668823,0.0009158525499515235,7.485752576030791e-05,0.00068075698800385,8.823535608826205e-05,0.0013786072377115488,0.14666427671909332,0.0003216416807845235,0.01667199656367302,1.545874692965299e-05,0.00020700546156149358,2.912191666837316e-05,0.0030248090624809265,0.00019166944548487663,0.016381995752453804,2.3014144971966743e-05,7.942746742628515e-05
/users/PAS2099/jianyanggu/PlotDiversiVision/data/CPER_012/CPER_012_PlantDiversity_31_1_1_20140610-straightened.jpg,CPER_012/CPER_012_PlantDiversity_31_1_1_20140610-straightened.jpg,CPER,2014,,CPER_012,31_1_1,31,1,1,20140610,true,CPER_012_PlantDiversity_31_1_1_20140610-straightened_r1_c1,3,1,1,653,667,1307,1334,73,8.239506132667884e-05,6.835586827946827e-05,4.483996690396452e-06,0.0395573265850544,1.555775952510885e-06,9.96474627754651e-05,1.7835970993473893e-06,0.0005503057618625462,1.5453193555003963e-05,3.714642161867232e-06,7.408443707390688e-06,0.0006739916279911995,4.125371106056264e-06,9.520680066543719e-08,2.1386729713412933e-05,0.0005325005040504038,0.13131451606750488,0.0005423820693977177,0.0004877225437667221,0.000889969349373132,5.407429739534564e-07,0.00018173345597460866,2.5226463549188338e-05,8.10628534964053e-06,5.398116627475247e-06,1.3678547929885099e-06,0.008549847640097141,0.00019070948474109173,2.5473816549492767e-06,6.925055458850693e-06,9.756509825820103e-06,0.0015776220243424177,3.314413334010169e-05,0.00030243664514273405,0.0002025713474722579,0.00023006675473880023,1.5487108839806751e-07,0.0002098268741974607,0.00013776485866401345,0.00033700658241286874,1.4813476809649728e-05,2.568379613876459e-06,0.0010787296341732144,5.147285264683887e-06,4.972200713382335e-06,9.23705769650951e-08,0.0009352094493806362,0.0001301845913985744,0.0008622391615062952,9.123781637754291e-05,0.003607440274208784,0.00048436474753543735,6.515293762276997e-07,3.758230377570726e-05,0.0001613118511158973,0.0027451287023723125,0.790551483631134,0.0016482076607644558,0.00047215097583830357,9.557192242937163e-05,8.643921319162473e-06,3.915297565981746e-05,0.0007687396137043834,0.0014742460334673524,0.0007585353450849652,7.68521840655012e-06,6.512617255793884e-05,1.0157285942113958e-05,4.385293505038135e-05,3.5379439395910595e-06,0.0058546047657728195,2.1684276362066157e-05,0.0011431531747803092
/users/PAS2099/jianyanggu/PlotDiversiVision/data/CPER_012/CPER_012_PlantDiversity_31_1_1_20140610-straightened.jpg,CPER_012/CPER_012_PlantDiversity_31_1_1_20140610-straightened.jpg,CPER,2014,,CPER_012,31_1_1,31,1,1,20140610,true,CPER_012_PlantDiversity_31_1_1_20140610-straightened_r1_c2,3,1,2,1307,667,1960,1334,73,0.00032396268215961754,1.3165586096874904e-05,9.513972258901049e-07,0.0003919859300367534,1.5212565358524444e-06,9.570497638833331e-08,1.30435057599243e-06,0.00024861074052751064,4.115707997698337e-05,7.022958925517742e-06,6.567055243067443e-05,0.002855245489627123,2.293865691171959e-06,2.7771770874096546e-06,0.0002346617984585464,0.020162338390946388,0.7078031301498413,0.000294974772259593,0.00025529201957397163,0.001152405166067183,3.606582822612836e-06,4.036562586406944e-06,0.00043442711466923356,2.8547199690365233e-05,4.914478495265939e-07,4.478442406252725e-06,6.812369974795729e-05,2.8285308872000314e-05,5.385533950175159e-05,9.578354820405366e-07,4.364265350886853e-06,6.583157664863393e-05,1.0526394362386782e-05,0.0006748460000380874,0.0006532653351314366,0.0031410218216478825,1.6650345742164063e-06,2.558622509241104e-05,0.001783688785508275,0.017695188522338867,1.4871176972519606e-05,1.6787538697826676e-05,6.682900129817426e-05,1.7406939150532708e-05,3.532323898980394e-05,1.763921432029747e-06,0.008069000206887722,0.0001437202881788835,0.0010411310940980911,0.0002063675201497972,0.000756512803491205,3.3078699743782636e-06,2.978362317662686e-06,0.00045580920414067805,0.00036236870801076293,0.0024610187392681837,0.20210938155651093,0.006826059427112341,0.00012471781519707292,4.383422128739767e-05,0.0016615537460893393,0.00012939347652718425,0.0032529656309634447,3.246813139412552e-05,6.222166121006012e-05,2.4620010208309395e-06,6.405099702533334e-05,1.2139122191001661e-05,0.00010649099567672238,1.6251617580564925e-06,0.013369262218475342,1.6348492408724269e-06,3.2022351206251187e-06
/users/PAS2099/jianyanggu/PlotDiversiVision/data/CPER_012/CPER_012_PlantDiversity_31_1_1_20140610-straightened.jpg,CPER_012/CPER_012_PlantDiversity_31_1_1_20140610-straightened.jpg,CPER,2014,,CPER_012,31_1_1,31,1,1,20140610,true,CPER_012_PlantDiversity_31_1_1_20140610-straightened_r2_c0,3,2,0,0,1334,653,2001,73,0.00022401183377951384,1.1968548278673552e-05,5.0054390158038586e-05,0.0005618159775622189,2.337541218366823e-06,2.1227770048426464e-06,9.626610335544683e-07,4.4895863538840786e-05,0.0010564917465671897,3.5411383578320965e-05,0.00010572289465926588,0.016167884692549706,4.6924246817070525e-06,1.2631948038688279e-06,2.389609653619118e-05,0.013818050734698772,0.22391051054000854,0.00025000335881486535,7.975721928232815e-06,0.000973137270193547,2.1899535568081774e-05,2.2597114366362803e-05,2.446341795803164e-06,5.335744845069712e-06,5.4343894589692354e-05,4.63570722786244e-05,0.0022626291029155254,1.7232276150025427e-05,7.1479735197499394e-06,6.558098448294913e-06,1.912656080094166e-05,1.3489236152963713e-05,1.1240107596677262e-05,4.401272235554643e-05,5.2440947911236435e-05,0.0053657167591154575,2.187239033446531e-06,2.6278790755895898e-05,0.0002558822452556342,0.014916956424713135,4.079369773535291e-06,5.46474038856104e-05,1.727472772472538e-05,7.875855203565152e-07,0.00010167193977395073,9.568439054419287e-06,0.0066135539673268795,1.2272020285308827e-05,0.00036970237852074206,0.00032336427830159664,0.00781917292624712,6.860598659841344e-05,5.8424495364306495e-05,0.005827653221786022,1.6983309251372702e-05,0.00611597765237093,0.6496785879135132,0.0010477902833372355,0.0002811195736285299,2.5051398552022874e-05,0.00013457736349664629,1.4232099601940718e-05,0.011668502353131771,3.098915112786926e-05,0.00018757773796096444,3.4331318602198735e-05,0.00012541979958768934,2.31970552704297e-05,0.0011281099868938327,4.0026807255344465e-06,0.027675095945596695,6.977061843826959e-07,0.00011978419934166595
/users/PAS2099/jianyanggu/PlotDiversiVision/data/CPER_012/CPER_012_PlantDiversity_31_1_1_20140610-straightened.jpg,CPER_012/CPER_012_PlantDiversity_31_1_1_20140610-straightened.jpg,CPER,2014,,CPER_012,31_1_1,31,1,1,20140610,true,CPER_012_PlantDiversity_31_1_1_20140610-straightened_r2_c1,3,2,1,653,1334,1307,2001,73,2.5637735234340653e-05,4.671971964853583e-06,1.2967511793249287e-06,0.0006476407870650291,2.0023044271511026e-06,2.664456246748159e-07,4.302263505451265e-07,1.3746153854299337e-05,0.0003322140546515584,1.5655779861845076e-05,6.10017086728476e-05,0.0007027822430245578,4.67910604129429e-06,1.244007474809905e-08,6.377745648933342e-06,0.05949489027261734,0.8900261521339417,0.0004458898620214313,1.3112419765093364e-05,7.105752592906356e-05,4.686445436163922e-07,2.3799370865162928e-06,3.033516691175464e-07,1.688980546532548e-06,9.861969374469481e-06,2.794969304886763e-07,0.001303567667491734,2.2640591851086356e-05,3.9357087189273443e-07,2.437610646666144e-07,1.0717604936871794e-06,1.6483905710629188e-05,2.6666234589356463e-06,0.00023265116033144295,8.296698797494173e-05,0.00015107286162674427,7.628064508935495e-07,7.053410627122503e-06,0.00026708003133535385,0.001430629868991673,3.5376226037442393e-07,6.881477929709945e-07,5.135504125064472e-06,7.657481546630152e-07,2.0111385765630985e-06,2.7999542453471804e-06,0.001270798733457923,1.8285874830326065e-05,0.00020346452947705984,1.2392681128403638e-05,0.0001325141201959923,2.583881541795563e-05,6.34239986538887e-05,2.407009742455557e-05,1.301757583860308e-05,0.009073924273252487,0.0011087824823334813,9.964720084099099e-05,0.00010425463551655412,1.2747203982144129e-05,0.0007913658628240228,4.406242442200892e-05,0.00019790470832958817,3.15219622279983e-05,1.9392136891838163e-05,1.438941694686946e-06,1.939686990226619e-05,1.0465458899489022e-06,2.6613304726197384e-05,5.389993020799011e-07,0.031216749921441078,3.334069447191723e-07,7.080885552568361e-05
/users/PAS2099/jianyanggu/PlotDiversiVision/data/CPER_012/CPER_012_PlantDiversity_31_1_1_20140610-straightened.jpg,CPER_012/CPER_012_PlantDiversity_31_1_1_20140610-straightened.jpg,CPER,2014,,CPER_012,31_1_1,31,1,1,20140610,true,CPER_012_PlantDiversity_31_1_1_20140610-straightened_r2_c2,3,2,2,1307,1334,1960,2001,73,2.901560401369352e-05,1.3188175216782838e-05,1.2040938202062534e-07,0.00036844800342805684,3.2431771614938043e-06,1.5144547660383978e-07,3.873984439906053e-07,2.3758022962283576e-06,2.38728680415079e-05,2.1901864784013014e-06,1.4007712707098108e-05,0.0023327884264290333,7.186469701991882e-06,9.727976646445313e-08,1.698331288935151e-05,0.06880476325750351,0.8828882575035095,0.0004409274260979146,0.0002941044222097844,2.7160902391187847e-05,6.000624921398412e-07,1.5615105439792387e-06,3.056482853480702e-07,1.7873387037070643e-07,2.2887472823640564e-06,3.547232836353942e-07,0.00022713973885402083,2.0319464965723455e-05,2.1151619478132488e-07,2.810613182191446e-07,4.3786272385659686e-07,7.488612936867867e-06,2.5078447833948303e-06,0.0007084892713464797,0.000341622915584594,0.0002292288263561204,4.263252719738375e-07,1.5516839994234033e-05,0.0017577267717570066,0.0009094857377931476,1.5805802604518249e-06,1.4425141614538006e-07,5.2189279813319445e-06,7.166567684180336e-06,1.274992882827064e-06,2.2755827444598253e-07,0.0002099465491482988,5.891126420465298e-05,0.0001846548548201099,7.566632120870054e-06,4.3666554120136425e-05,5.645697910949821e-06,1.5934022030705819e-06,5.937421883572824e-05,1.1044972779927775e-05,0.0023998713586479425,0.0010218448005616665,0.0001477862970205024,7.180089596658945e-05,1.551512468722649e-05,0.0006348579190671444,0.0002263767964905128,0.0019086350221186876,0.00012286173296160996,1.1127268408017699e-05,5.330230123945512e-07,6.172078428789973e-06,5.789640908915317e-07,3.546289372025058e-05,4.416388037498109e-07,0.03329085558652878,1.234215574186237e-06,1.0550007573328912e-05
/users/PAS2099/jianyanggu/PlotDiversiVision/data/CPER_012/CPER_012_PlantDiversity_31_1_4_20140610-straightened.jpg,CPER_012/CPER_012_PlantDiversity_31_1_4_20140610-straightened.jpg,CPER,2014,,CPER_012,31_1_4,31,1,4,20140610,true,CPER_012_PlantDiversity_31_1_4_20140610-straightened_r0_c0,3,0,0,0,0,700,688,73,0.0078829824924469,0.0009181639761663973,2.110912282660138e-05,0.04157513380050659,0.015530041418969631,0.005285967607051134,0.0008431334281340241,0.005844696890562773,0.060149069875478745,0.025600802153348923,0.0023290852550417185,0.0013707977486774325,0.0008838187786750495,9.641037195251556e-07,5.1525727030821145e-05,0.02569551207125187,0.3550459146499634,0.027207454666495323,0.010034601204097271,0.002377016469836235,2.0116434825467877e-05,0.0006397506222128868,3.5904813557863235e-05,0.00026129817706532776,5.94350376559305e-06,1.993188743654173e-05,0.004738997668027878,8.993028313852847e-05,1.1383478522475343e-05,3.0773855996812927e-06,0.01859014481306076,0.0032236629631370306,0.0005843646358698606,0.00023517159570474178,0.00036519256536848843,0.008695428259670734,1.4781527170271147e-05,0.00034652583417482674,0.009348426014184952,4.89840422233101e-05,0.0005097463144920766,0.00014634481340181082,0.009459342807531357,0.0029264804907143116,0.00014613059465773404,0.0003986936353612691,0.19172003865242004,0.0027623986825346947,0.0031450733076781034,0.00015610923583153635,0.0075296880677342415,0.002188574057072401,1.859288204286713e-05,0.002212058985605836,0.0054270317777991295,0.03530805557966232,0.0005204192129895091,0.0011527696624398232,0.005513167940080166,0.0015403125435113907,0.0007655001827515662,0.000705141865182668,0.0035841218195855618,0.07395019382238388,0.0028113641310483217,0.00022169404837768525,0.00017363765800837427,0.00019887617963831872,0.00019229765166528523,2.77292201644741e-05,0.00693196477368474,0.00021989080414641649,0.0015097020659595728
/users/PAS2099/jianyanggu/PlotDiversiVision/data/CPER_012/CPER_012_PlantDiversity_31_1_4_20140610-straightened.jpg,CPER_012/CPER_012_PlantDiversity_31_1_4_20140610-straightened.jpg,CPER,2014,,CPER_012,31_1_4,31,1,4,20140610,true,CPER_012_PlantDiversity_31_1_4_20140610-straightened_r0_c1,3,0,1,700,0,1401,688,73,8.451659283537083e-08,4.7839897376888985e-08,3.162456740923858e-09,4.0301546277987654e-07,3.8852782324738655e-08,3.589224251143719e-09,1.3759833550341938e-10,5.919126238040917e-07,5.41126212283416e-07,9.020456559483137e-08,1.1396360122262195e-07,7.360548806900624e-06,3.34451826233817e-08,9.187448718472879e-11,2.7491221743503047e-08,0.08949466794729233,0.9100571274757385,1.0171810345127597e-06,1.767521524698168e-07,5.224706569606496e-07,6.003715302682622e-09,2.8016652109386087e-08,1.9719848864951928e-08,4.2679733525119445e-08,1.3703902901340825e-08,2.3388437853100186e-08,8.663488188176416e-06,4.758562965889723e-08,1.6577612171886358e-08,5.977230710385584e-09,1.7802422647150706e-08,8.217172080549062e-07,6.42181197108016e-09,1.2492364476202056e-07,2.172928077470715e-07,4.643495117306884e-07,8.372172288773072e-09,4.005749509872203e-09,8.459990567644127e-06,3.140796934530954e-06,1.1205421035498375e-09,7.6242869795351e-09,9.588212606104207e-07,1.6788084167274064e-06,5.6858763031186754e-08,1.7649881556280889e-07,0.000345140288118273,2.4721697400309495e-07,3.666363284082763e-07,1.8595115136577078e-07,7.515144488934311e-07,1.9560053488021367e-07,1.657894088680223e-08,6.064139768113819e-08,7.494703595511965e-07,2.182283606089186e-05,1.4775079080209252e-06,1.1695408375089755e-06,5.024148777010851e-07,3.7287751553094495e-08,7.523922249674797e-07,7.803160428920819e-08,3.424501073823194e-06,3.812414774984063e-07,7.150865144467389e-08,8.885312929862721e-09,5.631866173416711e-08,6.239686101139341e-09,3.3564450063749973e-07,1.957540102237587e-10,3.426214607316069e-05,5.123526602979211e-10,1.2080279887527468e-08
/users/PAS2099/jianyanggu/PlotDiversiVision/data/CPER_012/CPER_012_PlantDiversity_31_1_4_20140610-straightened.jpg,CPER_012/CPER_012_PlantDiversity_31_1_4_20140610-straightened.jpg,CPER,2014,,CPER_012,31_1_4,31,1,4,20140610,true,CPER_012_PlantDiversity_31_1_4_20140610-straightened_r0_c2,3,0,2,1401,0,2101,688,73,7.548694043180149e-07,9.351447971539528e-08,2.9160451830989587e-09,1.981100240300293e-06,6.521293727246302e-08,1.736097665627767e-08,5.517280521338819e-10,8.628244074770919e-08,1.0342982932343148e-06,1.0710532194480038e-07,2.0268807077172823e-07,5.400205282057868e-06,2.634369593579322e-07,1.2257944659310738e-11,7.230540433056376e-08,0.06155770644545555,0.9375448226928711,3.3955536764551653e-06,3.122525811249943e-07,7.090773692652874e-07,7.110322552961179e-09,3.055116692962656e-08,4.558189825587533e-09,3.743364018760076e-08,3.1574881376172925e-08,2.6248089923797124e-08,0.00021303312678355724,4.1816836215957665e-08,6.1041873777867295e-09,6.280917452805568e-10,1.818623651672624e-08,1.6295649629682885e-06,1.8675043733651364e-09,4.798223471880192e-07,4.4673549837170867e-07,7.105855956979212e-07,8.364057890730692e-08,7.381986932841755e-08,0.0001527726708445698,2.55915142588492e-06,1.2035458185621906e-09,2.1066477451370247e-09,1.404836353913197e-07,1.9615846724718722e-07,3.256251446259739e-08,1.4827504912773293e-07,3.055960769415833e-05,2.3594439824137226e-07,2.069327820208855e-06,1.1460255677775422e-07,1.2814874708055868e-06,9.303594765697198e-07,8.367987334167992e-07,2.858261893834424e-07,6.615053962377715e-07,3.8353591662598774e-05,1.2598787861861638e-06,4.887471277470468e-06,9.692313142295461e-06,1.9446487087293463e-08,6.545747055497486e-07,5.84721107088626e-08,1.834778004194959e-06,6.601570476050256e-06,3.998205144739586e-08,1.753857148401039e-08,8.507280213621016e-09,8.365229620110881e-10,6.17850446360535e-07,3.136811366211134e-10,0.00040941836778074503,4.889440408106793e-09,5.4816432282223104e-08
/users/PAS2099/jianyanggu/PlotDiversiVision/data/CPER_012/CPER_012_PlantDiversity_31_1_4_20140610-straightened.jpg,CPER_012/CPER_012_PlantDiversity_31_1_4_20140610-straightened.jpg,CPER,2014,,CPER_012,31_1_4,31,1,4,20140610,true,CPER_012_PlantDiversity_31_1_4_20140610-straightened_r1_c0,3,1,0,0,688,700,1375,73,2.9423561500152573e-05,0.00017811343423090875,4.572183115669759e-06,0.004305362235754728,2.199246773670893e-05,0.0001714142126729712,3.6304136301623657e-06,0.018256712704896927,0.00015245313988998532,3.332600317662582e-05,1.6101261053336202e-06,0.00027256825705990195,0.0001934022584464401,1.6131247448925023e-08,7.36773381504463e-06,0.09918173402547836,0.767643392086029,0.0006084584747441113,0.00027862569550052285,8.502662240061909e-05,2.623580144245352e-07,5.489079740073066e-06,1.941693881235551e-06,1.7839009160525165e-05,2.425267666694708e-07,3.025119667654508e-06,0.04826729744672775,0.00010155025665881112,2.9273749078129185e-06,1.2331104699114803e-05,1.4571221072401386e-05,0.0012201596982777119,2.1350335373426788e-05,1.939755202329252e-05,9.044957550941035e-06,0.0003109195677097887,9.260234219254926e-05,3.290959512014524e-06,0.005972753744572401,0.0002775182656478137,4.3865355792149785e-07,4.5939472670397663e-07,0.0005675395368598402,7.762758468743414e-05,1.632247949601151e-05,2.3651788069400936e-05,0.011074185371398926,0.0009229662828147411,0.002487383782863617,1.543837606732268e-05,0.0008583454182371497,4.65864795842208e-05,0.001695679035037756,0.0001206049564643763,0.00042300342465750873,0.01753843203186989,0.00011092397471657023,0.0004707581247203052,0.0015506148338317871,0.00043178763007745147,9.383984433952719e-05,4.703053036791971e-06,0.0010549456346780062,0.0007531825103797019,0.0010643558343872428,8.934403012972325e-05,8.13393562566489e-05,1.1037098374799825e-05,0.0013159295776858926,3.353308329678839e-06,0.009304150007665157,2.8127692530688364e-07,7.196566457423614e-06
/users/PAS2099/jianyanggu/PlotDiversiVision/data/CPER_012/CPER_012_PlantDiversity_31_1_4_20140610-straightened.jpg,CPER_012/CPER_012_PlantDiversity_31_1_4_20140610-straightened.jpg,CPER,2014,,CPER_012,31_1_4,31,1,4,20140610,true,CPER_012_PlantDiversity_31_1_4_20140610-straightened_r1_c1,3,1,1,700,688,1401,1375,73,2.431532664104452e-07,1.1858754334070909e-07,2.0083573915030684e-08,4.857294698012993e-06,3.3955834055632295e-07,2.3546180116795767e-08,3.662291303552223e-10,1.3601063528767554e-06,1.306132435274776e-05,1.6150183910212945e-06,1.1101578678562873e-07,3.092825863859616e-05,1.8741955543077893e-08,1.540393333721024e-11,1.2945881167070183e-07,0.07022403180599213,0.9288957118988037,2.2635713321506046e-05,8.726939881853468e-07,6.596492880817095e-07,1.602436405789831e-08,3.923706515251979e-08,2.44269560134569e-09,8.795147010687288e-08,3.124542757859672e-08,2.309410440659576e-08,3.7895973946433514e-05,8.103674531412253e-08,2.604148185980648e-08,1.4230525202663102e-08,1.2483411637731479e-07,1.8360973399467184e-06,2.3808746973941197e-08,1.603355258339434e-06,7.746608616798767e-07,7.153190040298796e-07,1.6668550983922614e-08,3.4223720035697625e-07,0.00013621951802633703,1.3221281278674724e-06,8.941793971928291e-09,1.427173135226667e-08,6.69904352434969e-07,2.1035214103903854e-07,1.0050160170749223e-07,4.5554381244983233e-07,0.00021713742171414196,3.009089084571315e-07,6.537322860822314e-07,7.258020673361898e-08,2.1806024506076938e-06,1.8472676401870558e-06,5.17596525639874e-08,7.472410743503133e-07,1.9469846392894397e-06,0.0003296230861451477,5.43155510968063e-06,1.6150677311088657e-06,1.7955777366296388e-05,3.2198706776398467e-06,3.879727614730655e-07,1.3927368058830325e-07,7.173657650128007e-07,4.433190952113364e-06,5.848361297466909e-07,2.910918226461945e-07,2.6994932795787463e-06,1.500460058423414e-07,1.599701818122412e-06,1.1533465738011728e-08,2.5403263862244785e-05,2.7774968436311553e-10,1.460272642361815e-06
/users/PAS2099/jianyanggu/PlotDiversiVision/data/CPER_012/CPER_012_PlantDiversity_31_1_4_20140610-straightened.jpg,CPER_012/CPER_012_PlantDiversity_31_1_4_20140610-straightened.jpg,CPER,2014,,CPER_012,31_1_4,31,1,4,20140610,true,CPER_012_PlantDiversity_31_1_4_20140610-straightened_r1_c2,3,1,2,1401,688,2101,1375,73,0.00010342634777771309,5.5600346968276426e-05,4.743589670397341e-06,0.022858358919620514,3.709720476763323e-05,3.989023025496863e-05,2.9659722713404335e-06,0.04765618219971657,0.0005395740736275911,4.647355308406986e-05,0.00023024261463433504,0.0025072921998798847,1.292583328904584e-05,1.335970551963328e-07,0.00029379362240433693,0.014227229170501232,0.6029021739959717,0.0005731435376219451,0.0026152196805924177,0.0040661366656422615,3.0523694931616774e-06,1.9074890587944537e-05,0.000166547586559318,0.0013044830411672592,3.2748519060987746e-06,1.621671071916353e-05,0.0009272497845813632,0.00013151098391972482,0.00010904140071943402,1.0290995305695105e-05,5.477657032315619e-05,0.003406104864552617,5.6629527534823865e-05,0.00045486289309337735,0.0004945670953020453,0.00010918874613707885,1.4094852076595998e-06,3.751016265596263e-05,8.149209315888584e-05,0.0012634032173082232,2.3341719952441053e-06,3.7523615901591256e-05,0.041699230670928955,0.001782023929990828,3.4402357414364815e-05,1.1259757229709066e-05,0.12948957085609436,0.0003540760080795735,0.001829733606427908,2.430278436804656e-05,0.021094609051942825,0.00022941674978937954,4.429617547430098e-05,0.0005121697322465479,0.010847478173673153,0.0061956737190485,0.068089559674263,0.0007067450205795467,9.332071931567043e-05,0.00010451027628732845,0.0016884097130969167,1.3211429177317768e-05,0.001913642161525786,0.0005501784035004675,0.0016775469994172454,8.914071804611012e-05,8.342621731571853e-05,0.0001088124408852309,1.7757385649019852e-05,2.083775598293869e-06,0.0030316717457026243,7.800919661349326e-07,0.00021786628349218518
/users/PAS2099/jianyanggu/PlotDiversiVision/data/CPER_012/CPER_012_PlantDiversity_31_1_4_20140610-straightened.jpg,CPER_012/CPER_012_PlantDiversity_31_1_4_20140610-straightened.jpg,CPER,2014,,CPER_012,31_1_4,31,1,4,20140610,true,CPER_012_PlantDiversity_31_1_4_20140610-straightened_r2_c0,3,2,0,0,1375,700,2063,73,7.504236418753862e-05,8.930583135224879e-07,6.974171810725238e-06,0.0007185660651884973,1.391037699249864e-06,1.700620259725838e-06,1.358061663125909e-08,0.0001620047987671569,0.0007337566348724067,0.00014422864478547126,2.5301316782133654e-05,4.2484865844016895e-05,1.120026468015567e-06,5.779728917687521e-10,2.293775833095424e-05,0.019623402506113052,0.8903941512107849,3.667385499284137e-06,1.2518468793132342e-05,5.9579138905974105e-05,3.3744174743333133e-07,8.515809895470738e-06,2.1591711174551165e-06,4.062989319209009e-06,1.6693693396518938e-06,2.4577930162195116e-06,0.01551983505487442,2.0895495254080743e-06,6.522398621200409e-07,1.6436324585811235e-06,1.9662627437355695e-06,0.0007415002328343689,1.6419968460468226e-06,3.702612502820557e-06,3.8526769685631734e-07,1.6915179003262892e-05,3.988311618741136e-06,1.1916254152311012e-06,9.911961387842894e-05,3.49590991390869e-05,6.121146256532484e-09,1.4003121577843558e-06,0.0019036411540582776,8.556288958061486e-05,1.276511625292187e-07,1.548362160974648e-05,0.054898060858249664,4.7212110985128675e-06,6.195109017426148e-05,1.2494322163547622e-06,0.00012713088653981686,5.3322120947996154e-05,1.6034338159442996e-06,1.1768892136387876e-06,0.00012375273217912763,0.013275021687150002,0.0001109058503061533,6.133122496976284e-06,6.732145266141742e-05,2.0221970771672204e-05,1.2468949535104912e-05,1.9747029966765695e-07,1.152107597590657e-05,5.388855061028153e-05,0.0002083788567688316,2.4852866772562265e-05,1.046048964781221e-05,1.387412908115948e-06,6.448261410696432e-05,1.0787720157168224e-06,0.0002784388780128211,2.6158057053748962e-08,9.547451918479055e-05
/users/PAS2099/jianyanggu/PlotDiversiVision/data/CPER_012/CPER_012_PlantDiversity_31_1_4_20140610-straightened.jpg,CPER_012/CPER_012_PlantDiversity_31_1_4_20140610-straightened.jpg,CPER,2014,,CPER_012,31_1_4,31,1,4,20140610,true,CPER_012_PlantDiversity_31_1_4_20140610-straightened_r2_c1,3,2,1,700,1375,1401,2063,73,3.2848085993464338e-06,4.7269448799625025e-08,8.899845305165854e-09,1.3207590200181585e-05,9.054047467316195e-08,3.6726639507378422e-09,1.0856042731433035e-09,8.111110219033435e-07,1.0506056241865736e-05,1.9853411004078225e-07,5.952102810624638e-07,2.2522817744174972e-05,5.095044741665333e-08,1.1645755540468095e-11,2.7580020045547826e-08,0.11607494205236435,0.8823819756507874,4.610110863723094e-06,8.326801292923847e-08,6.84262658978696e-07,1.0876068934351224e-08,2.8147383090981748e-08,4.562481947800734e-09,4.517440856943722e-07,4.655846908008243e-07,8.55469082239324e-08,0.00027445945306681097,5.2956639962076224e-08,2.634054041550371e-08,1.6426485727194517e-09,2.836003254458319e-08,1.0065639344247757e-06,5.542527770074912e-09,1.1564285387066775e-06,1.1014615211024648e-06,5.6760950428724755e-06,3.348148780446536e-08,1.088765557710758e-07,5.472306293086149e-05,8.185058504750486e-06,2.0972719116940652e-09,4.388533092480884e-09,1.4143577686809294e-07,1.7558845399889833e-07,1.8131077084149183e-08,6.524798550344713e-07,0.0008295367588289082,2.827362948210066e-07,8.981880341707438e-07,9.332977413123444e-08,2.644013193275896e-06,8.648240736874868e-07,1.0969079085043631e-06,1.9240319488744717e-06,1.4651341189164668e-06,0.0001856221497291699,7.66528319218196e-06,5.866737865289906e-06,2.4964365366031416e-05,7.615087582735214e-08,8.193743269657716e-06,5.976922778927474e-08,1.5960645214363467e-06,3.277211362728849e-06,2.42791116988883e-07,2.236055607340859e-08,3.383549085356208e-07,6.353205961318054e-09,1.3958878071207437e-06,1.0756080470741836e-09,5.884829442948103e-05,1.7130041829460652e-09,6.764507816114929e-07
/users/PAS2099/jianyanggu/PlotDiversiVision/data/CPER_012/CPER_012_PlantDiversity_31_1_4_20140610-straightened.jpg,CPER_012/CPER_012_PlantDiversity_31_1_4_20140610-straightened.jpg,CPER,2014,,CPER_012,31_1_4,31,1,4,20140610,true,CPER_012_PlantDiversity_31_1_4_20140610-straightened_r2_c2,3,2,2,1401,1375,2101,2063,73,1.19071683002403e-06,8.94789931038531e-09,8.663573858314066e-09,3.432675612202729e-06,3.812730575702972e-09,3.7197070423822254e-10,9.383212262736862e-11,2.6635254357643134e-07,6.954142008908093e-06,7.185071382309616e-08,9.35510342969792e-07,9.314655471825972e-06,7.49718722659054e-08,3.65479174702088e-12,3.990119168406636e-08,0.050011198967695236,0.9485721588134766,8.553409998057759e-07,2.8959416198404142e-08,1.0865115882552345e-06,1.8051686367925868e-08,2.0140877410312896e-08,1.2206696986538645e-08,2.4679378540781727e-08,1.0354162327530503e-07,8.656310512833443e-08,2.637986108311452e-05,5.0913065763324994e-08,2.0891413043955254e-08,1.3394874098793252e-09,8.440571797052598e-09,1.293254854317638e-07,7.107755717328246e-09,2.7357745580047776e-07,1.5827771449039574e-07,2.9453890419972595e-06,4.002864528729333e-08,2.432439494270966e-08,5.489167506311787e-06,1.6569852050452027e-06,2.813808352986058e-10,7.45318384787197e-09,1.66479637186967e-07,3.4862117104239587e-07,7.648290001327496e-09,5.357653094506531e-07,0.0005562443402595818,2.190863312989677e-08,7.635379972725787e-08,4.890549476499473e-08,2.1186535832384834e-06,3.246730955197563e-07,2.289822305101552e-07,1.802485911639451e-07,4.28741060432003e-07,0.0006743869744241238,3.3595595141378e-06,4.1042528664547717e-07,7.210115313682763e-07,1.3899862594257684e-08,2.339738784939982e-06,1.303113972284109e-08,3.6868115671495616e-07,2.1418516737981008e-08,1.2482264821755962e-07,2.8394737228154554e-08,1.0044484355375971e-07,2.7437565552901333e-09,7.333387088692689e-07,1.3102412488308346e-09,0.00011090416955994442,5.869448815865042e-10,4.89938429382164e-07
/users/PAS2099/jianyanggu/PlotDiversiVision/data/CPER_012/CPER_012_PlantDiversity_32_1_2_20140610-straightened.jpg,CPER_012/CPER_012_PlantDiversity_32_1_2_20140610-straightened.jpg,CPER,2014,,CPER_012,32_1_2,32,1,2,20140610,true,CPER_012_PlantDiversity_32_1_2_20140610-straightened_r0_c0,3,0,0,0,0,787,790,73,0.11421393603086472,9.152790153166279e-05,0.014366510324180126,0.0015988826053217053,0.01303115114569664,0.00018064909090753645,0.002686177147552371,2.2917944079381414e-05,0.0909995585680008,0.07377469539642334,0.022309930995106697,0.0008002418326213956,0.0002623220207169652,2.139162688763463e-06,2.3862548914621584e-05,0.00010496448521735147,0.0017145394813269377,0.03425898402929306,0.00010505141108296812,0.0016446852823719382,0.0005132803926244378,0.001265553873963654,5.434007562143961e-06,9.565695654600859e-05,2.426256651233416e-05,0.004734789952635765,0.016313331201672554,5.52514502487611e-05,6.355765071930364e-05,4.333690867497353e-06,0.25751471519470215,0.0003674719773698598,7.180682587204501e-05,0.0003914286498911679,0.00021152431145310402,0.021059220656752586,0.005716303829103708,0.0022754196543246508,0.0015124526107683778,4.6293756895465776e-05,0.000181248236913234,0.017827650532126427,0.0010792777175083756,0.00041752008837647736,0.0002668903907760978,0.12004086375236511,0.0006187234539538622,0.002146547194570303,0.004384313710033894,0.0003791888593696058,0.005295476410537958,0.04298219829797745,0.0024914827663451433,0.05907195433974266,1.7951209883904085e-05,0.018518738448619843,3.885290425387211e-05,0.00029368363902904093,0.004835621919482946,0.0016792748356238008,0.0003347683232277632,8.463364792987704e-05,1.4148558875604067e-05,0.002568140160292387,0.0007878051837906241,0.013728715479373932,0.004773600026965141,0.0030011774506419897,0.00010678472608560696,0.0001376819418510422,6.102401312091388e-05,0.00011688971426337957,0.007282426115125418
/users/PAS2099/jianyanggu/PlotDiversiVision/data/CPER_012/CPER_012_PlantDiversity_32_1_2_20140610-straightened.jpg,CPER_012/CPER_012_PlantDiversity_32_1_2_20140610-straightened.jpg,CPER,2014,,CPER_012,32_1_2,32,1,2,20140610,true,CPER_012_PlantDiversity_32_1_2_20140610-straightened_r0_c1,3,0,1,787,0,1574,790,73,0.038959164172410965,3.893946995958686e-06,0.016132168471813202,0.0018113330006599426,0.0007783197797834873,0.00022031876142136753,0.001746359746903181,5.777052138000727e-06,0.07628240436315536,0.21141618490219116,0.049760762602090836,0.00012261744996067137,4.148232619627379e-06,6.313749167929927e-07,5.090590207146306e-07,7.077574264258146e-05,0.000393096444895491,0.0008587260381318629,0.0009371869382448494,0.0015080542070791125,5.927944221184589e-05,0.000390165310818702,1.9130082364426926e-05,0.0015449242200702429,1.8897981135523878e-05,0.00104807922616601,0.0008213987457565963,2.7168061933480203e-06,4.527116834651679e-05,5.161456556379562e-06,0.31324052810668945,4.440977136255242e-05,1.5582041669404134e-05,7.767648639855906e-06,6.763055353076197e-06,0.009345206432044506,1.7149730410892516e-05,8.308746328111738e-05,1.0109843969985377e-05,1.4133916920400225e-05,7.320732402149588e-05,0.03282643109560013,0.0003970570396631956,9.278309880755842e-05,0.0003203834348823875,0.06601037830114365,0.09792912006378174,7.846243534004316e-05,1.1847592759295367e-05,0.0004420274926815182,0.002098523546010256,0.0003245286934543401,4.738280040328391e-06,0.003715167986229062,0.00033118962892331183,0.020993174985051155,0.00012494574184529483,4.031388380099088e-05,5.58698084205389e-05,4.480369170778431e-05,1.2433043593773618e-05,6.401181599358097e-05,3.027882667083759e-05,0.0007765404297970235,0.0004902289365418255,0.031152086332440376,0.001280093565583229,0.011441689915955067,4.2478874092921615e-05,4.3412146624177694e-05,1.6858418803167297e-06,1.4736856428498868e-06,0.000996375223621726
/users/PAS2099/jianyanggu/PlotDiversiVision/data/CPER_012/CPER_012_PlantDiversity_32_1_2_20140610-straightened.jpg,CPER_012/CPER_012_PlantDiversity_32_1_2_20140610-straightened.jpg,CPER,2014,,CPER_012,32_1_2,32,1,2,20140610,true,CPER_012_PlantDiversity_32_1_2_20140610-straightened_r0_c2,3,0,2,1574,0,2361,790,73,0.08314915001392365,2.754743763944134e-05,0.0003071933169849217,0.000177235939190723,0.0018954034894704819,5.580551442108117e-05,0.0012925725895911455,9.465717448620126e-05,0.11604516208171844,0.48942646384239197,0.02463967353105545,1.6762693121563643e-05,1.6163074178621173e-05,3.666322925255372e-07,9.156856322078966e-07,9.708468132885173e-05,0.00020680548914242536,0.0027766278944909573,0.000107808671600651,0.002538507804274559,2.4005315935937688e-05,0.0003514446143526584,1.518403587397188e-05,0.0008010778110474348,3.604555729452841e-07,1.7216927517438307e-05,5.0916663894895464e-05,1.5057878499646904e-06,1.0297457265551202e-05,1.806706677598413e-07,0.1810375601053238,1.482166499044979e-05,7.011628895270405e-06,6.674562609987333e-05,0.00015344929124694318,0.043621726334095,0.0001591984328115359,2.1949248548480682e-05,2.1928242858848535e-05,6.876588486193214e-06,0.00017494001076556742,0.010695675387978554,0.0001262172154383734,2.4998171284096316e-05,0.00011494487262098119,0.0052527375519275665,0.005349110346287489,0.00034421082818880677,0.00019240540859755129,4.6103723434498534e-05,0.002741579432040453,0.002182028954848647,3.16868354275357e-05,0.0003805650630965829,1.7921631297213025e-05,0.011482490226626396,1.95026291294198e-06,0.00015119365707505494,4.618962702807039e-05,0.00012584317300934345,5.4559797717956826e-05,3.093132909270935e-05,1.83297015610151e-05,0.003738642204552889,0.0004414463764987886,0.00651811296120286,3.4726916055660695e-05,0.00019352576055098325,5.412878181232372e-06,9.914009569911286e-05,5.963918283669045e-06,5.293503363645868e-06,0.00011582695151446387
/users/PAS2099/jianyanggu/PlotDiversiVision/data/CPER_012/CPER_012_PlantDiversity_32_1_2_20140610-straightened.jpg,CPER_012/CPER_012_PlantDiversity_32_1_2_20140610-straightened.jpg,CPER,2014,,CPER_012,32_1_2,32,1,2,20140610,true,CPER_012_PlantDiversity_32_1_2_20140610-straightened_r1_c0,3,1,0,0,790,787,1579,73,0.0709548071026802,3.097145236097276e-05,0.005027743522077799,0.007512206211686134,0.0026254092808812857,0.00024242645304184407,0.013569056987762451,0.00027717038756236434,0.06845348328351974,0.2240123748779297,0.017183545976877213,0.00011452200851636007,0.001473676529712975,1.7858339163012715e-07,3.775699224206619e-05,3.388313052710146e-05,0.00028311184723861516,0.0015007485635578632,0.0008896255167201161,0.006440499797463417,0.00017989371553994715,0.004427128005772829,0.0006102463230490685,0.00013021276390645653,9.464545769333199e-07,0.0008388239657506347,0.002898423932492733,0.000828223186545074,0.0006763165001757443,1.0263449439662509e-05,0.24534529447555542,0.0011363214580342174,0.00010755064431577921,0.0008204185287468135,0.0007920585921965539,0.003249748144298792,0.0046980069018900394,0.012627119198441505,0.00204887124709785,2.79418554782751e-06,0.003543699160218239,0.03257084637880325,0.001466039684601128,0.00012805225560441613,0.001725164707750082,0.039889588952064514,0.0007665950688533485,0.001235584495589137,0.004350053612142801,0.0003867083287332207,0.01711524836719036,0.028430044651031494,0.014118955470621586,0.04015830531716347,0.00035061687231063843,0.00530747976154089,9.753489575814456e-05,0.002291233278810978,0.0013821535976603627,0.005209591239690781,8.36245235404931e-05,0.0026215864345431328,5.545614385482622e-06,0.0005395892658270895,0.002705423394218087,0.016233345493674278,0.015703197568655014,0.02746865712106228,0.00016467217938043177,0.0011137225665152073,1.288189560000319e-05,0.0018836964154615998,0.028848685324192047
/users/PAS2099/jianyanggu/PlotDiversiVision/data/CPER_012/CPER_012_PlantDiversity_32_1_2_20140610-straightened.jpg,CPER_012/CPER_012_PlantDiversity_32_1_2_20140610-straightened.jpg,CPER,2014,,CPER_012,32_1_2,32,1,2,20140610,true,CPER_012_PlantDiversity_32_1_2_20140610-straightened_r1_c1,3,1,1,787,790,1574,1579,73,0.0400526262819767,9.28358804230811e-06,0.0017181586008518934,0.0016514043090865016,0.001342725707218051,3.5648345146910287e-06,0.001977135892957449,3.4744152799248695e-05,0.17761662602424622,0.10181860625743866,0.18694759905338287,0.0001004178702714853,5.835822594235651e-05,1.8512753285904182e-06,0.00010411180119263008,0.0002369111607549712,0.001876676338724792,0.0029411630239337683,0.003904084675014019,0.012934023514389992,4.713569796876982e-05,0.0009695669868960977,0.0007715449901297688,0.000505285628605634,1.0304959232598776e-06,0.0011497741797938943,0.0005233934498392045,1.8831789930118248e-05,0.002301194705069065,3.0075783797656186e-05,0.03405815735459328,6.794535147491843e-05,7.046707469271496e-05,0.000461181829450652,2.0794775991817005e-05,0.010134385898709297,0.001792226918041706,0.001684926450252533,0.0001313277898589149,9.70420842349995e-06,0.004527608398348093,0.04476587101817131,0.0007947621052153409,0.0008455939823761582,0.0006300339009612799,0.005794788710772991,0.017824847251176834,0.00029027956770733,0.00021577754523605108,6.307669536909088e-05,0.019736027345061302,0.0025213207118213177,0.00015482286107726395,0.07325945794582367,0.00022161028755363077,0.009172645397484303,0.0002775896282400936,0.006533774081617594,0.0007561315433122218,0.00045082863653078675,0.001668692217208445,0.003757932223379612,8.27415133244358e-05,6.569656397914514e-05,0.0006497903377749026,0.012608311139047146,0.09467973560094833,0.09507931023836136,0.00012502499157562852,0.0001048299454851076,2.2134572645882145e-05,0.0004721904988400638,0.011767670512199402
/users/PAS2099/jianyanggu/PlotDiversiVision/data/CPER_012/CPER_012_PlantDiversity_32_1_2_20140610-straightened.jpg,CPER_012/CPER_012_PlantDiversity_32_1_2_20140610-straightened.jpg,CPER,2014,,CPER_012,32_1_2,32,1,2,20140610,true,CPER_012_PlantDiversity_32_1_2_20140610-straightened_r1_c2,3,1,2,1574,790,2361,1579,73,0.0053863818757236,4.551744950731518e-06,0.0020556072704494,0.0002741905045695603,0.0013867609668523073,9.348454477731138e-05,0.0011341320350766182,0.00011368819832568988,0.2335948497056961,0.3859063684940338,0.0016450362745672464,6.467635103035718e-05,7.289143104571849e-05,2.610856313367549e-07,1.5005775821919087e-05,0.00023776326270308346,0.0005811835289932787,0.0002582648885436356,0.0005842377431690693,0.002512632869184017,0.00018910638755187392,0.0004508444108068943,9.040187433129176e-05,4.689164416049607e-05,1.7182676970151078e-07,0.0005724264192394912,0.0009517325670458376,1.9496557797538117e-05,0.0003563535283319652,3.062351970584132e-05,0.030531765893101692,5.0089853175450116e-05,0.00014499509416054934,7.266045577125624e-05,6.005519935570192e-06,0.0019592454191297293,0.0019222154514864087,0.0005556619144044816,0.0006065524648874998,2.996127705046092e-06,0.0011018412187695503,0.007423338945955038,0.0009506803471595049,0.0002591570373624563,0.0020464842673391104,0.017906026914715767,0.0066651105880737305,0.00029756512958556414,0.0002880581305362284,0.00013574553304351866,0.002755800262093544,0.0013303423766046762,0.0008987410692498088,0.05570334941148758,0.0003461626183707267,0.03868952393531799,4.3904001358896494e-05,0.0005665089702233672,0.00016002909978851676,0.002035413170233369,9.544334898237139e-05,0.0013562293024733663,2.8928805477335118e-05,0.0002990763750858605,0.000541462330147624,0.04093792289495468,0.0602402500808239,0.0795178934931755,0.00014525308506563306,0.0002320942876394838,7.716359505138826e-06,5.923138451180421e-05,0.002452593296766281
/users/PAS2099/jianyanggu/PlotDiversiVision/data/CPER_012/CPER_012_PlantDiversity_32_1_2_20140610-straightened.jpg,CPER_012/CPER_012_PlantDiversity_32_1_2_20140610-straightened.jpg,CPER,2014,,CPER_012,32_1_2,32,1,2,20140610,true,CPER_012_PlantDiversity_32_1_2_20140610-straightened_r2_c0,3,2,0,0,1579,787,2369,73,0.038560908287763596,0.00018328757141716778,0.005151285324245691,0.028193259611725807,0.007649436127394438,0.004662682767957449,0.04014996066689491,0.0001837510208133608,0.03059578873217106,0.07314728200435638,0.003748686984181404,0.00023318507010117173,0.0014008674770593643,1.423467921313204e-07,3.827273758361116e-05,0.00021749005827587098,0.0008673598640598357,0.004742473363876343,0.0006277315551415086,0.0005589723587036133,0.0010441463673487306,0.00041854873416014016,0.00026165347662754357,0.003377831308171153,6.71225552650867e-06,0.019591428339481354,0.017974266782402992,0.0001177773010567762,0.00018796652148012072,6.139036850072443e-05,0.1338678002357483,0.0024559556040912867,0.0001520846999483183,8.284234354505315e-05,7.77101595303975e-05,0.014589359052479267,0.03916427120566368,0.0014346680836752057,0.006232056301087141,4.7144899326667655e-06,0.0018511529779061675,0.08854131400585175,0.0012597405584529042,0.0002854210906662047,0.004172146786004305,0.04332147166132927,0.0006521202740259469,0.005140566732734442,0.004717717412859201,0.000629424408543855,0.04100123792886734,0.0022373846732079983,0.0435471385717392,0.16317451000213623,0.00045748514821752906,0.0313141793012619,6.185627717059106e-05,0.0006307174917310476,0.009182668291032314,0.005151599645614624,5.417102511273697e-05,0.0005840976373292506,1.5898556739557534e-05,0.004407539963722229,0.017570890486240387,0.02569161169230938,0.0072897933423519135,0.011737912893295288,0.0010602495167404413,0.0010280526475980878,1.0901801033469383e-05,0.0001829871762311086,0.0010201378026977181
/users/PAS2099/jianyanggu/PlotDiversiVision/data/CPER_012/CPER_012_PlantDiversity_32_1_2_20140610-straightened.jpg,CPER_012/CPER_012_PlantDiversity_32_1_2_20140610-straightened.jpg,CPER,2014,,CPER_012,32_1_2,32,1,2,20140610,true,CPER_012_PlantDiversity_32_1_2_20140610-straightened_r2_c1,3,2,1,787,1579,1574,2369,73,0.012930442579090595,8.478914242004976e-05,0.007030481472611427,0.0008725871448405087,0.0029627771582454443,0.00013697012036573142,0.0021524690091609955,0.0003735411155503243,0.12038028985261917,0.2579612731933594,0.005420645233243704,0.0004543843097053468,0.00017029826994985342,1.2185057585156756e-06,1.0619449312798679e-05,0.00011189584620296955,0.0003662742965389043,0.005496983882039785,0.000639095320366323,0.0033262891229242086,0.0003557915042620152,0.0014607177581638098,9.158559987554327e-05,0.00024054231471382082,2.886156380554894e-07,0.0018721675733104348,0.0011561578139662743,4.791843457496725e-05,5.630255691357888e-05,1.6399359083152376e-05,0.2564307153224945,0.00014366286632139236,0.0002599672297947109,7.977274799486622e-05,2.47126336034853e-05,0.007326848339289427,0.0014951181365177035,0.0009671785519458354,0.0002969508059322834,3.617375114117749e-06,0.0002721296332310885,0.04967421293258667,0.0017474101623520255,0.0003991613630205393,0.0019681917037814856,0.03412753343582153,0.004956345539540052,0.002935171127319336,0.0021344642154872417,0.0003903046890627593,0.0076091899536550045,0.008929227478802204,0.0010527498088777065,0.04150055721402168,7.585156708955765e-05,0.042175326496362686,0.00013686565216630697,0.0005182624445296824,0.0006918127764947712,0.0014142540749162436,0.00022824705229140818,0.0008345364476554096,2.466290970914997e-05,0.0006083605694584548,0.005780292674899101,0.05297887325286865,0.0066266837529838085,0.03490007668733597,0.0005248318193480372,0.0005662502953782678,1.8666461983229965e-05,8.185912884073332e-05,0.0009078595321625471
/users/PAS2099/jianyanggu/PlotDiversiVision/data/CPER_012/CPER_012_PlantDiversity_32_1_2_20140610-straightened.jpg,CPER_012/CPER_012_PlantDiversity_32_1_2_20140610-straightened.jpg,CPER,2014,,CPER_012,32_1_2,32,1,2,20140610,true,CPER_012_PlantDiversity_32_1_2_20140610-straightened_r2_c2,3,2,2,1574,1579,2361,2369,73,0.09053322672843933,8.845106640364975e-05,0.0013764374889433384,0.016291264444589615,0.0005734606529586017,0.0005048856255598366,0.0018813669448718429,0.000823879730887711,0.3910921514034271,0.13036733865737915,0.054682910442352295,0.004256352316588163,0.00021437162649817765,1.4624430377807585e-07,7.654043292859569e-05,0.0006268415600061417,0.0036691210698336363,0.002617325633764267,0.00016373736434616148,0.01350809633731842,0.00014660200395155698,8.110195631161332e-05,5.410908124758862e-05,0.0004001751367468387,8.92383286554832e-06,0.00471440888941288,0.01106113102287054,0.000533871992956847,0.0002309806877747178,5.439633969217539e-05,0.031488362699747086,0.0023763664066791534,0.0005613701068796217,0.0002838532964233309,8.29777418402955e-05,0.016471734270453453,0.002047009067609906,0.0006066663772799075,0.0007039654883556068,4.0379847632721066e-05,0.00013359062722884119,0.007945484481751919,0.000410062144510448,0.00016226248408202082,0.0014506279258057475,0.014530044980347157,0.0027290317229926586,0.0018381078261882067,0.001847231644205749,0.0002963159349747002,0.026276210322976112,0.0003191862488165498,0.009050106629729271,0.05416306480765343,9.332143963547423e-05,0.0356864295899868,0.00826432928442955,0.0030020838603377342,0.004347393289208412,0.00251195440068841,0.00012022865121252835,0.0004239190311636776,0.00012118594895582646,0.0013295571552589536,0.005315576680004597,0.019036682322621346,0.005946127697825432,0.0035978793166577816,0.001683849492110312,0.00020940409740433097,0.00021764783014077693,0.00012933139805682003,0.001515554846264422
/users/PAS2099/jianyanggu/PlotDiversiVision/data/CPER_012/CPER_012_PlantDiversity_32_1_4_20140610-straightened.jpg,CPER_012/CPER_012_PlantDiversity_32_1_4_20140610-straightened.jpg,CPER,2014,,CPER_012,32_1_4,32,1,4,20140610,true,CPER_012_PlantDiversity_32_1_4_20140610-straightened_r0_c0,3,0,0,0,0,730,722,73,0.0027079570572823286,1.2005202734144405e-05,0.0001236292882822454,0.0069239321164786816,0.00016728667833376676,1.3303966625244357e-05,0.0001362056063953787,1.5074162547534797e-05,0.005338819697499275,0.002122388454154134,0.0031884899362921715,0.0008248475496657193,1.8433493096381426e-05,4.5564998885083696e-08,4.586099385051057e-05,0.025072146207094193,0.6160816550254822,0.00023270506062544882,0.0001975334162125364,0.007627403363585472,1.2272656931600068e-05,0.0006066194619052112,0.00015915789117570966,0.0002495113876648247,3.424611350055784e-05,0.00014871067833155394,0.0021086051128804684,1.9074288502451964e-05,5.025482823839411e-05,1.1971269486821257e-05,0.00807725265622139,0.0010773809626698494,6.686389497190248e-06,0.0005976796965114772,3.035010195162613e-05,0.004580596461892128,0.00015585459186695516,0.0008852022583596408,0.001772266929037869,2.213154402852524e-05,3.190871575498022e-05,0.0015709324507042766,0.00026426135445944965,6.013499296386726e-05,0.00018301357340533286,0.0006400827551260591,0.08088758587837219,8.017200161702931e-05,0.0005168857169337571,7.862853090045974e-05,0.020452206954360008,0.009886269457638264,5.8100587921217084e-05,0.0016878865426406264,0.0001248777552973479,0.17865368723869324,0.00012569980754051358,0.00017225227202288806,0.0002469264145474881,4.028564944746904e-05,0.005712486803531647,0.00033257255563512444,1.2112475815229118e-05,0.00013429971295408905,6.05770546826534e-05,0.0013099220814183354,0.0003980433102697134,0.00040677443030290306,0.0004375354037620127,9.275596676161513e-05,0.00021534183179028332,1.0495713240743498e-06,0.0036691175773739815
/users/PAS2099/jianyanggu/PlotDiversiVision/data/CPER_012/CPER_012_PlantDiversity_32_1_4_20140610-straightened.jpg,CPER_012/CPER_012_PlantDiversity_32_1_4_20140610-straightened.jpg,CPER,2014,,CPER_012,32_1_4,32,1,4,20140610,true,CPER_012_PlantDiversity_32_1_4_20140610-straightened_r0_c1,3,0,1,730,0,1460,722,73,0.0016886194935068488,7.067030674079433e-05,1.1557620382518508e-05,0.01195818092674017,0.0016588290454819798,2.7849735488416627e-05,0.00023553958453703672,0.006955376826226711,0.00409675482660532,0.0010945386020466685,0.0011576340766623616,0.0009259298094548285,7.135756459319964e-05,5.663804586220067e-06,0.00587540864944458,0.0024618241004645824,0.027060462161898613,0.00447376724332571,0.0045730858109891415,0.00031470743124373257,3.776564653890091e-06,6.725193816237152e-05,0.012450868263840675,0.000901525083463639,1.67876532941591e-05,3.285358616267331e-05,0.018621649593114853,4.253808583598584e-05,0.0004977745120413601,4.872717909165658e-06,0.0008852286846376956,0.002960433252155781,5.698678069165908e-05,0.0022635997738689184,0.00014947725867386907,0.012000038288533688,0.0017170183127745986,0.011265254579484463,0.6091313362121582,0.0015988260274752975,0.00013457707245834172,0.0039219968020915985,0.001076402491889894,1.994617559830658e-05,0.0022375353146344423,0.0002209029480582103,0.018516670912504196,0.0016032354906201363,0.027659310027956963,4.137901487411e-05,0.007328260689973831,0.0002775588654913008,0.00155177665874362,0.07800628989934921,0.0035641321446746588,0.030892934650182724,0.00023748839157633483,0.04444088041782379,0.011529764160513878,0.0020363512448966503,0.000871378171723336,0.0022665204014629126,7.65160730225034e-05,0.000688234344124794,0.0003283042460680008,0.00020316868904046714,0.0039816624484956264,0.005671574734151363,0.00044849226833321154,0.0002726850798353553,7.639678369741887e-05,0.0003723838017322123,5.950105332885869e-05
/users/PAS2099/jianyanggu/PlotDiversiVision/data/CPER_012/CPER_012_PlantDiversity_32_1_4_20140610-straightened.jpg,CPER_012/CPER_012_PlantDiversity_32_1_4_20140610-straightened.jpg,CPER,2014,,CPER_012,32_1_4,32,1,4,20140610,true,CPER_012_PlantDiversity_32_1_4_20140610-straightened_r0_c2,3,0,2,1460,0,2190,722,73,0.0017918687080964446,2.8768179618055e-05,0.0002113616792485118,0.0026402617804706097,0.0004580217646434903,2.547658823459642e-06,3.671794547699392e-05,8.626088674645871e-05,0.023162787780165672,0.01910034753382206,0.007472730241715908,0.0010767541825771332,9.929774932970759e-06,2.347110523714946e-07,0.0028181879315525293,0.0712495893239975,0.140573650598526,0.0018785787979140878,0.011906546540558338,0.00185757118742913,0.0003747316950466484,0.00016501604113727808,0.006597177591174841,0.00010540801304159686,1.649283234428367e-07,0.0016178060322999954,0.008974719792604446,6.969808600842953e-05,0.10975737124681473,6.174202280817553e-05,0.00031768385088071227,4.687312321038917e-05,2.563599446148146e-05,0.008096794597804546,0.00012449128553271294,0.001556173199787736,0.00022343327873386443,0.0039565530605614185,0.000767308461945504,3.4207918361062184e-05,0.004194092936813831,0.004329506307840347,0.012606175616383553,0.003680015215650201,0.00012314422929193825,0.0008308427641168237,0.03001813031733036,9.373109060106799e-05,0.0005761339562013745,0.0006158092292025685,0.010790368542075157,0.00026854214956983924,0.00017144822049885988,0.08352957665920258,0.0005351406871341169,0.09348234534263611,0.0007198001840151846,0.045418404042720795,0.00291695655323565,0.008067628368735313,0.0015626810491085052,0.00115670554805547,1.9762410374823958e-05,0.0003355179796926677,0.000402952719014138,0.0036490659695118666,0.22337821125984192,0.025696638971567154,0.00012332333426456898,0.00010307313641533256,0.00011065221769968048,9.999760368373245e-05,0.01115789171308279
/users/PAS2099/jianyanggu/PlotDiversiVision/data/CPER_012/CPER_012_PlantDiversity_32_1_4_20140610-straightened.jpg,CPER_012/CPER_012_PlantDiversity_32_1_4_20140610-straightened.jpg,CPER,2014,,CPER_012,32_1_4,32,1,4,20140610,true,CPER_012_PlantDiversity_32_1_4_20140610-straightened_r1_c0,3,1,0,0,722,730,1444,73,0.01275155134499073,0.0025517747271806,1.414511280017905e-05,0.0002720257907640189,0.00021841382840648293,3.79649136448279e-05,0.00019708499894477427,3.345449295011349e-05,0.0008321774075739086,0.0004144766426179558,3.524882413330488e-05,8.984739542938769e-05,3.926624412997626e-05,4.6085818894425756e-07,2.60532806350966e-06,0.00048686983063817024,0.0013908413238823414,0.00254312576726079,7.578011718578637e-05,1.735722071316559e-05,3.5773606214206666e-05,2.9389418614300666e-06,1.1736012766050408e-06,4.785574674315285e-06,2.718303449000814e-07,5.402060196502134e-05,0.04727232828736305,2.7453475013317075e-06,3.368086936461623e-06,2.6131315280508716e-06,0.00043024829938076437,2.336043689865619e-05,1.5113322433535359e-06,0.00018814377835951746,0.00010297793778590858,0.0125888641923666,1.9926967070205137e-05,0.0011695896973833442,0.011572303250432014,8.3517870734795e-06,0.00018862020806409419,0.0008549591875635087,7.169710443122312e-05,6.499842857010663e-05,0.0019108265405520797,4.0165534301195294e-05,0.00012626509123947471,0.7809816002845764,0.07937127351760864,0.00020822598889935762,0.0020989684853702784,4.0875456761568785e-06,0.011826233938336372,0.004283341579139233,3.232221206417307e-05,0.005829717498272657,9.736518222780433e-06,0.00010112956806551665,0.00016435125144198537,0.0021718181669712067,3.6993455978517886e-06,4.6425353502854705e-05,1.8053267922368832e-05,0.0025961154606193304,0.009091109037399292,2.5983814339269884e-05,0.0018091341480612755,0.0002272669953526929,0.0002667989465408027,1.1365656973794103e-05,2.7908272386412136e-05,3.888005448970944e-05,7.174850907176733e-06
/users/PAS2099/jianyanggu/PlotDiversiVision/data/CPER_012/CPER_012_PlantDiversity_32_1_4_20140610-straightened.jpg,CPER_012/CPER_012_PlantDiversity_32_1_4_20140610-straightened.jpg,CPER,2014,,CPER_012,32_1_4,32,1,4,20140610,true,CPER_012_PlantDiversity_32_1_4_20140610-straightened_r1_c1,3,1,1,730,722,1460,1444,73,0.0026667446363717318,0.004876312799751759,6.264720286708325e-05,0.0003485992201603949,0.00020383004448376596,3.012618253706023e-05,1.436668935639318e-05,0.00016193260671570897,0.005079894792288542,0.0013863416388630867,0.0008094360237009823,0.0014904853887856007,0.2264949232339859,6.597322794732463e-07,0.00017443954129703343,0.025358185172080994,0.5784059166908264,0.005619929172098637,0.0012697448255494237,0.00019721098942682147,3.7407760373753263e-06,0.00018442489090375602,4.879599146079272e-06,1.970319135580212e-05,7.016463854370159e-08,5.212550240685232e-05,0.003476472571492195,0.0034147240221500397,3.258523065596819e-05,0.0001549640146549791,0.0003648831625469029,0.00042303939699195325,0.0001435535668861121,0.0015259244246408343,0.0001914426393341273,0.005606994964182377,0.00024017965188249946,0.0007185445283539593,0.01626564934849739,8.159242133842781e-05,2.3179840354714543e-05,8.696872100699693e-05,0.0025623927358537912,0.00029678826103918254,6.05834684392903e-05,0.00036846674629487097,0.045017242431640625,0.0007730000652372837,0.001439962419681251,7.129387813620269e-05,0.0007309967768378556,0.00484161451458931,0.00023263208277057856,0.0003760897379834205,5.37178129889071e-05,0.025993425399065018,9.366114682052284e-05,0.0009865949396044016,0.002427302300930023,0.0050455182790756226,0.0010466731619089842,0.007966957986354828,0.0007145700510591269,0.002696388866752386,0.0005526574095711112,0.0005064664292149246,0.003134220140054822,0.0005278888274915516,0.001102643320336938,0.0004045488021802157,0.0015164774376899004,2.484528295099153e-06,0.0007894317386671901
/users/PAS2099/jianyanggu/PlotDiversiVision/data/CPER_012/CPER_012_PlantDiversity_32_1_4_20140610-straightened.jpg,CPER_012/CPER_012_PlantDiversity_32_1_4_20140610-straightened.jpg,CPER,2014,,CPER_012,32_1_4,32,1,4,20140610,true,CPER_012_PlantDiversity_32_1_4_20140610-straightened_r1_c2,3,1,2,1460,722,2190,1444,73,0.03725459799170494,0.000312897318508476,0.0005947632598690689,0.019281625747680664,0.0013956803595647216,3.094619023613632e-05,0.0008024568669497967,0.0006761542172171175,0.04070103168487549,0.0322197750210762,0.0328642763197422,0.0014514772919937968,0.0007510600262321532,2.121015086231637e-06,0.0006882445886731148,0.04570801556110382,0.1485491544008255,0.0020613132510334253,0.05018779635429382,0.0010530889267101884,0.0007025367813184857,0.0009045354672707617,0.0059718480333685875,0.0010023147333413363,2.196112291130703e-06,0.011985576711595058,0.01819915510714054,0.0006006549228914082,0.03903980180621147,3.068744626943953e-05,0.022384829819202423,0.0003090845129918307,0.000459001719718799,0.006023738533258438,0.0009297377546317875,0.013033170253038406,0.0003286750288680196,0.0014661798486486077,0.0037123069632798433,6.009731441736221e-05,0.010556274093687534,0.04351020231842995,0.025710195302963257,0.00652166735380888,0.00022946353419683874,0.0021702817175537348,0.03216475620865822,0.0006106819491833448,0.0015725013799965382,0.0009167772368527949,0.10388854146003723,0.0004417325835675001,0.0005132933147251606,0.045852966606616974,0.0015433459775522351,0.029263339936733246,0.0006365270237438381,0.05462734028697014,0.002444361336529255,0.002557899570092559,0.0013865212677046657,0.01881313882768154,0.0015533396508544683,0.0053086355328559875,0.005533980205655098,0.0181132722645998,0.02336782217025757,0.006980944890528917,0.00012338696978986263,0.00016850723477546126,0.00010395934077678248,0.0003290011954959482,0.00875279400497675
/users/PAS2099/jianyanggu/PlotDiversiVision/data/CPER_012/CPER_012_PlantDiversity_32_1_4_20140610-straightened.jpg,CPER_012/CPER_012_PlantDiversity_32_1_4_20140610-straightened.jpg,CPER,2014,,CPER_012,32_1_4,32,1,4,20140610,true,CPER_012_PlantDiversity_32_1_4_20140610-straightened_r2_c0,3,2,0,0,1444,730,2166,73,0.0009707877179607749,0.002410139888525009,6.818625843152404e-05,3.357140303705819e-05,7.835413271095604e-06,4.7520896373498545e-07,2.705542385683657e-07,4.05636183131719e-06,0.000752970518078655,9.273710747947916e-05,3.1233073968905956e-05,0.0010601910762488842,3.7121189961908385e-05,8.277853069671437e-09,5.078781214251649e-06,0.0763121023774147,0.8396962285041809,0.000543446047231555,3.7806006730534136e-05,1.4053810446057469e-05,1.1919944881810807e-05,3.443823970883386e-06,1.1761214580019441e-07,4.051101996083162e-07,3.7815218547621043e-06,4.7038669436005875e-05,0.006135239265859127,2.4650342311360873e-05,3.5352964005141985e-06,3.5134626159560867e-06,0.00011502115376060829,8.42636563902488e-06,2.506565806470462e-06,0.00034277854138053954,6.944390042917803e-05,0.0021308879368007183,2.7379490347811952e-05,0.00028393714455887675,0.00839304644614458,0.0001722829620121047,1.7678530639386736e-06,3.321763870189898e-05,7.71617706050165e-05,0.0001706874609226361,3.909905717591755e-05,3.187729089404456e-05,0.0029494527261704206,0.0011000549420714378,0.00011120156705146655,7.049606210784987e-05,0.0001901651849038899,3.184860179317184e-05,0.00023477162176277488,0.000713104906026274,1.4079996617510915e-05,0.04897920787334442,0.00017687046783976257,8.6493218987016e-06,0.0003061321622226387,0.00013340904843062162,1.9803028408205137e-05,2.395700357737951e-05,2.8084215955459513e-05,0.00012850591156166047,0.00035959077649749815,3.1688516173744574e-05,0.0010529282735660672,3.4585049434099346e-05,0.0016274263616651297,5.67716961086262e-06,0.001345739932730794,5.36542529516737e-07,0.00011054009519284591
/users/PAS2099/jianyanggu/PlotDiversiVision/data/CPER_012/CPER_012_PlantDiversity_32_1_4_20140610-straightened.jpg,CPER_012/CPER_012_PlantDiversity_32_1_4_20140610-straightened.jpg,CPER,2014,,CPER_012,32_1_4,32,1,4,20140610,true,CPER_012_PlantDiversity_32_1_4_20140610-straightened_r2_c1,3,2,1,730,1444,1460,2166,73,0.0010885655647143722,0.0023233117535710335,6.391950591932982e-05,0.0008319175103679299,5.2402745495783165e-05,7.960462426126469e-06,2.6478022846276872e-05,7.603003177791834e-05,0.0019535908941179514,0.002812988357618451,8.973199874162674e-05,0.001088739838451147,3.948194716940634e-05,8.621963729638082e-07,1.7312988347839564e-05,0.044202741235494614,0.19644436240196228,0.02314016968011856,1.86961824510945e-05,6.35625547147356e-05,0.00014017283683642745,2.0185261746519245e-05,2.772004336293321e-06,4.831488695344888e-06,0.00023621760192327201,6.598426261916757e-05,0.2692173421382904,7.303983238671208e-06,0.00010879795445362106,7.307494797714753e-06,0.0008098917896859348,4.8744961532065645e-05,3.267255306127481e-05,8.723505743546411e-05,0.0002047180460067466,0.005998002830892801,7.3875435191439465e-06,0.01944914273917675,0.0022670351900160313,0.00013198544911574572,2.076112650684081e-05,0.0006507812649942935,0.0008235312416218221,0.0018886661855503917,0.0020961847621947527,8.662357868161052e-05,0.012390577234327793,0.1796921342611313,0.016417978331446648,6.897387356730178e-05,0.0030731013976037502,0.0003013097448274493,0.01289438921958208,0.00662041874602437,4.175234425929375e-05,0.16072022914886475,0.00023828471603337675,2.819968904077541e-05,0.00011167839693371207,0.002827771008014679,0.0004086241533514112,6.735450733685866e-05,3.7226502172416076e-05,0.009041792713105679,0.000110019558633212,0.0008357216720469296,0.013763125985860825,0.0007372461259365082,0.0005063690477982163,7.473542154912138e-06,0.00010237556853098795,4.940312919643475e-06,0.00019383202015887946
/users/PAS2099/jianyanggu/PlotDiversiVision/data/CPER_012/CPER_012_PlantDiversity_32_1_4_20140610-straightened.jpg,CPER_012/CPER_012_PlantDiversity_32_1_4_20140610-straightened.jpg,CPER,2014,,CPER_012,32_1_4,32,1,4,20140610,true,CPER_012_PlantDiversity_32_1_4_20140610-straightened_r2_c2,3,2,2,1460,1444,2190,2166,73,5.201639578444883e-05,4.810929567611311e-06,2.6797408281709068e-05,0.00014851933519821614,3.400857394808554e-06,4.8942226271719846e-08,4.505659489950631e-07,1.1449735666246852e-06,0.0008875775965861976,9.062887693289667e-05,4.938885831506923e-05,0.0044157239608466625,7.153076694521587e-06,2.6768862682047256e-08,3.038419663425884e-06,0.06307622045278549,0.8871151804924011,0.001006793580017984,3.3223695936612785e-05,1.6218951714108698e-05,4.4141511352790985e-06,2.933400310212164e-06,2.8587211886588193e-07,7.953394742798992e-06,1.646756800255389e-06,4.5132157538319007e-05,0.0019705595914274454,1.2148962923674844e-05,1.6513056834810413e-05,7.235565391283671e-08,6.718693839502521e-06,1.0525688594498206e-05,2.0533806832645496e-07,0.00035513684269972146,0.0001776113494997844,0.00017917038348969072,1.6347217751899734e-05,1.510469701315742e-05,0.0011303977807983756,0.00012895413965452462,2.5702556172291224e-07,9.91217234513897e-07,4.3350552004994825e-05,0.0002982474397867918,8.2822771219071e-07,0.00035988824674859643,0.025163602083921432,6.639532330154907e-06,6.14380041952245e-05,1.3226569535618182e-05,4.165357313468121e-05,9.441143447475042e-06,1.5089205589902122e-05,0.00016503242659382522,1.3792966456094291e-05,0.006185972597450018,4.8462421545991674e-05,0.00015559348685201257,0.0019176703644916415,6.9586740210070275e-06,0.0010380871826782823,2.1717516574426554e-05,1.7283897250308655e-05,3.887578714056872e-05,1.0271041901432909e-05,6.510565526696155e-06,3.6205681681167334e-05,5.382374865803286e-07,1.5346015061368234e-05,7.569050808342581e-08,0.0032699662260711193,2.4835958356561605e-07,1.661187161516864e-05
/users/PAS2099/jianyanggu/PlotDiversiVision/data/CPER_012/CPER_012_PlantDiversity_40_1_1_20140610-straightened.jpg,CPER_012/CPER_012_PlantDiversity_40_1_1_20140610-straightened.jpg,CPER,2014,,CPER_012,40_1_1,40,1,1,20140610,true,CPER_012_PlantDiversity_40_1_1_20140610-straightened_r0_c0,3,0,0,0,0,665,667,73,3.076993380091153e-06,4.054885138771169e-08,1.7363635862466253e-08,4.587873263517395e-06,9.061220680450788e-07,2.0819161505869488e-08,2.4286168631704186e-09,2.3018455408418959e-07,5.784171207778854e-06,2.9088397468512994e-07,1.0871286804103875e-06,0.0005574909737333655,7.412636904291503e-08,2.175470692478143e-09,6.503092322418524e-07,0.03806028142571449,0.8805878758430481,3.883236786350608e-05,3.827994441962801e-05,7.442532705681515e-07,1.599637577953672e-08,1.3433923129468894e-07,7.020522829748188e-09,1.0789644022679568e-07,5.464675041366718e-07,3.3198439552961645e-08,7.005182123975828e-05,1.5624577542894258e-07,9.612078599730012e-08,1.8886122887806778e-08,5.896808019656419e-08,3.4206211694254307e-06,7.974166749136202e-08,2.417234645690769e-05,1.0425388609291986e-05,6.449851639445114e-07,2.3791017156327143e-08,2.3521570824414084e-07,0.00016668504395056516,2.514849984436296e-05,2.1013768503053143e-08,8.765190351311958e-09,9.561501457255872e-08,1.9243059057316714e-07,3.8168795413184853e-07,8.842639687145493e-08,5.7038258091779426e-05,9.073742148757447e-07,6.533007308462402e-06,9.145043122771312e-08,3.522050246829167e-05,9.802150771065499e-07,1.2256720083314576e-06,1.3415602552413475e-05,1.4010008726472734e-06,7.688992627663538e-05,0.00012212024012114853,2.167870115954429e-05,7.872412970755249e-05,6.531704599410659e-08,8.338616680703126e-06,7.121929684217321e-06,7.205197471193969e-05,3.397719865461113e-06,5.6900169909113174e-08,1.7673788477168273e-07,1.2935353765897162e-07,7.041174754363055e-09,2.5759700292837806e-06,1.7776818905801406e-09,0.07988318055868149,4.461752212137071e-08,3.469733428573818e-06
/users/PAS2099/jianyanggu/PlotDiversiVision/data/CPER_012/CPER_012_PlantDiversity_40_1_1_20140610-straightened.jpg,CPER_012/CPER_012_PlantDiversity_40_1_1_20140610-straightened.jpg,CPER,2014,,CPER_012,40_1_1,40,1,1,20140610,true,CPER_012_PlantDiversity_40_1_1_20140610-straightened_r0_c1,3,0,1,665,0,1329,667,73,0.0016610890161246061,7.133871349651599e-06,3.616647745730006e-07,6.977819793974049e-06,1.4521958291879855e-05,7.54732627683552e-06,5.141074410630608e-08,1.468563004891621e-05,0.0009973603300750256,0.00014245542115531862,1.8678600099519826e-05,0.00011601352889556438,5.252888058748795e-06,1.4327260267066322e-08,8.666894245834555e-06,0.031156012788414955,0.4347372353076935,1.1377520422684029e-05,1.8386841475148685e-05,3.586465481930645e-06,3.092990300501697e-05,9.632136425352655e-06,2.844006985469605e-07,2.388663688179804e-06,4.3790687414002605e-06,0.0001895871973829344,0.0011067939922213554,2.8979575290577486e-05,2.77354075706171e-07,2.3326540485868463e-06,6.164132173580583e-06,7.425073818012606e-06,1.0678247235773597e-05,9.986537406803109e-06,1.5424842558786622e-06,0.012996877543628216,1.7591490177437663e-05,2.369596950302366e-05,0.01005785446614027,1.8944467228720896e-05,7.2107804953702725e-06,1.9316410089231795e-06,3.082540843024617e-06,3.255437661664473e-07,2.7263075025985017e-05,1.4994656339695211e-05,0.043169792741537094,5.063772186986171e-05,1.2253837667230982e-05,5.495540608535521e-05,0.0003223240200895816,2.2971740690991282e-05,5.896214133827016e-05,0.12097664177417755,0.00010058841871796176,0.33684229850769043,0.0028808542992919683,2.3782724383636378e-05,5.816106204292737e-05,1.0186457075178623e-05,4.663841991714435e-06,1.311768869527441e-06,8.661506399221253e-06,1.9683957361849025e-05,1.1907448424608447e-05,2.884524110413622e-05,7.372075197054073e-05,5.717990279663354e-05,0.0014294268330559134,6.583095910173142e-06,0.00016119175415951759,2.2579972380754043e-07,0.0001036587855196558
/users/PAS2099/jianyanggu/PlotDiversiVision/data/CPER_012/CPER_012_PlantDiversity_40_1_1_20140610-straightened.jpg,CPER_012/CPER_012_PlantDiversity_40_1_1_20140610-straightened.jpg,CPER,2014,,CPER_012,40_1_1,40,1,1,20140610,true,CPER_012_PlantDiversity_40_1_1_20140610-straightened_r0_c2,3,0,2,1329,0,1994,667,73,1.9608281945693307e-05,2.3504392743234348e-07,8.692089892292643e-08,1.3753848179476336e-05,1.7947348851521383e-07,2.197402793058245e-08,4.3199353427780807e-08,1.4531940450979164e-06,2.5058145183720626e-05,5.287348585625296e-07,1.9683675418491475e-05,0.00013701280113309622,4.2215086182295636e-07,2.6706274969257038e-09,1.0058955695058103e-06,0.08395174145698547,0.9010525345802307,7.73427564126905e-06,1.8374379578744993e-05,4.350999006419443e-06,3.153994043714192e-07,4.4916646402271e-07,8.468741441447492e-08,7.96944050307502e-07,7.96531094238162e-06,7.341736250054964e-07,0.00011930608889088035,1.0461295687491656e-06,1.079930370906368e-06,3.500846545989589e-08,9.516038517176639e-07,1.5457667359441984e-06,4.1545226281414216e-07,2.173023676732555e-05,1.4121375897957478e-05,4.055718090967275e-05,2.0521785870641907e-07,5.313107180882071e-07,6.593485159100965e-05,3.0957551643950865e-05,1.4340459131290118e-07,1.9946776319557102e-07,5.528046358449501e-07,3.0673068067699205e-06,1.4201374369804398e-06,4.488444460548635e-07,0.007846769876778126,2.0962665985280182e-06,2.798904461087659e-06,2.026716401815065e-06,0.0003375843516550958,1.451166554033989e-06,2.844033133442281e-06,0.00034115739981643856,7.964399628690444e-06,0.0024724132381379604,0.0002791720035020262,0.00010391940304543823,2.3116544980439357e-05,3.384862878874628e-08,3.206722249160521e-05,3.9422125155397225e-06,0.0001563029072713107,9.441623660677578e-07,8.480933502141852e-07,5.764464390267676e-07,2.4143241716956254e-07,5.1291110025886155e-08,1.0882679816859309e-05,6.080983716572064e-09,0.0027922436129301786,3.998183828457513e-08,1.002226781565696e-05
/users/PAS2099/jianyanggu/PlotDiversiVision/data/CPER_012/CPER_012_PlantDiversity_40_1_1_20140610-straightened.jpg,CPER_012/CPER_012_PlantDiversity_40_1_1_20140610-straightened.jpg,CPER,2014,,CPER_012,40_1_1,40,1,1,20140610,true,CPER_012_PlantDiversity_40_1_1_20140610-straightened_r1_c0,3,1,0,0,667,665,1333,73,0.00024904869496822357,4.569691009237431e-05,1.962986061698757e-06,5.463532579597086e-05,2.191591920563951e-05,1.5426179515998228e-06,2.8881294156235526e-07,7.1505928644910455e-06,0.001064802403561771,1.9125905964756384e-05,0.00018874775560107082,0.014785073697566986,2.93766629511083e-06,1.1378966213726471e-08,4.420806362759322e-06,0.03950296342372894,0.9150132536888123,0.0005340088391676545,7.854861178202555e-05,0.00012350834731478244,5.911110179113166e-07,4.119245659239823e-06,2.8242300231795525e-07,2.178630165872164e-05,3.969048975704936e-06,4.599875865096692e-06,0.000639280944596976,1.6846712242113426e-05,1.0014981626227382e-06,3.4357751133029524e-07,5.410393441707129e-06,2.299284460605122e-05,3.1842603220866295e-06,0.00010525450488785282,4.7702338633826e-05,0.0004447434621397406,1.2612400723810424e-06,1.6396366845583543e-05,0.0032540999818593264,0.0004828197415918112,1.935437467182055e-06,5.126934411237016e-06,2.8093403670936823e-05,6.454849426518194e-06,4.294447080610553e-06,3.9705023482383694e-06,0.005200830288231373,0.00011748261749744415,7.41258918424137e-05,8.158822311088443e-06,0.0002226037613581866,0.0001389812823617831,2.9005535907344893e-05,0.0014087304007261992,2.6861573132919148e-05,0.0021691867150366306,0.0019031459232792258,0.0007196902297437191,0.000772368221078068,1.3021955055592116e-05,9.913423127727583e-06,1.5932511814753525e-05,4.008321775472723e-05,0.000268532894551754,7.032646863081027e-06,6.040958396624774e-06,5.9838752349605784e-05,4.035675829072716e-06,4.1160750697599724e-05,1.7830006981967017e-07,0.009875995106995106,8.329167258125381e-07,4.000073386123404e-05
/users/PAS2099/jianyanggu/PlotDiversiVision/data/CPER_012/CPER_012_PlantDiversity_40_1_1_20140610-straightened.jpg,CPER_012/CPER_012_PlantDiversity_40_1_1_20140610-straightened.jpg,CPER,2014,,CPER_012,40_1_1,40,1,1,20140610,true,CPER_012_PlantDiversity_40_1_1_20140610-straightened_r1_c1,3,1,1,665,667,1329,1333,73,4.6373952500289306e-05,2.708879662804975e-07,1.4233800129659357e-06,5.747819614043692e-06,2.694688873816631e-06,8.532195749921812e-08,2.4342973858892947e-08,1.41485372751049e-06,0.00021042072330601513,7.686212484259158e-06,1.5094579794094898e-05,0.0002857366343960166,9.140873089563684e-07,3.394350356344944e-09,3.917682533938205e-07,0.06947610527276993,0.814439594745636,0.00011508792522363365,1.8018221453530714e-05,2.0736788428621367e-05,8.247701543950825e-07,1.415075075783534e-06,7.894634279637103e-08,2.177285267634943e-07,2.406828798484639e-07,4.325824647821719e-06,8.439853263553232e-05,9.314905469182122e-07,4.0671923784429964e-07,1.4202659315287747e-07,4.40996609540889e-06,2.1498938167496817e-06,6.09287496899924e-07,4.416717274580151e-06,2.0347874851722736e-06,2.899429455283098e-05,1.3398837381828343e-06,3.428998240906367e-07,3.9358863432426006e-05,2.2127307602204382e-05,1.8313400573788385e-07,5.465932986226107e-07,3.9581965438628686e-07,2.174845803892822e-06,3.0550786505045835e-06,5.524988864635816e-06,0.002323298482224345,3.361638164278702e-06,1.7190932339872234e-06,1.7041998034983408e-06,0.00012337621592450887,2.664647763594985e-05,3.7841643916181056e-06,8.160519791999832e-05,1.0395219760539476e-05,0.008223998360335827,0.0003072343533858657,6.412257062038407e-05,7.827832450857386e-05,3.8354644971150265e-07,7.037380783003755e-06,8.131988579407334e-06,4.564123446471058e-05,5.614497240458149e-07,1.8470285567673272e-06,1.2380983207549434e-06,9.218406376021449e-06,1.1762573421947309e-06,3.568836109479889e-05,4.7118540180690616e-08,0.1037009134888649,1.298421352657897e-07,7.994016050361097e-05
/users/PAS2099/jianyanggu/PlotDiversiVision/data/CPER_012/CPER_012_PlantDiversity_40_1_1_20140610-straightened.jpg,CPER_012/CPER_012_PlantDiversity_40_1_1_20140610-straightened.jpg,CPER,2014,,CPER_012,40_1_1,40,1,1,20140610,true,CPER_012_PlantDiversity_40_1_1_20140610-straightened_r1_c2,3,1,2,1329,667,1994,1333,73,0.000133769353851676,3.647851087862364e-07,1.3658714692610374e-07,1.1711844308592845e-05,5.003397518521524e-07,2.851568012829375e-07,8.428897757539744e-08,7.370491630354081e-07,3.274684422649443e-05,6.58387443763786e-06,2.145011239917949e-05,2.5225093850167468e-05,1.0257972462568432e-05,2.6716029388751394e-09,5.010961672269332e-07,0.07044562697410583,0.9155554175376892,9.543771739117801e-06,4.229695150570478e-06,1.5726429865026148e-06,1.3718511127081001e-06,2.0120398858125554e-06,4.953224674864032e-07,1.1123449894512305e-07,2.8092670163459843e-06,6.430206212826306e-06,4.082007217220962e-05,1.3889178262616042e-05,7.098198580024473e-07,4.071304147146293e-07,1.7800678051571595e-06,6.800880782975582e-06,7.002134339018085e-07,1.0949170246021822e-05,2.5515419110888615e-06,0.0001012335778796114,3.765328074223362e-06,1.7033411268130294e-06,5.018848605686799e-05,3.923335953004425e-06,3.263756411797658e-07,9.602049431123305e-07,5.32635613126331e-06,5.517214958672412e-06,1.8781478274831898e-06,7.420770089083817e-06,0.0025673334021121264,2.757317361101741e-06,7.453618877661938e-07,6.553829280164791e-06,1.8591519619803876e-05,2.2377882487489842e-05,3.6193682717566844e-06,2.3220280127134174e-05,8.092837560980115e-06,0.009637554176151752,2.5966424800571986e-05,2.3053469703882e-05,1.2870110367657617e-05,3.149133931401593e-07,7.992087375896517e-06,2.652212288012379e-06,2.4081330138869816e-06,9.174755177809857e-07,7.213114940896048e-07,1.8633826357472572e-06,1.775754299160326e-06,8.00404279743816e-07,0.00011208699288545176,8.532456376997288e-07,0.0009623919613659382,2.5807691983459335e-08,1.7598067643120885e-05
/users/PAS2099/jianyanggu/PlotDiversiVision/data/CPER_012/CPER_012_PlantDiversity_40_1_1_20140610-straightened.jpg,CPER_012/CPER_012_PlantDiversity_40_1_1_20140610-straightened.jpg,CPER,2014,,CPER_012,40_1_1,40,1,1,20140610,true,CPER_012_PlantDiversity_40_1_1_20140610-straightened_r2_c0,3,2,0,0,1333,665,2000,73,1.3947771549283061e-05,5.06424385093851e-06,7.12792598278611e-07,1.2555467037600465e-05,1.9265157789050136e-06,1.1586587334022624e-07,1.192423439988488e-07,1.419722025275405e-06,5.802821760880761e-05,3.0559465358237503e-06,4.91746686748229e-06,0.0007147077703848481,5.4593388085777406e-06,4.341135095842219e-08,3.966079475503648e-06,0.04195692762732506,0.9389762282371521,0.0007089132559485734,5.7530975027475506e-05,7.951142833917402e-06,9.354304211228737e-07,7.457360879925545e-07,1.8030746673503018e-07,1.9317766941640002e-07,2.631829147503595e-06,1.2330289109740988e-06,0.0005529621848836541,7.659004950255621e-06,3.954143608098093e-07,1.6183200557406963e-07,1.3410723340712138e-06,4.343408818385797e-06,1.2363959456251905e-07,0.0001982031244551763,5.615990812657401e-05,1.2214754860906396e-05,2.2442807221523253e-06,3.128727985313162e-05,0.0005626307683996856,0.0008105376036837697,1.5624324589680327e-07,3.448457448484987e-07,1.3862425475963391e-05,1.2956392311025411e-05,1.8822329366230406e-06,7.857666446398071e-07,0.0004194216162431985,1.1070950677094515e-05,9.479249274590984e-05,3.242247430534917e-06,5.678679735865444e-05,1.5987418009899557e-05,4.348929905972909e-06,1.2130984941904899e-05,3.1733327432448277e-06,0.0010884448420256376,9.723236871650442e-05,4.507758058025502e-05,0.00010680883133318275,7.724878742010333e-06,8.532776701031253e-05,1.8125932911061682e-05,8.363014785572886e-05,1.4399198335013352e-05,4.618565799319185e-05,3.9788676531316014e-07,9.00391569302883e-06,4.822701384910033e-07,2.580936052254401e-05,7.747151187231793e-08,0.012929405085742474,1.7963328957648628e-07,1.0920786735368893e-05
/users/PAS2099/jianyanggu/PlotDiversiVision/data/CPER_012/CPER_012_PlantDiversity_40_1_1_20140610-straightened.jpg,CPER_012/CPER_012_PlantDiversity_40_1_1_20140610-straightened.jpg,CPER,2014,,CPER_012,40_1_1,40,1,1,20140610,true,CPER_012_PlantDiversity_40_1_1_20140610-straightened_r2_c1,3,2,1,665,1333,1329,2000,73,5.068000064056832e-07,4.4406501586991e-08,2.648469177302104e-08,1.119736452892539e-06,1.1378421760355195e-07,1.024735518662112e-09,1.091741030911919e-09,7.163917814523302e-08,1.5200251937130815e-06,1.6808266423140594e-07,7.98769519860798e-07,0.00023220296134240925,6.363170257372985e-08,2.209638472194797e-09,6.676260682070279e-07,0.07145271450281143,0.924699068069458,3.607776079661562e-06,3.222561417715042e-06,7.918700362097297e-08,2.326219572523769e-07,5.028615390756386e-08,4.719639790096153e-09,4.384461682604979e-09,4.7175385020636895e-07,6.134546737257551e-08,1.922218689287547e-05,3.3094170248659793e-07,2.689037614800327e-08,3.4386082869986012e-09,2.3531992354719478e-08,3.868141220664256e-07,1.1298442181839619e-08,3.0752729799132794e-05,4.693451955972705e-06,1.1110941500191984e-07,2.2371622776518052e-08,4.426023849646299e-07,3.303807170595974e-05,2.77568196906941e-05,1.5542479525620934e-09,2.6881232795261667e-09,5.974727912416711e-08,2.3867421532486333e-06,6.288057079473219e-07,4.9628308573801405e-08,3.6289929994381964e-05,5.614003271148249e-07,3.868318572131102e-07,1.2308217378631525e-07,2.364251031394815e-06,2.6653762574824214e-07,1.5297746358555742e-06,1.8374915953245363e-06,8.76507385783043e-07,8.568770863348618e-05,1.652630999160465e-05,9.20196089282399e-06,2.0401585061335936e-05,1.4852542307153271e-08,6.522504463646328e-06,1.5096410379555891e-06,9.974165550374892e-06,2.682328386072186e-07,1.1799595256434259e-07,9.22634058042604e-09,6.525608853280573e-08,2.2142456757023865e-09,4.993505172024015e-06,1.0282792395344131e-09,0.003282830584794283,2.392865994238491e-08,7.72341536503518e-07
/users/PAS2099/jianyanggu/PlotDiversiVision/data/CPER_012/CPER_012_PlantDiversity_40_1_1_20140610-straightened.jpg,CPER_012/CPER_012_PlantDiversity_40_1_1_20140610-straightened.jpg,CPER,2014,,CPER_012,40_1_1,40,1,1,20140610,true,CPER_012_PlantDiversity_40_1_1_20140610-straightened_r2_c2,3,2,2,1329,1333,1994,2000,73,5.022136065235827e-06,1.4557318195329572e-07,1.2145886962855457e-08,7.359163873843499e-07,1.4801912584516685e-07,2.3921502556589758e-09,6.182155676270895e-09,5.0795858186347687e-08,3.502446816128213e-06,1.2809596228180453e-07,3.377031589479884e-06,0.0006238340865820646,6.307554656359571e-08,9.445590976042695e-10,3.7437681044139026e-07,0.11806102842092514,0.8774458765983582,4.635070126823848e-06,1.4044306908544968e-06,6.802895313740009e-07,6.473511149351907e-08,4.4941565136014106e-08,1.7759203885248098e-08,8.237220754381269e-07,6.8350500441738404e-06,6.43532303001848e-08,2.779917667794507e-05,3.1794891697245475e-07,2.3367921642147849e-07,1.3552299726882211e-08,2.2891731177310248e-08,2.1121630311426998e-07,2.4087441374831542e-08,4.408143922773888e-06,1.1582277693378273e-05,2.2750562493456528e-05,2.4434678280726985e-08,2.3856372877162357e-07,1.626232005946804e-05,0.00010150921298190951,6.98521063213775e-08,3.2493911561459754e-08,2.6472355330042774e-07,3.720478389368509e-06,9.615677072360995e-07,4.004984788252841e-08,0.0015042497543618083,8.003975722203904e-07,4.8353422243963e-07,9.173273696205797e-08,1.984233495022636e-05,7.451992587448331e-07,3.1136319194047246e-06,3.2400264899479225e-05,6.250745173019823e-06,0.00012387451715767384,0.00019083142979070544,3.555541843525134e-05,1.248131684405962e-05,4.105626061345902e-08,8.938251085055526e-06,5.893099910281308e-07,0.00011783182708313689,3.676039568745182e-06,1.1181256809322804e-07,3.86983280975528e-08,5.064728156867204e-07,2.6353045967653088e-08,5.91964453633409e-06,8.82308670568932e-10,0.0015814636135473847,1.3944197796433855e-08,7.031518407529802e-07
/users/PAS2099/jianyanggu/PlotDiversiVision/data/CPER_012/CPER_012_PlantDiversity_40_1_3_20140610-straightened.jpg,CPER_012/CPER_012_PlantDiversity_40_1_3_20140610-straightened.jpg,CPER,2014,,CPER_012,40_1_3,40,1,3,20140610,true,CPER_012_PlantDiversity_40_1_3_20140610-straightened_r0_c0,3,0,0,0,0,674,666,73,5.832152601215057e-05,2.255347766322302e-07,8.870329111232422e-07,0.0009030916844494641,1.2626344869204331e-05,1.2616998219527886e-06,5.175040840299516e-08,3.3212209018529393e-06,0.000228427947149612,2.356906043132767e-05,7.77436071075499e-05,0.00020345344091765583,1.3440667316899635e-06,2.6154170496006657e-10,2.733638666541083e-07,0.03810131177306175,0.9320767521858215,0.00013185491843614727,1.856013454926142e-06,2.2484950022771955e-05,1.3052553526904376e-07,4.655279099097243e-06,8.257082839691066e-08,4.028808234579628e-06,2.0605821191566065e-05,4.0327290662389714e-06,0.012866460718214512,2.0622705676487385e-07,2.407003130144858e-08,1.8562808179467538e-08,2.8242064217920415e-05,5.4539646953344345e-05,5.3355066143012664e-08,2.7873331873706775e-06,3.781395889745909e-06,3.8184043660294265e-05,1.8869251334763248e-06,5.50563572687679e-06,0.00015148241072893143,4.3035242924815975e-06,5.589217266788182e-08,5.601173143077176e-07,2.339098500669934e-06,1.3654619124281453e-06,8.182585133909015e-07,2.8379437935655005e-05,0.004829904530197382,5.284749931888655e-06,3.827971886494197e-05,2.0328488972154446e-06,0.0003724450943991542,3.840491990558803e-05,9.399260306963697e-06,4.4396103476174176e-05,1.3368829968385398e-05,0.006669992581009865,1.974217957467772e-05,0.00015087456267792732,0.00026716734282672405,4.705680112238042e-07,1.9914398308173986e-06,1.5205476699975407e-07,5.771265932708047e-06,5.818996578454971e-05,2.6847685603570426e-06,2.8184686016174965e-06,7.125389061002352e-07,2.6454435442246904e-07,6.405729436664842e-06,1.0075035916656816e-08,0.0023139154072850943,2.1473609024269535e-07,7.16054710210301e-05
/users/PAS2099/jianyanggu/PlotDiversiVision/data/CPER_012/CPER_012_PlantDiversity_40_1_3_20140610-straightened.jpg,CPER_012/CPER_012_PlantDiversity_40_1_3_20140610-straightened.jpg,CPER,2014,,CPER_012,40_1_3,40,1,3,20140610,true,CPER_012_PlantDiversity_40_1_3_20140610-straightened_r0_c1,3,0,1,674,0,1349,666,73,1.1779828810176696e-06,6.490758153177012e-09,7.826038483926823e-08,2.467464582878165e-06,3.7725644119745994e-07,1.1824298873364114e-08,1.8585127881109997e-09,5.552965376409702e-08,1.915699067467358e-05,2.902075948441052e-06,1.4423151242226595e-06,5.442516703624278e-05,6.992902257252354e-09,1.0099197866875187e-10,6.251850948046922e-08,0.04622483253479004,0.9513024687767029,1.3929633496445604e-05,3.84180935952827e-07,4.2524627019702166e-07,7.555684078397462e-08,1.3501359319434414e-07,1.197418075804535e-08,9.595876235835021e-07,1.787310225154215e-06,2.1225795876489428e-07,3.438502244534902e-05,9.529225764026705e-08,7.881342867221974e-08,1.0352556145676317e-08,6.961316785236704e-07,1.2752979046126711e-06,2.4514282159771028e-08,3.03267211165803e-06,5.450988282973412e-07,3.823591896434664e-07,7.373509447461402e-08,2.577891677901789e-07,9.860308637144044e-06,6.110595904829097e-07,9.546977430829884e-09,1.0248547788194173e-08,1.195884919980017e-07,3.138932243018644e-07,1.550964583429959e-07,4.971670932718553e-07,0.0013121182564646006,5.963240141682036e-07,2.752790919657855e-07,3.870890452617459e-08,6.642589141847566e-06,2.914868446168839e-06,3.5488122307469894e-07,6.392384239006788e-05,1.7489002175352653e-06,0.0006416598916985095,1.9513527149683796e-05,1.3052575013716705e-05,7.412580453092232e-05,4.2909334752039285e-08,9.150338655672385e-07,1.6455418005989486e-07,2.7871314500771405e-07,3.059886353184993e-07,4.045130452823287e-08,1.0888868473557523e-06,8.666770554555114e-07,1.5200267000636813e-07,7.04606179624534e-07,1.346503242238839e-09,0.00016172292816918343,1.750018796542463e-09,1.7007021597237326e-05
/users/PAS2099/jianyanggu/PlotDiversiVision/data/CPER_012/CPER_012_PlantDiversity_40_1_3_20140610-straightened.jpg,CPER_012/CPER_012_PlantDiversity_40_1_3_20140610-straightened.jpg,CPER,2014,,CPER_012,40_1_3,40,1,3,20140610,true,CPER_012_PlantDiversity_40_1_3_20140610-straightened_r0_c2,3,0,2,1349,0,2023,666,73,0.0005328294937498868,5.126747055328451e-06,3.5061545986536657e-06,0.00021529736113734543,2.3921575120766647e-06,8.276983294308593e-07,7.414686251649982e-07,2.6040537704830058e-05,0.0009423643932677805,6.635898898821324e-05,0.0006557916640304029,0.003093007020652294,8.765717211645097e-06,4.918804918929709e-08,1.146383146988228e-05,0.04559136927127838,0.8103242516517639,6.171432323753834e-05,0.0002854937338270247,8.278444147435948e-05,1.1902453707079985e-06,1.6358908396796323e-05,1.2151060673204483e-06,3.7493491618079133e-06,0.0007521614315919578,8.485789294354618e-06,0.000990955508314073,7.211531192297116e-05,1.6966624798442353e-06,1.8207115317636635e-06,7.664988515898585e-05,0.00018570487736724317,1.4116145393927582e-05,0.0006069154478609562,7.636620284756646e-05,0.0013475902378559113,3.884306806867244e-06,1.3653891983267386e-05,0.0017320240149274468,0.00028090676642023027,1.3852563824912068e-06,5.284526196192019e-06,3.5140012641932117e-06,1.1168069249833934e-05,5.984909876133315e-06,1.9791259546764195e-05,0.011487181298434734,7.132328755687922e-05,5.517031968338415e-05,8.981295650301035e-06,0.0006134585128165781,0.00010754622053354979,8.731047273613513e-05,0.0005520929116755724,7.690088386880234e-05,0.00805736891925335,0.0023788297548890114,0.002032533288002014,0.0016695199301466346,2.3842133032303536e-06,8.358026389032602e-05,7.197541708592325e-05,0.000670588226057589,2.3908358343760483e-05,9.377409696753602e-06,2.959482117148582e-05,5.319516276358627e-06,1.046931515702454e-06,0.0001130028031184338,1.8847159708457184e-06,0.10342121869325638,5.044800218456658e-06,0.00021812210616189986
/users/PAS2099/jianyanggu/PlotDiversiVision/data/CPER_012/CPER_012_PlantDiversity_40_1_3_20140610-straightened.jpg,CPER_012/CPER_012_PlantDiversity_40_1_3_20140610-straightened.jpg,CPER,2014,,CPER_012,40_1_3,40,1,3,20140610,true,CPER_012_PlantDiversity_40_1_3_20140610-straightened_r1_c0,3,1,0,0,666,674,1332,73,9.598669748811517e-06,6.85422989477047e-08,4.51837429693569e-08,7.760203516227193e-06,4.480459026012795e-08,1.3378010699227616e-08,5.680833026211474e-10,6.506610930046008e-07,1.4642145288235042e-05,7.55944199681835e-07,6.189547093526926e-06,0.00019787151541095227,4.715317629688798e-07,3.9264963502816386e-10,2.5675203119135404e-07,0.042363181710243225,0.9418463110923767,9.205316928273533e-06,1.270462689717533e-06,2.280928129039239e-06,8.172236221071216e-08,3.9191843370645074e-07,8.360128589401938e-09,5.7872508563150404e-08,1.9140559288644e-06,6.486042138931225e-07,0.00014172453666105866,8.219136589104892e-07,2.2310990388518803e-08,1.3082574135125924e-08,2.664700957666355e-07,5.118119588587433e-06,5.1419888791315316e-08,1.0089373063237872e-05,8.307332564072567e-07,3.751644726435188e-06,1.2568970930715295e-07,8.362178505194606e-07,4.333117976784706e-05,1.9011249605682679e-06,5.1323247873824585e-09,2.5612092002802456e-08,3.174215521539736e-07,1.9004352225238108e-07,4.404911351230112e-07,2.2844622549200722e-07,0.00017802570073399693,1.3695902225663303e-06,4.527419605437899e-06,7.724227089056512e-07,1.0077448678202927e-05,4.957888904755237e-06,3.007272425747942e-06,1.1317636563035194e-05,1.4679104651804664e-06,0.0034232870675623417,8.667017391417176e-05,1.1236632417421788e-05,1.3099122952553444e-05,3.8875409558158935e-08,1.3112864962749882e-06,2.3760178180509683e-07,4.580612767313141e-06,6.930532663318445e-07,2.1877798417335725e-07,1.5642635275980865e-07,2.3812259541955427e-07,4.400055786391022e-08,9.865132597042248e-06,4.81839457222577e-09,0.011553561314940453,7.995417661277315e-09,5.5389486988133285e-06
/users/PAS2099/jianyanggu/PlotDiversiVision/data/CPER_012/CPER_012_PlantDiversity_40_1_3_20140610-straightened.jpg,CPER_012/CPER_012_PlantDiversity_40_1_3_20140610-straightened.jpg,CPER,2014,,CPER_012,40_1_3,40,1,3,20140610,true,CPER_012_PlantDiversity_40_1_3_20140610-straightened_r1_c1,3,1,1,674,666,1349,1332,73,0.005703337956219912,4.489251659833826e-05,1.1530671145010274e-05,5.514758959179744e-05,1.4941847439331468e-05,3.052854026464047e-06,5.976897909931722e-07,1.0172754628001712e-05,0.0019067969406023622,0.0017023702384904027,0.00020348827820271254,0.0019294650992378592,1.1129111953778192e-05,2.5285103788519336e-07,7.524303782702191e-06,0.06837446242570877,0.7848300933837891,0.0013022187631577253,0.00010286588803865016,1.001802047539968e-05,1.754686309141107e-05,3.6668850498244865e-06,1.4802110399614321e-06,6.764811928405834e-07,1.557230825710576e-05,2.1569923774222843e-05,0.06270230561494827,8.036114195419941e-06,3.203114101779647e-05,2.4222581487265415e-06,0.0003185240493621677,8.254226122517139e-05,5.116079591971356e-06,0.0004266145406290889,9.089941886486486e-05,0.0028491723351180553,2.0545767256408e-05,0.00039943636511452496,0.003691550111398101,0.00036939853453077376,1.3473780200001784e-05,6.621283682761714e-05,0.0001764258195180446,0.00016515231982339174,9.230340947397053e-05,6.672807649010792e-05,0.005788646638393402,0.004442408215254545,0.0011144672753289342,0.00025660800747573376,0.00045618112199008465,1.9765606339205988e-05,0.00019130106375087053,0.0009840468410402536,2.432546898489818e-05,0.042372800409793854,0.0002918885147664696,4.321225424064323e-05,0.00016431778203696012,0.0006935317651368678,1.1107819773314986e-05,5.0510006985859945e-06,5.324208177626133e-05,0.0003036874404642731,0.0001515280018793419,1.9837820218526758e-05,0.00134286901447922,7.02346587786451e-05,0.0003082580806221813,3.936815573979402e-06,0.00275639770552516,2.2247231754590757e-06,0.00026434389292262495
/users/PAS2099/jianyanggu/PlotDiversiVision/data/CPER_012/CPER_012_PlantDiversity_40_1_3_20140610-straightened.jpg,CPER_012/CPER_012_PlantDiversity_40_1_3_20140610-straightened.jpg,CPER,2014,,CPER_012,40_1_3,40,1,3,20140610,true,CPER_012_PlantDiversity_40_1_3_20140610-straightened_r1_c2,3,1,2,1349,666,2023,1332,73,0.00016356354171875864,2.6567597615212435e-06,1.566082232784538e-06,1.2940661690663546e-05,9.85345286608208e-06,0.00013715022942051291,3.2978645322145894e-05,0.0002049309405265376,0.000695911468937993,0.00016619380039628595,9.330872217105934e-07,2.5004451345012058e-06,7.596552313771099e-05,8.858923195020907e-08,0.00011511908087413758,0.00016877619782462716,0.0006095464341342449,1.0218101124337409e-05,4.144423201069003e-06,5.839981895405799e-06,7.41282565286383e-05,2.8309557364991633e-06,6.83200778439641e-06,8.094847544271033e-06,8.593678103352431e-06,8.080135739874095e-05,0.0007474133744835854,3.737010956683662e-06,9.30975261326239e-07,5.665403023158433e-06,0.00014404617832042277,5.123600931256078e-05,4.6452736569335684e-05,6.431578754018119e-07,7.945299529410477e-08,0.010801667347550392,0.007460948079824448,7.886698585934937e-05,0.07497671246528625,1.1079803698521573e-05,0.0001257735857507214,1.4140179700916633e-05,1.3962646789877908e-06,9.484751473110009e-08,0.0014724580105394125,1.4224632650439162e-05,0.002641111146658659,8.066769078141078e-05,1.6054922525654547e-05,3.5746674257097766e-05,0.0005555914831347764,1.3129607623341144e-06,0.0011760166380554438,0.2305484414100647,0.00011870721937157214,0.658195972442627,0.00015626763342879713,1.8046144759864546e-05,0.0006571889389306307,0.0003069742815569043,9.91173124020861e-07,1.282345351683034e-06,2.5738106046446774e-07,2.4953962565632537e-05,2.9072039978927933e-05,3.61741149390582e-05,0.0011873581679537892,0.002482552547007799,0.0030922985170036554,7.293558883247897e-05,2.144004838555702e-06,6.343858558466309e-07,1.5805583188921446e-06
/users/PAS2099/jianyanggu/PlotDiversiVision/data/CPER_012/CPER_012_PlantDiversity_40_1_3_20140610-straightened.jpg,CPER_012/CPER_012_PlantDiversity_40_1_3_20140610-straightened.jpg,CPER,2014,,CPER_012,40_1_3,40,1,3,20140610,true,CPER_012_PlantDiversity_40_1_3_20140610-straightened_r2_c0,3,2,0,0,1332,674,1998,73,0.004829098470509052,5.681948096025735e-06,1.1556876700069552e-07,3.414374805288389e-05,5.14589646627428e-06,9.57569454840268e-07,2.758343271125341e-06,7.1668623604637105e-06,0.0010005480144172907,6.523788761114702e-05,0.00021482593729160726,0.0007259598933160305,1.5641451682313345e-05,8.273138973891037e-08,1.425203026883537e-05,0.03046826273202896,0.9240201711654663,0.000314963748678565,1.536163836135529e-05,6.655759352724999e-05,2.768030071820249e-06,3.947091954614734e-06,7.006369173723215e-07,1.424012111783668e-06,8.933538083510939e-06,2.6869226985581918e-06,0.0004658699326682836,0.00010888426913879812,2.1695873329008464e-06,2.7060652882937575e-06,1.0616449799272232e-05,6.315310747595504e-05,8.281167538370937e-06,0.00033164798514917493,2.4045128157013096e-05,0.0016001402400434017,1.6723506632843055e-05,1.792494185792748e-05,0.002088983543217182,0.00011847669520648196,2.883659135477501e-06,3.483827867967193e-06,3.366648115843418e-06,4.000877197540831e-06,5.512137431651354e-05,1.1939902833546512e-05,0.009614366106688976,1.1740944501070771e-05,1.4140364328341093e-05,5.252277333056554e-06,0.0005078583490103483,7.743526657577604e-05,9.556473378324881e-05,0.00024172148550860584,2.3949925889610313e-05,0.0058435662649571896,0.000957019510678947,0.000550363096408546,0.000708088802639395,7.6057813203078695e-06,0.00017305130313616246,6.635452882619575e-05,0.0001592606568010524,1.66849531524349e-05,1.3090975699014962e-05,3.277150881331181e-06,6.655526703980286e-06,1.6259874655588646e-06,0.00040876740240491927,1.7038122450685478e-06,0.013700888492166996,3.2536937055738235e-07,2.188499092881102e-05
/users/PAS2099/jianyanggu/PlotDiversiVision/data/CPER_012/CPER_012_PlantDiversity_40_1_3_20140610-straightened.jpg,CPER_012/CPER_012_PlantDiversity_40_1_3_20140610-straightened.jpg,CPER,2014,,CPER_012,40_1_3,40,1,3,20140610,true,CPER_012_PlantDiversity_40_1_3_20140610-straightened_r2_c1,3,2,1,674,1332,1349,1998,73,2.0081961338291876e-05,8.949018592829816e-08,9.772899822735326e-09,1.4905660918884678e-06,2.1018324858346205e-08,1.2806107285712187e-09,8.227440950747678e-09,1.3123819542215642e-07,9.70692781265825e-06,4.529749730863841e-07,4.581836492434377e-06,0.00011910481407539919,2.195814801098095e-07,3.818504179520232e-09,1.5947091469570296e-06,0.04539361596107483,0.9515318870544434,4.215449735056609e-06,6.305630222414038e-07,6.789125563955167e-07,2.3947720251271676e-07,1.8339441965053993e-07,1.8636349352618709e-07,2.697694689857144e-08,1.758320422595716e-06,5.016443651584268e-07,5.067668462288566e-05,4.303232969959936e-07,2.0266874400931556e-07,2.9487436492559027e-08,1.377774765387585e-07,1.6234162103501149e-06,3.8950823011418834e-08,2.047273301286623e-05,1.078791342479235e-06,3.359813126735389e-05,2.3401806004130776e-07,1.2361140306893503e-06,0.0005340718198567629,8.856994827510789e-05,3.688858996042654e-08,3.055839314924924e-08,9.507883191872679e-08,1.783952683354073e-07,1.6127002311350225e-07,1.1687670564697328e-07,0.0003882362216245383,1.8608572815992375e-07,4.1709319020810653e-07,5.25672646745079e-07,1.8597167581901886e-05,1.6764830661486485e-06,5.435543926068931e-07,3.919308437616564e-05,1.161141881311778e-06,0.001021018484607339,4.9280621169600636e-05,2.673572271305602e-05,1.0290919817634858e-05,7.993835993147513e-08,1.93067426152993e-05,1.6070633819253999e-06,9.583561222825665e-06,2.531361928959086e-07,8.186214728311825e-08,3.311519236603999e-08,1.798458839630257e-07,1.3717117219869124e-08,4.25808502768632e-06,2.4791349417796482e-08,0.0005813372554257512,1.2944964211669685e-08,8.895926271179633e-07
/users/PAS2099/jianyanggu/PlotDiversiVision/data/CPER_012/CPER_012_PlantDiversity_40_1_3_20140610-straightened.jpg,CPER_012/CPER_012_PlantDiversity_40_1_3_20140610-straightened.jpg,CPER,2014,,CPER_012,40_1_3,40,1,3,20140610,true,CPER_012_PlantDiversity_40_1_3_20140610-straightened_r2_c2,3,2,2,1349,1332,2023,1998,73,0.0006287924479693174,2.1247008135105716e-06,7.320084449702335e-08,1.925499782373663e-05,5.269804503882369e-08,1.1481975370486452e-08,8.077350344137812e-08,2.352465173771634e-07,2.535989369789604e-05,1.374722501168435e-06,3.7347901525208727e-05,0.0008447588188573718,1.5769871879456332e-06,1.3642831753202245e-08,8.04313287972036e-07,0.036674655973911285,0.9549590945243835,8.725814041099511e-06,3.5449538700049743e-06,2.00852832676901e-06,2.066633669528528e-06,6.923359023858211e-07,2.365369056178679e-07,4.760454075380949e-08,0.00012777130177710205,3.25592532135488e-06,0.00010201554687228054,3.707519681483973e-06,6.141388553260185e-07,6.584197365100408e-08,5.888928171771113e-07,2.4478674731653882e-06,1.7083060299682984e-07,8.189021900761873e-05,1.7462723917560652e-05,0.0007562034879811108,4.438316523192043e-07,2.7484343263495248e-06,0.00043257794459350407,0.00014551752246916294,3.020440715317818e-07,1.2674921379129955e-07,8.929329737838998e-07,2.74599256044894e-06,1.375399165226554e-06,2.2056085526855895e-06,0.0010247037280350924,7.035475391603541e-06,2.8034658043907257e-06,4.826321855944116e-06,6.579712498933077e-05,3.304487108835019e-06,1.4198170674717403e-06,7.547016139142215e-05,1.6280208683383535e-06,0.0012712620664387941,0.00022671418264508247,4.78558758914005e-05,2.143515484931413e-05,2.1488266099822795e-07,1.8291148080606945e-05,4.3706095311790705e-06,5.712847632821649e-05,2.505668589947163e-06,2.3650545699638315e-06,4.0076969298752374e-07,5.698998393199872e-07,5.204755026966268e-08,4.804959462489933e-05,1.7364726545565645e-07,0.002205814002081752,7.923114964114575e-08,7.537489182141144e-06
/users/PAS2099/jianyanggu/PlotDiversiVision/data/CPER_012/CPER_012_PlantDiversity_41_1_1_20140610-straightened.jpg,CPER_012/CPER_012_PlantDiversity_41_1_1_20140610-straightened.jpg,CPER,2014,,CPER_012,41_1_1,41,1,1,20140610,true,CPER_012_PlantDiversity_41_1_1_20140610-straightened_r0_c0,3,0,0,0,0,666,647,73,1.3124552424415015e-05,7.305300186999375e-07,2.3018900563442912e-08,4.662863830162678e-06,8.184508715203265e-08,1.4073747500731315e-08,8.908325632717151e-09,4.715091392881732e-07,1.8371978512732312e-05,1.9329003464463312e-07,2.1603170807793504e-06,0.00024519063299521804,1.5540604181296658e-06,6.940454322368339e-10,4.292713526865555e-07,0.02308879792690277,0.9722272157669067,3.9578494579473045e-06,1.113343273573264e-06,6.9331117629189976e-06,9.34258252982545e-08,8.167265832526027e-07,4.3876255517716345e-08,4.9237023347359354e-08,7.333948133236845e-07,4.845484227189445e-07,0.0002348513517063111,6.371139420480176e-07,7.99680606178299e-08,4.971110456608585e-08,6.987108491784966e-08,4.860333319811616e-06,1.7063905488612363e-07,2.098376853609807e-06,1.1836792737085489e-06,7.740676664980128e-05,2.18266492879593e-07,3.2550033779443766e-07,0.001006326056085527,2.4973573090392165e-05,1.4090293376511909e-08,1.046127451331813e-08,4.559470596632309e-07,5.393231390371511e-07,8.969229980948512e-08,1.0714062170791294e-07,0.00022617507784161717,1.00761906196567e-06,6.144083727122052e-06,2.7134288416164054e-07,1.441890071873786e-05,2.6524551230977522e-06,5.262171498543466e-07,1.4035328604222741e-05,3.815499383108545e-07,6.423590093618259e-05,0.00026904689730145037,1.0589735211397056e-05,1.0731129805208184e-05,2.244137675688762e-07,6.47386877972167e-06,2.554453885750263e-06,0.00010659775580279529,4.633165190170985e-06,2.4508457840966e-07,7.477709118575149e-08,3.977113749442651e-07,1.2440143137837367e-08,2.6352809072704986e-05,2.2992923121023523e-08,0.002257950371131301,3.682032101437471e-08,2.4992143607960315e-06
/users/PAS2099/jianyanggu/PlotDiversiVision/data/CPER_012/CPER_012_PlantDiversity_41_1_1_20140610-straightened.jpg,CPER_012/CPER_012_PlantDiversity_41_1_1_20140610-straightened.jpg,CPER,2014,,CPER_012,41_1_1,41,1,1,20140610,true,CPER_012_PlantDiversity_41_1_1_20140610-straightened_r0_c1,3,0,1,666,0,1333,647,73,1.1002094879586366e-06,1.066439825336829e-08,4.7428883043210135e-09,4.212388375890441e-06,3.763589617733487e-08,1.0537776207186766e-09,5.404389158414347e-10,1.6912210298869468e-07,3.0846720164845465e-06,1.2823649342408316e-07,1.5925361367408186e-06,0.0001541810343042016,3.729731190560415e-08,7.644204713663783e-11,3.910456598532619e-07,0.050729088485240936,0.9472061395645142,2.495719627404469e-06,1.1047767429772648e-06,1.3675936543222633e-06,4.42644569886852e-08,5.999259400368828e-08,2.1829899665704033e-08,8.083733149533145e-08,1.1161973816342652e-06,1.3636129381211504e-07,3.541617843438871e-05,1.0951004725257008e-07,7.760657183553121e-08,8.266878737117622e-09,2.1573104191929815e-08,1.3077925586912897e-06,8.132975182206792e-08,3.513331421345356e-06,4.875728905062715e-07,3.123212763966876e-06,2.3679683991417733e-08,9.076312323941238e-08,2.5343942979816347e-05,1.8514377870815224e-06,5.734387631406435e-09,1.1908437791419146e-08,2.0505492415168192e-08,1.100150086585927e-07,1.3650024754952028e-07,3.1401154387822316e-07,0.00010032598947873339,1.0407313055793566e-07,2.662755775872938e-07,1.7621103154397133e-07,1.1041832294722553e-05,2.884424077365111e-07,2.1349534051751107e-07,1.7015832781908102e-05,4.826652002520859e-07,0.00032844964880496264,0.0001324538025073707,2.8119707167206798e-06,4.207667188893538e-06,2.3306697016778344e-08,1.366650394629687e-05,3.700990305333107e-07,8.061415428528562e-06,8.573045562343395e-08,5.259824220615883e-08,9.612055862362467e-08,1.5351119486695097e-07,7.501853360736277e-09,2.3697964479652e-06,1.799153825920996e-09,0.0011960777919739485,4.112919338439269e-09,2.5125700631178916e-06
/users/PAS2099/jianyanggu/PlotDiversiVision/data/CPER_012/CPER_012_PlantDiversity_41_1_1_20140610-straightened.jpg,CPER_012/CPER_012_PlantDiversity_41_1_1_20140610-straightened.jpg,CPER,2014,,CPER_012,41_1_1,41,1,1,20140610,true,CPER_012_PlantDiversity_41_1_1_20140610-straightened_r0_c2,3,0,2,1333,0,1999,647,73,4.4905282265972346e-05,1.5312603807160485e-07,1.7728279999573715e-06,4.7217850806191564e-05,5.430715646070894e-07,5.2692553254019e-07,4.0425754832540406e-07,1.5953969523252454e-06,0.00046676851343363523,2.6423438612255268e-05,8.15219300420722e-06,0.00019556478946469724,1.738703474529757e-07,1.489927181630435e-09,1.2317459550104104e-06,0.01674019917845726,0.9712843298912048,5.215682449488668e-06,1.3591351489594672e-05,4.1015759052243084e-05,4.7092066779441666e-07,1.3572698662756011e-05,9.111157339702913e-08,2.0077041540389473e-07,1.539743425382767e-05,1.6194260865631804e-07,0.00036988433566875756,2.6939429176309204e-07,3.7226023152925336e-08,1.1140251388042088e-07,5.4532243666471913e-05,1.576834802108351e-05,1.1681704563670792e-06,8.245584467658773e-06,2.756407866399968e-07,3.108564123976976e-05,1.6471261687911465e-07,1.459764189348789e-05,0.00045231785043142736,1.0834812201210298e-05,1.5666771560063353e-06,1.1589819592927597e-07,3.938714030482515e-07,1.4878557408337656e-07,7.113532092262176e-07,3.1065121675055707e-06,0.0016597060021013021,1.8880584775615716e-06,2.162796135962708e-06,1.013620249068481e-06,8.967824214778375e-06,4.067949703312479e-05,2.129328890987381e-07,1.6638437955407426e-05,6.67717176838778e-06,0.006019114051014185,0.00014091163757257164,8.081166015472263e-06,9.547441732138395e-05,1.1376891961845104e-06,6.571996891580056e-06,4.546006948658032e-06,2.739134970397572e-06,1.2808333849534392e-05,1.4301153896667529e-06,2.9019238354521804e-06,2.0319680515967775e-06,2.2759643059089285e-07,6.110023969085887e-05,4.0001904721975734e-07,0.0007288099150173366,3.1147811796472524e-07,0.0012985406210646033
/users/PAS2099/jianyanggu/PlotDiversiVision/data/CPER_012/CPER_012_PlantDiversity_41_1_1_20140610-straightened.jpg,CPER_012/CPER_012_PlantDiversity_41_1_1_20140610-straightened.jpg,CPER,2014,,CPER_012,41_1_1,41,1,1,20140610,true,CPER_012_PlantDiversity_41_1_1_20140610-straightened_r1_c0,3,1,0,0,647,666,1295,73,5.058598162577255e-06,3.194922442162351e-07,2.0981914872209018e-08,3.1542484066449106e-05,3.089697031555261e-08,1.6180264239551434e-08,1.2024702122914732e-08,1.891738634185458e-06,6.618300176342018e-06,1.664841988713306e-07,5.625045105261961e-07,0.0006163389189168811,1.5951252407830907e-07,4.5860326647328975e-10,1.7677933783488697e-06,0.021655535325407982,0.9694796800613403,2.848028452717699e-05,3.4591651001392165e-06,2.4716648113098927e-05,4.838538814055937e-08,4.409745315570035e-07,4.8511434869169534e-08,1.2191173937026178e-06,6.204855253599817e-06,6.787503536997974e-08,0.00013796729035675526,3.1261442927643657e-06,1.7254193096505333e-07,5.5227292961035346e-08,1.1278987699370191e-07,2.824194416461978e-05,2.250362456379662e-07,0.0001107507778215222,8.214047738874797e-06,5.136554136697669e-06,7.942179536257754e-08,2.2125780105852755e-06,0.00020122883142903447,5.8926645579049364e-05,1.1990257675620342e-08,4.909035844491427e-09,9.382092116538843e-07,1.3599141368558776e-07,3.930406364816008e-07,3.416019112023605e-08,7.840892794774845e-05,1.7884746057461598e-06,2.022268199652899e-05,1.595441574409051e-07,1.839611286413856e-05,1.3457240129355341e-05,1.0509048706808244e-06,6.763370038243011e-06,7.096849117260717e-07,0.00028337142430245876,0.0007795951096341014,4.959242232871475e-06,2.6315150535083376e-05,1.1629388296796606e-07,1.8319429727853276e-05,3.938873760489514e-06,3.529640889610164e-05,4.091813934792299e-06,1.9513636573265103e-07,1.5620425131146476e-07,4.328926195285021e-07,2.0141582623978138e-08,4.61098625237355e-06,3.562342953955522e-08,0.0062372577376663685,1.37186084714358e-08,3.779535836656578e-05
/users/PAS2099/jianyanggu/PlotDiversiVision/data/CPER_012/CPER_012_PlantDiversity_41_1_1_20140610-straightened.jpg,CPER_012/CPER_012_PlantDiversity_41_1_1_20140610-straightened.jpg,CPER,2014,,CPER_012,41_1_1,41,1,1,20140610,true,CPER_012_PlantDiversity_41_1_1_20140610-straightened_r1_c1,3,1,1,666,647,1333,1295,73,2.4564980094510247e-07,1.736893184833832e-09,1.1607292904614042e-09,1.2160414826212218e-06,6.4673639776913205e-09,1.470733812514169e-10,1.4643902410127474e-11,3.334059073267781e-08,5.317316436048714e-07,5.659646973299459e-08,2.1929373872353608e-07,5.875574061064981e-06,1.9218186153580064e-08,6.749244826215195e-12,5.271988179345044e-09,0.044471535831689835,0.955351710319519,8.287053105959785e-07,6.367950078356444e-08,7.656698386426797e-08,1.0246604675856474e-09,6.079679337744892e-08,6.351543735405585e-10,7.463566653598264e-09,1.4403093828718738e-08,6.654459649979572e-09,3.315418780402979e-06,9.200888051452694e-09,1.4800038972140328e-09,4.255189811619431e-10,5.541967773581291e-09,5.112053713673959e-07,2.669767962260039e-09,1.5111892537333915e-07,7.968908022348842e-08,3.231346852317074e-07,8.230741088688376e-10,2.201786752920043e-09,3.0235980830184417e-06,6.927761120323339e-08,1.0571821196236897e-10,2.4510932172816524e-10,2.9644686705410095e-08,1.0467302047345584e-07,5.182063667064085e-09,8.376262172760107e-08,7.834187999833375e-05,4.6538826126152344e-08,5.670127478651921e-08,9.931014233188762e-09,9.064640948963643e-08,2.872879463211575e-07,1.0290521323952362e-08,7.44346806413887e-08,3.779066730658087e-07,3.7523517676163465e-05,1.5029976339064888e-06,6.224950084288139e-07,7.899782303866232e-07,4.2266381505839945e-09,3.7675229691558343e-07,5.864058749693868e-08,8.175397852028254e-07,1.1017363021892379e-07,1.3573414392453742e-08,3.2266260774349576e-09,1.4484750288090709e-08,8.494733805264332e-10,9.76866516566588e-08,1.5429864330673837e-10,3.8221296563278884e-05,5.039841322052041e-10,3.6195442021380586e-07
/users/PAS2099/jianyanggu/PlotDiversiVision/data/CPER_012/CPER_012_PlantDiversity_41_1_1_20140610-straightened.jpg,CPER_012/CPER_012_PlantDiversity_41_1_1_20140610-straightened.jpg,CPER,2014,,CPER_012,41_1_1,41,1,1,20140610,true,CPER_012_PlantDiversity_41_1_1_20140610-straightened_r1_c2,3,1,2,1333,647,1999,1295,73,2.538813248520455e-07,1.0673960382234782e-08,1.2050319631029538e-09,1.2782919611709076e-06,3.375770774027842e-08,3.805509796173112e-10,2.2938682897599705e-10,1.5962870136831953e-08,1.781325408956036e-06,8.878546964297129e-08,5.312800794854411e-07,1.9523484297678806e-05,6.354537873676236e-08,2.2984305431128504e-11,5.2352216783901895e-08,0.051959432661533356,0.9475167989730835,2.6536911263974616e-06,3.044142431463115e-07,7.973751081635783e-08,2.80184742074141e-09,2.8658538653303367e-08,4.2904684249833736e-09,6.879964153938545e-09,1.6783796752406488e-07,2.6082252801984396e-08,1.723040077195037e-05,3.554673355665727e-08,3.487168331872681e-09,1.7059664791929663e-09,5.1151549662620255e-09,4.9253981160291e-07,1.0653987025932565e-08,8.249056122622278e-07,7.172234006702638e-08,1.1849042493849993e-06,8.27183033180745e-09,2.8455483302991524e-08,5.241344479145482e-05,5.980912760605861e-07,3.87451892791546e-09,1.5208760917317932e-09,5.537813052569618e-08,4.599966629825758e-08,3.7687448717349525e-09,3.5589202695973654e-08,0.00010022651986218989,2.8264642182307398e-08,5.353711074462808e-08,3.3609424576752644e-08,6.215512371454679e-07,2.0707678061171464e-07,2.702365797802031e-08,5.117853447700327e-07,2.956635682949127e-07,0.00011048535816371441,2.460281166349887e-06,1.8679883169170353e-06,2.947324219348957e-06,3.516384339263823e-08,1.97453232431144e-06,2.626257469273696e-07,2.1116031803103397e-06,1.678661334381104e-07,1.7836763177569992e-08,7.530725376625469e-09,1.1883619777108834e-07,4.203728920515459e-09,3.605780705129291e-07,1.955415385168635e-09,0.00019815217819996178,3.0536528861091483e-09,8.986979764813441e-07
/users/PAS2099/jianyanggu/PlotDiversiVision/data/CPER_012/CPER_012_PlantDiversity_41_1_1_20140610-straightened.jpg,CPER_012/CPER_012_PlantDiversity_41_1_1_20140610-straightened.jpg,CPER,2014,,CPER_012,41_1_1,41,1,1,20140610,true,CPER_012_PlantDiversity_41_1_1_20140610-straightened_r2_c0,3,2,0,0,1295,666,1942,73,0.00010364538320573047,4.049946710438235e-06,7.171962010943389e-07,0.00012281647650524974,3.5260989079688443e-06,6.418564453269937e-07,2.055883641105538e-07,1.8271749695486506e-06,0.00039647307130508125,5.69196417927742e-05,4.71128587378189e-05,0.007384187076240778,1.1400550647522323e-05,7.440773774902709e-09,2.2205607820069417e-05,0.039997801184654236,0.8458144664764404,5.81528693146538e-05,1.853218964242842e-05,1.7334630683762953e-05,6.650998329860158e-06,1.3985841178509872e-05,5.841873758072325e-07,2.2149758933665e-06,0.00031518199830316007,1.1277620615146589e-05,0.0014707458904013038,2.978293014166411e-05,3.475179539691453e-07,2.5851377358776517e-06,8.581983820477035e-06,0.00011445221025496721,3.217809717170894e-05,6.183520599734038e-05,4.233490017213626e-06,0.00010902208305196837,4.666691438615089e-06,1.352032177237561e-05,0.005306754261255264,0.00018598983297124505,7.577269229841477e-07,8.037794714255142e-07,5.057613179815235e-06,4.589786385622574e-06,2.310602894795011e-06,8.447515028819907e-06,0.0009623959776945412,2.5821525923674926e-05,8.053702185861766e-05,1.2670486285060178e-05,0.00035427132388576865,6.094787022448145e-05,1.813461676647421e-05,0.0013286524917930365,1.8379694665782154e-05,0.0027228191029280424,0.011004085652530193,5.630030500469729e-05,0.0005250631948001683,4.854849976254627e-06,2.3839413188397884e-05,2.486662197043188e-06,0.0001839829346863553,9.673233762441669e-06,6.13752672506962e-06,3.970644684159197e-06,2.2726562747266144e-05,5.1614397307275794e-06,0.0003247704007662833,4.724457539850846e-06,0.08026263862848282,8.14564486972813e-07,0.00019551441073417664
/users/PAS2099/jianyanggu/PlotDiversiVision/data/CPER_012/CPER_012_PlantDiversity_41_1_1_20140610-straightened.jpg,CPER_012/CPER_012_PlantDiversity_41_1_1_20140610-straightened.jpg,CPER,2014,,CPER_012,41_1_1,41,1,1,20140610,true,CPER_012_PlantDiversity_41_1_1_20140610-straightened_r2_c1,3,2,1,666,1295,1333,1942,73,1.1357235962350387e-05,1.527092621245174e-07,1.2334494314814037e-08,4.5279502955963835e-05,3.8723220541214687e-07,1.7781399463956404e-08,5.714995587879912e-09,1.477452883591468e-06,2.7728792701964267e-05,2.334917098778533e-06,2.055666845990345e-05,0.00022430045646615326,1.8165900428357418e-07,1.0633114388980403e-09,2.0538149669846462e-07,0.04100855439901352,0.9545223712921143,3.302574623376131e-05,4.3391113990765007e-07,3.942708190152189e-06,2.8930953632766432e-08,4.6154022470545897e-07,9.064618211596098e-08,4.4598726844924386e-07,6.4632140492904e-06,5.219549592538897e-08,0.0001450105191906914,5.23400785823469e-07,3.2766187985089346e-08,1.7671988317147225e-08,2.801797336360323e-07,1.7857832062873058e-05,1.1053791837412064e-07,4.939004611514974e-06,5.228961526881903e-06,7.817629375495017e-05,1.601155048547298e-07,3.787818059208803e-07,0.00024586706422269344,1.3449443031277042e-05,4.719717239254351e-08,2.1341962508358847e-07,4.81638892324554e-07,4.816572527488461e-07,1.9112064819637453e-07,1.2720512359010172e-06,0.0008342423825524747,3.835423740383703e-06,6.259178462642012e-06,3.3748719374671055e-07,1.2381324268062599e-05,8.86914767761482e-06,3.452521696090116e-06,1.6770251022535376e-05,1.4983460459916387e-05,0.0009651205618865788,7.30130122974515e-05,0.00018577292212285101,6.725426646880805e-05,6.186914447425806e-07,4.7058788368303794e-06,6.566869501511974e-07,2.1522175302379765e-05,8.20931927592028e-06,4.357457044079638e-07,3.5542285559131415e-07,3.576793403681222e-07,6.237981153844885e-08,3.965333235100843e-06,1.2386077052894962e-08,0.0013393955305218697,1.6718995965447903e-08,2.766717898339266e-06
/users/PAS2099/jianyanggu/PlotDiversiVision/data/CPER_012/CPER_012_PlantDiversity_41_1_1_20140610-straightened.jpg,CPER_012/CPER_012_PlantDiversity_41_1_1_20140610-straightened.jpg,CPER,2014,,CPER_012,41_1_1,41,1,1,20140610,true,CPER_012_PlantDiversity_41_1_1_20140610-straightened_r2_c2,3,2,2,1333,1295,1999,1942,73,6.850059435237199e-07,4.408610365658205e-09,2.013195388173017e-09,4.8581446208117995e-06,7.497982679183224e-09,4.624274296816111e-09,1.756905065875003e-09,4.120344954117172e-08,7.833763788767101e-07,8.375752003075831e-08,7.854740147195116e-07,1.7995676898863167e-05,1.3584302394065162e-07,1.9459547861977455e-10,1.4219896229406004e-06,0.07091475278139114,0.9284417629241943,2.597718946617533e-07,5.96020413468068e-07,4.012864849300968e-07,3.9245282579258856e-08,1.7147880271295435e-07,2.3899090706436255e-08,3.2964597718176947e-09,2.2109056772023905e-06,6.059745061293142e-08,6.292616490100045e-06,1.476509510212054e-07,4.020723309849927e-08,4.967182221093935e-09,1.051268299079311e-07,1.4473610008280957e-06,6.14426340916907e-08,1.6191752365557477e-06,5.543285510611895e-07,7.240570880640007e-07,6.3950422735103984e-09,9.860543315198811e-08,3.7341887946240604e-05,4.116861418879125e-06,4.014531285179146e-08,6.043766376251369e-09,9.581514603951291e-08,1.4715725171754457e-07,3.448460361710204e-08,1.297469793826167e-07,0.0001400885230395943,2.3652848568644913e-08,7.33584499812423e-08,3.453082513260597e-07,2.0792288069060305e-06,2.427564425033779e-07,1.1465727922654878e-08,6.340007416838489e-07,7.666261012673203e-07,0.00018904982425738126,1.810674621083308e-05,1.783377115316398e-06,1.924109483297798e-06,3.971819140247135e-08,2.1285281945893075e-06,4.33963634804968e-07,4.993845777789829e-06,1.5794235252997169e-07,5.221574994607181e-08,4.139596754271224e-08,3.598959708028815e-08,8.188468569869656e-09,1.0032731552200858e-06,9.795790845146257e-09,0.0001940238435054198,2.2687522971409635e-09,1.7450649920647265e-06
/users/PAS2099/jianyanggu/PlotDiversiVision/data/CPER_012/CPER_012_PlantDiversity_41_1_4_20140610-straightened.jpg,CPER_012/CPER_012_PlantDiversity_41_1_4_20140610-straightened.jpg,CPER,2014,,CPER_012,41_1_4,41,1,4,20140610,true,CPER_012_PlantDiversity_41_1_4_20140610-straightened_r0_c0,3,0,0,0,0,680,680,73,9.09428399609169e-06,6.521960926875181e-08,1.5852023693696538e-08,0.0001474471646361053,1.1642452335536291e-07,1.9017177521618578e-07,4.706073752913653e-09,4.0278104052049457e-07,5.177834736969089e-06,1.4430033843382262e-06,4.77798494102899e-06,7.305013423319906e-05,2.2677727429254446e-07,3.943471105216645e-10,9.766940820554737e-07,0.018100665882229805,0.9664087891578674,3.1185729767457815e-06,1.1502080496939016e-06,5.953879281150876e-06,1.8099169096785772e-07,2.696151284453663e-07,3.915324953140953e-08,2.2419339984480757e-07,1.8901189832831733e-05,1.3797890687783365e-06,0.0001228644250659272,7.154374657147855e-07,7.992703388026712e-08,2.2497644636132463e-07,2.1364546398672246e-07,1.5670713764848188e-05,2.2026172530331678e-07,1.2228690138726961e-05,5.840856260874716e-07,2.248950295324903e-06,2.643095058374456e-07,7.17698071639461e-07,7.738535350654274e-05,1.0883679806283908e-06,3.2580011577465484e-08,7.145315805701102e-08,1.695739229035098e-06,6.305626243374718e-07,1.871720201052085e-07,3.551902636900195e-06,0.00013332332309801131,8.107587063932442e-07,2.75658589998784e-06,3.5330225500729284e-07,5.759836494689807e-05,5.1881552280974574e-06,2.199989921791712e-06,1.681273352005519e-05,1.149589593296696e-06,0.0010065581882372499,0.000987292849458754,3.924690190615365e-06,9.740268069435842e-06,6.261497560444695e-07,1.8670787085284246e-06,1.6773448408002878e-07,3.0222786335798446e-06,6.94601226314262e-07,1.28247378938795e-07,1.5643289543731953e-06,1.484414156038838e-06,2.7777068112300185e-07,1.3116066838847473e-05,1.2886921751942282e-07,0.012694955803453922,3.950594518187245e-09,2.991608198499307e-05
/users/PAS2099/jianyanggu/PlotDiversiVision/data/CPER_012/CPER_012_PlantDiversity_41_1_4_20140610-straightened.jpg,CPER_012/CPER_012_PlantDiversity_41_1_4_20140610-straightened.jpg,CPER,2014,,CPER_012,41_1_4,41,1,4,20140610,true,CPER_012_PlantDiversity_41_1_4_20140610-straightened_r0_c1,3,0,1,680,0,1361,680,73,0.00011489260941743851,0.014143805019557476,1.8101840396411717e-05,0.000632499111816287,2.4537192075513303e-05,0.0006190126878209412,1.990572127397172e-05,2.4772502001724206e-05,0.0007819801685400307,0.0004538824432529509,4.538043140200898e-05,0.0003391831705812365,1.0491379725863226e-05,4.084616378463579e-08,3.370379545231117e-06,0.003171260003000498,0.012388886883854866,0.0003281762474216521,5.4099866247270256e-05,1.8871394786401652e-05,0.0002422387624392286,2.2411263671529014e-06,4.327928948555382e-08,3.6365815958561143e-07,0.0005936432280577719,1.655576670600567e-05,0.17420761287212372,1.4868875268803095e-06,2.1994470955633005e-07,8.76410285854945e-06,0.00015170946426223963,0.00013564591063186526,8.36592516861856e-06,1.7617674529901706e-05,1.4552230823028367e-05,0.004162059631198645,8.221837077826422e-08,0.00040910806274041533,0.0021429515909403563,5.529119516722858e-05,2.825991396093741e-05,1.450445779482834e-05,0.0003918297588825226,0.0005304399528540671,0.000995432841591537,1.0854596439457964e-05,0.0006678738282062113,0.6394262313842773,0.007669990416616201,0.0012948664370924234,0.01415902841836214,7.910944987088442e-06,0.0018453395459800959,0.0012096400605514646,1.408912521583261e-05,0.0176167581230402,0.0022056016605347395,9.33938008529367e-06,6.935439887456596e-05,0.0003013882087543607,6.142577717582753e-07,4.442922545422334e-06,0.011045502498745918,0.039863571524620056,0.043803952634334564,5.53863674213062e-06,0.0001927850826177746,1.1398845344956499e-05,0.0009450489305891097,7.60587511194899e-07,0.0001855566952144727,1.0723267223511357e-05,9.768531162990257e-05
/users/PAS2099/jianyanggu/PlotDiversiVision/data/CPER_012/CPER_012_PlantDiversity_41_1_4_20140610-straightened.jpg,CPER_012/CPER_012_PlantDiversity_41_1_4_20140610-straightened.jpg,CPER,2014,,CPER_012,41_1_4,41,1,4,20140610,true,CPER_012_PlantDiversity_41_1_4_20140610-straightened_r0_c2,3,0,2,1361,0,2041,680,73,0.22212402522563934,0.005726700648665428,0.0004028604889754206,0.006364951841533184,0.0003204809909220785,0.0003609152336139232,0.0002655826974660158,0.001204997068271041,0.01918388344347477,0.011608746834099293,0.0035433052107691765,0.0005329588311724365,8.982794679468498e-05,2.2009230349340214e-07,6.522451440105215e-05,0.0034393498208373785,0.01145286113023758,0.0003328688908368349,0.003825822612270713,0.0001211010167025961,0.000961492070928216,5.862030229764059e-05,3.199104321538471e-05,2.1008267140132375e-05,0.00012283926480449736,0.0008090708870440722,0.14042145013809204,2.317592407052871e-05,7.549252040917054e-05,2.8816054964408977e-06,0.0391504280269146,0.0011427151039242744,2.185264202125836e-05,0.004769966471940279,0.002717388793826103,0.10266400873661041,2.7078454877482727e-05,0.005885899532586336,0.008564130403101444,0.0006211507134139538,0.0012859757989645004,0.002438417635858059,0.001609459170140326,0.0040380386635661125,0.014084250666201115,0.0006484769401140511,0.0006506674108095467,0.10247932374477386,0.003226388245820999,0.003745846915990114,0.06280418485403061,4.284386886865832e-05,0.055595602840185165,0.021181229501962662,0.00025596434716135263,0.09840764105319977,0.0003945172647945583,0.00019994459580630064,0.0009288719156756997,0.0007393024279735982,0.00014919905515853316,0.000535530794877559,0.00015096180140972137,0.012791609391570091,0.009442382492125034,0.0007700208225287497,0.0005691395490430295,0.00014202554302755743,0.0010186185827478766,2.217189103248529e-05,5.187708666198887e-05,0.00016220816178247333,0.0003779935941565782
/users/PAS2099/jianyanggu/PlotDiversiVision/data/CPER_012/CPER_012_PlantDiversity_41_1_4_20140610-straightened.jpg,CPER_012/CPER_012_PlantDiversity_41_1_4_20140610-straightened.jpg,CPER,2014,,CPER_012,41_1_4,41,1,4,20140610,true,CPER_012_PlantDiversity_41_1_4_20140610-straightened_r1_c0,3,1,0,0,680,680,1360,73,0.002342364052310586,7.030607957858592e-05,0.00030226632952690125,0.02184515818953514,0.006337158381938934,0.0033036409877240658,0.00012472650269046426,0.0011061084223911166,0.030281832441687584,0.0054277838207781315,0.004734269343316555,0.23375998437404633,7.89068581070751e-05,3.3133126464690577e-08,9.063948709808756e-06,0.00437544472515583,0.20718519389629364,0.007620547898113728,0.0010668631875887513,0.006495760288089514,0.00017897761426866055,0.0001046838442562148,5.598920688498765e-05,0.00045539942220784724,7.5394291343400255e-06,0.02887793630361557,0.026629187166690826,0.0006884140893816948,0.0005624891491606832,1.8743021428235807e-05,0.001955804880708456,0.0203578881919384,8.009226803551428e-06,0.0006771520711481571,0.0003021948505192995,0.0006193779991008341,0.0021224881056696177,0.0005303584039211273,0.000588037190027535,4.6682484935445245e-06,8.939613326219842e-05,0.0007983306422829628,0.12794047594070435,0.011150012724101543,0.000943632097914815,0.02930317260324955,0.004569013603031635,0.0034171543084084988,0.007852617651224136,0.005056549794971943,0.08460156619548798,0.001037587528117001,0.0001291017106268555,0.05073961615562439,0.0005184087785892189,0.012124203145503998,0.003427546238526702,0.00033545505721122026,0.0029252786189317703,0.00024140362802427262,9.394114749738947e-05,9.642672011977993e-06,1.0972608833981212e-05,0.0023189636413007975,0.006303116213530302,0.01439235545694828,0.000732533517293632,0.004131918773055077,0.00013791752280667424,2.3036277525534388e-06,0.0023321998305618763,6.248857062018942e-06,0.0011146051110699773
/users/PAS2099/jianyanggu/PlotDiversiVision/data/CPER_012/CPER_012_PlantDiversity_41_1_4_20140610-straightened.jpg,CPER_012/CPER_012_PlantDiversity_41_1_4_20140610-straightened.jpg,CPER,2014,,CPER_012,41_1_4,41,1,4,20140610,true,CPER_012_PlantDiversity_41_1_4_20140610-straightened_r1_c1,3,1,1,680,680,1361,1360,73,0.001265068189240992,2.565320073699695e-06,1.4064043170947116e-05,0.33329886198043823,0.00026290243840776384,0.0008897064835764468,2.9708457077504136e-05,0.0002447269216645509,0.004193789325654507,0.001980824628844857,0.002298270119354129,0.0011346836108714342,1.2113791854062583e-05,6.742943980952987e-10,4.555296527541941e-06,0.018923893570899963,0.49172770977020264,5.369296923163347e-05,0.0002478176902513951,0.0004350231902208179,9.788366696739104e-06,4.493014421314001e-05,8.835903827275615e-06,5.0126069254474714e-05,3.924412158085033e-05,0.0004978402866981924,0.009654545225203037,9.064438927453011e-06,1.2299768968659919e-05,9.064814889825357e-07,0.0009700058144517243,0.00521225156262517,4.871689270657953e-06,7.384589480352588e-06,2.5281319722125772e-06,0.0003127908566966653,5.340372081263922e-05,5.9158292060601525e-06,0.0001120539745897986,3.1135826361605723e-07,6.38600386082544e-06,4.646668094210327e-05,0.017206231132149696,0.002537381835281849,1.3999222574057057e-05,0.007549375295639038,0.053608525544404984,0.00035489577567204833,0.00018776467186398804,0.0002559047716204077,0.011764196678996086,6.398712139343843e-05,2.4666784156579524e-05,0.0014646972995251417,0.002608636161312461,0.025357479229569435,6.417289841920137e-05,3.904401182808215e-06,2.3790325940353796e-05,1.3023597603023518e-05,0.00011367929255357012,1.9291796888865065e-06,1.311682694904448e-06,0.00015535745478700846,0.0004728296771645546,0.001281670993193984,1.4859690963930916e-05,1.9708508261828683e-05,2.250258512503933e-05,4.786526233147015e-07,0.00017110127373598516,1.8194591575593222e-06,0.0005582740996032953
/users/PAS2099/jianyanggu/PlotDiversiVision/data/CPER_012/CPER_012_PlantDiversity_41_1_4_20140610-straightened.jpg,CPER_012/CPER_012_PlantDiversity_41_1_4_20140610-straightened.jpg,CPER,2014,,CPER_012,41_1_4,41,1,4,20140610,true,CPER_012_PlantDiversity_41_1_4_20140610-straightened_r1_c2,3,1,2,1361,680,2041,1360,73,2.6523787255428033e-06,5.712581963024377e-09,1.226558623557139e-07,5.404037801781669e-05,3.992763026872126e-07,1.578842301341865e-07,9.27257737259879e-09,2.532076223360491e-06,0.00016940018394961953,1.4063221897231415e-05,3.5355319596419577e-06,0.0002635940327309072,3.927304703665868e-09,5.780027567681145e-10,8.770104500399611e-07,0.0458056703209877,0.9093196988105774,1.8459110151525238e-06,5.146664261701517e-05,1.239702760358341e-05,3.874911556067673e-07,5.243905434326734e-07,5.34871666957315e-08,1.33719893824491e-07,1.4780517858525855e-06,3.375456117282738e-06,0.00014991544594522566,5.0202665136112046e-08,1.6283327397559333e-07,2.2753624762117397e-08,2.6032014375232393e-06,3.36428674927447e-05,2.8865073886663595e-07,2.2909198378329165e-06,5.478399245362198e-08,2.9456080028467113e-06,8.994256717187454e-08,8.171701182391189e-08,2.6233983589918353e-06,7.946189839458384e-08,2.1695599983218017e-08,3.598528053316841e-08,9.393496839038562e-06,4.010918200947344e-05,8.038020951062208e-07,2.392435271758586e-05,0.030524564906954765,1.4918962278898107e-06,5.089377168587816e-07,1.484204631196917e-06,1.3432740161078982e-05,1.2934597748426313e-07,1.3916336527586282e-08,6.824050797149539e-05,5.9113139286637306e-05,0.013249500654637814,1.4044564522919245e-05,1.3372761031860136e-06,4.41641941506532e-06,4.534948772061398e-08,4.230460945109371e-06,3.592810173813632e-07,9.514045018477191e-08,1.5748602777421183e-07,1.1860051927214954e-05,4.08277583119343e-06,3.201367917426978e-07,1.3722244318614685e-07,2.906419467763044e-06,7.0820034281382505e-09,3.463383109192364e-05,3.184958430324514e-08,2.5207920771208592e-05
/users/PAS2099/jianyanggu/PlotDiversiVision/data/CPER_012/CPER_012_PlantDiversity_41_1_4_20140610-straightened.jpg,CPER_012/CPER_012_PlantDiversity_41_1_4_20140610-straightened.jpg,CPER,2014,,CPER_012,41_1_4,41,1,4,20140610,true,CPER_012_PlantDiversity_41_1_4_20140610-straightened_r2_c0,3,2,0,0,1360,680,2040,73,0.014613712206482887,5.331271677277982e-05,0.0012866624165326357,0.036411549896001816,0.00248772487975657,0.001059769419953227,0.00028835979173891246,0.00044688282650895417,0.021716799587011337,0.0294660571962595,0.010270349681377411,0.010370029136538506,0.0001808064989745617,7.726351327619341e-07,2.3015832994133234e-05,0.02325911819934845,0.18582671880722046,0.0014249009545892477,0.002069125883281231,0.0005529772024601698,0.0010142213432118297,0.0014963969588279724,6.960401515243575e-05,0.00026400884962640703,7.188224117271602e-06,0.012346982024610043,0.00822762493044138,0.0007379779126495123,0.00015531414828728884,1.4722071682626847e-05,0.010515988804399967,0.005146006587892771,7.808434747857973e-05,0.0010167703730985522,0.0001937773631652817,0.006124289706349373,0.0017952756024897099,0.00010878387547563761,0.0006557655287906528,3.6258177260606317e-06,4.0633596654515713e-05,0.0007686999160796404,0.01621853932738304,0.004547575488686562,0.000510691199451685,0.08619357645511627,0.06887907534837723,0.005087799858301878,0.004812991246581078,0.0019539042841643095,0.09813171625137329,0.0032063149847090244,0.008278059773147106,0.0887710303068161,0.0015603695064783096,0.16175727546215057,0.0011855821358039975,0.0003935942077077925,0.0007045972160995007,0.00021725725673604757,0.0008464509155601263,0.00011377425835235044,1.2897175110992976e-05,0.0020626008044928312,0.009841094724833965,0.030965805053710938,0.0003830858040601015,0.000500595779158175,0.0005214395350776613,6.461651355493814e-05,0.0005392204620875418,1.747435817378573e-05,0.00913066603243351
/users/PAS2099/jianyanggu/PlotDiversiVision/data/CPER_012/CPER_012_PlantDiversity_41_1_4_20140610-straightened.jpg,CPER_012/CPER_012_PlantDiversity_41_1_4_20140610-straightened.jpg,CPER,2014,,CPER_012,41_1_4,41,1,4,20140610,true,CPER_012_PlantDiversity_41_1_4_20140610-straightened_r2_c1,3,2,1,680,1360,1361,2040,73,0.0007367104990407825,7.885071681812406e-06,0.00023808616970200092,0.002608122071251273,0.0008215841371566057,0.0016844827914610505,6.628687697229907e-05,0.00012186349340481684,0.009738078340888023,0.00922341551631689,5.872691690456122e-05,0.0014678987208753824,3.725455826497637e-05,1.379470688789297e-07,8.138632983900607e-05,0.001831043278798461,0.009537567384541035,0.00020938059606123716,0.00024204220972023904,4.742300006910227e-05,0.0003433400997892022,2.5205963538610376e-05,2.490402494004229e-06,0.00015440995048265904,1.2631396202777978e-05,0.003528324654325843,0.03051893413066864,7.272028597071767e-05,8.606408300693147e-06,2.6253484975313768e-05,0.004497328773140907,0.0011412659659981728,0.00011895609350176528,2.8042799385730177e-05,1.3189848004913074e-06,0.0015819541877135634,0.0010157136712223291,0.00012350616452749819,0.0010825752979144454,8.389608865400078e-07,2.1045032553956844e-05,0.00013057596515864134,0.00019154566689394414,6.529604434035718e-05,0.0005239187157712877,0.0003186127287335694,0.006281525827944279,0.002500582952052355,0.001411104341968894,9.034250251716003e-05,0.007690065540373325,4.589981836033985e-05,0.0006656132754869759,0.17040285468101501,0.0006334678619168699,0.7047876119613647,0.0009887388441711664,0.00020524623687379062,0.00785623025149107,0.0003193696029484272,6.3143102124740835e-06,8.608641110186e-06,5.892118224437581e-07,0.0026549403555691242,0.0023852356243878603,0.001960589550435543,0.0022754173260182142,0.001739545725286007,0.00040947843808680773,1.8689084754441865e-05,5.0217997340951115e-05,1.1594715033425018e-05,0.00030536370468325913
/users/PAS2099/jianyanggu/PlotDiversiVision/data/CPER_012/CPER_012_PlantDiversity_41_1_4_20140610-straightened.jpg,CPER_012/CPER_012_PlantDiversity_41_1_4_20140610-straightened.jpg,CPER,2014,,CPER_012,41_1_4,41,1,4,20140610,true,CPER_012_PlantDiversity_41_1_4_20140610-straightened_r2_c2,3,2,2,1361,1360,2041,2040,73,0.0006999261677265167,3.868954536301317e-06,6.324001878965646e-05,0.029691308736801147,0.00026125810109078884,8.846574201015756e-05,2.2107728000264615e-05,0.00027524548931978643,0.006256247404962778,0.0034772148355841637,0.0015138069866225123,0.0035874838940799236,4.215858552925056e-06,1.1154342871577683e-07,0.0010478956392034888,0.011838714592158794,0.4645282030105591,0.00028149771969765425,0.010654665529727936,8.851570601109415e-05,4.3163305235793814e-05,0.00011422232637414709,3.7213780160527676e-05,0.0004149219603277743,0.000402446195948869,0.0006761078257113695,0.007913043722510338,0.00031258718809112906,0.0001777050638338551,0.00036318061756901443,0.005560729652643204,0.10167727619409561,0.0002686828374862671,0.0005685238866135478,7.400812137348112e-06,8.163911115843803e-05,1.1787909897975624e-05,0.00020743595086969435,0.0015729457372799516,7.190787437139079e-05,1.7701959222904406e-05,5.5893495300551876e-05,0.004522841889411211,0.00042619797750376165,4.824150164495222e-05,0.00016633456107228994,0.1921958476305008,0.00046963937347754836,0.00027712713927030563,5.558602788369171e-05,0.01057989988476038,5.500322731677443e-05,1.8931612430606037e-05,0.013051580637693405,0.005827060900628567,0.09150801599025726,0.007635139394551516,0.0003220401704311371,0.012482537887990475,0.00012935187260154635,4.697430631495081e-05,0.00011346451356075704,3.6912351788487285e-05,0.0003426033945288509,0.00021618774917442352,0.0010044124210253358,0.0006553661660291255,0.0007404378266073763,4.044158413307741e-05,4.8615231207804754e-05,0.00017220807785633951,8.277710549009498e-06,0.0018622416537255049
