label,resolved_labels,resolved_scientific_names,resolved_taxonomic_labels,taxonopy_resolution_statuses
Abutilon theophrasti,Abutilon theophrasti,Abutilon theophrasti,Plantae Tracheophyta Magnoliopsida Malvales Malvaceae Abutilon theophrasti,EXACT_MATCH_PRIMARY_SOURCE_ACCEPTED
Acalypha deamii,Acalypha deamii,Acalypha deamii,Plantae Tracheophyta Magnoliopsida Malpighiales Euphorbiaceae Acalypha deamii,EXACT_MATCH_PRIMARY_SOURCE_ACCEPTED
Acalypha gracilens,Acalypha gracilens,Acalypha gracilens,Plantae Tracheophyta Magnoliopsida Malpighiales Euphorbiaceae Acalypha gracilens,EXACT_MATCH_PRIMARY_SOURCE_ACCEPTED
Acalypha rhomboidea,Acalypha rhomboidea,Acalypha rhomboidea,Plantae Tracheophyta Magnoliopsida Malpighiales Euphorbiaceae Acalypha rhomboidea,EXACT_MATCH_PRIMARY_SOURCE_ACCEPTED
Acalypha virginica,Acalypha virginica,Acalypha virginica,Plantae Tracheophyta Magnoliopsida Malpighiales Euphorbiaceae Acalypha virginica,EXACT_MATCH_PRIMARY_SOURCE_ACCEPTED_AMONG_SYNONYMS_SIMPLE
Acer negundo,Acer negundo,Acer negundo,Plantae Tracheophyta Magnoliopsida Sapindales Sapindaceae Acer negundo,EXACT_MATCH_PRIMARY_SOURCE_ACCEPTED
Acer nigrum,Acer nigrum,Acer nigrum,Plantae Tracheophyta Magnoliopsida Sapindales Sapindaceae Acer nigrum,EXACT_MATCH_PRIMARY_SOURCE_ACCEPTED
Acer pensylvanicum,Acer pensylvanicum,Acer pensylvanicum,Plantae Tracheophyta Magnoliopsida Sapindales Sapindaceae Acer pensylvanicum,EXACT_MATCH_PRIMARY_SOURCE_ACCEPTED_AMONG_SYNONYMS_SIMPLE
Acer platanoides,Acer platanoides,Acer platanoides,Plantae Tracheophyta Magnoliopsida Sapindales Sapindaceae Acer platanoides,EXACT_MATCH_PRIMARY_SOURCE_ACCEPTED
Acer rubrum,Acer rubrum,Acer rubrum,Plantae Tracheophyta Magnoliopsida Sapindales Sapindaceae Acer rubrum,EXACT_MATCH_PRIMARY_SOURCE_ACCEPTED_MULTI_RESULT_DISAMBIGUATION
Acer saccharinum,Acer saccharinum,Acer saccharinum,Plantae Tracheophyta Magnoliopsida Sapindales Sapindaceae Acer saccharinum,EXACT_MATCH_PRIMARY_SOURCE_ACCEPTED_AMONG_SYNONYMS_SIMPLE
Acer saccharum,Acer saccharum,Acer saccharum,Plantae Tracheophyta Magnoliopsida Sapindales Sapindaceae Acer saccharum,EXACT_MATCH_PRIMARY_SOURCE_ACCEPTED
Acer spicatum,Acer spicatum,Acer spicatum,Plantae Tracheophyta Magnoliopsida Sapindales Sapindaceae Acer spicatum,EXACT_MATCH_PRIMARY_SOURCE_ACCEPTED
Achillea millefolium,Achillea millefolium,Achillea millefolium,Plantae Tracheophyta Magnoliopsida Asterales Asteraceae Achillea millefolium,EXACT_MATCH_PRIMARY_SOURCE_ACCEPTED_MULTI_RESULT_DISAMBIGUATION
Aconitum reclinatum,Aconitum reclinatum,Aconitum reclinatum,Plantae Tracheophyta Magnoliopsida Ranunculales Ranunculaceae Aconitum reclinatum,EXACT_MATCH_PRIMARY_SOURCE_ACCEPTED_MULTI_RESULT_DISAMBIGUATION
Acorus calamus,Acorus calamus,Acorus calamus,Plantae Tracheophyta Liliopsida Acorales Acoraceae Acorus calamus,EXACT_MATCH_PRIMARY_SOURCE_ACCEPTED
Actaea pachypoda,Actaea pachypoda,Actaea pachypoda,Plantae Tracheophyta Magnoliopsida Ranunculales Ranunculaceae Actaea pachypoda,EXACT_MATCH_PRIMARY_SOURCE_ACCEPTED
Actaea racemosa,Actaea racemosa,Actaea racemosa,Plantae Tracheophyta Magnoliopsida Ranunculales Ranunculaceae Actaea racemosa,EXACT_MATCH_PRIMARY_SOURCE_ACCEPTED_AMONG_SYNONYMS_SIMPLE
Adiantum pedatum,Adiantum pedatum,Adiantum pedatum,Plantae Tracheophyta Polypodiopsida Polypodiales Pteridaceae Adiantum pedatum,EXACT_MATCH_PRIMARY_SOURCE_ACCEPTED_AMONG_SYNONYMS_SIMPLE
Adlumia fungosa,Adlumia fungosa,Adlumia fungosa,Plantae Tracheophyta Magnoliopsida Ranunculales Papaveraceae Adlumia fungosa,EXACT_MATCH_PRIMARY_SOURCE_ACCEPTED_MULTI_RESULT_DISAMBIGUATION
Aegilops cylindrica,Aegilops cylindrica,Aegilops cylindrica,Plantae Tracheophyta Liliopsida Poales Poaceae Aegilops cylindrica,EXACT_MATCH_PRIMARY_SOURCE_ACCEPTED_MULTI_RESULT_DISAMBIGUATION
Agalinis purpurea,Agalinis purpurea,Agalinis purpurea,Plantae Tracheophyta Magnoliopsida Lamiales Orobanchaceae Agalinis purpurea,EXACT_MATCH_PRIMARY_SOURCE_ACCEPTED
Agalinis tenuifolia,Agalinis tenuifolia,Agalinis tenuifolia,Plantae Tracheophyta Magnoliopsida Lamiales Orobanchaceae Agalinis tenuifolia,EXACT_MATCH_PRIMARY_SOURCE_ACCEPTED_AMONG_SYNONYMS_SIMPLE
Agastache nepetoides,Agastache nepetoides,Agastache nepetoides,Plantae Tracheophyta Magnoliopsida Lamiales Lamiaceae Agastache nepetoides,EXACT_MATCH_PRIMARY_SOURCE_ACCEPTED_MULTI_RESULT_DISAMBIGUATION
Agastache scrophulariifolia,Agastache scrophulariifolia,Agastache scrophulariifolia,Plantae Tracheophyta Magnoliopsida Lamiales Lamiaceae Agastache scrophulariifolia,EXACT_MATCH_PRIMARY_SOURCE_ACCEPTED_MULTI_RESULT_DISAMBIGUATION
Ageratina altissima,Ageratina altissima,Ageratina altissima,Plantae Tracheophyta Magnoliopsida Asterales Asteraceae Ageratina altissima,EXACT_MATCH_PRIMARY_SOURCE_ACCEPTED
Ageratina aromatica,Ageratina aromatica,Ageratina aromatica,Plantae Tracheophyta Magnoliopsida Asterales Asteraceae Ageratina aromatica,EXACT_MATCH_PRIMARY_SOURCE_ACCEPTED
Agrimonia gryposepala,Agrimonia gryposepala,Agrimonia gryposepala,Plantae Tracheophyta Magnoliopsida Rosales Rosaceae Agrimonia gryposepala,EXACT_MATCH_PRIMARY_SOURCE_ACCEPTED
Agrimonia parviflora,Agrimonia parviflora,Agrimonia parviflora,Plantae Tracheophyta Magnoliopsida Rosales Rosaceae Agrimonia parviflora,EXACT_MATCH_PRIMARY_SOURCE_ACCEPTED_MULTI_RESULT_DISAMBIGUATION
Agrimonia pubescens,Agrimonia pubescens,Agrimonia pubescens,Plantae Tracheophyta Magnoliopsida Rosales Rosaceae Agrimonia pubescens,EXACT_MATCH_PRIMARY_SOURCE_ACCEPTED
Agrimonia rostellata,Agrimonia rostellata,Agrimonia rostellata,Plantae Tracheophyta Magnoliopsida Rosales Rosaceae Agrimonia rostellata,EXACT_MATCH_PRIMARY_SOURCE_ACCEPTED
Agrostemma githago,Agrostemma githago,Agrostemma githago,Plantae Tracheophyta Magnoliopsida Caryophyllales Caryophyllaceae Agrostemma githago,EXACT_MATCH_PRIMARY_SOURCE_ACCEPTED
Agrostis gigantea,Agrostis gigantea,Agrostis gigantea,Plantae Tracheophyta Liliopsida Poales Poaceae Agrostis gigantea,EXACT_MATCH_PRIMARY_SOURCE_ACCEPTED
Agrostis hyemalis,Agrostis hyemalis,Agrostis hyemalis,Plantae Tracheophyta Liliopsida Poales Poaceae Agrostis hyemalis,EXACT_MATCH_PRIMARY_SOURCE_ACCEPTED
Agrostis perennans,Agrostis perennans,Agrostis perennans,Plantae Tracheophyta Liliopsida Poales Poaceae Agrostis perennans,EXACT_MATCH_PRIMARY_SOURCE_ACCEPTED
Ailanthus altissima,Ailanthus altissima,Ailanthus altissima,Plantae Tracheophyta Magnoliopsida Sapindales Simaroubaceae Ailanthus altissima,EXACT_MATCH_PRIMARY_SOURCE_ACCEPTED
Albizia julibrissin,Albizia julibrissin,Albizia julibrissin,Plantae Tracheophyta Magnoliopsida Fabales Fabaceae Albizia julibrissin,EXACT_MATCH_PRIMARY_SOURCE_ACCEPTED_AMONG_SYNONYMS_SIMPLE
Alcea rosea,Alcea rosea,Alcea rosea,Plantae Tracheophyta Magnoliopsida Malvales Malvaceae Alcea rosea,EXACT_MATCH_PRIMARY_SOURCE_ACCEPTED_MULTI_RESULT_DISAMBIGUATION
Alisma subcordatum,Alisma subcordatum,Alisma subcordatum,Plantae Tracheophyta Liliopsida Alismatales Alismataceae Alisma subcordatum,EXACT_MATCH_PRIMARY_SOURCE_ACCEPTED
Alliaria petiolata,Alliaria petiolata,Alliaria petiolata,Plantae Tracheophyta Magnoliopsida Brassicales Brassicaceae Alliaria petiolata,EXACT_MATCH_PRIMARY_SOURCE_ACCEPTED
Allium cernuum,Allium cernuum,Allium cernuum,Plantae Tracheophyta Liliopsida Asparagales Amaryllidaceae Allium cernuum,EXACT_MATCH_PRIMARY_SOURCE_ACCEPTED_AMONG_SYNONYMS_SIMPLE
Allium tricoccum,Allium tricoccum,Allium tricoccum,Plantae Tracheophyta Liliopsida Asparagales Amaryllidaceae Allium tricoccum,EXACT_MATCH_PRIMARY_SOURCE_ACCEPTED_AMONG_SYNONYMS_SIMPLE
Allium vineale,Allium vineale,Allium vineale,Plantae Tracheophyta Liliopsida Asparagales Amaryllidaceae Allium vineale,EXACT_MATCH_PRIMARY_SOURCE_ACCEPTED_MULTI_RESULT_DISAMBIGUATION
Alnus serrulata,Alnus serrulata,Alnus serrulata,Plantae Tracheophyta Magnoliopsida Fagales Betulaceae Alnus serrulata,EXACT_MATCH_PRIMARY_SOURCE_ACCEPTED_MULTI_RESULT_DISAMBIGUATION
Alyssum alyssoides,Alyssum alyssoides,Alyssum alyssoides,Plantae Tracheophyta Magnoliopsida Brassicales Brassicaceae Alyssum alyssoides,EXACT_MATCH_PRIMARY_SOURCE_ACCEPTED
Amaranthus albus,Amaranthus albus,Amaranthus albus,Plantae Tracheophyta Magnoliopsida Caryophyllales Amaranthaceae Amaranthus albus,EXACT_MATCH_PRIMARY_SOURCE_ACCEPTED_MULTI_RESULT_DISAMBIGUATION
Amaranthus blitum,Amaranthus blitum,Amaranthus blitum,Plantae Tracheophyta Magnoliopsida Caryophyllales Amaranthaceae Amaranthus blitum,EXACT_MATCH_PRIMARY_SOURCE_ACCEPTED_MULTI_RESULT_DISAMBIGUATION
Amaranthus hybridus,Amaranthus hybridus,Amaranthus hybridus,Plantae Tracheophyta Magnoliopsida Caryophyllales Amaranthaceae Amaranthus hybridus,EXACT_MATCH_PRIMARY_SOURCE_ACCEPTED_MULTI_RESULT_DISAMBIGUATION
Amaranthus retroflexus,Amaranthus retroflexus,Amaranthus retroflexus,Plantae Tracheophyta Magnoliopsida Caryophyllales Amaranthaceae Amaranthus retroflexus,EXACT_MATCH_PRIMARY_SOURCE_ACCEPTED
Amaranthus spinosus,Amaranthus spinosus,Amaranthus spinosus,Plantae Tracheophyta Magnoliopsida Caryophyllales Amaranthaceae Amaranthus spinosus,EXACT_MATCH_PRIMARY_SOURCE_ACCEPTED
Ambrosia artemisiifolia,Ambrosia artemisiifolia,Ambrosia artemisiifolia,Plantae Tracheophyta Magnoliopsida Asterales Asteraceae Ambrosia artemisiifolia,EXACT_MATCH_PRIMARY_SOURCE_ACCEPTED_AMONG_SYNONYMS_SIMPLE
Ambrosia trifida,Ambrosia trifida,Ambrosia trifida,Plantae Tracheophyta Magnoliopsida Asterales Asteraceae Ambrosia trifida,EXACT_MATCH_PRIMARY_SOURCE_ACCEPTED
Amelanchier arborea,Amelanchier arborea,Amelanchier arborea,Plantae Tracheophyta Magnoliopsida Rosales Rosaceae Amelanchier arborea,EXACT_MATCH_PRIMARY_SOURCE_ACCEPTED
Amelanchier canadensis,Amelanchier canadensis,Amelanchier canadensis,Plantae Tracheophyta Magnoliopsida Rosales Rosaceae Amelanchier canadensis,EXACT_MATCH_PRIMARY_SOURCE_ACCEPTED_MULTI_RESULT_DISAMBIGUATION
Amelanchier laevis,Amelanchier laevis,Amelanchier laevis,Plantae Tracheophyta Magnoliopsida Rosales Rosaceae Amelanchier laevis,EXACT_MATCH_PRIMARY_SOURCE_ACCEPTED_AMONG_SYNONYMS_SIMPLE
Amelanchier sanguinea,Amelanchier sanguinea,Amelanchier sanguinea,Plantae Tracheophyta Magnoliopsida Rosales Rosaceae Amelanchier sanguinea,EXACT_MATCH_PRIMARY_SOURCE_ACCEPTED_MULTI_RESULT_DISAMBIGUATION
Amelanchier spicata,Amelanchier spicata,Amelanchier spicata,Plantae Tracheophyta Magnoliopsida Rosales Rosaceae Amelanchier spicata,EXACT_MATCH_PRIMARY_SOURCE_ACCEPTED_AMONG_SYNONYMS_SIMPLE
Amianthium muscitoxicum,Amianthium muscitoxicum,Amianthium muscitoxicum,Plantae Tracheophyta Liliopsida Liliales Melanthiaceae Amianthium muscitoxicum,EXACT_MATCH_PRIMARY_SOURCE_ACCEPTED
Ammannia coccinea,Ammannia coccinea,Ammannia coccinea,Plantae Tracheophyta Magnoliopsida Myrtales Lythraceae Ammannia coccinea,EXACT_MATCH_PRIMARY_SOURCE_ACCEPTED_AMONG_SYNONYMS_SIMPLE
Ampelopsis cordata,Ampelopsis cordata,Ampelopsis cordata,Plantae Tracheophyta Magnoliopsida Vitales Vitaceae Ampelopsis cordata,EXACT_MATCH_PRIMARY_SOURCE_ACCEPTED
Ampelopsis glandulosa,Ampelopsis glandulosa,Ampelopsis glandulosa,Plantae Tracheophyta Magnoliopsida Vitales Vitaceae Ampelopsis glandulosa,EXACT_MATCH_PRIMARY_SOURCE_ACCEPTED
Amphicarpaea bracteata,Amphicarpaea bracteata,Amphicarpaea bracteata,Plantae Tracheophyta Magnoliopsida Fabales Fabaceae Amphicarpaea bracteata,EXACT_MATCH_PRIMARY_SOURCE_ACCEPTED_AMONG_SYNONYMS_SIMPLE
Anaphalis margaritacea,Anaphalis margaritacea,Anaphalis margaritacea,Plantae Tracheophyta Magnoliopsida Asterales Asteraceae Anaphalis margaritacea,EXACT_MATCH_PRIMARY_SOURCE_ACCEPTED_MULTI_RESULT_DISAMBIGUATION
Andropogon gerardi,Andropogon gerardi,Andropogon gerardi,Plantae Tracheophyta Liliopsida Poales Poaceae Andropogon gerardi,EXACT_MATCH_PRIMARY_SOURCE_ACCEPTED
Andropogon virginicus,Andropogon virginicus,Andropogon virginicus,Plantae Tracheophyta Liliopsida Poales Poaceae Andropogon virginicus,EXACT_MATCH_PRIMARY_SOURCE_ACCEPTED_AMONG_SYNONYMS_SIMPLE
Anemone lancifolia,Anemone lancifolia,Anemone lancifolia,Plantae Tracheophyta Magnoliopsida Ranunculales Ranunculaceae Anemone lancifolia,EXACT_MATCH_PRIMARY_SOURCE_ACCEPTED
Anemone quinquefolia,Anemone quinquefolia,Anemone quinquefolia,Plantae Tracheophyta Magnoliopsida Ranunculales Ranunculaceae Anemone quinquefolia,EXACT_MATCH_PRIMARY_SOURCE_ACCEPTED
Anemone virginiana,Anemone virginiana,Anemone virginiana,Plantae Tracheophyta Magnoliopsida Ranunculales Ranunculaceae Anemone virginiana,EXACT_MATCH_PRIMARY_SOURCE_ACCEPTED
Angelica lucida,Angelica lucida,Angelica lucida,Plantae Tracheophyta Magnoliopsida Apiales Apiaceae Angelica lucida,EXACT_MATCH_PRIMARY_SOURCE_ACCEPTED
Angelica triquinata,Angelica triquinata,Angelica triquinata,Plantae Tracheophyta Magnoliopsida Apiales Apiaceae Angelica triquinata,EXACT_MATCH_PRIMARY_SOURCE_ACCEPTED_AMONG_SYNONYMS_SIMPLE
Angelica venenosa,Angelica venenosa,Angelica venenosa,Plantae Tracheophyta Magnoliopsida Apiales Apiaceae Angelica venenosa,EXACT_MATCH_PRIMARY_SOURCE_ACCEPTED
Antennaria howellii,Antennaria howellii,Antennaria howellii,Plantae Tracheophyta Magnoliopsida Asterales Asteraceae Antennaria howellii,EXACT_MATCH_PRIMARY_SOURCE_ACCEPTED_MULTI_RESULT_DISAMBIGUATION
Antennaria neglecta,Antennaria neglecta,Antennaria neglecta,Plantae Tracheophyta Magnoliopsida Asterales Asteraceae Antennaria neglecta,EXACT_MATCH_PRIMARY_SOURCE_ACCEPTED
Antennaria parlinii,Antennaria parlinii,Antennaria parlinii,Plantae Tracheophyta Magnoliopsida Asterales Asteraceae Antennaria parlinii,EXACT_MATCH_PRIMARY_SOURCE_ACCEPTED
Antennaria plantaginifolia,Antennaria plantaginifolia,Antennaria plantaginifolia,Plantae Tracheophyta Magnoliopsida Asterales Asteraceae Antennaria plantaginifolia,EXACT_MATCH_PRIMARY_SOURCE_ACCEPTED_AMONG_SYNONYMS_SIMPLE
Antennaria virginica,Antennaria virginica,Antennaria virginica,Plantae Tracheophyta Magnoliopsida Asterales Asteraceae Antennaria virginica,EXACT_MATCH_PRIMARY_SOURCE_ACCEPTED
Anthemis arvensis,Anthemis arvensis,Anthemis arvensis,Plantae Tracheophyta Magnoliopsida Asterales Asteraceae Anthemis arvensis,EXACT_MATCH_PRIMARY_SOURCE_ACCEPTED_AMONG_SYNONYMS_SIMPLE
Anthemis cotula,Anthemis cotula,Anthemis cotula,Plantae Tracheophyta Magnoliopsida Asterales Asteraceae Anthemis cotula,EXACT_MATCH_PRIMARY_SOURCE_ACCEPTED_AMONG_SYNONYMS_SIMPLE
Anthoxanthum odoratum,Anthoxanthum odoratum,Anthoxanthum odoratum,Plantae Tracheophyta Liliopsida Poales Poaceae Anthoxanthum odoratum,EXACT_MATCH_PRIMARY_SOURCE_ACCEPTED
Anthoxanthum ovatum,Anthoxanthum ovatum,Anthoxanthum ovatum,Plantae Tracheophyta Liliopsida Poales Poaceae Anthoxanthum ovatum,EXACT_MATCH_PRIMARY_SOURCE_ACCEPTED_AMONG_SYNONYMS_SIMPLE
Anticlea elegans,Anticlea elegans,Anticlea elegans,Plantae Tracheophyta Liliopsida Liliales Melanthiaceae Anticlea elegans,EXACT_MATCH_PRIMARY_SOURCE_ACCEPTED
Apios americana,Apios americana,Apios americana,Plantae Tracheophyta Magnoliopsida Fabales Fabaceae Apios americana,EXACT_MATCH_PRIMARY_SOURCE_ACCEPTED
Aplectrum hyemale,Aplectrum hyemale,Aplectrum hyemale,Plantae Tracheophyta Liliopsida Asparagales Orchidaceae Aplectrum hyemale,EXACT_MATCH_PRIMARY_SOURCE_ACCEPTED_AMONG_SYNONYMS_SIMPLE
Apocynum androsaemifolium,Apocynum androsaemifolium,Apocynum androsaemifolium,Plantae Tracheophyta Magnoliopsida Gentianales Apocynaceae Apocynum androsaemifolium,EXACT_MATCH_PRIMARY_SOURCE_ACCEPTED
Apocynum cannabinum,Apocynum cannabinum,Apocynum cannabinum,Plantae Tracheophyta Magnoliopsida Gentianales Apocynaceae Apocynum cannabinum,EXACT_MATCH_PRIMARY_SOURCE_ACCEPTED
Aquilegia canadensis,Aquilegia canadensis,Aquilegia canadensis,Plantae Tracheophyta Magnoliopsida Ranunculales Ranunculaceae Aquilegia canadensis,EXACT_MATCH_PRIMARY_SOURCE_ACCEPTED_AMONG_SYNONYMS_SIMPLE
Arabidopsis lyrata,Arabidopsis lyrata,Arabidopsis lyrata,Plantae Tracheophyta Magnoliopsida Brassicales Brassicaceae Arabidopsis lyrata,EXACT_MATCH_PRIMARY_SOURCE_ACCEPTED
Arabidopsis thaliana,Arabidopsis thaliana,Arabidopsis thaliana,Plantae Tracheophyta Magnoliopsida Brassicales Brassicaceae Arabidopsis thaliana,EXACT_MATCH_PRIMARY_SOURCE_ACCEPTED_MULTI_RESULT_DISAMBIGUATION
Arabis patens,Arabis patens,Arabis patens,Plantae Tracheophyta Magnoliopsida Brassicales Brassicaceae Arabis patens,EXACT_MATCH_PRIMARY_SOURCE_ACCEPTED_AMONG_SYNONYMS_SIMPLE
Aralia hispida,Aralia hispida,Aralia hispida,Plantae Tracheophyta Magnoliopsida Apiales Araliaceae Aralia hispida,EXACT_MATCH_PRIMARY_SOURCE_ACCEPTED_MULTI_RESULT_DISAMBIGUATION
Aralia nudicaulis,Aralia nudicaulis,Aralia nudicaulis,Plantae Tracheophyta Magnoliopsida Apiales Araliaceae Aralia nudicaulis,EXACT_MATCH_PRIMARY_SOURCE_ACCEPTED_AMONG_SYNONYMS_SIMPLE
Aralia racemosa,Aralia racemosa,Aralia racemosa,Plantae Tracheophyta Magnoliopsida Apiales Araliaceae Aralia racemosa,EXACT_MATCH_PRIMARY_SOURCE_ACCEPTED
Aralia spinosa,Aralia spinosa,Aralia spinosa,Plantae Tracheophyta Magnoliopsida Apiales Araliaceae Aralia spinosa,EXACT_MATCH_PRIMARY_SOURCE_ACCEPTED
Arctium minus,Arctium minus,Arctium minus,Plantae Tracheophyta Magnoliopsida Asterales Asteraceae Arctium minus,EXACT_MATCH_PRIMARY_SOURCE_ACCEPTED_MULTI_RESULT_DISAMBIGUATION
Arenaria serpyllifolia,Arenaria serpyllifolia,Arenaria serpyllifolia,Plantae Tracheophyta Magnoliopsida Caryophyllales Caryophyllaceae Arenaria serpyllifolia,EXACT_MATCH_PRIMARY_SOURCE_ACCEPTED_MULTI_RESULT_DISAMBIGUATION
Argemone mexicana,Argemone mexicana,Argemone mexicana,Plantae Tracheophyta Magnoliopsida Ranunculales Papaveraceae Argemone mexicana,EXACT_MATCH_PRIMARY_SOURCE_ACCEPTED
Arisaema dracontium,Arisaema dracontium,Arisaema dracontium,Plantae Tracheophyta Liliopsida Alismatales Araceae Arisaema dracontium,EXACT_MATCH_PRIMARY_SOURCE_ACCEPTED
Arisaema triphyllum,Arisaema triphyllum,Arisaema triphyllum,Plantae Tracheophyta Liliopsida Alismatales Araceae Arisaema triphyllum,EXACT_MATCH_PRIMARY_SOURCE_ACCEPTED_AMONG_SYNONYMS_SIMPLE
Aristida basiramea,Aristida basiramea,Aristida basiramea,Plantae Tracheophyta Liliopsida Poales Poaceae Aristida basiramea,EXACT_MATCH_PRIMARY_SOURCE_ACCEPTED
Aristida dichotoma,Aristida dichotoma,Aristida dichotoma,Plantae Tracheophyta Liliopsida Poales Poaceae Aristida dichotoma,EXACT_MATCH_PRIMARY_SOURCE_ACCEPTED
Aristida oligantha,Aristida oligantha,Aristida oligantha,Plantae Tracheophyta Liliopsida Poales Poaceae Aristida oligantha,EXACT_MATCH_PRIMARY_SOURCE_ACCEPTED
Arnoglossum atriplicifolium,Arnoglossum atriplicifolium,Arnoglossum atriplicifolium,Plantae Tracheophyta Magnoliopsida Asterales Asteraceae Arnoglossum atriplicifolium,EXACT_MATCH_PRIMARY_SOURCE_ACCEPTED
Aronia arbutifolia,Aronia arbutifolia,Aronia arbutifolia,Plantae Tracheophyta Magnoliopsida Rosales Rosaceae Aronia arbutifolia,EXACT_MATCH_PRIMARY_SOURCE_ACCEPTED_MULTI_RESULT_DISAMBIGUATION
Aronia melanocarpa,Aronia melanocarpa,Aronia melanocarpa,Plantae Tracheophyta Magnoliopsida Rosales Rosaceae Aronia melanocarpa,EXACT_MATCH_PRIMARY_SOURCE_ACCEPTED_AMONG_SYNONYMS_SIMPLE
Arrhenatherum elatius,Arrhenatherum elatius,Arrhenatherum elatius,Plantae Tracheophyta Liliopsida Poales Poaceae Arrhenatherum elatius,EXACT_MATCH_PRIMARY_SOURCE_ACCEPTED_AMONG_SYNONYMS_SIMPLE
Artemisia annua,Artemisia annua,Artemisia annua,Plantae Tracheophyta Magnoliopsida Asterales Asteraceae Artemisia annua,EXACT_MATCH_PRIMARY_SOURCE_ACCEPTED_AMONG_SYNONYMS_SIMPLE
Artemisia ludoviciana,Artemisia ludoviciana,Artemisia ludoviciana,Plantae Tracheophyta Magnoliopsida Asterales Asteraceae Artemisia ludoviciana,EXACT_MATCH_PRIMARY_SOURCE_ACCEPTED_AMONG_SYNONYMS_SIMPLE
Arthraxon hispidus,Arthraxon hispidus,Arthraxon hispidus,Plantae Tracheophyta Liliopsida Poales Poaceae Arthraxon hispidus,EXACT_MATCH_PRIMARY_SOURCE_ACCEPTED_AMONG_SYNONYMS_SIMPLE
Aruncus dioicus,Aruncus dioicus,Aruncus dioicus,Plantae Tracheophyta Magnoliopsida Rosales Rosaceae Aruncus dioicus,EXACT_MATCH_PRIMARY_SOURCE_ACCEPTED
Asarum canadense,Asarum canadense,Asarum canadense,Plantae Tracheophyta Magnoliopsida Piperales Aristolochiaceae Asarum canadense,EXACT_MATCH_PRIMARY_SOURCE_ACCEPTED
Asclepias exaltata,Asclepias exaltata,Asclepias exaltata,Plantae Tracheophyta Magnoliopsida Gentianales Apocynaceae Asclepias exaltata,EXACT_MATCH_PRIMARY_SOURCE_ACCEPTED_MULTI_RESULT_DISAMBIGUATION
Asclepias incarnata,Asclepias incarnata,Asclepias incarnata,Plantae Tracheophyta Magnoliopsida Gentianales Apocynaceae Asclepias incarnata,EXACT_MATCH_PRIMARY_SOURCE_ACCEPTED_AMONG_SYNONYMS_SIMPLE
Asclepias purpurascens,Asclepias purpurascens,Asclepias purpurascens,Plantae Tracheophyta Magnoliopsida Gentianales Apocynaceae Asclepias purpurascens,EXACT_MATCH_PRIMARY_SOURCE_ACCEPTED_AMONG_SYNONYMS_SIMPLE
Asclepias quadrifolia,Asclepias quadrifolia,Asclepias quadrifolia,Plantae Tracheophyta Magnoliopsida Gentianales Apocynaceae Asclepias quadrifolia,EXACT_MATCH_PRIMARY_SOURCE_ACCEPTED
Asclepias syriaca,Asclepias syriaca,Asclepias syriaca,Plantae Tracheophyta Magnoliopsida Gentianales Apocynaceae Asclepias syriaca,EXACT_MATCH_PRIMARY_SOURCE_ACCEPTED_AMONG_SYNONYMS_SIMPLE
Asclepias tuberosa,Asclepias tuberosa,Asclepias tuberosa,Plantae Tracheophyta Magnoliopsida Gentianales Apocynaceae Asclepias tuberosa,EXACT_MATCH_PRIMARY_SOURCE_ACCEPTED_MULTI_RESULT_DISAMBIGUATION
Asclepias variegata,Asclepias variegata,Asclepias variegata,Plantae Tracheophyta Magnoliopsida Gentianales Apocynaceae Asclepias variegata,EXACT_MATCH_PRIMARY_SOURCE_ACCEPTED
Asclepias verticillata,Asclepias verticillata,Asclepias verticillata,Plantae Tracheophyta Magnoliopsida Gentianales Apocynaceae Asclepias verticillata,EXACT_MATCH_PRIMARY_SOURCE_ACCEPTED
Asclepias viridiflora,Asclepias viridiflora,Asclepias viridiflora,Plantae Tracheophyta Magnoliopsida Gentianales Apocynaceae Asclepias viridiflora,EXACT_MATCH_PRIMARY_SOURCE_ACCEPTED_MULTI_RESULT_DISAMBIGUATION
Asimina triloba,Asimina triloba,Asimina triloba,Plantae Tracheophyta Magnoliopsida Magnoliales Annonaceae Asimina triloba,EXACT_MATCH_PRIMARY_SOURCE_ACCEPTED_AMONG_SYNONYMS_SIMPLE
Asparagus officinalis,Asparagus officinalis,Asparagus officinalis,Plantae Tracheophyta Liliopsida Asparagales Asparagaceae Asparagus officinalis,EXACT_MATCH_PRIMARY_SOURCE_ACCEPTED_MULTI_RESULT_DISAMBIGUATION
Asplenium bradleyi,Asplenium bradleyi,Asplenium bradleyi,Plantae Tracheophyta Polypodiopsida Polypodiales Aspleniaceae Asplenium bradleyi,EXACT_MATCH_PRIMARY_SOURCE_ACCEPTED
Asplenium montanum,Asplenium montanum,Asplenium montanum,Plantae Tracheophyta Polypodiopsida Polypodiales Aspleniaceae Asplenium montanum,EXACT_MATCH_PRIMARY_SOURCE_ACCEPTED_AMONG_SYNONYMS_SIMPLE
Asplenium pinnatifidum,Asplenium pinnatifidum,Asplenium pinnatifidum,Plantae Tracheophyta Polypodiopsida Polypodiales Aspleniaceae Asplenium pinnatifidum,EXACT_MATCH_PRIMARY_SOURCE_ACCEPTED
Asplenium platyneuron,Asplenium platyneuron,Asplenium platyneuron,Plantae Tracheophyta Polypodiopsida Polypodiales Aspleniaceae Asplenium platyneuron,EXACT_MATCH_PRIMARY_SOURCE_ACCEPTED_MULTI_RESULT_DISAMBIGUATION
Asplenium resiliens,Asplenium resiliens,Asplenium resiliens,Plantae Tracheophyta Polypodiopsida Polypodiales Aspleniaceae Asplenium resiliens,EXACT_MATCH_PRIMARY_SOURCE_ACCEPTED
Asplenium rhizophyllum,Asplenium rhizophyllum,Asplenium rhizophyllum,Plantae Tracheophyta Polypodiopsida Polypodiales Aspleniaceae Asplenium rhizophyllum,EXACT_MATCH_PRIMARY_SOURCE_ACCEPTED_AMONG_SYNONYMS_SIMPLE
Asplenium ruta-muraria,Asplenium ruta-muraria,Asplenium ruta-muraria,Plantae Tracheophyta Polypodiopsida Polypodiales Aspleniaceae Asplenium ruta-muraria,EXACT_MATCH_PRIMARY_SOURCE_ACCEPTED_AMONG_SYNONYMS_SIMPLE
Asplenium trichomanes,Asplenium trichomanes,Asplenium trichomanes,Plantae Tracheophyta Polypodiopsida Polypodiales Aspleniaceae Asplenium trichomanes,EXACT_MATCH_PRIMARY_SOURCE_ACCEPTED_AMONG_SYNONYMS_SIMPLE
Aster tataricus,Aster tataricus,Aster tataricus,Plantae Tracheophyta Magnoliopsida Asterales Asteraceae Aster tataricus,EXACT_MATCH_PRIMARY_SOURCE_ACCEPTED_AMONG_SYNONYMS_SIMPLE
Astragalus distortus,Astragalus distortus,Astragalus distortus,Plantae Tracheophyta Magnoliopsida Fabales Fabaceae Astragalus distortus,EXACT_MATCH_PRIMARY_SOURCE_ACCEPTED
Athyrium asplenioides,Athyrium asplenioides,Athyrium asplenioides,Plantae Tracheophyta Polypodiopsida Polypodiales Athyriaceae Athyrium asplenioides,EXACT_MATCH_PRIMARY_SOURCE_ACCEPTED_AMONG_SYNONYMS_SIMPLE
Atocion armeria,Atocion armeria,Atocion armeria,Plantae Tracheophyta Magnoliopsida Caryophyllales Caryophyllaceae Atocion armeria,EXACT_MATCH_PRIMARY_SOURCE_ACCEPTED_AMONG_SYNONYMS_SIMPLE
Atriplex patula,Atriplex patula,Atriplex patula,Plantae Tracheophyta Magnoliopsida Caryophyllales Amaranthaceae Atriplex patula,EXACT_MATCH_PRIMARY_SOURCE_ACCEPTED_MULTI_RESULT_DISAMBIGUATION
Aureolaria flava,Aureolaria flava,Aureolaria flava,Plantae Tracheophyta Magnoliopsida Lamiales Orobanchaceae Aureolaria flava,EXACT_MATCH_PRIMARY_SOURCE_ACCEPTED
Aureolaria laevigata,Aureolaria laevigata,Aureolaria laevigata,Plantae Tracheophyta Magnoliopsida Lamiales Orobanchaceae Aureolaria laevigata,EXACT_MATCH_PRIMARY_SOURCE_ACCEPTED
Aureolaria pedicularia,Aureolaria pedicularia,Aureolaria pedicularia,Plantae Tracheophyta Magnoliopsida Lamiales Orobanchaceae Aureolaria pedicularia,EXACT_MATCH_PRIMARY_SOURCE_ACCEPTED_AMONG_SYNONYMS_SIMPLE
Aureolaria virginica,Aureolaria virginica,Aureolaria virginica,Plantae Tracheophyta Magnoliopsida Lamiales Orobanchaceae Aureolaria virginica,EXACT_MATCH_PRIMARY_SOURCE_ACCEPTED_AMONG_SYNONYMS_SIMPLE
Avena sativa,Avena sativa,Avena sativa,Plantae Tracheophyta Liliopsida Poales Poaceae Avena sativa,EXACT_MATCH_PRIMARY_SOURCE_ACCEPTED
Azolla microphylla,Azolla cristata,Azolla microphylla,Plantae Tracheophyta Polypodiopsida Salviniales Salviniaceae Azolla cristata,EXACT_MATCH_PRIMARY_SOURCE_SYNONYM_SIMPLE
Baptisia australis,Baptisia australis,Baptisia australis,Plantae Tracheophyta Magnoliopsida Fabales Fabaceae Baptisia australis,EXACT_MATCH_PRIMARY_SOURCE_ACCEPTED_MULTI_RESULT_DISAMBIGUATION
Baptisia tinctoria,Baptisia tinctoria,Baptisia tinctoria,Plantae Tracheophyta Magnoliopsida Fabales Fabaceae Baptisia tinctoria,EXACT_MATCH_PRIMARY_SOURCE_ACCEPTED_MULTI_RESULT_DISAMBIGUATION
Barbarea verna,Barbarea verna,Barbarea verna,Plantae Tracheophyta Magnoliopsida Brassicales Brassicaceae Barbarea verna,EXACT_MATCH_PRIMARY_SOURCE_ACCEPTED
Barbarea vulgaris,Barbarea vulgaris,Barbarea vulgaris,Plantae Tracheophyta Magnoliopsida Brassicales Brassicaceae Barbarea vulgaris,EXACT_MATCH_PRIMARY_SOURCE_ACCEPTED_MULTI_RESULT_DISAMBIGUATION
Bartonia virginica,Bartonia virginica,Bartonia virginica,Plantae Tracheophyta Magnoliopsida Gentianales Gentianaceae Bartonia virginica,EXACT_MATCH_PRIMARY_SOURCE_ACCEPTED
Bassia scoparia,Bassia scoparia,Bassia scoparia,Plantae Tracheophyta Magnoliopsida Caryophyllales Amaranthaceae Bassia scoparia,EXACT_MATCH_PRIMARY_SOURCE_ACCEPTED_AMONG_SYNONYMS_SIMPLE
Belamcanda chinensis,Iris domestica,Belamcanda chinensis,Plantae Tracheophyta Liliopsida Asparagales Iridaceae Iris domestica,MULTI_EXACT_MATCH_PRIMARY_SOURCE_SYNONYMS_INFRASPECIFIC_SCORE
Berberis thunbergii,Berberis thunbergii,Berberis thunbergii,Plantae Tracheophyta Magnoliopsida Ranunculales Berberidaceae Berberis thunbergii,EXACT_MATCH_PRIMARY_SOURCE_ACCEPTED
Betula alleghaniensis,Betula alleghaniensis,Betula alleghaniensis,Plantae Tracheophyta Magnoliopsida Fagales Betulaceae Betula alleghaniensis,EXACT_MATCH_PRIMARY_SOURCE_ACCEPTED
Betula cordifolia,Betula cordifolia,Betula cordifolia,Plantae Tracheophyta Magnoliopsida Fagales Betulaceae Betula cordifolia,EXACT_MATCH_PRIMARY_SOURCE_ACCEPTED
Betula lenta,Betula lenta,Betula lenta,Plantae Tracheophyta Magnoliopsida Fagales Betulaceae Betula lenta,EXACT_MATCH_PRIMARY_SOURCE_ACCEPTED_MULTI_RESULT_DISAMBIGUATION
Bidens aristosa,Bidens aristosa,Bidens aristosa,Plantae Tracheophyta Magnoliopsida Asterales Asteraceae Bidens aristosa,EXACT_MATCH_PRIMARY_SOURCE_ACCEPTED
Bidens bipinnata,Bidens bipinnata,Bidens bipinnata,Plantae Tracheophyta Magnoliopsida Asterales Asteraceae Bidens bipinnata,EXACT_MATCH_PRIMARY_SOURCE_ACCEPTED_MULTI_RESULT_DISAMBIGUATION
Bidens cernua,Bidens cernua,Bidens cernua,Plantae Tracheophyta Magnoliopsida Asterales Asteraceae Bidens cernua,EXACT_MATCH_PRIMARY_SOURCE_ACCEPTED_MULTI_RESULT_DISAMBIGUATION
Bidens frondosa,Bidens frondosa,Bidens frondosa,Plantae Tracheophyta Magnoliopsida Asterales Asteraceae Bidens frondosa,EXACT_MATCH_PRIMARY_SOURCE_ACCEPTED_AMONG_SYNONYMS_SIMPLE
Bidens laevis,Bidens laevis,Bidens laevis,Plantae Tracheophyta Magnoliopsida Asterales Asteraceae Bidens laevis,EXACT_MATCH_PRIMARY_SOURCE_ACCEPTED
Bidens tripartita,Bidens tripartita,Bidens tripartita,Plantae Tracheophyta Magnoliopsida Asterales Asteraceae Bidens tripartita,EXACT_MATCH_PRIMARY_SOURCE_ACCEPTED_MULTI_RESULT_DISAMBIGUATION
Bidens vulgata,Bidens vulgata,Bidens vulgata,Plantae Tracheophyta Magnoliopsida Asterales Asteraceae Bidens vulgata,EXACT_MATCH_PRIMARY_SOURCE_ACCEPTED
Blephilia ciliata,Blephilia ciliata,Blephilia ciliata,Plantae Tracheophyta Magnoliopsida Lamiales Lamiaceae Blephilia ciliata,EXACT_MATCH_PRIMARY_SOURCE_ACCEPTED_MULTI_RESULT_DISAMBIGUATION
Boehmeria cylindrica,Boehmeria cylindrica,Boehmeria cylindrica,Plantae Tracheophyta Magnoliopsida Rosales Urticaceae Boehmeria cylindrica,EXACT_MATCH_PRIMARY_SOURCE_ACCEPTED_AMONG_SYNONYMS_SIMPLE
Borodinia canadensis,Borodinia canadensis,Borodinia canadensis,Plantae Tracheophyta Magnoliopsida Brassicales Brassicaceae Borodinia canadensis,EXACT_MATCH_PRIMARY_SOURCE_ACCEPTED
Borodinia dentata,Borodinia dentata,Borodinia dentata,Plantae Tracheophyta Magnoliopsida Brassicales Brassicaceae Borodinia dentata,EXACT_MATCH_PRIMARY_SOURCE_ACCEPTED
Borodinia laevigata,Borodinia laevigata,Borodinia laevigata,Plantae Tracheophyta Magnoliopsida Brassicales Brassicaceae Borodinia laevigata,EXACT_MATCH_PRIMARY_SOURCE_ACCEPTED
Botrychium matricariifolium,Botrychium matricariifolium,Botrychium matricariifolium,Plantae Tracheophyta Polypodiopsida Ophioglossales Ophioglossaceae Botrychium matricariifolium,EXACT_MATCH_PRIMARY_SOURCE_ACCEPTED_MULTI_RESULT_DISAMBIGUATION
Botrypus virginianus,Botrypus virginianus,Botrypus virginianus,Plantae Tracheophyta Polypodiopsida Ophioglossales Ophioglossaceae Botrypus virginianus,EXACT_MATCH_PRIMARY_SOURCE_ACCEPTED_AMONG_SYNONYMS_SIMPLE
Bouteloua curtipendula,Bouteloua curtipendula,Bouteloua curtipendula,Plantae Tracheophyta Liliopsida Poales Poaceae Bouteloua curtipendula,EXACT_MATCH_PRIMARY_SOURCE_ACCEPTED
Brachyelytrum erectum,Brachyelytrum erectum,Brachyelytrum erectum,Plantae Tracheophyta Liliopsida Poales Poaceae Brachyelytrum erectum,EXACT_MATCH_PRIMARY_SOURCE_ACCEPTED
Brassica juncea,Brassica juncea,Brassica juncea,Plantae Tracheophyta Magnoliopsida Brassicales Brassicaceae Brassica juncea,EXACT_MATCH_PRIMARY_SOURCE_ACCEPTED_AMONG_SYNONYMS_SIMPLE
Brassica nigra,Brassica nigra,Brassica nigra,Plantae Tracheophyta Magnoliopsida Brassicales Brassicaceae Brassica nigra,EXACT_MATCH_PRIMARY_SOURCE_ACCEPTED_MULTI_RESULT_DISAMBIGUATION
Brassica rapa,Brassica rapa,Brassica rapa,Plantae Tracheophyta Magnoliopsida Brassicales Brassicaceae Brassica rapa,EXACT_MATCH_PRIMARY_SOURCE_ACCEPTED_AMONG_SYNONYMS_SIMPLE
Brickellia eupatorioides,Brickellia eupatorioides,Brickellia eupatorioides,Plantae Tracheophyta Magnoliopsida Asterales Asteraceae Brickellia eupatorioides,EXACT_MATCH_PRIMARY_SOURCE_ACCEPTED
Bromus arvensis,Bromus arvensis,Bromus arvensis,Plantae Tracheophyta Liliopsida Poales Poaceae Bromus arvensis,EXACT_MATCH_PRIMARY_SOURCE_ACCEPTED_MULTI_RESULT_DISAMBIGUATION
Bromus ciliatus,Bromus ciliatus,Bromus ciliatus,Plantae Tracheophyta Liliopsida Poales Poaceae Bromus ciliatus,EXACT_MATCH_PRIMARY_SOURCE_ACCEPTED_MULTI_RESULT_DISAMBIGUATION
Bromus inermis,Bromus inermis,Bromus inermis,Plantae Tracheophyta Liliopsida Poales Poaceae Bromus inermis,EXACT_MATCH_PRIMARY_SOURCE_ACCEPTED_AMONG_SYNONYMS_SIMPLE
Bromus nottowayanus,Bromus nottowayanus,Bromus nottowayanus,Plantae Tracheophyta Liliopsida Poales Poaceae Bromus nottowayanus,EXACT_MATCH_PRIMARY_SOURCE_ACCEPTED
Bromus pubescens,Bromus pubescens,Bromus pubescens,Plantae Tracheophyta Liliopsida Poales Poaceae Bromus pubescens,EXACT_MATCH_PRIMARY_SOURCE_ACCEPTED_AMONG_SYNONYMS_SIMPLE
Bromus racemosus,Bromus racemosus,Bromus racemosus,Plantae Tracheophyta Liliopsida Poales Poaceae Bromus racemosus,EXACT_MATCH_PRIMARY_SOURCE_ACCEPTED
Bromus sterilis,Bromus sterilis,Bromus sterilis,Plantae Tracheophyta Liliopsida Poales Poaceae Bromus sterilis,EXACT_MATCH_PRIMARY_SOURCE_ACCEPTED_MULTI_RESULT_DISAMBIGUATION
Bromus tectorum,Bromus tectorum,Bromus tectorum,Plantae Tracheophyta Liliopsida Poales Poaceae Bromus tectorum,EXACT_MATCH_PRIMARY_SOURCE_ACCEPTED_AMONG_SYNONYMS_SIMPLE
Broussonetia papyrifera,Broussonetia papyrifera,Broussonetia papyrifera,Plantae Tracheophyta Magnoliopsida Rosales Moraceae Broussonetia papyrifera,EXACT_MATCH_PRIMARY_SOURCE_ACCEPTED_AMONG_SYNONYMS_SIMPLE
Buglossoides arvensis,Buglossoides arvensis,Buglossoides arvensis,Plantae Tracheophyta Magnoliopsida Boraginales Boraginaceae Buglossoides arvensis,EXACT_MATCH_PRIMARY_SOURCE_ACCEPTED_AMONG_SYNONYMS_SIMPLE
Bulbostylis capillaris,Bulbostylis capillaris,Bulbostylis capillaris,Plantae Tracheophyta Liliopsida Poales Cyperaceae Bulbostylis capillaris,EXACT_MATCH_PRIMARY_SOURCE_ACCEPTED_MULTI_RESULT_DISAMBIGUATION
Bupleurum rotundifolium,Bupleurum rotundifolium,Bupleurum rotundifolium,Plantae Tracheophyta Magnoliopsida Apiales Apiaceae Bupleurum rotundifolium,EXACT_MATCH_PRIMARY_SOURCE_ACCEPTED_AMONG_SYNONYMS_SIMPLE
Calamagrostis canadensis,Calamagrostis canadensis,Calamagrostis canadensis,Plantae Tracheophyta Liliopsida Poales Poaceae Calamagrostis canadensis,EXACT_MATCH_PRIMARY_SOURCE_ACCEPTED_MULTI_RESULT_DISAMBIGUATION
Calamagrostis porteri,Calamagrostis porteri,Calamagrostis porteri,Plantae Tracheophyta Liliopsida Poales Poaceae Calamagrostis porteri,EXACT_MATCH_PRIMARY_SOURCE_ACCEPTED
Callitriche heterophylla,Callitriche heterophylla,Callitriche heterophylla,Plantae Tracheophyta Magnoliopsida Lamiales Plantaginaceae Callitriche heterophylla,EXACT_MATCH_PRIMARY_SOURCE_ACCEPTED
Callitriche palustris,Callitriche palustris,Callitriche palustris,Plantae Tracheophyta Magnoliopsida Lamiales Plantaginaceae Callitriche palustris,EXACT_MATCH_PRIMARY_SOURCE_ACCEPTED_AMONG_SYNONYMS_SIMPLE
Callitriche stagnalis,Callitriche stagnalis,Callitriche stagnalis,Plantae Tracheophyta Magnoliopsida Lamiales Plantaginaceae Callitriche stagnalis,EXACT_MATCH_PRIMARY_SOURCE_ACCEPTED
Callitriche terrestris,Callitriche terrestris,Callitriche terrestris,Plantae Tracheophyta Magnoliopsida Lamiales Plantaginaceae Callitriche terrestris,EXACT_MATCH_PRIMARY_SOURCE_ACCEPTED_MULTI_RESULT_DISAMBIGUATION
Caltha palustris,Caltha palustris,Caltha palustris,Plantae Tracheophyta Magnoliopsida Ranunculales Ranunculaceae Caltha palustris,EXACT_MATCH_PRIMARY_SOURCE_ACCEPTED
Calystegia sepium,Calystegia sepium,Calystegia sepium,Plantae Tracheophyta Magnoliopsida Solanales Convolvulaceae Calystegia sepium,EXACT_MATCH_PRIMARY_SOURCE_ACCEPTED_MULTI_RESULT_DISAMBIGUATION
Calystegia spithamaea,Calystegia spithamaea,Calystegia spithamaea,Plantae Tracheophyta Magnoliopsida Solanales Convolvulaceae Calystegia spithamaea,EXACT_MATCH_PRIMARY_SOURCE_ACCEPTED_AMONG_SYNONYMS_SIMPLE
Camelina microcarpa,Camelina microcarpa,Camelina microcarpa,Plantae Tracheophyta Magnoliopsida Brassicales Brassicaceae Camelina microcarpa,EXACT_MATCH_PRIMARY_SOURCE_ACCEPTED_AMONG_SYNONYMS_SIMPLE
Campanula aparinoides,Palustricodon aparinoides,Campanula aparinoides,Plantae Tracheophyta Magnoliopsida Asterales Campanulaceae Palustricodon aparinoides,EXACT_MATCH_PRIMARY_SOURCE_SYNONYM_SIMPLE
Campanula divaricata,Campanula divaricata,Campanula divaricata,Plantae Tracheophyta Magnoliopsida Asterales Campanulaceae Campanula divaricata,EXACT_MATCH_PRIMARY_SOURCE_ACCEPTED
Campanulastrum americanum,Campanulastrum americanum,Campanulastrum americanum,Plantae Tracheophyta Magnoliopsida Asterales Campanulaceae Campanulastrum americanum,EXACT_MATCH_PRIMARY_SOURCE_ACCEPTED
Campsis radicans,Campsis radicans,Campsis radicans,Plantae Tracheophyta Magnoliopsida Lamiales Bignoniaceae Campsis radicans,EXACT_MATCH_PRIMARY_SOURCE_ACCEPTED_AMONG_SYNONYMS_SIMPLE
Cannabis sativa,Cannabis sativa,Cannabis sativa,Plantae Tracheophyta Magnoliopsida Rosales Cannabaceae Cannabis sativa,EXACT_MATCH_PRIMARY_SOURCE_ACCEPTED
Capnoides sempervirens,Capnoides sempervirens,Capnoides sempervirens,Plantae Tracheophyta Magnoliopsida Ranunculales Papaveraceae Capnoides sempervirens,EXACT_MATCH_PRIMARY_SOURCE_ACCEPTED
Capsella bursa-pastoris,Capsella bursa-pastoris,Capsella bursa-pastoris,Plantae Tracheophyta Magnoliopsida Brassicales Brassicaceae Capsella bursa-pastoris,EXACT_MATCH_PRIMARY_SOURCE_ACCEPTED
Cardamine angustata,Cardamine angustata,Cardamine angustata,Plantae Tracheophyta Magnoliopsida Brassicales Brassicaceae Cardamine angustata,EXACT_MATCH_PRIMARY_SOURCE_ACCEPTED
Cardamine bulbosa,Cardamine bulbosa,Cardamine bulbosa,Plantae Tracheophyta Magnoliopsida Brassicales Brassicaceae Cardamine bulbosa,EXACT_MATCH_PRIMARY_SOURCE_ACCEPTED
Cardamine concatenata,Cardamine concatenata,Cardamine concatenata,Plantae Tracheophyta Magnoliopsida Brassicales Brassicaceae Cardamine concatenata,EXACT_MATCH_PRIMARY_SOURCE_ACCEPTED_AMONG_SYNONYMS_SIMPLE
Cardamine hirsuta,Cardamine hirsuta,Cardamine hirsuta,Plantae Tracheophyta Magnoliopsida Brassicales Brassicaceae Cardamine hirsuta,EXACT_MATCH_PRIMARY_SOURCE_ACCEPTED_MULTI_RESULT_DISAMBIGUATION
Cardamine parviflora,Cardamine parviflora,Cardamine parviflora,Plantae Tracheophyta Magnoliopsida Brassicales Brassicaceae Cardamine parviflora,EXACT_MATCH_PRIMARY_SOURCE_ACCEPTED_AMONG_SYNONYMS_SIMPLE
Cardamine pensylvanica,Cardamine pensylvanica,Cardamine pensylvanica,Plantae Tracheophyta Magnoliopsida Brassicales Brassicaceae Cardamine pensylvanica,EXACT_MATCH_PRIMARY_SOURCE_ACCEPTED_AMONG_SYNONYMS_SIMPLE
Cardamine pratensis,Cardamine pratensis,Cardamine pratensis,Plantae Tracheophyta Magnoliopsida Brassicales Brassicaceae Cardamine pratensis,EXACT_MATCH_PRIMARY_SOURCE_ACCEPTED_MULTI_RESULT_DISAMBIGUATION
Carduus acanthoides,Carduus acanthoides,Carduus acanthoides,Plantae Tracheophyta Magnoliopsida Asterales Asteraceae Carduus acanthoides,EXACT_MATCH_PRIMARY_SOURCE_ACCEPTED_MULTI_RESULT_DISAMBIGUATION
Carduus nutans,Carduus nutans,Carduus nutans,Plantae Tracheophyta Magnoliopsida Asterales Asteraceae Carduus nutans,EXACT_MATCH_PRIMARY_SOURCE_ACCEPTED_AMONG_SYNONYMS_SIMPLE
Carex aestivalis,Carex aestivalis,Carex aestivalis,Plantae Tracheophyta Liliopsida Poales Cyperaceae Carex aestivalis,EXACT_MATCH_PRIMARY_SOURCE_ACCEPTED_AMONG_SYNONYMS_SIMPLE
Carex aggregata,Carex aggregata,Carex aggregata,Plantae Tracheophyta Liliopsida Poales Cyperaceae Carex aggregata,EXACT_MATCH_PRIMARY_SOURCE_ACCEPTED
Carex albicans,Carex albicans,Carex albicans,Plantae Tracheophyta Liliopsida Poales Cyperaceae Carex albicans,EXACT_MATCH_PRIMARY_SOURCE_ACCEPTED_AMONG_SYNONYMS_SIMPLE
Carex albursina,Carex albursina,Carex albursina,Plantae Tracheophyta Liliopsida Poales Cyperaceae Carex albursina,EXACT_MATCH_PRIMARY_SOURCE_ACCEPTED
Carex amphibola,Carex amphibola,Carex amphibola,Plantae Tracheophyta Liliopsida Poales Cyperaceae Carex amphibola,EXACT_MATCH_PRIMARY_SOURCE_ACCEPTED
Carex appalachica,Carex appalachica,Carex appalachica,Plantae Tracheophyta Liliopsida Poales Cyperaceae Carex appalachica,EXACT_MATCH_PRIMARY_SOURCE_ACCEPTED
Carex argyrantha,Carex argyrantha,Carex argyrantha,Plantae Tracheophyta Liliopsida Poales Cyperaceae Carex argyrantha,EXACT_MATCH_PRIMARY_SOURCE_ACCEPTED_MULTI_RESULT_DISAMBIGUATION
Carex atherodes,Carex atherodes,Carex atherodes,Plantae Tracheophyta Liliopsida Poales Cyperaceae Carex atherodes,EXACT_MATCH_PRIMARY_SOURCE_ACCEPTED_MULTI_RESULT_DISAMBIGUATION
Carex atlantica,Carex atlantica,Carex atlantica,Plantae Tracheophyta Liliopsida Poales Cyperaceae Carex atlantica,EXACT_MATCH_PRIMARY_SOURCE_ACCEPTED_MULTI_RESULT_DISAMBIGUATION
Carex baileyi,Carex baileyi,Carex baileyi,Plantae Tracheophyta Liliopsida Poales Cyperaceae Carex baileyi,EXACT_MATCH_PRIMARY_SOURCE_ACCEPTED
Carex blanda,Carex blanda,Carex blanda,Plantae Tracheophyta Liliopsida Poales Cyperaceae Carex blanda,EXACT_MATCH_PRIMARY_SOURCE_ACCEPTED
Carex brevior,Carex brevior,Carex brevior,Plantae Tracheophyta Liliopsida Poales Cyperaceae Carex brevior,EXACT_MATCH_PRIMARY_SOURCE_ACCEPTED_AMONG_SYNONYMS_SIMPLE
Carex bromoides,Carex bromoides,Carex bromoides,Plantae Tracheophyta Liliopsida Poales Cyperaceae Carex bromoides,EXACT_MATCH_PRIMARY_SOURCE_ACCEPTED_MULTI_RESULT_DISAMBIGUATION
Carex brunnescens,Carex brunnescens,Carex brunnescens,Plantae Tracheophyta Liliopsida Poales Cyperaceae Carex brunnescens,EXACT_MATCH_PRIMARY_SOURCE_ACCEPTED_AMONG_SYNONYMS_SIMPLE
Carex bushii,Carex bushii,Carex bushii,Plantae Tracheophyta Liliopsida Poales Cyperaceae Carex bushii,EXACT_MATCH_PRIMARY_SOURCE_ACCEPTED
Carex careyana,Carex careyana,Carex careyana,Plantae Tracheophyta Liliopsida Poales Cyperaceae Carex careyana,EXACT_MATCH_PRIMARY_SOURCE_ACCEPTED_AMONG_SYNONYMS_SIMPLE
Carex caroliniana,Carex caroliniana,Carex caroliniana,Plantae Tracheophyta Liliopsida Poales Cyperaceae Carex caroliniana,EXACT_MATCH_PRIMARY_SOURCE_ACCEPTED_AMONG_SYNONYMS_SIMPLE
Carex cephalophora,Carex cephalophora,Carex cephalophora,Plantae Tracheophyta Liliopsida Poales Cyperaceae Carex cephalophora,EXACT_MATCH_PRIMARY_SOURCE_ACCEPTED_MULTI_RESULT_DISAMBIGUATION
Carex communis,Carex communis,Carex communis,Plantae Tracheophyta Liliopsida Poales Cyperaceae Carex communis,EXACT_MATCH_PRIMARY_SOURCE_ACCEPTED
Carex comosa,Carex comosa,Carex comosa,Plantae Tracheophyta Liliopsida Poales Cyperaceae Carex comosa,EXACT_MATCH_PRIMARY_SOURCE_ACCEPTED
Carex conjuncta,Carex conjuncta,Carex conjuncta,Plantae Tracheophyta Liliopsida Poales Cyperaceae Carex conjuncta,EXACT_MATCH_PRIMARY_SOURCE_ACCEPTED
Carex crebriflora,Carex crebriflora,Carex crebriflora,Plantae Tracheophyta Liliopsida Poales Cyperaceae Carex crebriflora,EXACT_MATCH_PRIMARY_SOURCE_ACCEPTED
Carex crinita,Carex crinita,Carex crinita,Plantae Tracheophyta Liliopsida Poales Cyperaceae Carex crinita,EXACT_MATCH_PRIMARY_SOURCE_ACCEPTED
Carex cristatella,Carex cristatella,Carex cristatella,Plantae Tracheophyta Liliopsida Poales Cyperaceae Carex cristatella,EXACT_MATCH_PRIMARY_SOURCE_ACCEPTED
Carex debilis,Carex debilis,Carex debilis,Plantae Tracheophyta Liliopsida Poales Cyperaceae Carex debilis,EXACT_MATCH_PRIMARY_SOURCE_ACCEPTED_MULTI_RESULT_DISAMBIGUATION
Carex digitalis,Carex digitalis,Carex digitalis,Plantae Tracheophyta Liliopsida Poales Cyperaceae Carex digitalis,EXACT_MATCH_PRIMARY_SOURCE_ACCEPTED_AMONG_SYNONYMS_SIMPLE
Carex eburnea,Carex eburnea,Carex eburnea,Plantae Tracheophyta Liliopsida Poales Cyperaceae Carex eburnea,EXACT_MATCH_PRIMARY_SOURCE_ACCEPTED
Carex echinata,Carex echinata,Carex echinata,Plantae Tracheophyta Liliopsida Poales Cyperaceae Carex echinata,EXACT_MATCH_PRIMARY_SOURCE_ACCEPTED_MULTI_RESULT_DISAMBIGUATION
Carex emoryi,Carex emoryi,Carex emoryi,Plantae Tracheophyta Liliopsida Poales Cyperaceae Carex emoryi,EXACT_MATCH_PRIMARY_SOURCE_ACCEPTED_MULTI_RESULT_DISAMBIGUATION
Carex flaccosperma,Carex flaccosperma,Carex flaccosperma,Plantae Tracheophyta Liliopsida Poales Cyperaceae Carex flaccosperma,EXACT_MATCH_PRIMARY_SOURCE_ACCEPTED
Carex frankii,Carex frankii,Carex frankii,Plantae Tracheophyta Liliopsida Poales Cyperaceae Carex frankii,EXACT_MATCH_PRIMARY_SOURCE_ACCEPTED_MULTI_RESULT_DISAMBIGUATION
Carex gracillima,Carex gracillima,Carex gracillima,Plantae Tracheophyta Liliopsida Poales Cyperaceae Carex gracillima,EXACT_MATCH_PRIMARY_SOURCE_ACCEPTED_MULTI_RESULT_DISAMBIGUATION
Carex granularis,Carex granularis,Carex granularis,Plantae Tracheophyta Liliopsida Poales Cyperaceae Carex granularis,EXACT_MATCH_PRIMARY_SOURCE_ACCEPTED_MULTI_RESULT_DISAMBIGUATION
Carex grisea,Carex grisea,Carex grisea,Plantae Tracheophyta Liliopsida Poales Cyperaceae Carex grisea,EXACT_MATCH_PRIMARY_SOURCE_ACCEPTED_AMONG_SYNONYMS_SIMPLE
Carex gynandra,Carex gynandra,Carex gynandra,Plantae Tracheophyta Liliopsida Poales Cyperaceae Carex gynandra,EXACT_MATCH_PRIMARY_SOURCE_ACCEPTED_AMONG_SYNONYMS_SIMPLE
Carex hirsutella,Carex hirsutella,Carex hirsutella,Plantae Tracheophyta Liliopsida Poales Cyperaceae Carex hirsutella,EXACT_MATCH_PRIMARY_SOURCE_ACCEPTED
Carex hirtifolia,Carex hirtifolia,Carex hirtifolia,Plantae Tracheophyta Liliopsida Poales Cyperaceae Carex hirtifolia,EXACT_MATCH_PRIMARY_SOURCE_ACCEPTED
Carex hystericina,Carex hystericina,Carex hystericina,Plantae Tracheophyta Liliopsida Poales Cyperaceae Carex hystericina,EXACT_MATCH_PRIMARY_SOURCE_ACCEPTED_MULTI_RESULT_DISAMBIGUATION
Carex interior,Carex interior,Carex interior,Plantae Tracheophyta Liliopsida Poales Cyperaceae Carex interior,EXACT_MATCH_PRIMARY_SOURCE_ACCEPTED
Carex intumescens,Carex intumescens,Carex intumescens,Plantae Tracheophyta Liliopsida Poales Cyperaceae Carex intumescens,EXACT_MATCH_PRIMARY_SOURCE_ACCEPTED
Carex jamesii,Carex jamesii,Carex jamesii,Plantae Tracheophyta Liliopsida Poales Cyperaceae Carex jamesii,EXACT_MATCH_PRIMARY_SOURCE_ACCEPTED_AMONG_SYNONYMS_SIMPLE
Carex laevivaginata,Carex laevivaginata,Carex laevivaginata,Plantae Tracheophyta Liliopsida Poales Cyperaceae Carex laevivaginata,EXACT_MATCH_PRIMARY_SOURCE_ACCEPTED
Carex lasiocarpa,Carex lasiocarpa,Carex lasiocarpa,Plantae Tracheophyta Liliopsida Poales Cyperaceae Carex lasiocarpa,EXACT_MATCH_PRIMARY_SOURCE_ACCEPTED
Carex laxiculmis,Carex laxiculmis,Carex laxiculmis,Plantae Tracheophyta Liliopsida Poales Cyperaceae Carex laxiculmis,EXACT_MATCH_PRIMARY_SOURCE_ACCEPTED
Carex laxiflora,Carex laxiflora,Carex laxiflora,Plantae Tracheophyta Liliopsida Poales Cyperaceae Carex laxiflora,EXACT_MATCH_PRIMARY_SOURCE_ACCEPTED_AMONG_SYNONYMS_SIMPLE
Carex leptalea,Carex leptalea,Carex leptalea,Plantae Tracheophyta Liliopsida Poales Cyperaceae Carex leptalea,EXACT_MATCH_PRIMARY_SOURCE_ACCEPTED
Carex lupulina,Carex lupulina,Carex lupulina,Plantae Tracheophyta Liliopsida Poales Cyperaceae Carex lupulina,EXACT_MATCH_PRIMARY_SOURCE_ACCEPTED_MULTI_RESULT_DISAMBIGUATION
Carex lurida,Carex lurida,Carex lurida,Plantae Tracheophyta Liliopsida Poales Cyperaceae Carex lurida,EXACT_MATCH_PRIMARY_SOURCE_ACCEPTED_AMONG_SYNONYMS_SIMPLE
Carex mesochorea,Carex mesochorea,Carex mesochorea,Plantae Tracheophyta Liliopsida Poales Cyperaceae Carex mesochorea,EXACT_MATCH_PRIMARY_SOURCE_ACCEPTED
Carex molesta,Carex molesta,Carex molesta,Plantae Tracheophyta Liliopsida Poales Cyperaceae Carex molesta,EXACT_MATCH_PRIMARY_SOURCE_ACCEPTED_MULTI_RESULT_DISAMBIGUATION
Carex molestiformis,Carex molestiformis,Carex molestiformis,Plantae Tracheophyta Liliopsida Poales Cyperaceae Carex molestiformis,EXACT_MATCH_PRIMARY_SOURCE_ACCEPTED
Carex muehlenbergii,Carex muehlenbergii,Carex muehlenbergii,Plantae Tracheophyta Liliopsida Poales Cyperaceae Carex muehlenbergii,EXACT_MATCH_PRIMARY_SOURCE_ACCEPTED_MULTI_RESULT_DISAMBIGUATION
Carex nigromarginata,Carex nigromarginata,Carex nigromarginata,Plantae Tracheophyta Liliopsida Poales Cyperaceae Carex nigromarginata,EXACT_MATCH_PRIMARY_SOURCE_ACCEPTED
Carex normalis,Carex normalis,Carex normalis,Plantae Tracheophyta Liliopsida Poales Cyperaceae Carex normalis,EXACT_MATCH_PRIMARY_SOURCE_ACCEPTED
Carex oligocarpa,Carex oligocarpa,Carex oligocarpa,Plantae Tracheophyta Liliopsida Poales Cyperaceae Carex oligocarpa,EXACT_MATCH_PRIMARY_SOURCE_ACCEPTED_MULTI_RESULT_DISAMBIGUATION
Carex pellita,Carex pellita,Carex pellita,Plantae Tracheophyta Liliopsida Poales Cyperaceae Carex pellita,EXACT_MATCH_PRIMARY_SOURCE_ACCEPTED_MULTI_RESULT_DISAMBIGUATION
Carex pensylvanica,Carex pensylvanica,Carex pensylvanica,Plantae Tracheophyta Liliopsida Poales Cyperaceae Carex pensylvanica,EXACT_MATCH_PRIMARY_SOURCE_ACCEPTED_AMONG_SYNONYMS_SIMPLE
Carex planispicata,Carex planispicata,Carex planispicata,Plantae Tracheophyta Liliopsida Poales Cyperaceae Carex planispicata,EXACT_MATCH_PRIMARY_SOURCE_ACCEPTED
Carex platyphylla,Carex platyphylla,Carex platyphylla,Plantae Tracheophyta Liliopsida Poales Cyperaceae Carex platyphylla,EXACT_MATCH_PRIMARY_SOURCE_ACCEPTED_AMONG_SYNONYMS_SIMPLE
Carex polymorpha,Carex polymorpha,Carex polymorpha,Plantae Tracheophyta Liliopsida Poales Cyperaceae Carex polymorpha,EXACT_MATCH_PRIMARY_SOURCE_ACCEPTED_MULTI_RESULT_DISAMBIGUATION
Carex prairea,Carex prairea,Carex prairea,Plantae Tracheophyta Liliopsida Poales Cyperaceae Carex prairea,EXACT_MATCH_PRIMARY_SOURCE_ACCEPTED_AMONG_SYNONYMS_SIMPLE
Carex prasina,Carex prasina,Carex prasina,Plantae Tracheophyta Liliopsida Poales Cyperaceae Carex prasina,EXACT_MATCH_PRIMARY_SOURCE_ACCEPTED
Carex radiata,Carex radiata,Carex radiata,Plantae Tracheophyta Liliopsida Poales Cyperaceae Carex radiata,EXACT_MATCH_PRIMARY_SOURCE_ACCEPTED
Carex retroflexa,Carex retroflexa,Carex retroflexa,Plantae Tracheophyta Liliopsida Poales Cyperaceae Carex retroflexa,EXACT_MATCH_PRIMARY_SOURCE_ACCEPTED_MULTI_RESULT_DISAMBIGUATION
Carex rosea,Carex rosea,Carex rosea,Plantae Tracheophyta Liliopsida Poales Cyperaceae Carex rosea,EXACT_MATCH_PRIMARY_SOURCE_ACCEPTED_MULTI_RESULT_DISAMBIGUATION
Carex scabrata,Carex scabrata,Carex scabrata,Plantae Tracheophyta Liliopsida Poales Cyperaceae Carex scabrata,EXACT_MATCH_PRIMARY_SOURCE_ACCEPTED
Carex scoparia,Carex scoparia,Carex scoparia,Plantae Tracheophyta Liliopsida Poales Cyperaceae Carex scoparia,EXACT_MATCH_PRIMARY_SOURCE_ACCEPTED_MULTI_RESULT_DISAMBIGUATION
Carex seorsa,Carex seorsa,Carex seorsa,Plantae Tracheophyta Liliopsida Poales Cyperaceae Carex seorsa,EXACT_MATCH_PRIMARY_SOURCE_ACCEPTED
Carex shortiana,Carex shortiana,Carex shortiana,Plantae Tracheophyta Liliopsida Poales Cyperaceae Carex shortiana,EXACT_MATCH_PRIMARY_SOURCE_ACCEPTED
Carex sparganioides,Carex sparganioides,Carex sparganioides,Plantae Tracheophyta Liliopsida Poales Cyperaceae Carex sparganioides,EXACT_MATCH_PRIMARY_SOURCE_ACCEPTED_MULTI_RESULT_DISAMBIGUATION
Carex squarrosa,Carex squarrosa,Carex squarrosa,Plantae Tracheophyta Liliopsida Poales Cyperaceae Carex squarrosa,EXACT_MATCH_PRIMARY_SOURCE_ACCEPTED
Carex stipata,Carex stipata,Carex stipata,Plantae Tracheophyta Liliopsida Poales Cyperaceae Carex stipata,EXACT_MATCH_PRIMARY_SOURCE_ACCEPTED_MULTI_RESULT_DISAMBIGUATION
Carex striatula,Carex striatula,Carex striatula,Plantae Tracheophyta Liliopsida Poales Cyperaceae Carex striatula,EXACT_MATCH_PRIMARY_SOURCE_ACCEPTED
Carex stricta,Carex stricta,Carex stricta,Plantae Tracheophyta Liliopsida Poales Cyperaceae Carex stricta,EXACT_MATCH_PRIMARY_SOURCE_ACCEPTED_AMONG_SYNONYMS_SIMPLE
Carex styloflexa,Carex styloflexa,Carex styloflexa,Plantae Tracheophyta Liliopsida Poales Cyperaceae Carex styloflexa,EXACT_MATCH_PRIMARY_SOURCE_ACCEPTED
Carex suberecta,Carex suberecta,Carex suberecta,Plantae Tracheophyta Liliopsida Poales Cyperaceae Carex suberecta,EXACT_MATCH_PRIMARY_SOURCE_ACCEPTED
Carex swanii,Carex swanii,Carex swanii,Plantae Tracheophyta Liliopsida Poales Cyperaceae Carex swanii,EXACT_MATCH_PRIMARY_SOURCE_ACCEPTED
Carex tetanica,Carex tetanica,Carex tetanica,Plantae Tracheophyta Liliopsida Poales Cyperaceae Carex tetanica,EXACT_MATCH_PRIMARY_SOURCE_ACCEPTED_MULTI_RESULT_DISAMBIGUATION
Carex torta,Carex torta,Carex torta,Plantae Tracheophyta Liliopsida Poales Cyperaceae Carex torta,EXACT_MATCH_PRIMARY_SOURCE_ACCEPTED_MULTI_RESULT_DISAMBIGUATION
Carex tribuloides,Carex tribuloides,Carex tribuloides,Plantae Tracheophyta Liliopsida Poales Cyperaceae Carex tribuloides,EXACT_MATCH_PRIMARY_SOURCE_ACCEPTED
Carex trichocarpa,Carex trichocarpa,Carex trichocarpa,Plantae Tracheophyta Liliopsida Poales Cyperaceae Carex trichocarpa,EXACT_MATCH_PRIMARY_SOURCE_ACCEPTED_MULTI_RESULT_DISAMBIGUATION
Carex typhina,Carex typhina,Carex typhina,Plantae Tracheophyta Liliopsida Poales Cyperaceae Carex typhina,EXACT_MATCH_PRIMARY_SOURCE_ACCEPTED
Carex umbellata,Carex umbellata,Carex umbellata,Plantae Tracheophyta Liliopsida Poales Cyperaceae Carex umbellata,EXACT_MATCH_PRIMARY_SOURCE_ACCEPTED_MULTI_RESULT_DISAMBIGUATION
Carex utriculata,Carex utriculata,Carex utriculata,Plantae Tracheophyta Liliopsida Poales Cyperaceae Carex utriculata,EXACT_MATCH_PRIMARY_SOURCE_ACCEPTED
Carex vesicaria,Carex vesicaria,Carex vesicaria,Plantae Tracheophyta Liliopsida Poales Cyperaceae Carex vesicaria,EXACT_MATCH_PRIMARY_SOURCE_ACCEPTED_MULTI_RESULT_DISAMBIGUATION
Carex virescens,Carex virescens,Carex virescens,Plantae Tracheophyta Liliopsida Poales Cyperaceae Carex virescens,EXACT_MATCH_PRIMARY_SOURCE_ACCEPTED_MULTI_RESULT_DISAMBIGUATION
Carex vulpinoidea,Carex vulpinoidea,Carex vulpinoidea,Plantae Tracheophyta Liliopsida Poales Cyperaceae Carex vulpinoidea,EXACT_MATCH_PRIMARY_SOURCE_ACCEPTED_MULTI_RESULT_DISAMBIGUATION
Carex willdenowii,Carex willdenowii,Carex willdenowii,Plantae Tracheophyta Liliopsida Poales Cyperaceae Carex willdenowii,EXACT_MATCH_PRIMARY_SOURCE_ACCEPTED_MULTI_RESULT_DISAMBIGUATION
Carex woodii,Carex woodii,Carex woodii,Plantae Tracheophyta Liliopsida Poales Cyperaceae Carex woodii,EXACT_MATCH_PRIMARY_SOURCE_ACCEPTED
Carpinus caroliniana,Carpinus caroliniana,Carpinus caroliniana,Plantae Tracheophyta Magnoliopsida Fagales Betulaceae Carpinus caroliniana,EXACT_MATCH_PRIMARY_SOURCE_ACCEPTED
Carya cordiformis,Carya cordiformis,Carya cordiformis,Plantae Tracheophyta Magnoliopsida Fagales Juglandaceae Carya cordiformis,EXACT_MATCH_PRIMARY_SOURCE_ACCEPTED_MULTI_RESULT_DISAMBIGUATION
Carya glabra,Carya glabra,Carya glabra,Plantae Tracheophyta Magnoliopsida Fagales Juglandaceae Carya glabra,EXACT_MATCH_PRIMARY_SOURCE_ACCEPTED
Carya ovata,Carya ovata,Carya ovata,Plantae Tracheophyta Magnoliopsida Fagales Juglandaceae Carya ovata,EXACT_MATCH_PRIMARY_SOURCE_ACCEPTED_MULTI_RESULT_DISAMBIGUATION
Carya tomentosa,Carya alba,Carya tomentosa,Plantae Tracheophyta Magnoliopsida Fagales Juglandaceae Carya alba,EXACT_MATCH_PRIMARY_SOURCE_SYNONYM_SIMPLE
Castanea dentata,Castanea dentata,Castanea dentata,Plantae Tracheophyta Magnoliopsida Fagales Fagaceae Castanea dentata,EXACT_MATCH_PRIMARY_SOURCE_ACCEPTED_MULTI_RESULT_DISAMBIGUATION
Castanea pumila,Castanea pumila,Castanea pumila,Plantae Tracheophyta Magnoliopsida Fagales Fagaceae Castanea pumila,EXACT_MATCH_PRIMARY_SOURCE_ACCEPTED_MULTI_RESULT_DISAMBIGUATION
Castilleja coccinea,Castilleja coccinea,Castilleja coccinea,Plantae Tracheophyta Magnoliopsida Lamiales Orobanchaceae Castilleja coccinea,EXACT_MATCH_PRIMARY_SOURCE_ACCEPTED_AMONG_SYNONYMS_SIMPLE
Catalpa speciosa,Catalpa speciosa,Catalpa speciosa,Plantae Tracheophyta Magnoliopsida Lamiales Bignoniaceae Catalpa speciosa,EXACT_MATCH_PRIMARY_SOURCE_ACCEPTED_MULTI_RESULT_DISAMBIGUATION
Caulophyllum giganteum,Caulophyllum giganteum,Caulophyllum giganteum,Plantae Tracheophyta Magnoliopsida Ranunculales Berberidaceae Caulophyllum giganteum,EXACT_MATCH_PRIMARY_SOURCE_ACCEPTED
Caulophyllum thalictroides,Caulophyllum thalictroides,Caulophyllum thalictroides,Plantae Tracheophyta Magnoliopsida Ranunculales Berberidaceae Caulophyllum thalictroides,EXACT_MATCH_PRIMARY_SOURCE_ACCEPTED_AMONG_SYNONYMS_SIMPLE
Ceanothus americanus,Ceanothus americanus,Ceanothus americanus,Plantae Tracheophyta Magnoliopsida Rosales Rhamnaceae Ceanothus americanus,EXACT_MATCH_PRIMARY_SOURCE_ACCEPTED_MULTI_RESULT_DISAMBIGUATION
Celastrus orbiculatus,Celastrus orbiculatus,Celastrus orbiculatus,Plantae Tracheophyta Magnoliopsida Celastrales Celastraceae Celastrus orbiculatus,EXACT_MATCH_PRIMARY_SOURCE_ACCEPTED_MULTI_RESULT_DISAMBIGUATION
Celastrus scandens,Celastrus scandens,Celastrus scandens,Plantae Tracheophyta Magnoliopsida Celastrales Celastraceae Celastrus scandens,EXACT_MATCH_PRIMARY_SOURCE_ACCEPTED_AMONG_SYNONYMS_SIMPLE
Celtis laevigata,Celtis laevigata,Celtis laevigata,Plantae Tracheophyta Magnoliopsida Rosales Cannabaceae Celtis laevigata,EXACT_MATCH_PRIMARY_SOURCE_ACCEPTED_AMONG_SYNONYMS_SIMPLE
Celtis occidentalis,Celtis occidentalis,Celtis occidentalis,Plantae Tracheophyta Magnoliopsida Rosales Cannabaceae Celtis occidentalis,EXACT_MATCH_PRIMARY_SOURCE_ACCEPTED_MULTI_RESULT_DISAMBIGUATION
Celtis tenuifolia,Celtis tenuifolia,Celtis tenuifolia,Plantae Tracheophyta Magnoliopsida Rosales Cannabaceae Celtis tenuifolia,EXACT_MATCH_PRIMARY_SOURCE_ACCEPTED_AMONG_SYNONYMS_SIMPLE
Cenchrus incertus,Cenchrus spinifex,Cenchrus incertus,Plantae Tracheophyta Liliopsida Poales Poaceae Cenchrus spinifex,EXACT_MATCH_PRIMARY_SOURCE_SYNONYM_SIMPLE
Cenchrus longispinus,Cenchrus longispinus,Cenchrus longispinus,Plantae Tracheophyta Liliopsida Poales Poaceae Cenchrus longispinus,EXACT_MATCH_PRIMARY_SOURCE_ACCEPTED
Centaurea jacea,Centaurea jacea,Centaurea jacea,Plantae Tracheophyta Magnoliopsida Asterales Asteraceae Centaurea jacea,EXACT_MATCH_PRIMARY_SOURCE_ACCEPTED
Centaurea nigrescens,Centaurea nigrescens,Centaurea nigrescens,Plantae Tracheophyta Magnoliopsida Asterales Asteraceae Centaurea nigrescens,EXACT_MATCH_PRIMARY_SOURCE_ACCEPTED_AMONG_SYNONYMS_SIMPLE
Centaurea stoebe,Centaurea stoebe,Centaurea stoebe,Plantae Tracheophyta Magnoliopsida Asterales Asteraceae Centaurea stoebe,EXACT_MATCH_PRIMARY_SOURCE_ACCEPTED_AMONG_SYNONYMS_SIMPLE
Cephalanthus occidentalis,Cephalanthus occidentalis,Cephalanthus occidentalis,Plantae Tracheophyta Magnoliopsida Gentianales Rubiaceae Cephalanthus occidentalis,EXACT_MATCH_PRIMARY_SOURCE_ACCEPTED_AMONG_SYNONYMS_SIMPLE
Cerastium arvense,Cerastium arvense,Cerastium arvense,Plantae Tracheophyta Magnoliopsida Caryophyllales Caryophyllaceae Cerastium arvense,EXACT_MATCH_PRIMARY_SOURCE_ACCEPTED_AMONG_SYNONYMS_SIMPLE
Cerastium fontanum,Cerastium fontanum,Cerastium fontanum,Plantae Tracheophyta Magnoliopsida Caryophyllales Caryophyllaceae Cerastium fontanum,EXACT_MATCH_PRIMARY_SOURCE_ACCEPTED
Cerastium glomeratum,Cerastium glomeratum,Cerastium glomeratum,Plantae Tracheophyta Magnoliopsida Caryophyllales Caryophyllaceae Cerastium glomeratum,EXACT_MATCH_PRIMARY_SOURCE_ACCEPTED
Cerastium nutans,Cerastium nutans,Cerastium nutans,Plantae Tracheophyta Magnoliopsida Caryophyllales Caryophyllaceae Cerastium nutans,EXACT_MATCH_PRIMARY_SOURCE_ACCEPTED
Cerastium semidecandrum,Cerastium semidecandrum,Cerastium semidecandrum,Plantae Tracheophyta Magnoliopsida Caryophyllales Caryophyllaceae Cerastium semidecandrum,EXACT_MATCH_PRIMARY_SOURCE_ACCEPTED_MULTI_RESULT_DISAMBIGUATION
Cerastium velutinum,Cerastium velutinum,Cerastium velutinum,Plantae Tracheophyta Magnoliopsida Caryophyllales Caryophyllaceae Cerastium velutinum,EXACT_MATCH_PRIMARY_SOURCE_ACCEPTED
Ceratophyllum demersum,Ceratophyllum demersum,Ceratophyllum demersum,Plantae Tracheophyta Magnoliopsida Ceratophyllales Ceratophyllaceae Ceratophyllum demersum,EXACT_MATCH_PRIMARY_SOURCE_ACCEPTED_MULTI_RESULT_DISAMBIGUATION
Ceratophyllum echinatum,Ceratophyllum echinatum,Ceratophyllum echinatum,Plantae Tracheophyta Magnoliopsida Ceratophyllales Ceratophyllaceae Ceratophyllum echinatum,EXACT_MATCH_PRIMARY_SOURCE_ACCEPTED
Cercis canadensis,Cercis canadensis,Cercis canadensis,Plantae Tracheophyta Magnoliopsida Fabales Fabaceae Cercis canadensis,EXACT_MATCH_PRIMARY_SOURCE_ACCEPTED_MULTI_RESULT_DISAMBIGUATION
Chaenorhinum minus,Chaenorhinum minus,Chaenorhinum minus,Plantae Tracheophyta Magnoliopsida Lamiales Plantaginaceae Chaenorhinum minus,EXACT_MATCH_PRIMARY_SOURCE_ACCEPTED
Chaerophyllum procumbens,Chaerophyllum procumbens,Chaerophyllum procumbens,Plantae Tracheophyta Magnoliopsida Apiales Apiaceae Chaerophyllum procumbens,EXACT_MATCH_PRIMARY_SOURCE_ACCEPTED
Chaerophyllum tainturieri,Chaerophyllum tainturieri,Chaerophyllum tainturieri,Plantae Tracheophyta Magnoliopsida Apiales Apiaceae Chaerophyllum tainturieri,EXACT_MATCH_PRIMARY_SOURCE_ACCEPTED
Chaiturus marrubiastrum,Chaiturus marrubiastrum,Chaiturus marrubiastrum,Plantae Tracheophyta Magnoliopsida Lamiales Lamiaceae Chaiturus marrubiastrum,EXACT_MATCH_PRIMARY_SOURCE_ACCEPTED_AMONG_SYNONYMS_SIMPLE
Chamaecrista fasciculata,Chamaecrista fasciculata,Chamaecrista fasciculata,Plantae Tracheophyta Magnoliopsida Fabales Fabaceae Chamaecrista fasciculata,EXACT_MATCH_PRIMARY_SOURCE_ACCEPTED_AMONG_SYNONYMS_SIMPLE
Chamaecrista nictitans,Chamaecrista nictitans,Chamaecrista nictitans,Plantae Tracheophyta Magnoliopsida Fabales Fabaceae Chamaecrista nictitans,EXACT_MATCH_PRIMARY_SOURCE_ACCEPTED
Chamaelirium luteum,Chamaelirium luteum,Chamaelirium luteum,Plantae Tracheophyta Liliopsida Liliales Melanthiaceae Chamaelirium luteum,EXACT_MATCH_PRIMARY_SOURCE_ACCEPTED_AMONG_SYNONYMS_SIMPLE
Chasmanthium latifolium,Chasmanthium latifolium,Chasmanthium latifolium,Plantae Tracheophyta Liliopsida Poales Poaceae Chasmanthium latifolium,EXACT_MATCH_PRIMARY_SOURCE_ACCEPTED_AMONG_SYNONYMS_SIMPLE
Chelidonium majus,Chelidonium majus,Chelidonium majus,Plantae Tracheophyta Magnoliopsida Ranunculales Papaveraceae Chelidonium majus,EXACT_MATCH_PRIMARY_SOURCE_ACCEPTED_MULTI_RESULT_DISAMBIGUATION
Chelone glabra,Chelone glabra,Chelone glabra,Plantae Tracheophyta Magnoliopsida Lamiales Plantaginaceae Chelone glabra,EXACT_MATCH_PRIMARY_SOURCE_ACCEPTED
Chenopodium album,Chenopodium album,Chenopodium album,Plantae Tracheophyta Magnoliopsida Caryophyllales Amaranthaceae Chenopodium album,EXACT_MATCH_PRIMARY_SOURCE_ACCEPTED_AMONG_SYNONYMS_SIMPLE
Chenopodium standleyanum,Chenopodiastrum standleyanum,Chenopodium standleyanum,Plantae Tracheophyta Magnoliopsida Caryophyllales Amaranthaceae Chenopodiastrum standleyanum,EXACT_MATCH_PRIMARY_SOURCE_SYNONYM_SIMPLE
Chimaphila maculata,Chimaphila maculata,Chimaphila maculata,Plantae Tracheophyta Magnoliopsida Ericales Ericaceae Chimaphila maculata,EXACT_MATCH_PRIMARY_SOURCE_ACCEPTED
Chimaphila umbellata,Chimaphila umbellata,Chimaphila umbellata,Plantae Tracheophyta Magnoliopsida Ericales Ericaceae Chimaphila umbellata,EXACT_MATCH_PRIMARY_SOURCE_ACCEPTED_AMONG_SYNONYMS_SIMPLE
Chionanthus virginicus,Chionanthus virginicus,Chionanthus virginicus,Plantae Tracheophyta Magnoliopsida Lamiales Oleaceae Chionanthus virginicus,EXACT_MATCH_PRIMARY_SOURCE_ACCEPTED
Chloris verticillata,Chloris verticillata,Chloris verticillata,Plantae Tracheophyta Liliopsida Poales Poaceae Chloris verticillata,EXACT_MATCH_PRIMARY_SOURCE_ACCEPTED
Chondrilla juncea,Chondrilla juncea,Chondrilla juncea,Plantae Tracheophyta Magnoliopsida Asterales Asteraceae Chondrilla juncea,EXACT_MATCH_PRIMARY_SOURCE_ACCEPTED_AMONG_SYNONYMS_SIMPLE
Chrysogonum virginianum,Chrysogonum virginianum,Chrysogonum virginianum,Plantae Tracheophyta Magnoliopsida Asterales Asteraceae Chrysogonum virginianum,EXACT_MATCH_PRIMARY_SOURCE_ACCEPTED
Chrysopsis mariana,Chrysopsis mariana,Chrysopsis mariana,Plantae Tracheophyta Magnoliopsida Asterales Asteraceae Chrysopsis mariana,EXACT_MATCH_PRIMARY_SOURCE_ACCEPTED
Chrysosplenium americanum,Chrysosplenium americanum,Chrysosplenium americanum,Plantae Tracheophyta Magnoliopsida Saxifragales Saxifragaceae Chrysosplenium americanum,EXACT_MATCH_PRIMARY_SOURCE_ACCEPTED_AMONG_SYNONYMS_SIMPLE
Cichorium intybus,Cichorium intybus,Cichorium intybus,Plantae Tracheophyta Magnoliopsida Asterales Asteraceae Cichorium intybus,EXACT_MATCH_PRIMARY_SOURCE_ACCEPTED
Cicuta maculata,Cicuta maculata,Cicuta maculata,Plantae Tracheophyta Magnoliopsida Apiales Apiaceae Cicuta maculata,EXACT_MATCH_PRIMARY_SOURCE_ACCEPTED_AMONG_SYNONYMS_SIMPLE
Cinna arundinacea,Cinna arundinacea,Cinna arundinacea,Plantae Tracheophyta Liliopsida Poales Poaceae Cinna arundinacea,EXACT_MATCH_PRIMARY_SOURCE_ACCEPTED_AMONG_SYNONYMS_SIMPLE
Circaea alpina,Circaea alpina,Circaea alpina,Plantae Tracheophyta Magnoliopsida Myrtales Onagraceae Circaea alpina,EXACT_MATCH_PRIMARY_SOURCE_ACCEPTED
Circaea canadensis,Circaea canadensis,Circaea canadensis,Plantae Tracheophyta Magnoliopsida Myrtales Onagraceae Circaea canadensis,EXACT_MATCH_PRIMARY_SOURCE_ACCEPTED_MULTI_RESULT_DISAMBIGUATION
Cirsium altissimum,Cirsium altissimum,Cirsium altissimum,Plantae Tracheophyta Magnoliopsida Asterales Asteraceae Cirsium altissimum,EXACT_MATCH_PRIMARY_SOURCE_ACCEPTED_AMONG_SYNONYMS_SIMPLE
Cirsium arvense,Cirsium arvense,Cirsium arvense,Plantae Tracheophyta Magnoliopsida Asterales Asteraceae Cirsium arvense,EXACT_MATCH_PRIMARY_SOURCE_ACCEPTED_MULTI_RESULT_DISAMBIGUATION
Cirsium discolor,Cirsium discolor,Cirsium discolor,Plantae Tracheophyta Magnoliopsida Asterales Asteraceae Cirsium discolor,EXACT_MATCH_PRIMARY_SOURCE_ACCEPTED_MULTI_RESULT_DISAMBIGUATION
Cirsium muticum,Cirsium muticum,Cirsium muticum,Plantae Tracheophyta Magnoliopsida Asterales Asteraceae Cirsium muticum,EXACT_MATCH_PRIMARY_SOURCE_ACCEPTED
Cirsium vulgare,Cirsium vulgare,Cirsium vulgare,Plantae Tracheophyta Magnoliopsida Asterales Asteraceae Cirsium vulgare,EXACT_MATCH_PRIMARY_SOURCE_ACCEPTED_AMONG_SYNONYMS_SIMPLE
Claytonia caroliniana,Claytonia caroliniana,Claytonia caroliniana,Plantae Tracheophyta Magnoliopsida Caryophyllales Montiaceae Claytonia caroliniana,EXACT_MATCH_PRIMARY_SOURCE_ACCEPTED
Claytonia virginica,Claytonia virginica,Claytonia virginica,Plantae Tracheophyta Magnoliopsida Caryophyllales Montiaceae Claytonia virginica,EXACT_MATCH_PRIMARY_SOURCE_ACCEPTED
Clematis occidentalis,Clematis occidentalis,Clematis occidentalis,Plantae Tracheophyta Magnoliopsida Ranunculales Ranunculaceae Clematis occidentalis,EXACT_MATCH_PRIMARY_SOURCE_ACCEPTED_AMONG_SYNONYMS_SIMPLE
Clematis terniflora,Clematis terniflora,Clematis terniflora,Plantae Tracheophyta Magnoliopsida Ranunculales Ranunculaceae Clematis terniflora,EXACT_MATCH_PRIMARY_SOURCE_ACCEPTED
Clematis viorna,Clematis viorna,Clematis viorna,Plantae Tracheophyta Magnoliopsida Ranunculales Ranunculaceae Clematis viorna,EXACT_MATCH_PRIMARY_SOURCE_ACCEPTED_AMONG_SYNONYMS_SIMPLE
Clematis virginiana,Clematis virginiana,Clematis virginiana,Plantae Tracheophyta Magnoliopsida Ranunculales Ranunculaceae Clematis virginiana,EXACT_MATCH_PRIMARY_SOURCE_ACCEPTED_AMONG_SYNONYMS_SIMPLE
Clinopodium calamintha,Clinopodium calamintha,Clinopodium calamintha,Plantae Tracheophyta Magnoliopsida Lamiales Lamiaceae Clinopodium calamintha,EXACT_MATCH_PRIMARY_SOURCE_ACCEPTED_AMONG_SYNONYMS_SIMPLE
Clinopodium vulgare,Clinopodium vulgare,Clinopodium vulgare,Plantae Tracheophyta Magnoliopsida Lamiales Lamiaceae Clinopodium vulgare,EXACT_MATCH_PRIMARY_SOURCE_ACCEPTED
Clintonia borealis,Clintonia borealis,Clintonia borealis,Plantae Tracheophyta Liliopsida Liliales Liliaceae Clintonia borealis,EXACT_MATCH_PRIMARY_SOURCE_ACCEPTED
Clintonia umbellulata,Clintonia umbellulata,Clintonia umbellulata,Plantae Tracheophyta Liliopsida Liliales Liliaceae Clintonia umbellulata,EXACT_MATCH_PRIMARY_SOURCE_ACCEPTED_MULTI_RESULT_DISAMBIGUATION
Clitoria mariana,Clitoria mariana,Clitoria mariana,Plantae Tracheophyta Magnoliopsida Fabales Fabaceae Clitoria mariana,EXACT_MATCH_PRIMARY_SOURCE_ACCEPTED_MULTI_RESULT_DISAMBIGUATION
Cocculus carolinus,Cocculus carolinus,Cocculus carolinus,Plantae Tracheophyta Magnoliopsida Ranunculales Menispermaceae Cocculus carolinus,EXACT_MATCH_PRIMARY_SOURCE_ACCEPTED
Coeloglossum viride,Dactylorhiza viridis,Coeloglossum viride,Plantae Tracheophyta Liliopsida Asparagales Orchidaceae Dactylorhiza viridis,EXACT_MATCH_PRIMARY_SOURCE_SYNONYM_SIMPLE
Coleataenia anceps,Coleataenia anceps,Coleataenia anceps,Plantae Tracheophyta Liliopsida Poales Poaceae Coleataenia anceps,EXACT_MATCH_PRIMARY_SOURCE_ACCEPTED
Coleataenia rigidula,Coleataenia rigidula,Coleataenia rigidula,Plantae Tracheophyta Liliopsida Poales Poaceae Coleataenia rigidula,EXACT_MATCH_PRIMARY_SOURCE_ACCEPTED
Collinsonia canadensis,Collinsonia canadensis,Collinsonia canadensis,Plantae Tracheophyta Magnoliopsida Lamiales Lamiaceae Collinsonia canadensis,EXACT_MATCH_PRIMARY_SOURCE_ACCEPTED
Comandra umbellata,Comandra umbellata,Comandra umbellata,Plantae Tracheophyta Magnoliopsida Santalales Comandraceae Comandra umbellata,EXACT_MATCH_PRIMARY_SOURCE_ACCEPTED
Commelina communis,Commelina communis,Commelina communis,Plantae Tracheophyta Liliopsida Commelinales Commelinaceae Commelina communis,EXACT_MATCH_PRIMARY_SOURCE_ACCEPTED_MULTI_RESULT_DISAMBIGUATION
Commelina diffusa,Commelina diffusa,Commelina diffusa,Plantae Tracheophyta Liliopsida Commelinales Commelinaceae Commelina diffusa,EXACT_MATCH_PRIMARY_SOURCE_ACCEPTED_AMONG_SYNONYMS_SIMPLE
Commelina erecta,Commelina erecta,Commelina erecta,Plantae Tracheophyta Liliopsida Commelinales Commelinaceae Commelina erecta,EXACT_MATCH_PRIMARY_SOURCE_ACCEPTED_MULTI_RESULT_DISAMBIGUATION
Commelina virginica,Commelina virginica,Commelina virginica,Plantae Tracheophyta Liliopsida Commelinales Commelinaceae Commelina virginica,EXACT_MATCH_PRIMARY_SOURCE_ACCEPTED_MULTI_RESULT_DISAMBIGUATION
Comptonia peregrina,Comptonia peregrina,Comptonia peregrina,Plantae Tracheophyta Magnoliopsida Fagales Myricaceae Comptonia peregrina,EXACT_MATCH_PRIMARY_SOURCE_ACCEPTED
Conium maculatum,Conium maculatum,Conium maculatum,Plantae Tracheophyta Magnoliopsida Apiales Apiaceae Conium maculatum,EXACT_MATCH_PRIMARY_SOURCE_ACCEPTED
Conoclinium coelestinum,Conoclinium coelestinum,Conoclinium coelestinum,Plantae Tracheophyta Magnoliopsida Asterales Asteraceae Conoclinium coelestinum,EXACT_MATCH_PRIMARY_SOURCE_ACCEPTED
Conopholis americana,Conopholis americana,Conopholis americana,Plantae Tracheophyta Magnoliopsida Lamiales Orobanchaceae Conopholis americana,EXACT_MATCH_PRIMARY_SOURCE_ACCEPTED_AMONG_SYNONYMS_SIMPLE
Consolida ajacis,Delphinium ajacis,Consolida ajacis,Plantae Tracheophyta Magnoliopsida Ranunculales Ranunculaceae Delphinium ajacis,MULTI_EXACT_MATCH_PRIMARY_SOURCE_SYNONYMS_INFRASPECIFIC_SCORE
Convallaria majalis,Convallaria majalis,Convallaria majalis,Plantae Tracheophyta Liliopsida Asparagales Asparagaceae Convallaria majalis,EXACT_MATCH_PRIMARY_SOURCE_ACCEPTED
Convolvulus arvensis,Convolvulus arvensis,Convolvulus arvensis,Plantae Tracheophyta Magnoliopsida Solanales Convolvulaceae Convolvulus arvensis,EXACT_MATCH_PRIMARY_SOURCE_ACCEPTED
Corallorhiza maculata,Corallorhiza maculata,Corallorhiza maculata,Plantae Tracheophyta Liliopsida Asparagales Orchidaceae Corallorhiza maculata,EXACT_MATCH_PRIMARY_SOURCE_ACCEPTED_MULTI_RESULT_DISAMBIGUATION
Corallorhiza odontorhiza,Corallorhiza odontorhiza,Corallorhiza odontorhiza,Plantae Tracheophyta Liliopsida Asparagales Orchidaceae Corallorhiza odontorhiza,EXACT_MATCH_PRIMARY_SOURCE_ACCEPTED_AMONG_SYNONYMS_SIMPLE
Corallorhiza wisteriana,Corallorhiza wisteriana,Corallorhiza wisteriana,Plantae Tracheophyta Liliopsida Asparagales Orchidaceae Corallorhiza wisteriana,EXACT_MATCH_PRIMARY_SOURCE_ACCEPTED
Coreopsis lanceolata,Coreopsis lanceolata,Coreopsis lanceolata,Plantae Tracheophyta Magnoliopsida Asterales Asteraceae Coreopsis lanceolata,EXACT_MATCH_PRIMARY_SOURCE_ACCEPTED
Coreopsis tinctoria,Coreopsis tinctoria,Coreopsis tinctoria,Plantae Tracheophyta Magnoliopsida Asterales Asteraceae Coreopsis tinctoria,EXACT_MATCH_PRIMARY_SOURCE_ACCEPTED
Coreopsis verticillata,Coreopsis verticillata,Coreopsis verticillata,Plantae Tracheophyta Magnoliopsida Asterales Asteraceae Coreopsis verticillata,EXACT_MATCH_PRIMARY_SOURCE_ACCEPTED_MULTI_RESULT_DISAMBIGUATION
Cornus alternifolia,Cornus alternifolia,Cornus alternifolia,Plantae Tracheophyta Magnoliopsida Cornales Cornaceae Cornus alternifolia,EXACT_MATCH_PRIMARY_SOURCE_ACCEPTED_MULTI_RESULT_DISAMBIGUATION
Cornus amomum,Cornus amomum,Cornus amomum,Plantae Tracheophyta Magnoliopsida Cornales Cornaceae Cornus amomum,EXACT_MATCH_PRIMARY_SOURCE_ACCEPTED
Cornus florida,Cornus florida,Cornus florida,Plantae Tracheophyta Magnoliopsida Cornales Cornaceae Cornus florida,EXACT_MATCH_PRIMARY_SOURCE_ACCEPTED_MULTI_RESULT_DISAMBIGUATION
Cornus foemina,Cornus foemina,Cornus foemina,Plantae Tracheophyta Magnoliopsida Cornales Cornaceae Cornus foemina,EXACT_MATCH_PRIMARY_SOURCE_ACCEPTED
Cornus obliqua,Cornus obliqua,Cornus obliqua,Plantae Tracheophyta Magnoliopsida Cornales Cornaceae Cornus obliqua,EXACT_MATCH_PRIMARY_SOURCE_ACCEPTED
Cornus racemosa,Cornus racemosa,Cornus racemosa,Plantae Tracheophyta Magnoliopsida Cornales Cornaceae Cornus racemosa,EXACT_MATCH_PRIMARY_SOURCE_ACCEPTED
Cornus rugosa,Cornus rugosa,Cornus rugosa,Plantae Tracheophyta Magnoliopsida Cornales Cornaceae Cornus rugosa,EXACT_MATCH_PRIMARY_SOURCE_ACCEPTED
Corydalis flavula,Corydalis flavula,Corydalis flavula,Plantae Tracheophyta Magnoliopsida Ranunculales Papaveraceae Corydalis flavula,EXACT_MATCH_PRIMARY_SOURCE_ACCEPTED
Corylus americana,Corylus americana,Corylus americana,Plantae Tracheophyta Magnoliopsida Fagales Betulaceae Corylus americana,EXACT_MATCH_PRIMARY_SOURCE_ACCEPTED_MULTI_RESULT_DISAMBIGUATION
Corylus cornuta,Corylus cornuta,Corylus cornuta,Plantae Tracheophyta Magnoliopsida Fagales Betulaceae Corylus cornuta,EXACT_MATCH_PRIMARY_SOURCE_ACCEPTED_AMONG_SYNONYMS_SIMPLE
Crataegus crus-galli,Crataegus crus-galli,Crataegus crus-galli,Plantae Tracheophyta Magnoliopsida Rosales Rosaceae Crataegus crus-galli,EXACT_MATCH_PRIMARY_SOURCE_ACCEPTED_MULTI_RESULT_DISAMBIGUATION
Crataegus intricata,Crataegus intricata,Crataegus intricata,Plantae Tracheophyta Magnoliopsida Rosales Rosaceae Crataegus intricata,EXACT_MATCH_PRIMARY_SOURCE_ACCEPTED
Crataegus macrosperma,Crataegus macrosperma,Crataegus macrosperma,Plantae Tracheophyta Magnoliopsida Rosales Rosaceae Crataegus macrosperma,EXACT_MATCH_PRIMARY_SOURCE_ACCEPTED
Crataegus punctata,Crataegus punctata,Crataegus punctata,Plantae Tracheophyta Magnoliopsida Rosales Rosaceae Crataegus punctata,EXACT_MATCH_PRIMARY_SOURCE_ACCEPTED_MULTI_RESULT_DISAMBIGUATION
Crataegus uniflora,Crataegus uniflora,Crataegus uniflora,Plantae Tracheophyta Magnoliopsida Rosales Rosaceae Crataegus uniflora,EXACT_MATCH_PRIMARY_SOURCE_ACCEPTED_AMONG_SYNONYMS_SIMPLE
Crocanthemum canadense,Crocanthemum canadense,Crocanthemum canadense,Plantae Tracheophyta Magnoliopsida Malvales Cistaceae Crocanthemum canadense,EXACT_MATCH_PRIMARY_SOURCE_ACCEPTED
Crotalaria sagittalis,Crotalaria sagittalis,Crotalaria sagittalis,Plantae Tracheophyta Magnoliopsida Fabales Fabaceae Crotalaria sagittalis,EXACT_MATCH_PRIMARY_SOURCE_ACCEPTED_MULTI_RESULT_DISAMBIGUATION
Croton glandulosus,Croton glandulosus,Croton glandulosus,Plantae Tracheophyta Magnoliopsida Malpighiales Euphorbiaceae Croton glandulosus,EXACT_MATCH_PRIMARY_SOURCE_ACCEPTED_AMONG_SYNONYMS_SIMPLE
Cruciata pedemontana,Cruciata pedemontana,Cruciata pedemontana,Plantae Tracheophyta Magnoliopsida Gentianales Rubiaceae Cruciata pedemontana,EXACT_MATCH_PRIMARY_SOURCE_ACCEPTED
Cryptotaenia canadensis,Cryptotaenia canadensis,Cryptotaenia canadensis,Plantae Tracheophyta Magnoliopsida Apiales Apiaceae Cryptotaenia canadensis,EXACT_MATCH_PRIMARY_SOURCE_ACCEPTED
Cunila origanoides,Cunila origanoides,Cunila origanoides,Plantae Tracheophyta Magnoliopsida Lamiales Lamiaceae Cunila origanoides,EXACT_MATCH_PRIMARY_SOURCE_ACCEPTED
Cuphea viscosissima,Cuphea viscosissima,Cuphea viscosissima,Plantae Tracheophyta Magnoliopsida Myrtales Lythraceae Cuphea viscosissima,EXACT_MATCH_PRIMARY_SOURCE_ACCEPTED_AMONG_SYNONYMS_SIMPLE
Cuscuta coryli,Cuscuta coryli,Cuscuta coryli,Plantae Tracheophyta Magnoliopsida Solanales Convolvulaceae Cuscuta coryli,EXACT_MATCH_PRIMARY_SOURCE_ACCEPTED_AMONG_SYNONYMS_SIMPLE
Cuscuta gronovii,Cuscuta gronovii,Cuscuta gronovii,Plantae Tracheophyta Magnoliopsida Solanales Convolvulaceae Cuscuta gronovii,EXACT_MATCH_PRIMARY_SOURCE_ACCEPTED_AMONG_SYNONYMS_SIMPLE
Cuscuta pentagona,Cuscuta pentagona,Cuscuta pentagona,Plantae Tracheophyta Magnoliopsida Solanales Convolvulaceae Cuscuta pentagona,EXACT_MATCH_PRIMARY_SOURCE_ACCEPTED
Cuscuta rostrata,Cuscuta rostrata,Cuscuta rostrata,Plantae Tracheophyta Magnoliopsida Solanales Convolvulaceae Cuscuta rostrata,EXACT_MATCH_PRIMARY_SOURCE_ACCEPTED_AMONG_SYNONYMS_SIMPLE
Cynanchum laeve,Cynanchum laeve,Cynanchum laeve,Plantae Tracheophyta Magnoliopsida Gentianales Apocynaceae Cynanchum laeve,EXACT_MATCH_PRIMARY_SOURCE_ACCEPTED_AMONG_SYNONYMS_SIMPLE
Cynodon dactylon,Cynodon dactylon,Cynodon dactylon,Plantae Tracheophyta Liliopsida Poales Poaceae Cynodon dactylon,EXACT_MATCH_PRIMARY_SOURCE_ACCEPTED
Cynoglossum officinale,Cynoglossum officinale,Cynoglossum officinale,Plantae Tracheophyta Magnoliopsida Boraginales Boraginaceae Cynoglossum officinale,EXACT_MATCH_PRIMARY_SOURCE_ACCEPTED_MULTI_RESULT_DISAMBIGUATION
Cynoglossum virginianum,Andersonglossum virginianum,Cynoglossum virginianum,Plantae Tracheophyta Magnoliopsida Boraginales Boraginaceae Andersonglossum virginianum,EXACT_MATCH_PRIMARY_SOURCE_SYNONYM_SIMPLE
Cyperus bipartitus,Cyperus bipartitus,Cyperus bipartitus,Plantae Tracheophyta Liliopsida Poales Cyperaceae Cyperus bipartitus,EXACT_MATCH_PRIMARY_SOURCE_ACCEPTED
Cyperus echinatus,Cyperus echinatus,Cyperus echinatus,Plantae Tracheophyta Liliopsida Poales Cyperaceae Cyperus echinatus,EXACT_MATCH_PRIMARY_SOURCE_ACCEPTED_MULTI_RESULT_DISAMBIGUATION
Cyperus esculentus,Cyperus esculentus,Cyperus esculentus,Plantae Tracheophyta Liliopsida Poales Cyperaceae Cyperus esculentus,EXACT_MATCH_PRIMARY_SOURCE_ACCEPTED_MULTI_RESULT_DISAMBIGUATION
Cyperus flavescens,Cyperus flavescens,Cyperus flavescens,Plantae Tracheophyta Liliopsida Poales Cyperaceae Cyperus flavescens,EXACT_MATCH_PRIMARY_SOURCE_ACCEPTED_MULTI_RESULT_DISAMBIGUATION
Cyperus lancastriensis,Cyperus lancastriensis,Cyperus lancastriensis,Plantae Tracheophyta Liliopsida Poales Cyperaceae Cyperus lancastriensis,EXACT_MATCH_PRIMARY_SOURCE_ACCEPTED
Cyperus lupulinus,Cyperus lupulinus,Cyperus lupulinus,Plantae Tracheophyta Liliopsida Poales Cyperaceae Cyperus lupulinus,EXACT_MATCH_PRIMARY_SOURCE_ACCEPTED
Cyperus odoratus,Cyperus odoratus,Cyperus odoratus,Plantae Tracheophyta Liliopsida Poales Cyperaceae Cyperus odoratus,EXACT_MATCH_PRIMARY_SOURCE_ACCEPTED_MULTI_RESULT_DISAMBIGUATION
Cyperus polystachyos,Cyperus polystachyos,Cyperus polystachyos,Plantae Tracheophyta Liliopsida Poales Cyperaceae Cyperus polystachyos,EXACT_MATCH_PRIMARY_SOURCE_ACCEPTED_MULTI_RESULT_DISAMBIGUATION
Cyperus retrofractus,Cyperus retrofractus,Cyperus retrofractus,Plantae Tracheophyta Liliopsida Poales Cyperaceae Cyperus retrofractus,EXACT_MATCH_PRIMARY_SOURCE_ACCEPTED_MULTI_RESULT_DISAMBIGUATION
Cyperus squarrosus,Cyperus squarrosus,Cyperus squarrosus,Plantae Tracheophyta Liliopsida Poales Cyperaceae Cyperus squarrosus,EXACT_MATCH_PRIMARY_SOURCE_ACCEPTED_MULTI_RESULT_DISAMBIGUATION
Cyperus strigosus,Cyperus strigosus,Cyperus strigosus,Plantae Tracheophyta Liliopsida Poales Cyperaceae Cyperus strigosus,EXACT_MATCH_PRIMARY_SOURCE_ACCEPTED_MULTI_RESULT_DISAMBIGUATION
Cypripedium acaule,Cypripedium acaule,Cypripedium acaule,Plantae Tracheophyta Liliopsida Asparagales Orchidaceae Cypripedium acaule,EXACT_MATCH_PRIMARY_SOURCE_ACCEPTED
Cypripedium parviflorum,Cypripedium parviflorum,Cypripedium parviflorum,Plantae Tracheophyta Liliopsida Asparagales Orchidaceae Cypripedium parviflorum,EXACT_MATCH_PRIMARY_SOURCE_ACCEPTED_MULTI_RESULT_DISAMBIGUATION
Cypripedium reginae,Cypripedium reginae,Cypripedium reginae,Plantae Tracheophyta Liliopsida Asparagales Orchidaceae Cypripedium reginae,EXACT_MATCH_PRIMARY_SOURCE_ACCEPTED
Cystopteris bulbifera,Cystopteris bulbifera,Cystopteris bulbifera,Plantae Tracheophyta Polypodiopsida Polypodiales Cystopteridaceae Cystopteris bulbifera,EXACT_MATCH_PRIMARY_SOURCE_ACCEPTED
Cystopteris protrusa,Cystopteris protrusa,Cystopteris protrusa,Plantae Tracheophyta Polypodiopsida Polypodiales Cystopteridaceae Cystopteris protrusa,EXACT_MATCH_PRIMARY_SOURCE_ACCEPTED
Cystopteris tenuis,Cystopteris tenuis,Cystopteris tenuis,Plantae Tracheophyta Polypodiopsida Polypodiales Cystopteridaceae Cystopteris tenuis,EXACT_MATCH_PRIMARY_SOURCE_ACCEPTED
Dactylis glomerata,Dactylis glomerata,Dactylis glomerata,Plantae Tracheophyta Liliopsida Poales Poaceae Dactylis glomerata,EXACT_MATCH_PRIMARY_SOURCE_ACCEPTED
Danthonia compressa,Danthonia compressa,Danthonia compressa,Plantae Tracheophyta Liliopsida Poales Poaceae Danthonia compressa,EXACT_MATCH_PRIMARY_SOURCE_ACCEPTED
Danthonia spicata,Danthonia spicata,Danthonia spicata,Plantae Tracheophyta Liliopsida Poales Poaceae Danthonia spicata,EXACT_MATCH_PRIMARY_SOURCE_ACCEPTED
Datura stramonium,Datura stramonium,Datura stramonium,Plantae Tracheophyta Magnoliopsida Solanales Solanaceae Datura stramonium,EXACT_MATCH_PRIMARY_SOURCE_ACCEPTED_MULTI_RESULT_DISAMBIGUATION
Daucus carota,Daucus carota,Daucus carota,Plantae Tracheophyta Magnoliopsida Apiales Apiaceae Daucus carota,EXACT_MATCH_PRIMARY_SOURCE_ACCEPTED_AMONG_SYNONYMS_SIMPLE
Delphinium exaltatum,Delphinium exaltatum,Delphinium exaltatum,Plantae Tracheophyta Magnoliopsida Ranunculales Ranunculaceae Delphinium exaltatum,EXACT_MATCH_PRIMARY_SOURCE_ACCEPTED_AMONG_SYNONYMS_SIMPLE
Delphinium tricorne,Delphinium tricorne,Delphinium tricorne,Plantae Tracheophyta Magnoliopsida Ranunculales Ranunculaceae Delphinium tricorne,EXACT_MATCH_PRIMARY_SOURCE_ACCEPTED
Dendrolycopodium obscurum,Dendrolycopodium obscurum,Dendrolycopodium obscurum,Plantae Tracheophyta Lycopodiopsida Lycopodiales Lycopodiaceae Dendrolycopodium obscurum,EXACT_MATCH_PRIMARY_SOURCE_ACCEPTED
Dennstaedtia punctilobula,Sitobolium punctilobum,Dennstaedtia punctilobula,Plantae Tracheophyta Polypodiopsida Polypodiales Dennstaedtiaceae Sitobolium punctilobum,EXACT_MATCH_PRIMARY_SOURCE_SYNONYM_SIMPLE
Deparia acrostichoides,Deparia acrostichoides,Deparia acrostichoides,Plantae Tracheophyta Polypodiopsida Polypodiales Athyriaceae Deparia acrostichoides,EXACT_MATCH_PRIMARY_SOURCE_ACCEPTED
Deschampsia flexuosa,Avenella flexuosa,Deschampsia flexuosa,Plantae Tracheophyta Liliopsida Poales Poaceae Avenella flexuosa,MULTI_EXACT_MATCH_PRIMARY_SOURCE_SYNONYMS_INFRASPECIFIC_SCORE
Descurainia pinnata,Descurainia pinnata,Descurainia pinnata,Plantae Tracheophyta Magnoliopsida Brassicales Brassicaceae Descurainia pinnata,EXACT_MATCH_PRIMARY_SOURCE_ACCEPTED
Desmodium canescens,Desmodium canescens,Desmodium canescens,Plantae Tracheophyta Magnoliopsida Fabales Fabaceae Desmodium canescens,EXACT_MATCH_PRIMARY_SOURCE_ACCEPTED_MULTI_RESULT_DISAMBIGUATION
Desmodium glabellum,Desmodium glabellum,Desmodium glabellum,Plantae Tracheophyta Magnoliopsida Fabales Fabaceae Desmodium glabellum,EXACT_MATCH_PRIMARY_SOURCE_ACCEPTED
Desmodium marilandicum,Desmodium marilandicum,Desmodium marilandicum,Plantae Tracheophyta Magnoliopsida Fabales Fabaceae Desmodium marilandicum,EXACT_MATCH_PRIMARY_SOURCE_ACCEPTED_MULTI_RESULT_DISAMBIGUATION
Desmodium nuttallii,Desmodium nuttallii,Desmodium nuttallii,Plantae Tracheophyta Magnoliopsida Fabales Fabaceae Desmodium nuttallii,EXACT_MATCH_PRIMARY_SOURCE_ACCEPTED
Desmodium obtusum,Desmodium obtusum,Desmodium obtusum,Plantae Tracheophyta Magnoliopsida Fabales Fabaceae Desmodium obtusum,EXACT_MATCH_PRIMARY_SOURCE_ACCEPTED
Desmodium paniculatum,Desmodium paniculatum,Desmodium paniculatum,Plantae Tracheophyta Magnoliopsida Fabales Fabaceae Desmodium paniculatum,EXACT_MATCH_PRIMARY_SOURCE_ACCEPTED
Desmodium perplexum,Desmodium perplexum,Desmodium perplexum,Plantae Tracheophyta Magnoliopsida Fabales Fabaceae Desmodium perplexum,EXACT_MATCH_PRIMARY_SOURCE_ACCEPTED
Desmodium rotundifolium,Desmodium rotundifolium,Desmodium rotundifolium,Plantae Tracheophyta Magnoliopsida Fabales Fabaceae Desmodium rotundifolium,EXACT_MATCH_PRIMARY_SOURCE_ACCEPTED_AMONG_SYNONYMS_SIMPLE
Dianthus armeria,Dianthus armeria,Dianthus armeria,Plantae Tracheophyta Magnoliopsida Caryophyllales Caryophyllaceae Dianthus armeria,EXACT_MATCH_PRIMARY_SOURCE_ACCEPTED
Dicentra canadensis,Dicentra canadensis,Dicentra canadensis,Plantae Tracheophyta Magnoliopsida Ranunculales Papaveraceae Dicentra canadensis,EXACT_MATCH_PRIMARY_SOURCE_ACCEPTED
Dicentra cucullaria,Dicentra cucullaria,Dicentra cucullaria,Plantae Tracheophyta Magnoliopsida Ranunculales Papaveraceae Dicentra cucullaria,EXACT_MATCH_PRIMARY_SOURCE_ACCEPTED
Dichanthelium acuminatum,Dichanthelium acuminatum,Dichanthelium acuminatum,Plantae Tracheophyta Liliopsida Poales Poaceae Dichanthelium acuminatum,EXACT_MATCH_PRIMARY_SOURCE_ACCEPTED
Dichanthelium boscii,Dichanthelium boscii,Dichanthelium boscii,Plantae Tracheophyta Liliopsida Poales Poaceae Dichanthelium boscii,EXACT_MATCH_PRIMARY_SOURCE_ACCEPTED
Dichanthelium clandestinum,Dichanthelium clandestinum,Dichanthelium clandestinum,Plantae Tracheophyta Liliopsida Poales Poaceae Dichanthelium clandestinum,EXACT_MATCH_PRIMARY_SOURCE_ACCEPTED
Dichanthelium commutatum,Dichanthelium commutatum,Dichanthelium commutatum,Plantae Tracheophyta Liliopsida Poales Poaceae Dichanthelium commutatum,EXACT_MATCH_PRIMARY_SOURCE_ACCEPTED
Dichanthelium depauperatum,Dichanthelium depauperatum,Dichanthelium depauperatum,Plantae Tracheophyta Liliopsida Poales Poaceae Dichanthelium depauperatum,EXACT_MATCH_PRIMARY_SOURCE_ACCEPTED
Dichanthelium dichotomum,Dichanthelium dichotomum,Dichanthelium dichotomum,Plantae Tracheophyta Liliopsida Poales Poaceae Dichanthelium dichotomum,EXACT_MATCH_PRIMARY_SOURCE_ACCEPTED
Dichanthelium latifolium,Dichanthelium latifolium,Dichanthelium latifolium,Plantae Tracheophyta Liliopsida Poales Poaceae Dichanthelium latifolium,EXACT_MATCH_PRIMARY_SOURCE_ACCEPTED_AMONG_SYNONYMS_SIMPLE
Dichanthelium linearifolium,Dichanthelium linearifolium,Dichanthelium linearifolium,Plantae Tracheophyta Liliopsida Poales Poaceae Dichanthelium linearifolium,EXACT_MATCH_PRIMARY_SOURCE_ACCEPTED
Dichanthelium oligosanthes,Dichanthelium oligosanthes,Dichanthelium oligosanthes,Plantae Tracheophyta Liliopsida Poales Poaceae Dichanthelium oligosanthes,EXACT_MATCH_PRIMARY_SOURCE_ACCEPTED
Dichanthelium ravenelii,Dichanthelium ravenelii,Dichanthelium ravenelii,Plantae Tracheophyta Liliopsida Poales Poaceae Dichanthelium ravenelii,EXACT_MATCH_PRIMARY_SOURCE_ACCEPTED
Dichanthelium scoparium,Dichanthelium scoparium,Dichanthelium scoparium,Plantae Tracheophyta Liliopsida Poales Poaceae Dichanthelium scoparium,EXACT_MATCH_PRIMARY_SOURCE_ACCEPTED
Dichanthelium sphaerocarpon,Dichanthelium sphaerocarpon,Dichanthelium sphaerocarpon,Plantae Tracheophyta Liliopsida Poales Poaceae Dichanthelium sphaerocarpon,EXACT_MATCH_PRIMARY_SOURCE_ACCEPTED
Diervilla lonicera,Diervilla lonicera,Diervilla lonicera,Plantae Tracheophyta Magnoliopsida Dipsacales Caprifoliaceae Diervilla lonicera,EXACT_MATCH_PRIMARY_SOURCE_ACCEPTED
Digitaria ischaemum,Digitaria ischaemum,Digitaria ischaemum,Plantae Tracheophyta Liliopsida Poales Poaceae Digitaria ischaemum,EXACT_MATCH_PRIMARY_SOURCE_ACCEPTED_AMONG_SYNONYMS_SIMPLE
Digitaria sanguinalis,Digitaria sanguinalis,Digitaria sanguinalis,Plantae Tracheophyta Liliopsida Poales Poaceae Digitaria sanguinalis,EXACT_MATCH_PRIMARY_SOURCE_ACCEPTED_MULTI_RESULT_DISAMBIGUATION
Diodia teres,Hexasepalum teres,Diodia teres,Plantae Tracheophyta Magnoliopsida Gentianales Rubiaceae Hexasepalum teres,EXACT_MATCH_PRIMARY_SOURCE_SYNONYM_SIMPLE
Dioscorea polystachya,Dioscorea polystachya,Dioscorea polystachya,Plantae Tracheophyta Liliopsida Dioscoreales Dioscoreaceae Dioscorea polystachya,EXACT_MATCH_PRIMARY_SOURCE_ACCEPTED
Dioscorea villosa,Dioscorea villosa,Dioscorea villosa,Plantae Tracheophyta Liliopsida Dioscoreales Dioscoreaceae Dioscorea villosa,EXACT_MATCH_PRIMARY_SOURCE_ACCEPTED_MULTI_RESULT_DISAMBIGUATION
Diospyros virginiana,Diospyros virginiana,Diospyros virginiana,Plantae Tracheophyta Magnoliopsida Ericales Ebenaceae Diospyros virginiana,EXACT_MATCH_PRIMARY_SOURCE_ACCEPTED
Diphasiastrum digitatum,Diphasiastrum digitatum,Diphasiastrum digitatum,Plantae Tracheophyta Lycopodiopsida Lycopodiales Lycopodiaceae Diphasiastrum digitatum,EXACT_MATCH_PRIMARY_SOURCE_ACCEPTED
Diphasiastrum tristachyum,Diphasiastrum tristachyum,Diphasiastrum tristachyum,Plantae Tracheophyta Lycopodiopsida Lycopodiales Lycopodiaceae Diphasiastrum tristachyum,EXACT_MATCH_PRIMARY_SOURCE_ACCEPTED
Dipsacus fullonum,Dipsacus fullonum,Dipsacus fullonum,Plantae Tracheophyta Magnoliopsida Dipsacales Caprifoliaceae Dipsacus fullonum,EXACT_MATCH_PRIMARY_SOURCE_ACCEPTED_AMONG_SYNONYMS_SIMPLE
Dipsacus laciniatus,Dipsacus laciniatus,Dipsacus laciniatus,Plantae Tracheophyta Magnoliopsida Dipsacales Caprifoliaceae Dipsacus laciniatus,EXACT_MATCH_PRIMARY_SOURCE_ACCEPTED_MULTI_RESULT_DISAMBIGUATION
Dirca palustris,Dirca palustris,Dirca palustris,Plantae Tracheophyta Magnoliopsida Malvales Thymelaeaceae Dirca palustris,EXACT_MATCH_PRIMARY_SOURCE_ACCEPTED
Dodecatheon meadia,Dodecatheon meadia,Dodecatheon meadia,Plantae Tracheophyta Magnoliopsida Ericales Primulaceae Dodecatheon meadia,EXACT_MATCH_PRIMARY_SOURCE_ACCEPTED_AMONG_SYNONYMS_SIMPLE
Doellingeria infirma,Doellingeria infirma,Doellingeria infirma,Plantae Tracheophyta Magnoliopsida Asterales Asteraceae Doellingeria infirma,EXACT_MATCH_PRIMARY_SOURCE_ACCEPTED
Draba ramosissima,Draba ramosissima,Draba ramosissima,Plantae Tracheophyta Magnoliopsida Brassicales Brassicaceae Draba ramosissima,EXACT_MATCH_PRIMARY_SOURCE_ACCEPTED
Draba verna,Draba verna,Draba verna,Plantae Tracheophyta Magnoliopsida Brassicales Brassicaceae Draba verna,EXACT_MATCH_PRIMARY_SOURCE_ACCEPTED
Dryopteris carthusiana,Dryopteris carthusiana,Dryopteris carthusiana,Plantae Tracheophyta Polypodiopsida Polypodiales Dryopteridaceae Dryopteris carthusiana,EXACT_MATCH_PRIMARY_SOURCE_ACCEPTED
Dryopteris celsa,Dryopteris celsa,Dryopteris celsa,Plantae Tracheophyta Polypodiopsida Polypodiales Dryopteridaceae Dryopteris celsa,EXACT_MATCH_PRIMARY_SOURCE_ACCEPTED_MULTI_RESULT_DISAMBIGUATION
Dryopteris cristata,Dryopteris cristata,Dryopteris cristata,Plantae Tracheophyta Polypodiopsida Polypodiales Dryopteridaceae Dryopteris cristata,EXACT_MATCH_PRIMARY_SOURCE_ACCEPTED
Dryopteris goldiana,Dryopteris goeldiana,Dryopteris goldiana,Plantae Tracheophyta Polypodiopsida Polypodiales Dryopteridaceae Dryopteris goeldiana,EXACT_MATCH_PRIMARY_SOURCE_SYNONYM_SIMPLE
Dryopteris intermedia,Dryopteris intermedia,Dryopteris intermedia,Plantae Tracheophyta Polypodiopsida Polypodiales Dryopteridaceae Dryopteris intermedia,EXACT_MATCH_PRIMARY_SOURCE_ACCEPTED_AMONG_SYNONYMS_SIMPLE
Dryopteris marginalis,Dryopteris marginalis,Dryopteris marginalis,Plantae Tracheophyta Polypodiopsida Polypodiales Dryopteridaceae Dryopteris marginalis,EXACT_MATCH_PRIMARY_SOURCE_ACCEPTED
Dulichium arundinaceum,Dulichium arundinaceum,Dulichium arundinaceum,Plantae Tracheophyta Liliopsida Poales Cyperaceae Dulichium arundinaceum,EXACT_MATCH_PRIMARY_SOURCE_ACCEPTED_MULTI_RESULT_DISAMBIGUATION
Dysphania ambrosioides,Dysphania ambrosioides,Dysphania ambrosioides,Plantae Tracheophyta Magnoliopsida Caryophyllales Amaranthaceae Dysphania ambrosioides,EXACT_MATCH_PRIMARY_SOURCE_ACCEPTED
Echinacea pallida,Echinacea pallida,Echinacea pallida,Plantae Tracheophyta Magnoliopsida Asterales Asteraceae Echinacea pallida,EXACT_MATCH_PRIMARY_SOURCE_ACCEPTED_MULTI_RESULT_DISAMBIGUATION
Echinochloa crus-galli,Echinochloa crus-galli,Echinochloa crus-galli,Plantae Tracheophyta Liliopsida Poales Poaceae Echinochloa crus-galli,EXACT_MATCH_PRIMARY_SOURCE_ACCEPTED_MULTI_RESULT_DISAMBIGUATION
Echinochloa muricata,Echinochloa muricata,Echinochloa muricata,Plantae Tracheophyta Liliopsida Poales Poaceae Echinochloa muricata,EXACT_MATCH_PRIMARY_SOURCE_ACCEPTED
Echium vulgare,Echium vulgare,Echium vulgare,Plantae Tracheophyta Magnoliopsida Boraginales Boraginaceae Echium vulgare,EXACT_MATCH_PRIMARY_SOURCE_ACCEPTED_AMONG_SYNONYMS_SIMPLE
Eclipta prostrata,Eclipta prostrata,Eclipta prostrata,Plantae Tracheophyta Magnoliopsida Asterales Asteraceae Eclipta prostrata,EXACT_MATCH_PRIMARY_SOURCE_ACCEPTED_AMONG_SYNONYMS_SIMPLE
Elaeagnus angustifolia,Elaeagnus angustifolia,Elaeagnus angustifolia,Plantae Tracheophyta Magnoliopsida Rosales Elaeagnaceae Elaeagnus angustifolia,EXACT_MATCH_PRIMARY_SOURCE_ACCEPTED_AMONG_SYNONYMS_SIMPLE
Elaeagnus umbellata,Elaeagnus umbellata,Elaeagnus umbellata,Plantae Tracheophyta Magnoliopsida Rosales Elaeagnaceae Elaeagnus umbellata,EXACT_MATCH_PRIMARY_SOURCE_ACCEPTED_MULTI_RESULT_DISAMBIGUATION
Elaeodendron fortunei,Euonymus fortunei,Elaeodendron fortunei,Plantae Tracheophyta Magnoliopsida Celastrales Celastraceae Euonymus fortunei,EXACT_MATCH_PRIMARY_SOURCE_SYNONYM_SIMPLE
Eleocharis acicularis,Eleocharis acicularis,Eleocharis acicularis,Plantae Tracheophyta Liliopsida Poales Cyperaceae Eleocharis acicularis,EXACT_MATCH_PRIMARY_SOURCE_ACCEPTED_MULTI_RESULT_DISAMBIGUATION
Eleocharis engelmannii,Eleocharis engelmannii,Eleocharis engelmannii,Plantae Tracheophyta Liliopsida Poales Cyperaceae Eleocharis engelmannii,EXACT_MATCH_PRIMARY_SOURCE_ACCEPTED
Eleocharis obtusa,Eleocharis obtusa,Eleocharis obtusa,Plantae Tracheophyta Liliopsida Poales Cyperaceae Eleocharis obtusa,EXACT_MATCH_PRIMARY_SOURCE_ACCEPTED
Eleocharis palustris,Eleocharis palustris,Eleocharis palustris,Plantae Tracheophyta Liliopsida Poales Cyperaceae Eleocharis palustris,EXACT_MATCH_PRIMARY_SOURCE_ACCEPTED_MULTI_RESULT_DISAMBIGUATION
Eleocharis tenuis,Eleocharis tenuis,Eleocharis tenuis,Plantae Tracheophyta Liliopsida Poales Cyperaceae Eleocharis tenuis,EXACT_MATCH_PRIMARY_SOURCE_ACCEPTED
Elephantopus carolinianus,Elephantopus carolinianus,Elephantopus carolinianus,Plantae Tracheophyta Magnoliopsida Asterales Asteraceae Elephantopus carolinianus,EXACT_MATCH_PRIMARY_SOURCE_ACCEPTED_AMONG_SYNONYMS_SIMPLE
Eleusine indica,Eleusine indica,Eleusine indica,Plantae Tracheophyta Liliopsida Poales Poaceae Eleusine indica,EXACT_MATCH_PRIMARY_SOURCE_ACCEPTED_MULTI_RESULT_DISAMBIGUATION
Ellisia nyctelea,Ellisia nyctelea,Ellisia nyctelea,Plantae Tracheophyta Magnoliopsida Boraginales Hydrophyllaceae Ellisia nyctelea,EXACT_MATCH_PRIMARY_SOURCE_ACCEPTED
Elodea canadensis,Elodea canadensis,Elodea canadensis,Plantae Tracheophyta Liliopsida Alismatales Hydrocharitaceae Elodea canadensis,EXACT_MATCH_PRIMARY_SOURCE_ACCEPTED_AMONG_SYNONYMS_SIMPLE
Elodea nuttallii,Elodea nuttallii,Elodea nuttallii,Plantae Tracheophyta Liliopsida Alismatales Hydrocharitaceae Elodea nuttallii,EXACT_MATCH_PRIMARY_SOURCE_ACCEPTED
Elymus hystrix,Elymus hystrix,Elymus hystrix,Plantae Tracheophyta Liliopsida Poales Poaceae Elymus hystrix,EXACT_MATCH_PRIMARY_SOURCE_ACCEPTED_AMONG_SYNONYMS_SIMPLE
Elymus macgregorii,Elymus macgregorii,Elymus macgregorii,Plantae Tracheophyta Liliopsida Poales Poaceae Elymus macgregorii,EXACT_MATCH_PRIMARY_SOURCE_ACCEPTED
Elymus repens,Elymus repens,Elymus repens,Plantae Tracheophyta Liliopsida Poales Poaceae Elymus repens,EXACT_MATCH_PRIMARY_SOURCE_ACCEPTED
Elymus riparius,Elymus riparius,Elymus riparius,Plantae Tracheophyta Liliopsida Poales Poaceae Elymus riparius,EXACT_MATCH_PRIMARY_SOURCE_ACCEPTED_AMONG_SYNONYMS_SIMPLE
Elymus villosus,Elymus villosus,Elymus villosus,Plantae Tracheophyta Liliopsida Poales Poaceae Elymus villosus,EXACT_MATCH_PRIMARY_SOURCE_ACCEPTED_AMONG_SYNONYMS_SIMPLE
Elymus virginicus,Elymus virginicus,Elymus virginicus,Plantae Tracheophyta Liliopsida Poales Poaceae Elymus virginicus,EXACT_MATCH_PRIMARY_SOURCE_ACCEPTED
Endodeca serpentaria,Endodeca serpentaria,Endodeca serpentaria,Plantae Tracheophyta Magnoliopsida Piperales Aristolochiaceae Endodeca serpentaria,EXACT_MATCH_PRIMARY_SOURCE_ACCEPTED
Epifagus virginiana,Epifagus virginiana,Epifagus virginiana,Plantae Tracheophyta Magnoliopsida Lamiales Orobanchaceae Epifagus virginiana,EXACT_MATCH_PRIMARY_SOURCE_ACCEPTED
Epigaea repens,Epigaea repens,Epigaea repens,Plantae Tracheophyta Magnoliopsida Ericales Ericaceae Epigaea repens,EXACT_MATCH_PRIMARY_SOURCE_ACCEPTED
Epilobium coloratum,Epilobium coloratum,Epilobium coloratum,Plantae Tracheophyta Magnoliopsida Myrtales Onagraceae Epilobium coloratum,EXACT_MATCH_PRIMARY_SOURCE_ACCEPTED_MULTI_RESULT_DISAMBIGUATION
Equisetum arvense,Equisetum arvense,Equisetum arvense,Plantae Tracheophyta Polypodiopsida Equisetales Equisetaceae Equisetum arvense,EXACT_MATCH_PRIMARY_SOURCE_ACCEPTED
Equisetum fluviatile,Equisetum fluviatile,Equisetum fluviatile,Plantae Tracheophyta Polypodiopsida Equisetales Equisetaceae Equisetum fluviatile,EXACT_MATCH_PRIMARY_SOURCE_ACCEPTED
Equisetum hyemale,Equisetum hyemale,Equisetum hyemale,Plantae Tracheophyta Polypodiopsida Equisetales Equisetaceae Equisetum hyemale,EXACT_MATCH_PRIMARY_SOURCE_ACCEPTED
Equisetum sylvaticum,Equisetum sylvaticum,Equisetum sylvaticum,Plantae Tracheophyta Polypodiopsida Equisetales Equisetaceae Equisetum sylvaticum,EXACT_MATCH_PRIMARY_SOURCE_ACCEPTED
Eragrostis capillaris,Eragrostis capillaris,Eragrostis capillaris,Plantae Tracheophyta Liliopsida Poales Poaceae Eragrostis capillaris,EXACT_MATCH_PRIMARY_SOURCE_ACCEPTED_MULTI_RESULT_DISAMBIGUATION
Eragrostis cilianensis,Eragrostis cilianensis,Eragrostis cilianensis,Plantae Tracheophyta Liliopsida Poales Poaceae Eragrostis cilianensis,EXACT_MATCH_PRIMARY_SOURCE_ACCEPTED_AMONG_SYNONYMS_SIMPLE
Eragrostis curvula,Eragrostis curvula,Eragrostis curvula,Plantae Tracheophyta Liliopsida Poales Poaceae Eragrostis curvula,EXACT_MATCH_PRIMARY_SOURCE_ACCEPTED
Eragrostis frankii,Eragrostis frankii,Eragrostis frankii,Plantae Tracheophyta Liliopsida Poales Poaceae Eragrostis frankii,EXACT_MATCH_PRIMARY_SOURCE_ACCEPTED_AMONG_SYNONYMS_SIMPLE
Eragrostis hypnoides,Eragrostis hypnoides,Eragrostis hypnoides,Plantae Tracheophyta Liliopsida Poales Poaceae Eragrostis hypnoides,EXACT_MATCH_PRIMARY_SOURCE_ACCEPTED
Eragrostis minor,Eragrostis minor,Eragrostis minor,Plantae Tracheophyta Liliopsida Poales Poaceae Eragrostis minor,EXACT_MATCH_PRIMARY_SOURCE_ACCEPTED_AMONG_SYNONYMS_SIMPLE
Eragrostis pilosa,Eragrostis pilosa,Eragrostis pilosa,Plantae Tracheophyta Liliopsida Poales Poaceae Eragrostis pilosa,EXACT_MATCH_PRIMARY_SOURCE_ACCEPTED_AMONG_SYNONYMS_SIMPLE
Eragrostis spectabilis,Eragrostis spectabilis,Eragrostis spectabilis,Plantae Tracheophyta Liliopsida Poales Poaceae Eragrostis spectabilis,EXACT_MATCH_PRIMARY_SOURCE_ACCEPTED
Erigenia bulbosa,Erigenia bulbosa,Erigenia bulbosa,Plantae Tracheophyta Magnoliopsida Apiales Apiaceae Erigenia bulbosa,EXACT_MATCH_PRIMARY_SOURCE_ACCEPTED
Erigeron annuus,Erigeron annuus,Erigeron annuus,Plantae Tracheophyta Magnoliopsida Asterales Asteraceae Erigeron annuus,EXACT_MATCH_PRIMARY_SOURCE_ACCEPTED_AMONG_SYNONYMS_SIMPLE
Erigeron canadensis,Erigeron canadensis,Erigeron canadensis,Plantae Tracheophyta Magnoliopsida Asterales Asteraceae Erigeron canadensis,EXACT_MATCH_PRIMARY_SOURCE_ACCEPTED_AMONG_SYNONYMS_SIMPLE
Erigeron philadelphicus,Erigeron philadelphicus,Erigeron philadelphicus,Plantae Tracheophyta Magnoliopsida Asterales Asteraceae Erigeron philadelphicus,EXACT_MATCH_PRIMARY_SOURCE_ACCEPTED_MULTI_RESULT_DISAMBIGUATION
Erigeron pulchellus,Erigeron pulchellus,Erigeron pulchellus,Plantae Tracheophyta Magnoliopsida Asterales Asteraceae Erigeron pulchellus,EXACT_MATCH_PRIMARY_SOURCE_ACCEPTED_AMONG_SYNONYMS_SIMPLE
Erigeron strigosus,Erigeron strigosus,Erigeron strigosus,Plantae Tracheophyta Magnoliopsida Asterales Asteraceae Erigeron strigosus,EXACT_MATCH_PRIMARY_SOURCE_ACCEPTED_AMONG_SYNONYMS_SIMPLE
Eriogonum allenii,Eriogonum allenii,Eriogonum allenii,Plantae Tracheophyta Magnoliopsida Caryophyllales Polygonaceae Eriogonum allenii,EXACT_MATCH_PRIMARY_SOURCE_ACCEPTED
Erodium cicutarium,Erodium cicutarium,Erodium cicutarium,Plantae Tracheophyta Magnoliopsida Geraniales Geraniaceae Erodium cicutarium,EXACT_MATCH_PRIMARY_SOURCE_ACCEPTED_MULTI_RESULT_DISAMBIGUATION
Erysimum cheiranthoides,Erysimum cheiranthoides,Erysimum cheiranthoides,Plantae Tracheophyta Magnoliopsida Brassicales Brassicaceae Erysimum cheiranthoides,EXACT_MATCH_PRIMARY_SOURCE_ACCEPTED_MULTI_RESULT_DISAMBIGUATION
Erythronium americanum,Erythronium americanum,Erythronium americanum,Plantae Tracheophyta Liliopsida Liliales Liliaceae Erythronium americanum,EXACT_MATCH_PRIMARY_SOURCE_ACCEPTED_MULTI_RESULT_DISAMBIGUATION
Erythronium umbilicatum,Erythronium umbilicatum,Erythronium umbilicatum,Plantae Tracheophyta Liliopsida Liliales Liliaceae Erythronium umbilicatum,EXACT_MATCH_PRIMARY_SOURCE_ACCEPTED
Euonymus alatus,Euonymus alatus,Euonymus alatus,Plantae Tracheophyta Magnoliopsida Celastrales Celastraceae Euonymus alatus,EXACT_MATCH_PRIMARY_SOURCE_ACCEPTED_AMONG_SYNONYMS_SIMPLE
Euonymus americanus,Euonymus americanus,Euonymus americanus,Plantae Tracheophyta Magnoliopsida Celastrales Celastraceae Euonymus americanus,EXACT_MATCH_PRIMARY_SOURCE_ACCEPTED
Euonymus atropurpureus,Euonymus atropurpureus,Euonymus atropurpureus,Plantae Tracheophyta Magnoliopsida Celastrales Celastraceae Euonymus atropurpureus,EXACT_MATCH_PRIMARY_SOURCE_ACCEPTED_AMONG_SYNONYMS_SIMPLE
Eupatorium altissimum,Eupatorium altissimum,Eupatorium altissimum,Plantae Tracheophyta Magnoliopsida Asterales Asteraceae Eupatorium altissimum,EXACT_MATCH_PRIMARY_SOURCE_ACCEPTED_AMONG_SYNONYMS_SIMPLE
Eupatorium hyssopifolium,Eupatorium hyssopifolium,Eupatorium hyssopifolium,Plantae Tracheophyta Magnoliopsida Asterales Asteraceae Eupatorium hyssopifolium,EXACT_MATCH_PRIMARY_SOURCE_ACCEPTED_MULTI_RESULT_DISAMBIGUATION
Eupatorium perfoliatum,Eupatorium perfoliatum,Eupatorium perfoliatum,Plantae Tracheophyta Magnoliopsida Asterales Asteraceae Eupatorium perfoliatum,EXACT_MATCH_PRIMARY_SOURCE_ACCEPTED
Eupatorium rotundifolium,Eupatorium rotundifolium,Eupatorium rotundifolium,Plantae Tracheophyta Magnoliopsida Asterales Asteraceae Eupatorium rotundifolium,EXACT_MATCH_PRIMARY_SOURCE_ACCEPTED_AMONG_SYNONYMS_SIMPLE
Eupatorium sessilifolium,Eupatorium sessilifolium,Eupatorium sessilifolium,Plantae Tracheophyta Magnoliopsida Asterales Asteraceae Eupatorium sessilifolium,EXACT_MATCH_PRIMARY_SOURCE_ACCEPTED
Euphorbia commutata,Euphorbia commutata,Euphorbia commutata,Plantae Tracheophyta Magnoliopsida Malpighiales Euphorbiaceae Euphorbia commutata,EXACT_MATCH_PRIMARY_SOURCE_ACCEPTED_MULTI_RESULT_DISAMBIGUATION
Euphorbia corollata,Euphorbia corollata,Euphorbia corollata,Plantae Tracheophyta Magnoliopsida Malpighiales Euphorbiaceae Euphorbia corollata,EXACT_MATCH_PRIMARY_SOURCE_ACCEPTED
Euphorbia cyparissias,Euphorbia cyparissias,Euphorbia cyparissias,Plantae Tracheophyta Magnoliopsida Malpighiales Euphorbiaceae Euphorbia cyparissias,EXACT_MATCH_PRIMARY_SOURCE_ACCEPTED
Euphorbia dentata,Euphorbia dentata,Euphorbia dentata,Plantae Tracheophyta Magnoliopsida Malpighiales Euphorbiaceae Euphorbia dentata,EXACT_MATCH_PRIMARY_SOURCE_ACCEPTED
Euphorbia lathyris,Euphorbia lathyris,Euphorbia lathyris,Plantae Tracheophyta Magnoliopsida Malpighiales Euphorbiaceae Euphorbia lathyris,EXACT_MATCH_PRIMARY_SOURCE_ACCEPTED_AMONG_SYNONYMS_SIMPLE
Euphorbia maculata,Euphorbia maculata,Euphorbia maculata,Plantae Tracheophyta Magnoliopsida Malpighiales Euphorbiaceae Euphorbia maculata,EXACT_MATCH_PRIMARY_SOURCE_ACCEPTED_MULTI_RESULT_DISAMBIGUATION
Euphorbia marginata,Euphorbia marginata,Euphorbia marginata,Plantae Tracheophyta Magnoliopsida Malpighiales Euphorbiaceae Euphorbia marginata,EXACT_MATCH_PRIMARY_SOURCE_ACCEPTED_AMONG_SYNONYMS_SIMPLE
Euphorbia nutans,Euphorbia nutans,Euphorbia nutans,Plantae Tracheophyta Magnoliopsida Malpighiales Euphorbiaceae Euphorbia nutans,EXACT_MATCH_PRIMARY_SOURCE_ACCEPTED_MULTI_RESULT_DISAMBIGUATION
Euphorbia prostrata,Euphorbia prostrata,Euphorbia prostrata,Plantae Tracheophyta Magnoliopsida Malpighiales Euphorbiaceae Euphorbia prostrata,EXACT_MATCH_PRIMARY_SOURCE_ACCEPTED_MULTI_RESULT_DISAMBIGUATION
Euphorbia pubentissima,Euphorbia pubentissima,Euphorbia pubentissima,Plantae Tracheophyta Magnoliopsida Malpighiales Euphorbiaceae Euphorbia pubentissima,EXACT_MATCH_PRIMARY_SOURCE_ACCEPTED
Euphorbia spathulata,Euphorbia spathulata,Euphorbia spathulata,Plantae Tracheophyta Magnoliopsida Malpighiales Euphorbiaceae Euphorbia spathulata,EXACT_MATCH_PRIMARY_SOURCE_ACCEPTED
Eurybia divaricata,Eurybia divaricata,Eurybia divaricata,Plantae Tracheophyta Magnoliopsida Asterales Asteraceae Eurybia divaricata,EXACT_MATCH_PRIMARY_SOURCE_ACCEPTED
Eurybia macrophylla,Eurybia macrophylla,Eurybia macrophylla,Plantae Tracheophyta Magnoliopsida Asterales Asteraceae Eurybia macrophylla,EXACT_MATCH_PRIMARY_SOURCE_ACCEPTED_INNER_RANK_DISAMBIGUATION
Eurybia schreberi,Eurybia schreberi,Eurybia schreberi,Plantae Tracheophyta Magnoliopsida Asterales Asteraceae Eurybia schreberi,EXACT_MATCH_PRIMARY_SOURCE_ACCEPTED
Euthamia graminifolia,Euthamia graminifolia,Euthamia graminifolia,Plantae Tracheophyta Magnoliopsida Asterales Asteraceae Euthamia graminifolia,EXACT_MATCH_PRIMARY_SOURCE_ACCEPTED_AMONG_SYNONYMS_SIMPLE
Eutrochium fistulosum,Eutrochium fistulosum,Eutrochium fistulosum,Plantae Tracheophyta Magnoliopsida Asterales Asteraceae Eutrochium fistulosum,EXACT_MATCH_PRIMARY_SOURCE_ACCEPTED
Eutrochium maculatum,Eutrochium maculatum,Eutrochium maculatum,Plantae Tracheophyta Magnoliopsida Asterales Asteraceae Eutrochium maculatum,EXACT_MATCH_PRIMARY_SOURCE_ACCEPTED
Eutrochium purpureum,Eutrochium purpureum,Eutrochium purpureum,Plantae Tracheophyta Magnoliopsida Asterales Asteraceae Eutrochium purpureum,EXACT_MATCH_PRIMARY_SOURCE_ACCEPTED
Fagopyrum esculentum,Fagopyrum esculentum,Fagopyrum esculentum,Plantae Tracheophyta Magnoliopsida Caryophyllales Polygonaceae Fagopyrum esculentum,EXACT_MATCH_PRIMARY_SOURCE_ACCEPTED
Fagus grandifolia,Fagus grandifolia,Fagus grandifolia,Plantae Tracheophyta Magnoliopsida Fagales Fagaceae Fagus grandifolia,EXACT_MATCH_PRIMARY_SOURCE_ACCEPTED
Falcaria vulgaris,Falcaria vulgaris,Falcaria vulgaris,Plantae Tracheophyta Magnoliopsida Apiales Apiaceae Falcaria vulgaris,EXACT_MATCH_PRIMARY_SOURCE_ACCEPTED
Fallopia cilinodis,Parogonum ciliinode,Fallopia cilinodis,Plantae Tracheophyta Magnoliopsida Caryophyllales Polygonaceae Parogonum ciliinode,EXACT_MATCH_PRIMARY_SOURCE_SYNONYM_SIMPLE
Fallopia convolvulus,Fallopia convolvulus,Fallopia convolvulus,Plantae Tracheophyta Magnoliopsida Caryophyllales Polygonaceae Fallopia convolvulus,EXACT_MATCH_PRIMARY_SOURCE_ACCEPTED
Fallopia scandens,Fallopia scandens,Fallopia scandens,Plantae Tracheophyta Magnoliopsida Caryophyllales Polygonaceae Fallopia scandens,EXACT_MATCH_PRIMARY_SOURCE_ACCEPTED
Festuca paradoxa,Festuca paradoxa,Festuca paradoxa,Plantae Tracheophyta Liliopsida Poales Poaceae Festuca paradoxa,EXACT_MATCH_PRIMARY_SOURCE_ACCEPTED_AMONG_SYNONYMS_SIMPLE
Festuca rubra,Festuca rubra,Festuca rubra,Plantae Tracheophyta Liliopsida Poales Poaceae Festuca rubra,EXACT_MATCH_PRIMARY_SOURCE_ACCEPTED_MULTI_RESULT_DISAMBIGUATION
Festuca subverticillata,Festuca subverticillata,Festuca subverticillata,Plantae Tracheophyta Liliopsida Poales Poaceae Festuca subverticillata,EXACT_MATCH_PRIMARY_SOURCE_ACCEPTED
Festuca trachyphylla,Festuca trachyphylla,Festuca trachyphylla,Plantae Tracheophyta Liliopsida Poales Poaceae Festuca trachyphylla,EXACT_MATCH_PRIMARY_SOURCE_ACCEPTED_MULTI_RESULT_DISAMBIGUATION
Filago vulgaris,Filago germanica,Filago vulgaris,Plantae Tracheophyta Magnoliopsida Asterales Asteraceae Filago germanica,EXACT_MATCH_PRIMARY_SOURCE_SYNONYM_SIMPLE
Fimbristylis autumnalis,Fimbristylis autumnalis,Fimbristylis autumnalis,Plantae Tracheophyta Liliopsida Poales Cyperaceae Fimbristylis autumnalis,EXACT_MATCH_PRIMARY_SOURCE_ACCEPTED
Floerkea proserpinacoides,Floerkea proserpinacoides,Floerkea proserpinacoides,Plantae Tracheophyta Magnoliopsida Brassicales Limnanthaceae Floerkea proserpinacoides,EXACT_MATCH_PRIMARY_SOURCE_ACCEPTED
Forsythia suspensa,Forsythia suspensa,Forsythia suspensa,Plantae Tracheophyta Magnoliopsida Lamiales Oleaceae Forsythia suspensa,EXACT_MATCH_PRIMARY_SOURCE_ACCEPTED
Forsythia viridissima,Forsythia viridissima,Forsythia viridissima,Plantae Tracheophyta Magnoliopsida Lamiales Oleaceae Forsythia viridissima,EXACT_MATCH_PRIMARY_SOURCE_ACCEPTED
Fragaria virginiana,Fragaria virginiana,Fragaria virginiana,Plantae Tracheophyta Magnoliopsida Rosales Rosaceae Fragaria virginiana,EXACT_MATCH_PRIMARY_SOURCE_ACCEPTED_MULTI_RESULT_DISAMBIGUATION
Fraxinus americana,Fraxinus americana,Fraxinus americana,Plantae Tracheophyta Magnoliopsida Lamiales Oleaceae Fraxinus americana,EXACT_MATCH_PRIMARY_SOURCE_ACCEPTED_MULTI_RESULT_DISAMBIGUATION
Fraxinus nigra,Fraxinus nigra,Fraxinus nigra,Plantae Tracheophyta Magnoliopsida Lamiales Oleaceae Fraxinus nigra,EXACT_MATCH_PRIMARY_SOURCE_ACCEPTED_MULTI_RESULT_DISAMBIGUATION
Fraxinus pennsylvanica,Fraxinus pennsylvanica,Fraxinus pennsylvanica,Plantae Tracheophyta Magnoliopsida Lamiales Oleaceae Fraxinus pennsylvanica,EXACT_MATCH_PRIMARY_SOURCE_ACCEPTED
Fumaria officinalis,Fumaria officinalis,Fumaria officinalis,Plantae Tracheophyta Magnoliopsida Ranunculales Papaveraceae Fumaria officinalis,EXACT_MATCH_PRIMARY_SOURCE_ACCEPTED_MULTI_RESULT_DISAMBIGUATION
Galactia volubilis,Galactia volubilis,Galactia volubilis,Plantae Tracheophyta Magnoliopsida Fabales Fabaceae Galactia volubilis,EXACT_MATCH_PRIMARY_SOURCE_ACCEPTED
Galearis spectabilis,Galearis spectabilis,Galearis spectabilis,Plantae Tracheophyta Liliopsida Asparagales Orchidaceae Galearis spectabilis,EXACT_MATCH_PRIMARY_SOURCE_ACCEPTED
Galinsoga parviflora,Galinsoga parviflora,Galinsoga parviflora,Plantae Tracheophyta Magnoliopsida Asterales Asteraceae Galinsoga parviflora,EXACT_MATCH_PRIMARY_SOURCE_ACCEPTED
Galinsoga quadriradiata,Galinsoga quadriradiata,Galinsoga quadriradiata,Plantae Tracheophyta Magnoliopsida Asterales Asteraceae Galinsoga quadriradiata,EXACT_MATCH_PRIMARY_SOURCE_ACCEPTED_MULTI_RESULT_DISAMBIGUATION
Galium anglicum,Galium anglicum,Galium anglicum,Plantae Tracheophyta Magnoliopsida Gentianales Rubiaceae Galium anglicum,EXACT_MATCH_PRIMARY_SOURCE_ACCEPTED
Galium aparine,Galium aparine,Galium aparine,Plantae Tracheophyta Magnoliopsida Gentianales Rubiaceae Galium aparine,EXACT_MATCH_PRIMARY_SOURCE_ACCEPTED
Galium asprellum,Galium asprellum,Galium asprellum,Plantae Tracheophyta Magnoliopsida Gentianales Rubiaceae Galium asprellum,EXACT_MATCH_PRIMARY_SOURCE_ACCEPTED
Galium boreale,Galium boreale,Galium boreale,Plantae Tracheophyta Magnoliopsida Gentianales Rubiaceae Galium boreale,EXACT_MATCH_PRIMARY_SOURCE_ACCEPTED_MULTI_RESULT_DISAMBIGUATION
Galium circaezans,Galium circaezans,Galium circaezans,Plantae Tracheophyta Magnoliopsida Gentianales Rubiaceae Galium circaezans,EXACT_MATCH_PRIMARY_SOURCE_ACCEPTED
Galium concinnum,Galium concinnum,Galium concinnum,Plantae Tracheophyta Magnoliopsida Gentianales Rubiaceae Galium concinnum,EXACT_MATCH_PRIMARY_SOURCE_ACCEPTED_AMONG_SYNONYMS_SIMPLE
Galium lanceolatum,Galium lanceolatum,Galium lanceolatum,Plantae Tracheophyta Magnoliopsida Gentianales Rubiaceae Galium lanceolatum,EXACT_MATCH_PRIMARY_SOURCE_ACCEPTED
Galium latifolium,Galium latifolium,Galium latifolium,Plantae Tracheophyta Magnoliopsida Gentianales Rubiaceae Galium latifolium,EXACT_MATCH_PRIMARY_SOURCE_ACCEPTED_AMONG_SYNONYMS_SIMPLE
Galium mollugo,Galium mollugo,Galium mollugo,Plantae Tracheophyta Magnoliopsida Gentianales Rubiaceae Galium mollugo,EXACT_MATCH_PRIMARY_SOURCE_ACCEPTED
Galium obtusum,Galium obtusum,Galium obtusum,Plantae Tracheophyta Magnoliopsida Gentianales Rubiaceae Galium obtusum,EXACT_MATCH_PRIMARY_SOURCE_ACCEPTED
Galium pilosum,Galium pilosum,Galium pilosum,Plantae Tracheophyta Magnoliopsida Gentianales Rubiaceae Galium pilosum,EXACT_MATCH_PRIMARY_SOURCE_ACCEPTED
Galium tinctorium,Galium tinctorium,Galium tinctorium,Plantae Tracheophyta Magnoliopsida Gentianales Rubiaceae Galium tinctorium,EXACT_MATCH_PRIMARY_SOURCE_ACCEPTED_AMONG_SYNONYMS_SIMPLE
Galium triflorum,Galium triflorum,Galium triflorum,Plantae Tracheophyta Magnoliopsida Gentianales Rubiaceae Galium triflorum,EXACT_MATCH_PRIMARY_SOURCE_ACCEPTED_MULTI_RESULT_DISAMBIGUATION
Galium verum,Galium verum,Galium verum,Plantae Tracheophyta Magnoliopsida Gentianales Rubiaceae Galium verum,EXACT_MATCH_PRIMARY_SOURCE_ACCEPTED
Gamochaeta purpurea,Gamochaeta purpurea,Gamochaeta purpurea,Plantae Tracheophyta Magnoliopsida Asterales Asteraceae Gamochaeta purpurea,EXACT_MATCH_PRIMARY_SOURCE_ACCEPTED
Gaultheria procumbens,Gaultheria procumbens,Gaultheria procumbens,Plantae Tracheophyta Magnoliopsida Ericales Ericaceae Gaultheria procumbens,EXACT_MATCH_PRIMARY_SOURCE_ACCEPTED
Gaylussacia baccata,Gaylussacia baccata,Gaylussacia baccata,Plantae Tracheophyta Magnoliopsida Ericales Ericaceae Gaylussacia baccata,EXACT_MATCH_PRIMARY_SOURCE_ACCEPTED
Gentiana villosa,Gentiana villosa,Gentiana villosa,Plantae Tracheophyta Magnoliopsida Gentianales Gentianaceae Gentiana villosa,EXACT_MATCH_PRIMARY_SOURCE_ACCEPTED
Gentianella quinquefolia,Gentianella quinquefolia,Gentianella quinquefolia,Plantae Tracheophyta Magnoliopsida Gentianales Gentianaceae Gentianella quinquefolia,EXACT_MATCH_PRIMARY_SOURCE_ACCEPTED
Geranium carolinianum,Geranium carolinianum,Geranium carolinianum,Plantae Tracheophyta Magnoliopsida Geraniales Geraniaceae Geranium carolinianum,EXACT_MATCH_PRIMARY_SOURCE_ACCEPTED
Geranium columbinum,Geranium columbinum,Geranium columbinum,Plantae Tracheophyta Magnoliopsida Geraniales Geraniaceae Geranium columbinum,EXACT_MATCH_PRIMARY_SOURCE_ACCEPTED_AMONG_SYNONYMS_SIMPLE
Geranium dissectum,Geranium dissectum,Geranium dissectum,Plantae Tracheophyta Magnoliopsida Geraniales Geraniaceae Geranium dissectum,EXACT_MATCH_PRIMARY_SOURCE_ACCEPTED
Geranium maculatum,Geranium maculatum,Geranium maculatum,Plantae Tracheophyta Magnoliopsida Geraniales Geraniaceae Geranium maculatum,EXACT_MATCH_PRIMARY_SOURCE_ACCEPTED_MULTI_RESULT_DISAMBIGUATION
Geranium molle,Geranium molle,Geranium molle,Plantae Tracheophyta Magnoliopsida Geraniales Geraniaceae Geranium molle,EXACT_MATCH_PRIMARY_SOURCE_ACCEPTED_AMONG_SYNONYMS_SIMPLE
Geranium robertianum,Geranium robertianum,Geranium robertianum,Plantae Tracheophyta Magnoliopsida Geraniales Geraniaceae Geranium robertianum,EXACT_MATCH_PRIMARY_SOURCE_ACCEPTED
Geum aleppicum,Geum aleppicum,Geum aleppicum,Plantae Tracheophyta Magnoliopsida Rosales Rosaceae Geum aleppicum,EXACT_MATCH_PRIMARY_SOURCE_ACCEPTED
Geum canadense,Geum canadense,Geum canadense,Plantae Tracheophyta Magnoliopsida Rosales Rosaceae Geum canadense,EXACT_MATCH_PRIMARY_SOURCE_ACCEPTED_AMONG_SYNONYMS_SIMPLE
Geum laciniatum,Geum laciniatum,Geum laciniatum,Plantae Tracheophyta Magnoliopsida Rosales Rosaceae Geum laciniatum,EXACT_MATCH_PRIMARY_SOURCE_ACCEPTED
Geum vernum,Geum vernum,Geum vernum,Plantae Tracheophyta Magnoliopsida Rosales Rosaceae Geum vernum,EXACT_MATCH_PRIMARY_SOURCE_ACCEPTED
Geum virginianum,Geum virginianum,Geum virginianum,Plantae Tracheophyta Magnoliopsida Rosales Rosaceae Geum virginianum,EXACT_MATCH_PRIMARY_SOURCE_ACCEPTED_MULTI_RESULT_DISAMBIGUATION
Gillenia trifoliata,Gillenia trifoliata,Gillenia trifoliata,Plantae Tracheophyta Magnoliopsida Rosales Rosaceae Gillenia trifoliata,EXACT_MATCH_PRIMARY_SOURCE_ACCEPTED
Glechoma hederacea,Glechoma hederacea,Glechoma hederacea,Plantae Tracheophyta Magnoliopsida Lamiales Lamiaceae Glechoma hederacea,EXACT_MATCH_PRIMARY_SOURCE_ACCEPTED
Gleditsia triacanthos,Gleditsia triacanthos,Gleditsia triacanthos,Plantae Tracheophyta Magnoliopsida Fabales Fabaceae Gleditsia triacanthos,EXACT_MATCH_PRIMARY_SOURCE_ACCEPTED_AMONG_SYNONYMS_SIMPLE
Glyceria acutiflora,Glyceria acutiflora,Glyceria acutiflora,Plantae Tracheophyta Liliopsida Poales Poaceae Glyceria acutiflora,EXACT_MATCH_PRIMARY_SOURCE_ACCEPTED
Glyceria melicaria,Glyceria melicaria,Glyceria melicaria,Plantae Tracheophyta Liliopsida Poales Poaceae Glyceria melicaria,EXACT_MATCH_PRIMARY_SOURCE_ACCEPTED
Glyceria septentrionalis,Glyceria septentrionalis,Glyceria septentrionalis,Plantae Tracheophyta Liliopsida Poales Poaceae Glyceria septentrionalis,EXACT_MATCH_PRIMARY_SOURCE_ACCEPTED
Glyceria striata,Glyceria striata,Glyceria striata,Plantae Tracheophyta Liliopsida Poales Poaceae Glyceria striata,EXACT_MATCH_PRIMARY_SOURCE_ACCEPTED
Goodyera pubescens,Goodyera pubescens,Goodyera pubescens,Plantae Tracheophyta Liliopsida Asparagales Orchidaceae Goodyera pubescens,EXACT_MATCH_PRIMARY_SOURCE_ACCEPTED
Gratiola neglecta,Gratiola neglecta,Gratiola neglecta,Plantae Tracheophyta Magnoliopsida Lamiales Plantaginaceae Gratiola neglecta,EXACT_MATCH_PRIMARY_SOURCE_ACCEPTED
Gymnocarpium appalachianum,Gymnocarpium appalachianum,Gymnocarpium appalachianum,Plantae Tracheophyta Polypodiopsida Polypodiales Cystopteridaceae Gymnocarpium appalachianum,EXACT_MATCH_PRIMARY_SOURCE_ACCEPTED
Hackelia virginiana,Hackelia virginiana,Hackelia virginiana,Plantae Tracheophyta Magnoliopsida Boraginales Boraginaceae Hackelia virginiana,EXACT_MATCH_PRIMARY_SOURCE_ACCEPTED
Hamamelis virginiana,Hamamelis virginiana,Hamamelis virginiana,Plantae Tracheophyta Magnoliopsida Saxifragales Hamamelidaceae Hamamelis virginiana,EXACT_MATCH_PRIMARY_SOURCE_ACCEPTED
Hedeoma pulegioides,Hedeoma pulegioides,Hedeoma pulegioides,Plantae Tracheophyta Magnoliopsida Lamiales Lamiaceae Hedeoma pulegioides,EXACT_MATCH_PRIMARY_SOURCE_ACCEPTED
Helenium autumnale,Helenium autumnale,Helenium autumnale,Plantae Tracheophyta Magnoliopsida Asterales Asteraceae Helenium autumnale,EXACT_MATCH_PRIMARY_SOURCE_ACCEPTED
Helianthus decapetalus,Helianthus decapetalus,Helianthus decapetalus,Plantae Tracheophyta Magnoliopsida Asterales Asteraceae Helianthus decapetalus,EXACT_MATCH_PRIMARY_SOURCE_ACCEPTED_MULTI_RESULT_DISAMBIGUATION
Helianthus divaricatus,Helianthus divaricatus,Helianthus divaricatus,Plantae Tracheophyta Magnoliopsida Asterales Asteraceae Helianthus divaricatus,EXACT_MATCH_PRIMARY_SOURCE_ACCEPTED_AMONG_SYNONYMS_SIMPLE
Helianthus strumosus,Helianthus strumosus,Helianthus strumosus,Plantae Tracheophyta Magnoliopsida Asterales Asteraceae Helianthus strumosus,EXACT_MATCH_PRIMARY_SOURCE_ACCEPTED_AMONG_SYNONYMS_SIMPLE
Helianthus tuberosus,Helianthus tuberosus,Helianthus tuberosus,Plantae Tracheophyta Magnoliopsida Asterales Asteraceae Helianthus tuberosus,EXACT_MATCH_PRIMARY_SOURCE_ACCEPTED_MULTI_RESULT_DISAMBIGUATION
Helianthus ×laetiflorus,Helianthus laetiflorus,Helianthus ×laetiflorus,Plantae Tracheophyta Magnoliopsida Asterales Asteraceae Helianthus laetiflorus,EXACT_MATCH_PRIMARY_SOURCE_ACCEPTED_SIMPLE
Heliopsis helianthoides,Heliopsis helianthoides,Heliopsis helianthoides,Plantae Tracheophyta Magnoliopsida Asterales Asteraceae Heliopsis helianthoides,EXACT_MATCH_PRIMARY_SOURCE_ACCEPTED_AMONG_SYNONYMS_SIMPLE
Helleborus viridis,Helleborus viridis,Helleborus viridis,Plantae Tracheophyta Magnoliopsida Ranunculales Ranunculaceae Helleborus viridis,EXACT_MATCH_PRIMARY_SOURCE_ACCEPTED_AMONG_SYNONYMS_SIMPLE
Hemerocallis fulva,Hemerocallis fulva,Hemerocallis fulva,Plantae Tracheophyta Liliopsida Asparagales Asphodelaceae Hemerocallis fulva,EXACT_MATCH_PRIMARY_SOURCE_ACCEPTED
Hepatica nobilis,Hepatica nobilis,Hepatica nobilis,Plantae Tracheophyta Magnoliopsida Ranunculales Ranunculaceae Hepatica nobilis,EXACT_MATCH_PRIMARY_SOURCE_ACCEPTED_MULTI_RESULT_DISAMBIGUATION
Heracleum maximum,Heracleum maximum,Heracleum maximum,Plantae Tracheophyta Magnoliopsida Apiales Apiaceae Heracleum maximum,EXACT_MATCH_PRIMARY_SOURCE_ACCEPTED
Hesperis matronalis,Hesperis matronalis,Hesperis matronalis,Plantae Tracheophyta Magnoliopsida Brassicales Brassicaceae Hesperis matronalis,EXACT_MATCH_PRIMARY_SOURCE_ACCEPTED
Heteranthera dubia,Heteranthera dubia,Heteranthera dubia,Plantae Tracheophyta Liliopsida Commelinales Pontederiaceae Heteranthera dubia,EXACT_MATCH_PRIMARY_SOURCE_ACCEPTED_MULTI_RESULT_DISAMBIGUATION
Heuchera americana,Heuchera americana,Heuchera americana,Plantae Tracheophyta Magnoliopsida Saxifragales Saxifragaceae Heuchera americana,EXACT_MATCH_PRIMARY_SOURCE_ACCEPTED_MULTI_RESULT_DISAMBIGUATION
Heuchera pubescens,Heuchera pubescens,Heuchera pubescens,Plantae Tracheophyta Magnoliopsida Saxifragales Saxifragaceae Heuchera pubescens,EXACT_MATCH_PRIMARY_SOURCE_ACCEPTED
Hexastylis virginica,Hexastylis virginica,Hexastylis virginica,Plantae Tracheophyta Magnoliopsida Piperales Aristolochiaceae Hexastylis virginica,EXACT_MATCH_PRIMARY_SOURCE_ACCEPTED
Hibiscus laevis,Hibiscus laevis,Hibiscus laevis,Plantae Tracheophyta Magnoliopsida Malvales Malvaceae Hibiscus laevis,EXACT_MATCH_PRIMARY_SOURCE_ACCEPTED_AMONG_SYNONYMS_SIMPLE
Hibiscus moscheutos,Hibiscus moscheutos,Hibiscus moscheutos,Plantae Tracheophyta Magnoliopsida Malvales Malvaceae Hibiscus moscheutos,EXACT_MATCH_PRIMARY_SOURCE_ACCEPTED
Hibiscus syriacus,Hibiscus syriacus,Hibiscus syriacus,Plantae Tracheophyta Magnoliopsida Malvales Malvaceae Hibiscus syriacus,EXACT_MATCH_PRIMARY_SOURCE_ACCEPTED
Hibiscus trionum,Hibiscus trionum,Hibiscus trionum,Plantae Tracheophyta Magnoliopsida Malvales Malvaceae Hibiscus trionum,EXACT_MATCH_PRIMARY_SOURCE_ACCEPTED
Hieracium caespitosum,Hieracium caespitosum,Hieracium caespitosum,Plantae Tracheophyta Magnoliopsida Asterales Asteraceae Hieracium caespitosum,EXACT_MATCH_PRIMARY_SOURCE_ACCEPTED_AMONG_SYNONYMS_SIMPLE
Hieracium gronovii,Hieracium gronovii,Hieracium gronovii,Plantae Tracheophyta Magnoliopsida Asterales Asteraceae Hieracium gronovii,EXACT_MATCH_PRIMARY_SOURCE_ACCEPTED_AMONG_SYNONYMS_SIMPLE
Hieracium paniculatum,Hieracium paniculatum,Hieracium paniculatum,Plantae Tracheophyta Magnoliopsida Asterales Asteraceae Hieracium paniculatum,EXACT_MATCH_PRIMARY_SOURCE_ACCEPTED_MULTI_RESULT_DISAMBIGUATION
Hieracium pilosella,Pilosella officinarum,Hieracium pilosella,Plantae Tracheophyta Magnoliopsida Asterales Asteraceae Pilosella officinarum,EXACT_MATCH_PRIMARY_SOURCE_ACCEPTED_AMONG_SYNONYMS_SIMPLE
Hieracium piloselloides,Hieracium piloselloides,Hieracium piloselloides,Plantae Tracheophyta Magnoliopsida Asterales Asteraceae Hieracium piloselloides,EXACT_MATCH_PRIMARY_SOURCE_ACCEPTED_AMONG_SYNONYMS_SIMPLE
Hieracium scabrum,Hieracium scabrum,Hieracium scabrum,Plantae Tracheophyta Magnoliopsida Asterales Asteraceae Hieracium scabrum,EXACT_MATCH_PRIMARY_SOURCE_ACCEPTED_MULTI_RESULT_DISAMBIGUATION
Hieracium venosum,Hieracium venosum,Hieracium venosum,Plantae Tracheophyta Magnoliopsida Asterales Asteraceae Hieracium venosum,EXACT_MATCH_PRIMARY_SOURCE_ACCEPTED
Hieracium ×floribundum,Hieracium floribundum,Hieracium ×floribundum,Plantae Tracheophyta Magnoliopsida Asterales Asteraceae Hieracium floribundum,EXACT_MATCH_PRIMARY_SOURCE_ACCEPTED_AMONG_SYNONYMS_SIMPLE
Holcus lanatus,Holcus lanatus,Holcus lanatus,Plantae Tracheophyta Liliopsida Poales Poaceae Holcus lanatus,EXACT_MATCH_PRIMARY_SOURCE_ACCEPTED
Holosteum umbellatum,Holosteum umbellatum,Holosteum umbellatum,Plantae Tracheophyta Magnoliopsida Caryophyllales Caryophyllaceae Holosteum umbellatum,EXACT_MATCH_PRIMARY_SOURCE_ACCEPTED
Homalosorus pycnocarpos,Homalosorus pycnocarpos,Homalosorus pycnocarpos,Plantae Tracheophyta Polypodiopsida Polypodiales Diplaziopsidaceae Homalosorus pycnocarpos,EXACT_MATCH_PRIMARY_SOURCE_ACCEPTED_AMONG_SYNONYMS_SIMPLE
Hordeum jubatum,Hordeum jubatum,Hordeum jubatum,Plantae Tracheophyta Liliopsida Poales Poaceae Hordeum jubatum,EXACT_MATCH_PRIMARY_SOURCE_ACCEPTED_MULTI_RESULT_DISAMBIGUATION
Hordeum pusillum,Hordeum pusillum,Hordeum pusillum,Plantae Tracheophyta Liliopsida Poales Poaceae Hordeum pusillum,EXACT_MATCH_PRIMARY_SOURCE_ACCEPTED
Hosta ventricosa,Hosta ventricosa,Hosta ventricosa,Plantae Tracheophyta Liliopsida Asparagales Asparagaceae Hosta ventricosa,EXACT_MATCH_PRIMARY_SOURCE_ACCEPTED
Houstonia caerulea,Houstonia caerulea,Houstonia caerulea,Plantae Tracheophyta Magnoliopsida Gentianales Rubiaceae Houstonia caerulea,EXACT_MATCH_PRIMARY_SOURCE_ACCEPTED
Houstonia longifolia,Houstonia longifolia,Houstonia longifolia,Plantae Tracheophyta Magnoliopsida Gentianales Rubiaceae Houstonia longifolia,EXACT_MATCH_PRIMARY_SOURCE_ACCEPTED
Humulus japonicus,Humulus scandens,Humulus japonicus,Plantae Tracheophyta Magnoliopsida Rosales Cannabaceae Humulus scandens,EXACT_MATCH_PRIMARY_SOURCE_SYNONYM_SIMPLE
Humulus lupulus,Humulus lupulus,Humulus lupulus,Plantae Tracheophyta Magnoliopsida Rosales Cannabaceae Humulus lupulus,EXACT_MATCH_PRIMARY_SOURCE_ACCEPTED_AMONG_SYNONYMS_SIMPLE
Huperzia appressa,Huperzia selago,Huperzia appressa,Plantae Tracheophyta Lycopodiopsida Lycopodiales Lycopodiaceae Huperzia selago,EXACT_MATCH_PRIMARY_SOURCE_SYNONYM_SIMPLE
Huperzia lucidula,Huperzia lucidula,Huperzia lucidula,Plantae Tracheophyta Lycopodiopsida Lycopodiales Lycopodiaceae Huperzia lucidula,EXACT_MATCH_PRIMARY_SOURCE_ACCEPTED_AMONG_SYNONYMS_SIMPLE
Hybanthus concolor,Cubelium concolor,Hybanthus concolor,Plantae Tracheophyta Magnoliopsida Malpighiales Violaceae Cubelium concolor,EXACT_MATCH_PRIMARY_SOURCE_SYNONYM_SIMPLE
Hydrangea arborescens,Hydrangea arborescens,Hydrangea arborescens,Plantae Tracheophyta Magnoliopsida Cornales Hydrangeaceae Hydrangea arborescens,EXACT_MATCH_PRIMARY_SOURCE_ACCEPTED_AMONG_SYNONYMS_SIMPLE
Hydrocotyle americana,Hydrocotyle americana,Hydrocotyle americana,Plantae Tracheophyta Magnoliopsida Apiales Araliaceae Hydrocotyle americana,EXACT_MATCH_PRIMARY_SOURCE_ACCEPTED_AMONG_SYNONYMS_SIMPLE
Hydrocotyle ranunculoides,Hydrocotyle ranunculoides,Hydrocotyle ranunculoides,Plantae Tracheophyta Magnoliopsida Apiales Araliaceae Hydrocotyle ranunculoides,EXACT_MATCH_PRIMARY_SOURCE_ACCEPTED_AMONG_SYNONYMS_SIMPLE
Hydrophyllum canadense,Hydrophyllum canadense,Hydrophyllum canadense,Plantae Tracheophyta Magnoliopsida Boraginales Hydrophyllaceae Hydrophyllum canadense,EXACT_MATCH_PRIMARY_SOURCE_ACCEPTED
Hydrophyllum virginianum,Hydrophyllum virginianum,Hydrophyllum virginianum,Plantae Tracheophyta Magnoliopsida Boraginales Hydrophyllaceae Hydrophyllum virginianum,EXACT_MATCH_PRIMARY_SOURCE_ACCEPTED
Hylodesmum glutinosum,Hylodesmum glutinosum,Hylodesmum glutinosum,Plantae Tracheophyta Magnoliopsida Fabales Fabaceae Hylodesmum glutinosum,EXACT_MATCH_PRIMARY_SOURCE_ACCEPTED
Hylodesmum nudiflorum,Hylodesmum nudiflorum,Hylodesmum nudiflorum,Plantae Tracheophyta Magnoliopsida Fabales Fabaceae Hylodesmum nudiflorum,EXACT_MATCH_PRIMARY_SOURCE_ACCEPTED
Hylotelephium telephioides,Hylotelephium telephioides,Hylotelephium telephioides,Plantae Tracheophyta Magnoliopsida Saxifragales Crassulaceae Hylotelephium telephioides,EXACT_MATCH_PRIMARY_SOURCE_ACCEPTED
Hypericum gentianoides,Hypericum gentianoides,Hypericum gentianoides,Plantae Tracheophyta Magnoliopsida Malpighiales Hypericaceae Hypericum gentianoides,EXACT_MATCH_PRIMARY_SOURCE_ACCEPTED
Hypericum gymnanthum,Hypericum gymnanthum,Hypericum gymnanthum,Plantae Tracheophyta Magnoliopsida Malpighiales Hypericaceae Hypericum gymnanthum,EXACT_MATCH_PRIMARY_SOURCE_ACCEPTED
Hypericum hypericoides,Hypericum hypericoides,Hypericum hypericoides,Plantae Tracheophyta Magnoliopsida Malpighiales Hypericaceae Hypericum hypericoides,EXACT_MATCH_PRIMARY_SOURCE_ACCEPTED
Hypericum mutilum,Hypericum mutilum,Hypericum mutilum,Plantae Tracheophyta Magnoliopsida Malpighiales Hypericaceae Hypericum mutilum,EXACT_MATCH_PRIMARY_SOURCE_ACCEPTED_AMONG_SYNONYMS_SIMPLE
Hypericum perforatum,Hypericum perforatum,Hypericum perforatum,Plantae Tracheophyta Magnoliopsida Malpighiales Hypericaceae Hypericum perforatum,EXACT_MATCH_PRIMARY_SOURCE_ACCEPTED
Hypericum prolificum,Hypericum prolificum,Hypericum prolificum,Plantae Tracheophyta Magnoliopsida Malpighiales Hypericaceae Hypericum prolificum,EXACT_MATCH_PRIMARY_SOURCE_ACCEPTED
Hypericum punctatum,Hypericum punctatum,Hypericum punctatum,Plantae Tracheophyta Magnoliopsida Malpighiales Hypericaceae Hypericum punctatum,EXACT_MATCH_PRIMARY_SOURCE_ACCEPTED_MULTI_RESULT_DISAMBIGUATION
Hypochaeris radicata,Hypochaeris radicata,Hypochaeris radicata,Plantae Tracheophyta Magnoliopsida Asterales Asteraceae Hypochaeris radicata,EXACT_MATCH_PRIMARY_SOURCE_ACCEPTED
Hypopitys monotropa,Hypopitys monotropa,Hypopitys monotropa,Plantae Tracheophyta Magnoliopsida Ericales Ericaceae Hypopitys monotropa,EXACT_MATCH_PRIMARY_SOURCE_ACCEPTED
Hypoxis hirsuta,Hypoxis hirsuta,Hypoxis hirsuta,Plantae Tracheophyta Liliopsida Asparagales Hypoxidaceae Hypoxis hirsuta,EXACT_MATCH_PRIMARY_SOURCE_ACCEPTED
Ilex montana,Ilex montana,Ilex montana,Plantae Tracheophyta Magnoliopsida Aquifoliales Aquifoliaceae Ilex montana,EXACT_MATCH_PRIMARY_SOURCE_ACCEPTED_AMONG_SYNONYMS_SIMPLE
Ilex opaca,Ilex opaca,Ilex opaca,Plantae Tracheophyta Magnoliopsida Aquifoliales Aquifoliaceae Ilex opaca,EXACT_MATCH_PRIMARY_SOURCE_ACCEPTED_MULTI_RESULT_DISAMBIGUATION
Ilex verticillata,Ilex verticillata,Ilex verticillata,Plantae Tracheophyta Magnoliopsida Aquifoliales Aquifoliaceae Ilex verticillata,EXACT_MATCH_PRIMARY_SOURCE_ACCEPTED
Impatiens capensis,Impatiens capensis,Impatiens capensis,Plantae Tracheophyta Magnoliopsida Ericales Balsaminaceae Impatiens capensis,EXACT_MATCH_PRIMARY_SOURCE_ACCEPTED_AMONG_SYNONYMS_SIMPLE
Impatiens pallida,Impatiens pallida,Impatiens pallida,Plantae Tracheophyta Magnoliopsida Ericales Balsaminaceae Impatiens pallida,EXACT_MATCH_PRIMARY_SOURCE_ACCEPTED
Ionactis linariifolia,Ionactis linariifolia,Ionactis linariifolia,Plantae Tracheophyta Magnoliopsida Asterales Asteraceae Ionactis linariifolia,EXACT_MATCH_PRIMARY_SOURCE_ACCEPTED
Ipomoea hederacea,Ipomoea hederacea,Ipomoea hederacea,Plantae Tracheophyta Magnoliopsida Solanales Convolvulaceae Ipomoea hederacea,EXACT_MATCH_PRIMARY_SOURCE_ACCEPTED_AMONG_SYNONYMS_SIMPLE
Ipomoea lacunosa,Ipomoea lacunosa,Ipomoea lacunosa,Plantae Tracheophyta Magnoliopsida Solanales Convolvulaceae Ipomoea lacunosa,EXACT_MATCH_PRIMARY_SOURCE_ACCEPTED_MULTI_RESULT_DISAMBIGUATION
Ipomoea pandurata,Ipomoea pandurata,Ipomoea pandurata,Plantae Tracheophyta Magnoliopsida Solanales Convolvulaceae Ipomoea pandurata,EXACT_MATCH_PRIMARY_SOURCE_ACCEPTED_AMONG_SYNONYMS_SIMPLE
Ipomoea purpurea,Ipomoea purpurea,Ipomoea purpurea,Plantae Tracheophyta Magnoliopsida Solanales Convolvulaceae Ipomoea purpurea,EXACT_MATCH_PRIMARY_SOURCE_ACCEPTED_AMONG_SYNONYMS_SIMPLE
Iris pseudacorus,Iris pseudacorus,Iris pseudacorus,Plantae Tracheophyta Liliopsida Asparagales Iridaceae Iris pseudacorus,EXACT_MATCH_PRIMARY_SOURCE_ACCEPTED
Iris verna,Iris verna,Iris verna,Plantae Tracheophyta Liliopsida Asparagales Iridaceae Iris verna,EXACT_MATCH_PRIMARY_SOURCE_ACCEPTED_AMONG_SYNONYMS_SIMPLE
Isatis tinctoria,Isatis tinctoria,Isatis tinctoria,Plantae Tracheophyta Magnoliopsida Brassicales Brassicaceae Isatis tinctoria,EXACT_MATCH_PRIMARY_SOURCE_ACCEPTED
Isotria verticillata,Isotria verticillata,Isotria verticillata,Plantae Tracheophyta Liliopsida Asparagales Orchidaceae Isotria verticillata,EXACT_MATCH_PRIMARY_SOURCE_ACCEPTED
Jeffersonia diphylla,Jeffersonia diphylla,Jeffersonia diphylla,Plantae Tracheophyta Magnoliopsida Ranunculales Berberidaceae Jeffersonia diphylla,EXACT_MATCH_PRIMARY_SOURCE_ACCEPTED
Juglans cinerea,Juglans cinerea,Juglans cinerea,Plantae Tracheophyta Magnoliopsida Fagales Juglandaceae Juglans cinerea,EXACT_MATCH_PRIMARY_SOURCE_ACCEPTED
Juglans nigra,Juglans nigra,Juglans nigra,Plantae Tracheophyta Magnoliopsida Fagales Juglandaceae Juglans nigra,EXACT_MATCH_PRIMARY_SOURCE_ACCEPTED_AMONG_SYNONYMS_SIMPLE
Juncus acuminatus,Juncus acuminatus,Juncus acuminatus,Plantae Tracheophyta Liliopsida Poales Juncaceae Juncus acuminatus,EXACT_MATCH_PRIMARY_SOURCE_ACCEPTED_MULTI_RESULT_DISAMBIGUATION
Juncus balticus,Juncus balticus,Juncus balticus,Plantae Tracheophyta Liliopsida Poales Juncaceae Juncus balticus,EXACT_MATCH_PRIMARY_SOURCE_ACCEPTED
Juncus brevicaudatus,Juncus brevicaudatus,Juncus brevicaudatus,Plantae Tracheophyta Liliopsida Poales Juncaceae Juncus brevicaudatus,EXACT_MATCH_PRIMARY_SOURCE_ACCEPTED
Juncus bufonius,Juncus bufonius,Juncus bufonius,Plantae Tracheophyta Liliopsida Poales Juncaceae Juncus bufonius,EXACT_MATCH_PRIMARY_SOURCE_ACCEPTED_AMONG_SYNONYMS_SIMPLE
Juncus dichotomus,Juncus dichotomus,Juncus dichotomus,Plantae Tracheophyta Liliopsida Poales Juncaceae Juncus dichotomus,EXACT_MATCH_PRIMARY_SOURCE_ACCEPTED_MULTI_RESULT_DISAMBIGUATION
Juncus dudleyi,Juncus dudleyi,Juncus dudleyi,Plantae Tracheophyta Liliopsida Poales Juncaceae Juncus dudleyi,EXACT_MATCH_PRIMARY_SOURCE_ACCEPTED
Juncus effusus,Juncus effusus,Juncus effusus,Plantae Tracheophyta Liliopsida Poales Juncaceae Juncus effusus,EXACT_MATCH_PRIMARY_SOURCE_ACCEPTED_MULTI_RESULT_DISAMBIGUATION
Juncus inflexus,Juncus inflexus,Juncus inflexus,Plantae Tracheophyta Liliopsida Poales Juncaceae Juncus inflexus,EXACT_MATCH_PRIMARY_SOURCE_ACCEPTED_MULTI_RESULT_DISAMBIGUATION
Juncus marginatus,Juncus marginatus,Juncus marginatus,Plantae Tracheophyta Liliopsida Poales Juncaceae Juncus marginatus,EXACT_MATCH_PRIMARY_SOURCE_ACCEPTED
Juncus nodosus,Juncus nodosus,Juncus nodosus,Plantae Tracheophyta Liliopsida Poales Juncaceae Juncus nodosus,EXACT_MATCH_PRIMARY_SOURCE_ACCEPTED_MULTI_RESULT_DISAMBIGUATION
Juncus scirpoides,Juncus scirpoides,Juncus scirpoides,Plantae Tracheophyta Liliopsida Poales Juncaceae Juncus scirpoides,EXACT_MATCH_PRIMARY_SOURCE_ACCEPTED
Juncus secundus,Juncus secundus,Juncus secundus,Plantae Tracheophyta Liliopsida Poales Juncaceae Juncus secundus,EXACT_MATCH_PRIMARY_SOURCE_ACCEPTED_AMONG_SYNONYMS_SIMPLE
Juncus subcaudatus,Juncus subcaudatus,Juncus subcaudatus,Plantae Tracheophyta Liliopsida Poales Juncaceae Juncus subcaudatus,EXACT_MATCH_PRIMARY_SOURCE_ACCEPTED
Juncus tenuis,Juncus tenuis,Juncus tenuis,Plantae Tracheophyta Liliopsida Poales Juncaceae Juncus tenuis,EXACT_MATCH_PRIMARY_SOURCE_ACCEPTED_MULTI_RESULT_DISAMBIGUATION
Juncus torreyi,Juncus torreyi,Juncus torreyi,Plantae Tracheophyta Liliopsida Poales Juncaceae Juncus torreyi,EXACT_MATCH_PRIMARY_SOURCE_ACCEPTED
Juniperus virginiana,Juniperus virginiana,Juniperus virginiana,Plantae Tracheophyta Pinopsida Pinales Cupressaceae Juniperus virginiana,EXACT_MATCH_PRIMARY_SOURCE_ACCEPTED_MULTI_RESULT_DISAMBIGUATION
Justicia americana,Dianthera americana,Justicia americana,Plantae Tracheophyta Magnoliopsida Lamiales Acanthaceae Dianthera americana,EXACT_MATCH_PRIMARY_SOURCE_SYNONYM_SIMPLE
Kalmia latifolia,Kalmia latifolia,Kalmia latifolia,Plantae Tracheophyta Magnoliopsida Ericales Ericaceae Kalmia latifolia,EXACT_MATCH_PRIMARY_SOURCE_ACCEPTED
Krigia dandelion,Krigia dandelion,Krigia dandelion,Plantae Tracheophyta Magnoliopsida Asterales Asteraceae Krigia dandelion,EXACT_MATCH_PRIMARY_SOURCE_ACCEPTED
Krigia virginica,Krigia virginica,Krigia virginica,Plantae Tracheophyta Magnoliopsida Asterales Asteraceae Krigia virginica,EXACT_MATCH_PRIMARY_SOURCE_ACCEPTED_AMONG_SYNONYMS_SIMPLE
Kummerowia stipulacea,Kummerowia stipulacea,Kummerowia stipulacea,Plantae Tracheophyta Magnoliopsida Fabales Fabaceae Kummerowia stipulacea,EXACT_MATCH_PRIMARY_SOURCE_ACCEPTED
Kummerowia striata,Kummerowia striata,Kummerowia striata,Plantae Tracheophyta Magnoliopsida Fabales Fabaceae Kummerowia striata,EXACT_MATCH_PRIMARY_SOURCE_ACCEPTED
Kyllinga gracillima,Cyperus brevifolioides,Kyllinga gracillima,Plantae Tracheophyta Liliopsida Poales Cyperaceae Cyperus brevifolioides,EXACT_MATCH_PRIMARY_SOURCE_SYNONYM_SIMPLE
Lactuca biennis,Lactuca biennis,Lactuca biennis,Plantae Tracheophyta Magnoliopsida Asterales Asteraceae Lactuca biennis,EXACT_MATCH_PRIMARY_SOURCE_ACCEPTED
Lactuca canadensis,Lactuca canadensis,Lactuca canadensis,Plantae Tracheophyta Magnoliopsida Asterales Asteraceae Lactuca canadensis,EXACT_MATCH_PRIMARY_SOURCE_ACCEPTED_AMONG_SYNONYMS_SIMPLE
Lactuca floridana,Lactuca floridana,Lactuca floridana,Plantae Tracheophyta Magnoliopsida Asterales Asteraceae Lactuca floridana,EXACT_MATCH_PRIMARY_SOURCE_ACCEPTED
Lactuca saligna,Lactuca saligna,Lactuca saligna,Plantae Tracheophyta Magnoliopsida Asterales Asteraceae Lactuca saligna,EXACT_MATCH_PRIMARY_SOURCE_ACCEPTED
Lactuca serriola,Lactuca serriola,Lactuca serriola,Plantae Tracheophyta Magnoliopsida Asterales Asteraceae Lactuca serriola,EXACT_MATCH_PRIMARY_SOURCE_ACCEPTED
Lamium amplexicaule,Lamium amplexicaule,Lamium amplexicaule,Plantae Tracheophyta Magnoliopsida Lamiales Lamiaceae Lamium amplexicaule,EXACT_MATCH_PRIMARY_SOURCE_ACCEPTED
Lamium purpureum,Lamium purpureum,Lamium purpureum,Plantae Tracheophyta Magnoliopsida Lamiales Lamiaceae Lamium purpureum,EXACT_MATCH_PRIMARY_SOURCE_ACCEPTED
Laportea canadensis,Laportea canadensis,Laportea canadensis,Plantae Tracheophyta Magnoliopsida Rosales Urticaceae Laportea canadensis,EXACT_MATCH_PRIMARY_SOURCE_ACCEPTED_AMONG_SYNONYMS_SIMPLE
Lapsana communis,Lapsana communis,Lapsana communis,Plantae Tracheophyta Magnoliopsida Asterales Asteraceae Lapsana communis,EXACT_MATCH_PRIMARY_SOURCE_ACCEPTED
Lathyrus latifolius,Lathyrus latifolius,Lathyrus latifolius,Plantae Tracheophyta Magnoliopsida Fabales Fabaceae Lathyrus latifolius,EXACT_MATCH_PRIMARY_SOURCE_ACCEPTED_MULTI_RESULT_DISAMBIGUATION
Lathyrus venosus,Lathyrus venosus,Lathyrus venosus,Plantae Tracheophyta Magnoliopsida Fabales Fabaceae Lathyrus venosus,EXACT_MATCH_PRIMARY_SOURCE_ACCEPTED_AMONG_SYNONYMS_SIMPLE
Lechea pulchella,Lechea pulchella,Lechea pulchella,Plantae Tracheophyta Magnoliopsida Malvales Cistaceae Lechea pulchella,EXACT_MATCH_PRIMARY_SOURCE_ACCEPTED
Lechea racemulosa,Lechea racemulosa,Lechea racemulosa,Plantae Tracheophyta Magnoliopsida Malvales Cistaceae Lechea racemulosa,EXACT_MATCH_PRIMARY_SOURCE_ACCEPTED_AMONG_SYNONYMS_SIMPLE
Leersia oryzoides,Leersia oryzoides,Leersia oryzoides,Plantae Tracheophyta Liliopsida Poales Poaceae Leersia oryzoides,EXACT_MATCH_PRIMARY_SOURCE_ACCEPTED_MULTI_RESULT_DISAMBIGUATION
Leersia virginica,Leersia virginica,Leersia virginica,Plantae Tracheophyta Liliopsida Poales Poaceae Leersia virginica,EXACT_MATCH_PRIMARY_SOURCE_ACCEPTED
Lemna minor,Lemna minor,Lemna minor,Plantae Tracheophyta Liliopsida Alismatales Araceae Lemna minor,EXACT_MATCH_PRIMARY_SOURCE_ACCEPTED_MULTI_RESULT_DISAMBIGUATION
Lemna obscura,Lemna obscura,Lemna obscura,Plantae Tracheophyta Liliopsida Alismatales Araceae Lemna obscura,EXACT_MATCH_PRIMARY_SOURCE_ACCEPTED
Lemna perpusilla,Lemna perpusilla,Lemna perpusilla,Plantae Tracheophyta Liliopsida Alismatales Araceae Lemna perpusilla,EXACT_MATCH_PRIMARY_SOURCE_ACCEPTED
Lemna trisulca,Lemna trisulca,Lemna trisulca,Plantae Tracheophyta Liliopsida Alismatales Araceae Lemna trisulca,EXACT_MATCH_PRIMARY_SOURCE_ACCEPTED
Lemna valdiviana,Lemna valdiviana,Lemna valdiviana,Plantae Tracheophyta Liliopsida Alismatales Araceae Lemna valdiviana,EXACT_MATCH_PRIMARY_SOURCE_ACCEPTED_AMONG_SYNONYMS_SIMPLE
Leonurus cardiaca,Leonurus cardiaca,Leonurus cardiaca,Plantae Tracheophyta Magnoliopsida Lamiales Lamiaceae Leonurus cardiaca,EXACT_MATCH_PRIMARY_SOURCE_ACCEPTED
Lepidium campestre,Lepidium campestre,Lepidium campestre,Plantae Tracheophyta Magnoliopsida Brassicales Brassicaceae Lepidium campestre,EXACT_MATCH_PRIMARY_SOURCE_ACCEPTED_MULTI_RESULT_DISAMBIGUATION
Lepidium virginicum,Lepidium virginicum,Lepidium virginicum,Plantae Tracheophyta Magnoliopsida Brassicales Brassicaceae Lepidium virginicum,EXACT_MATCH_PRIMARY_SOURCE_ACCEPTED_MULTI_RESULT_DISAMBIGUATION
Lespedeza bicolor,Lespedeza bicolor,Lespedeza bicolor,Plantae Tracheophyta Magnoliopsida Fabales Fabaceae Lespedeza bicolor,EXACT_MATCH_PRIMARY_SOURCE_ACCEPTED_AMONG_SYNONYMS_SIMPLE
Lespedeza capitata,Lespedeza capitata,Lespedeza capitata,Plantae Tracheophyta Magnoliopsida Fabales Fabaceae Lespedeza capitata,EXACT_MATCH_PRIMARY_SOURCE_ACCEPTED
Lespedeza cuneata,Lespedeza cuneata,Lespedeza cuneata,Plantae Tracheophyta Magnoliopsida Fabales Fabaceae Lespedeza cuneata,EXACT_MATCH_PRIMARY_SOURCE_ACCEPTED
Lespedeza frutescens,Lespedeza frutescens,Lespedeza frutescens,Plantae Tracheophyta Magnoliopsida Fabales Fabaceae Lespedeza frutescens,EXACT_MATCH_PRIMARY_SOURCE_ACCEPTED_AMONG_SYNONYMS_SIMPLE
Lespedeza hirta,Lespedeza hirta,Lespedeza hirta,Plantae Tracheophyta Magnoliopsida Fabales Fabaceae Lespedeza hirta,EXACT_MATCH_PRIMARY_SOURCE_ACCEPTED_AMONG_SYNONYMS_SIMPLE
Lespedeza procumbens,Lespedeza procumbens,Lespedeza procumbens,Plantae Tracheophyta Magnoliopsida Fabales Fabaceae Lespedeza procumbens,EXACT_MATCH_PRIMARY_SOURCE_ACCEPTED
Lespedeza repens,Lespedeza repens,Lespedeza repens,Plantae Tracheophyta Magnoliopsida Fabales Fabaceae Lespedeza repens,EXACT_MATCH_PRIMARY_SOURCE_ACCEPTED
Lespedeza violacea,Lespedeza violacea,Lespedeza violacea,Plantae Tracheophyta Magnoliopsida Fabales Fabaceae Lespedeza violacea,EXACT_MATCH_PRIMARY_SOURCE_ACCEPTED_AMONG_SYNONYMS_SIMPLE
Lespedeza virginica,Lespedeza virginica,Lespedeza virginica,Plantae Tracheophyta Magnoliopsida Fabales Fabaceae Lespedeza virginica,EXACT_MATCH_PRIMARY_SOURCE_ACCEPTED
Leucanthemum vulgare,Leucanthemum vulgare,Leucanthemum vulgare,Plantae Tracheophyta Magnoliopsida Asterales Asteraceae Leucanthemum vulgare,EXACT_MATCH_PRIMARY_SOURCE_ACCEPTED
Liatris scariosa,Liatris scariosa,Liatris scariosa,Plantae Tracheophyta Magnoliopsida Asterales Asteraceae Liatris scariosa,EXACT_MATCH_PRIMARY_SOURCE_ACCEPTED
Ligusticum canadense,Ligusticum canadense,Ligusticum canadense,Plantae Tracheophyta Magnoliopsida Apiales Apiaceae Ligusticum canadense,EXACT_MATCH_PRIMARY_SOURCE_ACCEPTED_AMONG_SYNONYMS_SIMPLE
Ligustrum japonicum,Ligustrum japonicum,Ligustrum japonicum,Plantae Tracheophyta Magnoliopsida Lamiales Oleaceae Ligustrum japonicum,EXACT_MATCH_PRIMARY_SOURCE_ACCEPTED_MULTI_RESULT_DISAMBIGUATION
Ligustrum obtusifolium,Ligustrum obtusifolium,Ligustrum obtusifolium,Plantae Tracheophyta Magnoliopsida Lamiales Oleaceae Ligustrum obtusifolium,EXACT_MATCH_PRIMARY_SOURCE_ACCEPTED
Ligustrum sinense,Ligustrum sinense,Ligustrum sinense,Plantae Tracheophyta Magnoliopsida Lamiales Oleaceae Ligustrum sinense,EXACT_MATCH_PRIMARY_SOURCE_ACCEPTED_MULTI_RESULT_DISAMBIGUATION
Lilium canadense,Lilium canadense,Lilium canadense,Plantae Tracheophyta Liliopsida Liliales Liliaceae Lilium canadense,EXACT_MATCH_PRIMARY_SOURCE_ACCEPTED_MULTI_RESULT_DISAMBIGUATION
Lilium philadelphicum,Lilium philadelphicum,Lilium philadelphicum,Plantae Tracheophyta Liliopsida Liliales Liliaceae Lilium philadelphicum,EXACT_MATCH_PRIMARY_SOURCE_ACCEPTED_MULTI_RESULT_DISAMBIGUATION
Lilium superbum,Lilium superbum,Lilium superbum,Plantae Tracheophyta Liliopsida Liliales Liliaceae Lilium superbum,EXACT_MATCH_PRIMARY_SOURCE_ACCEPTED_AMONG_SYNONYMS_SIMPLE
Linaria vulgaris,Linaria vulgaris,Linaria vulgaris,Plantae Tracheophyta Magnoliopsida Lamiales Plantaginaceae Linaria vulgaris,EXACT_MATCH_PRIMARY_SOURCE_ACCEPTED_MULTI_RESULT_DISAMBIGUATION
Lindera benzoin,Lindera benzoin,Lindera benzoin,Plantae Tracheophyta Magnoliopsida Laurales Lauraceae Lindera benzoin,EXACT_MATCH_PRIMARY_SOURCE_ACCEPTED_AMONG_SYNONYMS_SIMPLE
Lindernia dubia,Lindernia dubia,Lindernia dubia,Plantae Tracheophyta Magnoliopsida Lamiales Linderniaceae Lindernia dubia,EXACT_MATCH_PRIMARY_SOURCE_ACCEPTED
Linum medium,Linum medium,Linum medium,Plantae Tracheophyta Magnoliopsida Malpighiales Linaceae Linum medium,EXACT_MATCH_PRIMARY_SOURCE_ACCEPTED
Linum sulcatum,Linum sulcatum,Linum sulcatum,Plantae Tracheophyta Magnoliopsida Malpighiales Linaceae Linum sulcatum,EXACT_MATCH_PRIMARY_SOURCE_ACCEPTED
Linum virginianum,Linum virginianum,Linum virginianum,Plantae Tracheophyta Magnoliopsida Malpighiales Linaceae Linum virginianum,EXACT_MATCH_PRIMARY_SOURCE_ACCEPTED_AMONG_SYNONYMS_SIMPLE
Liparis liliifolia,Liparis liliifolia,Liparis liliifolia,Plantae Tracheophyta Liliopsida Asparagales Orchidaceae Liparis liliifolia,EXACT_MATCH_PRIMARY_SOURCE_ACCEPTED_AMONG_SYNONYMS_SIMPLE
Liparis loeselii,Liparis loeselii,Liparis loeselii,Animalia Arthropoda Insecta Coleoptera Curculionidae Liparis loeselii,EXACT_MATCH_PRIMARY_SOURCE_ACCEPTED_AUTHOR_DISAMBIGUATION
Liriodendron tulipifera,Liriodendron tulipifera,Liriodendron tulipifera,Plantae Tracheophyta Magnoliopsida Magnoliales Magnoliaceae Liriodendron tulipifera,EXACT_MATCH_PRIMARY_SOURCE_ACCEPTED_MULTI_RESULT_DISAMBIGUATION
Lithospermum canescens,Lithospermum canescens,Lithospermum canescens,Plantae Tracheophyta Magnoliopsida Boraginales Boraginaceae Lithospermum canescens,EXACT_MATCH_PRIMARY_SOURCE_ACCEPTED_AMONG_SYNONYMS_SIMPLE
Lithospermum parviflorum,Lithospermum parviflorum,Lithospermum parviflorum,Plantae Tracheophyta Magnoliopsida Boraginales Boraginaceae Lithospermum parviflorum,EXACT_MATCH_PRIMARY_SOURCE_ACCEPTED
Lobelia cardinalis,Lobelia cardinalis,Lobelia cardinalis,Plantae Tracheophyta Magnoliopsida Asterales Campanulaceae Lobelia cardinalis,EXACT_MATCH_PRIMARY_SOURCE_ACCEPTED
Lobelia inflata,Lobelia inflata,Lobelia inflata,Plantae Tracheophyta Magnoliopsida Asterales Campanulaceae Lobelia inflata,EXACT_MATCH_PRIMARY_SOURCE_ACCEPTED
Lobelia siphilitica,Lobelia siphilitica,Lobelia siphilitica,Plantae Tracheophyta Magnoliopsida Asterales Campanulaceae Lobelia siphilitica,EXACT_MATCH_PRIMARY_SOURCE_ACCEPTED
Lobelia spicata,Lobelia spicata,Lobelia spicata,Plantae Tracheophyta Magnoliopsida Asterales Campanulaceae Lobelia spicata,EXACT_MATCH_PRIMARY_SOURCE_ACCEPTED_MULTI_RESULT_DISAMBIGUATION
Lolium perenne,Lolium perenne,Lolium perenne,Plantae Tracheophyta Liliopsida Poales Poaceae Lolium perenne,EXACT_MATCH_PRIMARY_SOURCE_ACCEPTED_MULTI_RESULT_DISAMBIGUATION
Lonicera canadensis,Lonicera canadensis,Lonicera canadensis,Plantae Tracheophyta Magnoliopsida Dipsacales Caprifoliaceae Lonicera canadensis,EXACT_MATCH_PRIMARY_SOURCE_ACCEPTED_AMONG_SYNONYMS_SIMPLE
Lonicera dioica,Lonicera dioica,Lonicera dioica,Plantae Tracheophyta Magnoliopsida Dipsacales Caprifoliaceae Lonicera dioica,EXACT_MATCH_PRIMARY_SOURCE_ACCEPTED
Lonicera japonica,Lonicera japonica,Lonicera japonica,Plantae Tracheophyta Magnoliopsida Dipsacales Caprifoliaceae Lonicera japonica,EXACT_MATCH_PRIMARY_SOURCE_ACCEPTED_MULTI_RESULT_DISAMBIGUATION
Lonicera maackii,Lonicera maackii,Lonicera maackii,Plantae Tracheophyta Magnoliopsida Dipsacales Caprifoliaceae Lonicera maackii,EXACT_MATCH_PRIMARY_SOURCE_ACCEPTED_AMONG_SYNONYMS_SIMPLE
Lonicera morrowii,Lonicera morrowii,Lonicera morrowii,Plantae Tracheophyta Magnoliopsida Dipsacales Caprifoliaceae Lonicera morrowii,EXACT_MATCH_PRIMARY_SOURCE_ACCEPTED
Lonicera xylosteum,Lonicera xylosteum,Lonicera xylosteum,Plantae Tracheophyta Magnoliopsida Dipsacales Caprifoliaceae Lonicera xylosteum,EXACT_MATCH_PRIMARY_SOURCE_ACCEPTED_MULTI_RESULT_DISAMBIGUATION
Lotus corniculatus,Lotus corniculatus,Lotus corniculatus,Plantae Tracheophyta Magnoliopsida Fabales Fabaceae Lotus corniculatus,EXACT_MATCH_PRIMARY_SOURCE_ACCEPTED
Ludwigia alternifolia,Ludwigia alternifolia,Ludwigia alternifolia,Plantae Tracheophyta Magnoliopsida Myrtales Onagraceae Ludwigia alternifolia,EXACT_MATCH_PRIMARY_SOURCE_ACCEPTED_AMONG_SYNONYMS_SIMPLE
Ludwigia decurrens,Ludwigia decurrens,Ludwigia decurrens,Plantae Tracheophyta Magnoliopsida Myrtales Onagraceae Ludwigia decurrens,EXACT_MATCH_PRIMARY_SOURCE_ACCEPTED
Ludwigia grandiflora,Ludwigia grandiflora,Ludwigia grandiflora,Plantae Tracheophyta Magnoliopsida Myrtales Onagraceae Ludwigia grandiflora,EXACT_MATCH_PRIMARY_SOURCE_ACCEPTED_AMONG_SYNONYMS_SIMPLE
Ludwigia palustris,Ludwigia palustris,Ludwigia palustris,Plantae Tracheophyta Magnoliopsida Myrtales Onagraceae Ludwigia palustris,EXACT_MATCH_PRIMARY_SOURCE_ACCEPTED_AMONG_SYNONYMS_SIMPLE
Ludwigia peploides,Ludwigia peploides,Ludwigia peploides,Plantae Tracheophyta Magnoliopsida Myrtales Onagraceae Ludwigia peploides,EXACT_MATCH_PRIMARY_SOURCE_ACCEPTED
Lunaria annua,Lunaria annua,Lunaria annua,Plantae Tracheophyta Magnoliopsida Brassicales Brassicaceae Lunaria annua,EXACT_MATCH_PRIMARY_SOURCE_ACCEPTED_MULTI_RESULT_DISAMBIGUATION
Lupinus perennis,Lupinus perennis,Lupinus perennis,Plantae Tracheophyta Magnoliopsida Fabales Fabaceae Lupinus perennis,EXACT_MATCH_PRIMARY_SOURCE_ACCEPTED_MULTI_RESULT_DISAMBIGUATION
Luzula bulbosa,Luzula bulbosa,Luzula bulbosa,Plantae Tracheophyta Liliopsida Poales Juncaceae Luzula bulbosa,EXACT_MATCH_PRIMARY_SOURCE_ACCEPTED_AMONG_SYNONYMS_SIMPLE
Luzula echinata,Luzula echinata,Luzula echinata,Plantae Tracheophyta Liliopsida Poales Juncaceae Luzula echinata,EXACT_MATCH_PRIMARY_SOURCE_ACCEPTED
Luzula multiflora,Luzula multiflora,Luzula multiflora,Plantae Tracheophyta Liliopsida Poales Juncaceae Luzula multiflora,EXACT_MATCH_PRIMARY_SOURCE_ACCEPTED
Lycium barbarum,Lycium barbarum,Lycium barbarum,Plantae Tracheophyta Magnoliopsida Solanales Solanaceae Lycium barbarum,EXACT_MATCH_PRIMARY_SOURCE_ACCEPTED_AMONG_SYNONYMS_SIMPLE
Lycopodiella appressa,Lycopodiella appressa,Lycopodiella appressa,Plantae Tracheophyta Lycopodiopsida Lycopodiales Lycopodiaceae Lycopodiella appressa,EXACT_MATCH_PRIMARY_SOURCE_ACCEPTED
Lycopodium clavatum,Lycopodium clavatum,Lycopodium clavatum,Plantae Tracheophyta Lycopodiopsida Lycopodiales Lycopodiaceae Lycopodium clavatum,EXACT_MATCH_PRIMARY_SOURCE_ACCEPTED
Lycopus americanus,Lycopus americanus,Lycopus americanus,Plantae Tracheophyta Magnoliopsida Lamiales Lamiaceae Lycopus americanus,EXACT_MATCH_PRIMARY_SOURCE_ACCEPTED_MULTI_RESULT_DISAMBIGUATION
Lycopus rubellus,Lycopus rubellus,Lycopus rubellus,Plantae Tracheophyta Magnoliopsida Lamiales Lamiaceae Lycopus rubellus,EXACT_MATCH_PRIMARY_SOURCE_ACCEPTED
Lycopus uniflorus,Lycopus uniflorus,Lycopus uniflorus,Plantae Tracheophyta Magnoliopsida Lamiales Lamiaceae Lycopus uniflorus,EXACT_MATCH_PRIMARY_SOURCE_ACCEPTED
Lycopus virginicus,Lycopus virginicus,Lycopus virginicus,Plantae Tracheophyta Magnoliopsida Lamiales Lamiaceae Lycopus virginicus,EXACT_MATCH_PRIMARY_SOURCE_ACCEPTED_MULTI_RESULT_DISAMBIGUATION
Lyonia ligustrina,Lyonia ligustrina,Lyonia ligustrina,Plantae Tracheophyta Magnoliopsida Ericales Ericaceae Lyonia ligustrina,EXACT_MATCH_PRIMARY_SOURCE_ACCEPTED
Lysimachia arvensis,Lysimachia arvensis,Lysimachia arvensis,Plantae Tracheophyta Magnoliopsida Ericales Primulaceae Lysimachia arvensis,EXACT_MATCH_PRIMARY_SOURCE_ACCEPTED
Lysimachia borealis,Lysimachia borealis,Lysimachia borealis,Plantae Tracheophyta Magnoliopsida Ericales Primulaceae Lysimachia borealis,EXACT_MATCH_PRIMARY_SOURCE_ACCEPTED
Lysimachia ciliata,Lysimachia ciliata,Lysimachia ciliata,Plantae Tracheophyta Magnoliopsida Ericales Primulaceae Lysimachia ciliata,EXACT_MATCH_PRIMARY_SOURCE_ACCEPTED_AMONG_SYNONYMS_SIMPLE
Lysimachia hybrida,Lysimachia hybrida,Lysimachia hybrida,Plantae Tracheophyta Magnoliopsida Ericales Primulaceae Lysimachia hybrida,EXACT_MATCH_PRIMARY_SOURCE_ACCEPTED
Lysimachia lanceolata,Lysimachia lanceolata,Lysimachia lanceolata,Plantae Tracheophyta Magnoliopsida Ericales Primulaceae Lysimachia lanceolata,EXACT_MATCH_PRIMARY_SOURCE_ACCEPTED_AMONG_SYNONYMS_SIMPLE
Lysimachia nummularia,Lysimachia nummularia,Lysimachia nummularia,Plantae Tracheophyta Magnoliopsida Ericales Primulaceae Lysimachia nummularia,EXACT_MATCH_PRIMARY_SOURCE_ACCEPTED
Lysimachia quadrifolia,Lysimachia quadrifolia,Lysimachia quadrifolia,Plantae Tracheophyta Magnoliopsida Ericales Primulaceae Lysimachia quadrifolia,EXACT_MATCH_PRIMARY_SOURCE_ACCEPTED_AMONG_SYNONYMS_SIMPLE
Lysimachia terrestris,Lysimachia terrestris,Lysimachia terrestris,Plantae Tracheophyta Magnoliopsida Ericales Primulaceae Lysimachia terrestris,EXACT_MATCH_PRIMARY_SOURCE_ACCEPTED
Lythrum alatum,Lythrum alatum,Lythrum alatum,Plantae Tracheophyta Magnoliopsida Myrtales Lythraceae Lythrum alatum,EXACT_MATCH_PRIMARY_SOURCE_ACCEPTED_AMONG_SYNONYMS_SIMPLE
Lythrum salicaria,Lythrum salicaria,Lythrum salicaria,Plantae Tracheophyta Magnoliopsida Myrtales Lythraceae Lythrum salicaria,EXACT_MATCH_PRIMARY_SOURCE_ACCEPTED
Maclura pomifera,Maclura pomifera,Maclura pomifera,Plantae Tracheophyta Magnoliopsida Rosales Moraceae Maclura pomifera,EXACT_MATCH_PRIMARY_SOURCE_ACCEPTED_AMONG_SYNONYMS_SIMPLE
Magnolia acuminata,Magnolia acuminata,Magnolia acuminata,Plantae Tracheophyta Magnoliopsida Magnoliales Magnoliaceae Magnolia acuminata,EXACT_MATCH_PRIMARY_SOURCE_ACCEPTED_AMONG_SYNONYMS_SIMPLE
Magnolia tripetala,Magnolia tripetala,Magnolia tripetala,Plantae Tracheophyta Magnoliopsida Magnoliales Magnoliaceae Magnolia tripetala,EXACT_MATCH_PRIMARY_SOURCE_ACCEPTED_MULTI_RESULT_DISAMBIGUATION
Maianthemum canadense,Maianthemum canadense,Maianthemum canadense,Plantae Tracheophyta Liliopsida Asparagales Asparagaceae Maianthemum canadense,EXACT_MATCH_PRIMARY_SOURCE_ACCEPTED
Maianthemum racemosum,Maianthemum racemosum,Maianthemum racemosum,Plantae Tracheophyta Liliopsida Asparagales Asparagaceae Maianthemum racemosum,EXACT_MATCH_PRIMARY_SOURCE_ACCEPTED
Maianthemum stellatum,Maianthemum stellatum,Maianthemum stellatum,Plantae Tracheophyta Liliopsida Asparagales Asparagaceae Maianthemum stellatum,EXACT_MATCH_PRIMARY_SOURCE_ACCEPTED
Malaxis unifolia,Malaxis unifolia,Malaxis unifolia,Plantae Tracheophyta Liliopsida Asparagales Orchidaceae Malaxis unifolia,EXACT_MATCH_PRIMARY_SOURCE_ACCEPTED
Malus coronaria,Malus coronaria,Malus coronaria,Plantae Tracheophyta Magnoliopsida Rosales Rosaceae Malus coronaria,EXACT_MATCH_PRIMARY_SOURCE_ACCEPTED
Malus pumila,Malus pumila,Malus pumila,Plantae Tracheophyta Magnoliopsida Rosales Rosaceae Malus pumila,EXACT_MATCH_PRIMARY_SOURCE_ACCEPTED_MULTI_RESULT_DISAMBIGUATION
Malva moschata,Malva moschata,Malva moschata,Plantae Tracheophyta Magnoliopsida Malvales Malvaceae Malva moschata,EXACT_MATCH_PRIMARY_SOURCE_ACCEPTED_MULTI_RESULT_DISAMBIGUATION
Malva neglecta,Malva neglecta,Malva neglecta,Plantae Tracheophyta Magnoliopsida Malvales Malvaceae Malva neglecta,EXACT_MATCH_PRIMARY_SOURCE_ACCEPTED
Marrubium vulgare,Marrubium vulgare,Marrubium vulgare,Plantae Tracheophyta Magnoliopsida Lamiales Lamiaceae Marrubium vulgare,EXACT_MATCH_PRIMARY_SOURCE_ACCEPTED
Marsilea mutica,Marsilea mutica,Marsilea mutica,Plantae Tracheophyta Polypodiopsida Salviniales Marsileaceae Marsilea mutica,EXACT_MATCH_PRIMARY_SOURCE_ACCEPTED
Matelea carolinensis,Matelea carolinensis,Matelea carolinensis,Plantae Tracheophyta Magnoliopsida Gentianales Apocynaceae Matelea carolinensis,EXACT_MATCH_PRIMARY_SOURCE_ACCEPTED
Matelea obliqua,Matelea obliqua,Matelea obliqua,Plantae Tracheophyta Magnoliopsida Gentianales Apocynaceae Matelea obliqua,EXACT_MATCH_PRIMARY_SOURCE_ACCEPTED
Matricaria discoidea,Matricaria discoidea,Matricaria discoidea,Plantae Tracheophyta Magnoliopsida Asterales Asteraceae Matricaria discoidea,EXACT_MATCH_PRIMARY_SOURCE_ACCEPTED
Medeola virginiana,Medeola virginiana,Medeola virginiana,Plantae Tracheophyta Liliopsida Liliales Liliaceae Medeola virginiana,EXACT_MATCH_PRIMARY_SOURCE_ACCEPTED
Medicago lupulina,Medicago lupulina,Medicago lupulina,Plantae Tracheophyta Magnoliopsida Fabales Fabaceae Medicago lupulina,EXACT_MATCH_PRIMARY_SOURCE_ACCEPTED
Medicago sativa,Medicago sativa,Medicago sativa,Plantae Tracheophyta Magnoliopsida Fabales Fabaceae Medicago sativa,EXACT_MATCH_PRIMARY_SOURCE_ACCEPTED_MULTI_RESULT_DISAMBIGUATION
Melampyrum lineare,Melampyrum lineare,Melampyrum lineare,Plantae Tracheophyta Magnoliopsida Lamiales Orobanchaceae Melampyrum lineare,EXACT_MATCH_PRIMARY_SOURCE_ACCEPTED_MULTI_RESULT_DISAMBIGUATION
Melica mutica,Melica mutica,Melica mutica,Plantae Tracheophyta Liliopsida Poales Poaceae Melica mutica,EXACT_MATCH_PRIMARY_SOURCE_ACCEPTED
Melica nitens,Melica nitens,Melica nitens,Plantae Tracheophyta Liliopsida Poales Poaceae Melica nitens,EXACT_MATCH_PRIMARY_SOURCE_ACCEPTED_AMONG_SYNONYMS_SIMPLE
Melilotus officinalis,Melilotus officinalis,Melilotus officinalis,Plantae Tracheophyta Magnoliopsida Fabales Fabaceae Melilotus officinalis,EXACT_MATCH_PRIMARY_SOURCE_ACCEPTED_MULTI_RESULT_DISAMBIGUATION
Melissa officinalis,Melissa officinalis,Melissa officinalis,Plantae Tracheophyta Magnoliopsida Lamiales Lamiaceae Melissa officinalis,EXACT_MATCH_PRIMARY_SOURCE_ACCEPTED
Menispermum canadense,Menispermum canadense,Menispermum canadense,Plantae Tracheophyta Magnoliopsida Ranunculales Menispermaceae Menispermum canadense,EXACT_MATCH_PRIMARY_SOURCE_ACCEPTED_MULTI_RESULT_DISAMBIGUATION
Mentha arvensis,Mentha arvensis,Mentha arvensis,Plantae Tracheophyta Magnoliopsida Lamiales Lamiaceae Mentha arvensis,EXACT_MATCH_PRIMARY_SOURCE_ACCEPTED
Mentha spicata,Mentha spicata,Mentha spicata,Plantae Tracheophyta Magnoliopsida Lamiales Lamiaceae Mentha spicata,EXACT_MATCH_PRIMARY_SOURCE_ACCEPTED_MULTI_RESULT_DISAMBIGUATION
Mentha ×gracilis,Mentha gracilis,Mentha ×gracilis,Plantae Tracheophyta Magnoliopsida Lamiales Lamiaceae Mentha gracilis,EXACT_MATCH_PRIMARY_SOURCE_ACCEPTED_AMONG_SYNONYMS_SIMPLE
Mentha ×piperita,Mentha piperita,Mentha ×piperita,Plantae Tracheophyta Magnoliopsida Lamiales Lamiaceae Mentha piperita,EXACT_MATCH_PRIMARY_SOURCE_ACCEPTED_SIMPLE
Menziesia pilosa,Rhododendron pilosum,Menziesia pilosa,Plantae Tracheophyta Magnoliopsida Ericales Ericaceae Rhododendron pilosum,EXACT_MATCH_PRIMARY_SOURCE_SYNONYM_SIMPLE
Mertensia virginica,Mertensia virginica,Mertensia virginica,Plantae Tracheophyta Magnoliopsida Boraginales Boraginaceae Mertensia virginica,EXACT_MATCH_PRIMARY_SOURCE_ACCEPTED_MULTI_RESULT_DISAMBIGUATION
Micranthes micranthidifolia,Micranthes micranthidifolia,Micranthes micranthidifolia,Plantae Tracheophyta Magnoliopsida Saxifragales Saxifragaceae Micranthes micranthidifolia,EXACT_MATCH_PRIMARY_SOURCE_ACCEPTED
Micranthes pensylvanica,Micranthes pensylvanica,Micranthes pensylvanica,Plantae Tracheophyta Magnoliopsida Saxifragales Saxifragaceae Micranthes pensylvanica,EXACT_MATCH_PRIMARY_SOURCE_ACCEPTED
Micranthes petiolaris,Micranthes petiolaris,Micranthes petiolaris,Plantae Tracheophyta Magnoliopsida Saxifragales Saxifragaceae Micranthes petiolaris,EXACT_MATCH_PRIMARY_SOURCE_ACCEPTED_AMONG_SYNONYMS_SIMPLE
Micranthes virginiensis,Micranthes virginiensis,Micranthes virginiensis,Plantae Tracheophyta Magnoliopsida Saxifragales Saxifragaceae Micranthes virginiensis,EXACT_MATCH_PRIMARY_SOURCE_ACCEPTED
Microstegium vimineum,Microstegium vimineum,Microstegium vimineum,Plantae Tracheophyta Liliopsida Poales Poaceae Microstegium vimineum,EXACT_MATCH_PRIMARY_SOURCE_ACCEPTED
Microthlaspi perfoliatum,Noccaea perfoliata,Microthlaspi perfoliatum,Plantae Tracheophyta Magnoliopsida Brassicales Brassicaceae Noccaea perfoliata,EXACT_MATCH_PRIMARY_SOURCE_SYNONYM_SIMPLE
Mimulus alatus,Mimulus alatus,Mimulus alatus,Plantae Tracheophyta Magnoliopsida Lamiales Phrymaceae Mimulus alatus,EXACT_MATCH_PRIMARY_SOURCE_ACCEPTED_MULTI_RESULT_DISAMBIGUATION
Mimulus ringens,Mimulus ringens,Mimulus ringens,Plantae Tracheophyta Magnoliopsida Lamiales Phrymaceae Mimulus ringens,EXACT_MATCH_PRIMARY_SOURCE_ACCEPTED
Minuartia michauxii,Minuartia michauxii,Minuartia michauxii,Plantae Tracheophyta Magnoliopsida Caryophyllales Caryophyllaceae Minuartia michauxii,EXACT_MATCH_PRIMARY_SOURCE_ACCEPTED_AMONG_SYNONYMS_SIMPLE
Mirabilis nyctaginea,Mirabilis nyctaginea,Mirabilis nyctaginea,Plantae Tracheophyta Magnoliopsida Caryophyllales Nyctaginaceae Mirabilis nyctaginea,EXACT_MATCH_PRIMARY_SOURCE_ACCEPTED_AMONG_SYNONYMS_SIMPLE
Miscanthus sinensis,Miscanthus sinensis,Miscanthus sinensis,Plantae Tracheophyta Liliopsida Poales Poaceae Miscanthus sinensis,EXACT_MATCH_PRIMARY_SOURCE_ACCEPTED_MULTI_RESULT_DISAMBIGUATION
Mitchella repens,Mitchella repens,Mitchella repens,Plantae Tracheophyta Magnoliopsida Gentianales Rubiaceae Mitchella repens,EXACT_MATCH_PRIMARY_SOURCE_ACCEPTED
Mitella diphylla,Mitella diphylla,Mitella diphylla,Plantae Tracheophyta Magnoliopsida Saxifragales Saxifragaceae Mitella diphylla,EXACT_MATCH_PRIMARY_SOURCE_ACCEPTED
Mollugo verticillata,Mollugo verticillata,Mollugo verticillata,Plantae Tracheophyta Magnoliopsida Caryophyllales Molluginaceae Mollugo verticillata,EXACT_MATCH_PRIMARY_SOURCE_ACCEPTED_AMONG_SYNONYMS_SIMPLE
Monarda clinopodia,Monarda clinopodia,Monarda clinopodia,Plantae Tracheophyta Magnoliopsida Lamiales Lamiaceae Monarda clinopodia,EXACT_MATCH_PRIMARY_SOURCE_ACCEPTED
Monarda didyma,Monarda didyma,Monarda didyma,Plantae Tracheophyta Magnoliopsida Lamiales Lamiaceae Monarda didyma,EXACT_MATCH_PRIMARY_SOURCE_ACCEPTED
Monarda fistulosa,Monarda fistulosa,Monarda fistulosa,Plantae Tracheophyta Magnoliopsida Lamiales Lamiaceae Monarda fistulosa,EXACT_MATCH_PRIMARY_SOURCE_ACCEPTED_MULTI_RESULT_DISAMBIGUATION
Monotropa uniflora,Monotropa uniflora,Monotropa uniflora,Plantae Tracheophyta Magnoliopsida Ericales Ericaceae Monotropa uniflora,EXACT_MATCH_PRIMARY_SOURCE_ACCEPTED
Morus alba,Morus alba,Morus alba,Plantae Tracheophyta Magnoliopsida Rosales Moraceae Morus alba,EXACT_MATCH_PRIMARY_SOURCE_ACCEPTED_AMONG_SYNONYMS_SIMPLE
Morus rubra,Morus rubra,Morus rubra,Plantae Tracheophyta Magnoliopsida Rosales Moraceae Morus rubra,EXACT_MATCH_PRIMARY_SOURCE_ACCEPTED_AMONG_SYNONYMS_SIMPLE
Muhlenbergia capillaris,Muhlenbergia capillaris,Muhlenbergia capillaris,Plantae Tracheophyta Liliopsida Poales Poaceae Muhlenbergia capillaris,EXACT_MATCH_PRIMARY_SOURCE_ACCEPTED
Muhlenbergia cuspidata,Muhlenbergia cuspidata,Muhlenbergia cuspidata,Plantae Tracheophyta Liliopsida Poales Poaceae Muhlenbergia cuspidata,EXACT_MATCH_PRIMARY_SOURCE_ACCEPTED_MULTI_RESULT_DISAMBIGUATION
Muhlenbergia frondosa,Muhlenbergia frondosa,Muhlenbergia frondosa,Plantae Tracheophyta Liliopsida Poales Poaceae Muhlenbergia frondosa,EXACT_MATCH_PRIMARY_SOURCE_ACCEPTED
Muhlenbergia glomerata,Muhlenbergia glomerata,Muhlenbergia glomerata,Plantae Tracheophyta Liliopsida Poales Poaceae Muhlenbergia glomerata,EXACT_MATCH_PRIMARY_SOURCE_ACCEPTED
Muhlenbergia mexicana,Muhlenbergia mexicana,Muhlenbergia mexicana,Plantae Tracheophyta Liliopsida Poales Poaceae Muhlenbergia mexicana,EXACT_MATCH_PRIMARY_SOURCE_ACCEPTED
Muhlenbergia schreberi,Muhlenbergia schreberi,Muhlenbergia schreberi,Plantae Tracheophyta Liliopsida Poales Poaceae Muhlenbergia schreberi,EXACT_MATCH_PRIMARY_SOURCE_ACCEPTED
Muhlenbergia sobolifera,Muhlenbergia sobolifera,Muhlenbergia sobolifera,Plantae Tracheophyta Liliopsida Poales Poaceae Muhlenbergia sobolifera,EXACT_MATCH_PRIMARY_SOURCE_ACCEPTED
Muhlenbergia sylvatica,Muhlenbergia sylvatica,Muhlenbergia sylvatica,Plantae Tracheophyta Liliopsida Poales Poaceae Muhlenbergia sylvatica,EXACT_MATCH_PRIMARY_SOURCE_ACCEPTED_MULTI_RESULT_DISAMBIGUATION
Muhlenbergia tenuiflora,Muhlenbergia tenuiflora,Muhlenbergia tenuiflora,Plantae Tracheophyta Liliopsida Poales Poaceae Muhlenbergia tenuiflora,EXACT_MATCH_PRIMARY_SOURCE_ACCEPTED
Murdannia keisak,Murdannia keisak,Murdannia keisak,Plantae Tracheophyta Liliopsida Commelinales Commelinaceae Murdannia keisak,EXACT_MATCH_PRIMARY_SOURCE_ACCEPTED
Muscari neglectum,Muscari neglectum,Muscari neglectum,Plantae Tracheophyta Liliopsida Asparagales Asparagaceae Muscari neglectum,EXACT_MATCH_PRIMARY_SOURCE_ACCEPTED_MULTI_RESULT_DISAMBIGUATION
Myosotis laxa,Myosotis laxa,Myosotis laxa,Plantae Tracheophyta Magnoliopsida Boraginales Boraginaceae Myosotis laxa,EXACT_MATCH_PRIMARY_SOURCE_ACCEPTED_AMONG_SYNONYMS_SIMPLE
Myosotis macrosperma,Myosotis macrosperma,Myosotis macrosperma,Plantae Tracheophyta Magnoliopsida Boraginales Boraginaceae Myosotis macrosperma,EXACT_MATCH_PRIMARY_SOURCE_ACCEPTED
Myosotis scorpioides,Myosotis scorpioides,Myosotis scorpioides,Plantae Tracheophyta Magnoliopsida Boraginales Boraginaceae Myosotis scorpioides,EXACT_MATCH_PRIMARY_SOURCE_ACCEPTED_AMONG_SYNONYMS_SIMPLE
Myosotis verna,Myosotis verna,Myosotis verna,Plantae Tracheophyta Magnoliopsida Boraginales Boraginaceae Myosotis verna,EXACT_MATCH_PRIMARY_SOURCE_ACCEPTED_AMONG_SYNONYMS_SIMPLE
Myosoton aquaticum,Stellaria aquatica,Myosoton aquaticum,Plantae Tracheophyta Magnoliopsida Caryophyllales Caryophyllaceae Stellaria aquatica,EXACT_MATCH_PRIMARY_SOURCE_SYNONYM_SIMPLE
Myriophyllum aquaticum,Myriophyllum aquaticum,Myriophyllum aquaticum,Plantae Tracheophyta Magnoliopsida Saxifragales Haloragaceae Myriophyllum aquaticum,EXACT_MATCH_PRIMARY_SOURCE_ACCEPTED
Myriophyllum spicatum,Myriophyllum spicatum,Myriophyllum spicatum,Plantae Tracheophyta Magnoliopsida Saxifragales Haloragaceae Myriophyllum spicatum,EXACT_MATCH_PRIMARY_SOURCE_ACCEPTED_AMONG_SYNONYMS_SIMPLE
Myriopteris lanosa,Myriopteris lanosa,Myriopteris lanosa,Plantae Tracheophyta Polypodiopsida Polypodiales Pteridaceae Myriopteris lanosa,EXACT_MATCH_PRIMARY_SOURCE_ACCEPTED
Nabalus albus,Nabalus albus,Nabalus albus,Plantae Tracheophyta Magnoliopsida Asterales Asteraceae Nabalus albus,EXACT_MATCH_PRIMARY_SOURCE_ACCEPTED_AMONG_SYNONYMS_SIMPLE
Nabalus altissimus,Nabalus altissima,Nabalus altissimus,Plantae Tracheophyta Magnoliopsida Asterales Asteraceae Nabalus altissima,FUZZY_MATCH_PRIMARY_SOURCE_ACCEPTED
Nabalus serpentarius,Nabalus serpentarius,Nabalus serpentarius,Plantae Tracheophyta Magnoliopsida Asterales Asteraceae Nabalus serpentarius,EXACT_MATCH_PRIMARY_SOURCE_ACCEPTED
Nabalus trifoliolatus,Nabalus trifoliolatus,Nabalus trifoliolatus,Plantae Tracheophyta Magnoliopsida Asterales Asteraceae Nabalus trifoliolatus,EXACT_MATCH_PRIMARY_SOURCE_ACCEPTED
Najas flexilis,Najas flexilis,Najas flexilis,Plantae Tracheophyta Liliopsida Alismatales Hydrocharitaceae Najas flexilis,EXACT_MATCH_PRIMARY_SOURCE_ACCEPTED
Najas gracillima,Najas gracillima,Najas gracillima,Plantae Tracheophyta Liliopsida Alismatales Hydrocharitaceae Najas gracillima,EXACT_MATCH_PRIMARY_SOURCE_ACCEPTED
Najas guadalupensis,Najas guadalupensis,Najas guadalupensis,Plantae Tracheophyta Liliopsida Alismatales Hydrocharitaceae Najas guadalupensis,EXACT_MATCH_PRIMARY_SOURCE_ACCEPTED_MULTI_RESULT_DISAMBIGUATION
Najas minor,Najas minor,Najas minor,Plantae Tracheophyta Liliopsida Alismatales Hydrocharitaceae Najas minor,EXACT_MATCH_PRIMARY_SOURCE_ACCEPTED
Narcissus poeticus,Narcissus poeticus,Narcissus poeticus,Plantae Tracheophyta Liliopsida Asparagales Amaryllidaceae Narcissus poeticus,EXACT_MATCH_PRIMARY_SOURCE_ACCEPTED_MULTI_RESULT_DISAMBIGUATION
Nasturtium officinale,Nasturtium officinale,Nasturtium officinale,Plantae Tracheophyta Magnoliopsida Brassicales Brassicaceae Nasturtium officinale,EXACT_MATCH_PRIMARY_SOURCE_ACCEPTED_AMONG_SYNONYMS_SIMPLE
Nelumbo lutea,Nelumbo lutea,Nelumbo lutea,Plantae Tracheophyta Magnoliopsida Proteales Nelumbonaceae Nelumbo lutea,EXACT_MATCH_PRIMARY_SOURCE_ACCEPTED_AMONG_SYNONYMS_SIMPLE
Nepeta cataria,Nepeta cataria,Nepeta cataria,Plantae Tracheophyta Magnoliopsida Lamiales Lamiaceae Nepeta cataria,EXACT_MATCH_PRIMARY_SOURCE_ACCEPTED
Nigella damascena,Nigella damascena,Nigella damascena,Plantae Tracheophyta Magnoliopsida Ranunculales Ranunculaceae Nigella damascena,EXACT_MATCH_PRIMARY_SOURCE_ACCEPTED
Nuphar advena,Nuphar advena,Nuphar advena,Plantae Tracheophyta Magnoliopsida Nymphaeales Nymphaeaceae Nuphar advena,EXACT_MATCH_PRIMARY_SOURCE_ACCEPTED_AMONG_SYNONYMS_SIMPLE
Nymphaea odorata,Nymphaea odorata,Nymphaea odorata,Plantae Tracheophyta Magnoliopsida Nymphaeales Nymphaeaceae Nymphaea odorata,EXACT_MATCH_PRIMARY_SOURCE_ACCEPTED_MULTI_RESULT_DISAMBIGUATION
Nymphoides peltata,Nymphoides peltata,Nymphoides peltata,Plantae Tracheophyta Magnoliopsida Asterales Menyanthaceae Nymphoides peltata,EXACT_MATCH_PRIMARY_SOURCE_ACCEPTED_AMONG_SYNONYMS_SIMPLE
Nyssa sylvatica,Nyssa sylvatica,Nyssa sylvatica,Plantae Tracheophyta Magnoliopsida Cornales Nyssaceae Nyssa sylvatica,EXACT_MATCH_PRIMARY_SOURCE_ACCEPTED
Obolaria virginica,Obolaria virginica,Obolaria virginica,Plantae Tracheophyta Magnoliopsida Gentianales Gentianaceae Obolaria virginica,EXACT_MATCH_PRIMARY_SOURCE_ACCEPTED
Oclemena acuminata,Oclemena acuminata,Oclemena acuminata,Plantae Tracheophyta Magnoliopsida Asterales Asteraceae Oclemena acuminata,EXACT_MATCH_PRIMARY_SOURCE_ACCEPTED
Oenothera argillicola,Oenothera argillicola,Oenothera argillicola,Plantae Tracheophyta Magnoliopsida Myrtales Onagraceae Oenothera argillicola,EXACT_MATCH_PRIMARY_SOURCE_ACCEPTED
Oenothera biennis,Oenothera biennis,Oenothera biennis,Plantae Tracheophyta Magnoliopsida Myrtales Onagraceae Oenothera biennis,EXACT_MATCH_PRIMARY_SOURCE_ACCEPTED_AMONG_SYNONYMS_SIMPLE
Oenothera fruticosa,Oenothera fruticosa,Oenothera fruticosa,Plantae Tracheophyta Magnoliopsida Myrtales Onagraceae Oenothera fruticosa,EXACT_MATCH_PRIMARY_SOURCE_ACCEPTED_AMONG_SYNONYMS_SIMPLE
Oenothera gaura,Oenothera gaura,Oenothera gaura,Plantae Tracheophyta Magnoliopsida Myrtales Onagraceae Oenothera gaura,EXACT_MATCH_PRIMARY_SOURCE_ACCEPTED
Oenothera parviflora,Oenothera parviflora,Oenothera parviflora,Plantae Tracheophyta Magnoliopsida Myrtales Onagraceae Oenothera parviflora,EXACT_MATCH_PRIMARY_SOURCE_ACCEPTED
Oenothera perennis,Oenothera perennis,Oenothera perennis,Plantae Tracheophyta Magnoliopsida Myrtales Onagraceae Oenothera perennis,EXACT_MATCH_PRIMARY_SOURCE_ACCEPTED
Oenothera triloba,Oenothera triloba,Oenothera triloba,Plantae Tracheophyta Magnoliopsida Myrtales Onagraceae Oenothera triloba,EXACT_MATCH_PRIMARY_SOURCE_ACCEPTED_AMONG_SYNONYMS_SIMPLE
Onoclea sensibilis,Onoclea sensibilis,Onoclea sensibilis,Plantae Tracheophyta Polypodiopsida Polypodiales Onocleaceae Onoclea sensibilis,EXACT_MATCH_PRIMARY_SOURCE_ACCEPTED
Onopordum acanthium,Onopordum acanthium,Onopordum acanthium,Plantae Tracheophyta Magnoliopsida Asterales Asteraceae Onopordum acanthium,EXACT_MATCH_PRIMARY_SOURCE_ACCEPTED
Ophioglossum engelmannii,Ophioglossum engelmannii,Ophioglossum engelmannii,Plantae Tracheophyta Polypodiopsida Ophioglossales Ophioglossaceae Ophioglossum engelmannii,EXACT_MATCH_PRIMARY_SOURCE_ACCEPTED
Ophioglossum vulgatum,Ophioglossum vulgatum,Ophioglossum vulgatum,Plantae Tracheophyta Polypodiopsida Ophioglossales Ophioglossaceae Ophioglossum vulgatum,EXACT_MATCH_PRIMARY_SOURCE_ACCEPTED_AMONG_SYNONYMS_SIMPLE
Oplismenus hirtellus,Oplismenus hirtellus,Oplismenus hirtellus,Plantae Tracheophyta Liliopsida Poales Poaceae Oplismenus hirtellus,EXACT_MATCH_PRIMARY_SOURCE_ACCEPTED_MULTI_RESULT_DISAMBIGUATION
Opuntia humifusa,Opuntia humifusa,Opuntia humifusa,Plantae Tracheophyta Magnoliopsida Caryophyllales Cactaceae Opuntia humifusa,EXACT_MATCH_PRIMARY_SOURCE_ACCEPTED
Ornithogalum umbellatum,Ornithogalum umbellatum,Ornithogalum umbellatum,Plantae Tracheophyta Liliopsida Asparagales Asparagaceae Ornithogalum umbellatum,EXACT_MATCH_PRIMARY_SOURCE_ACCEPTED
Orobanche riparia,Aphyllon riparium,Orobanche riparia,Plantae Tracheophyta Magnoliopsida Lamiales Orobanchaceae Aphyllon riparium,EXACT_MATCH_PRIMARY_SOURCE_SYNONYM_SIMPLE
Orobanche uniflora,Aphyllon uniflorum,Orobanche uniflora,Plantae Tracheophyta Magnoliopsida Lamiales Orobanchaceae Aphyllon uniflorum,EXACT_MATCH_PRIMARY_SOURCE_SYNONYM_SIMPLE
Orontium aquaticum,Orontium aquaticum,Orontium aquaticum,Plantae Tracheophyta Liliopsida Alismatales Araceae Orontium aquaticum,EXACT_MATCH_PRIMARY_SOURCE_ACCEPTED
Osmorhiza claytonii,Osmorhiza claytonii,Osmorhiza claytonii,Plantae Tracheophyta Magnoliopsida Apiales Apiaceae Osmorhiza claytonii,EXACT_MATCH_PRIMARY_SOURCE_ACCEPTED_MULTI_RESULT_DISAMBIGUATION
Osmorhiza longistylis,Osmorhiza longistylis,Osmorhiza longistylis,Plantae Tracheophyta Magnoliopsida Apiales Apiaceae Osmorhiza longistylis,EXACT_MATCH_PRIMARY_SOURCE_ACCEPTED
Osmunda claytoniana,Claytosmunda claytoniana,Osmunda claytoniana,Plantae Tracheophyta Polypodiopsida Osmundales Osmundaceae Claytosmunda claytoniana,EXACT_MATCH_PRIMARY_SOURCE_SYNONYM_SIMPLE
Osmunda spectabilis,Osmunda spectabilis,Osmunda spectabilis,Plantae Tracheophyta Polypodiopsida Osmundales Osmundaceae Osmunda spectabilis,EXACT_MATCH_PRIMARY_SOURCE_ACCEPTED
Osmundastrum cinnamomeum,Osmundastrum cinnamomeum,Osmundastrum cinnamomeum,Plantae Tracheophyta Polypodiopsida Osmundales Osmundaceae Osmundastrum cinnamomeum,EXACT_MATCH_PRIMARY_SOURCE_ACCEPTED
Ostrya virginiana,Ostrya virginiana,Ostrya virginiana,Plantae Tracheophyta Magnoliopsida Fagales Betulaceae Ostrya virginiana,EXACT_MATCH_PRIMARY_SOURCE_ACCEPTED_MULTI_RESULT_DISAMBIGUATION
Oxalis dillenii,Oxalis dillenii,Oxalis dillenii,Plantae Tracheophyta Magnoliopsida Oxalidales Oxalidaceae Oxalis dillenii,EXACT_MATCH_PRIMARY_SOURCE_ACCEPTED
Oxalis grandis,Oxalis grandis,Oxalis grandis,Plantae Tracheophyta Magnoliopsida Oxalidales Oxalidaceae Oxalis grandis,EXACT_MATCH_PRIMARY_SOURCE_ACCEPTED
Oxalis stricta,Oxalis stricta,Oxalis stricta,Plantae Tracheophyta Magnoliopsida Oxalidales Oxalidaceae Oxalis stricta,EXACT_MATCH_PRIMARY_SOURCE_ACCEPTED
Oxalis violacea,Oxalis violacea,Oxalis violacea,Plantae Tracheophyta Magnoliopsida Oxalidales Oxalidaceae Oxalis violacea,EXACT_MATCH_PRIMARY_SOURCE_ACCEPTED_MULTI_RESULT_DISAMBIGUATION
Oxypolis rigidior,Oxypolis rigidior,Oxypolis rigidior,Plantae Tracheophyta Magnoliopsida Apiales Apiaceae Oxypolis rigidior,EXACT_MATCH_PRIMARY_SOURCE_ACCEPTED
Packera anonyma,Packera anonyma,Packera anonyma,Plantae Tracheophyta Magnoliopsida Asterales Asteraceae Packera anonyma,EXACT_MATCH_PRIMARY_SOURCE_ACCEPTED
Packera antennariifolia,Packera antennariifolia,Packera antennariifolia,Plantae Tracheophyta Magnoliopsida Asterales Asteraceae Packera antennariifolia,EXACT_MATCH_PRIMARY_SOURCE_ACCEPTED
Packera aurea,Packera aurea,Packera aurea,Plantae Tracheophyta Magnoliopsida Asterales Asteraceae Packera aurea,EXACT_MATCH_PRIMARY_SOURCE_ACCEPTED_MULTI_RESULT_DISAMBIGUATION
Packera obovata,Packera obovata,Packera obovata,Plantae Tracheophyta Magnoliopsida Asterales Asteraceae Packera obovata,EXACT_MATCH_PRIMARY_SOURCE_ACCEPTED
Packera paupercula,Packera paupercula,Packera paupercula,Plantae Tracheophyta Magnoliopsida Asterales Asteraceae Packera paupercula,EXACT_MATCH_PRIMARY_SOURCE_ACCEPTED
Packera plattensis,Packera plattensis,Packera plattensis,Plantae Tracheophyta Magnoliopsida Asterales Asteraceae Packera plattensis,EXACT_MATCH_PRIMARY_SOURCE_ACCEPTED
Panax quinquefolius,Panax quinquefolius,Panax quinquefolius,Plantae Tracheophyta Magnoliopsida Apiales Araliaceae Panax quinquefolius,EXACT_MATCH_PRIMARY_SOURCE_ACCEPTED
Panicum capillare,Panicum capillare,Panicum capillare,Plantae Tracheophyta Liliopsida Poales Poaceae Panicum capillare,EXACT_MATCH_PRIMARY_SOURCE_ACCEPTED_MULTI_RESULT_DISAMBIGUATION
Panicum dichotomiflorum,Panicum dichotomiflorum,Panicum dichotomiflorum,Plantae Tracheophyta Liliopsida Poales Poaceae Panicum dichotomiflorum,EXACT_MATCH_PRIMARY_SOURCE_ACCEPTED
Panicum flexile,Panicum flexile,Panicum flexile,Plantae Tracheophyta Liliopsida Poales Poaceae Panicum flexile,EXACT_MATCH_PRIMARY_SOURCE_ACCEPTED
Panicum philadelphicum,Panicum philadelphicum,Panicum philadelphicum,Plantae Tracheophyta Liliopsida Poales Poaceae Panicum philadelphicum,EXACT_MATCH_PRIMARY_SOURCE_ACCEPTED_MULTI_RESULT_DISAMBIGUATION
Panicum verrucosum,Kellochloa verrucosa,Panicum verrucosum,Plantae Tracheophyta Liliopsida Poales Poaceae Kellochloa verrucosa,EXACT_MATCH_PRIMARY_SOURCE_SYNONYM_SIMPLE
Panicum virgatum,Panicum virgatum,Panicum virgatum,Plantae Tracheophyta Liliopsida Poales Poaceae Panicum virgatum,EXACT_MATCH_PRIMARY_SOURCE_ACCEPTED_MULTI_RESULT_DISAMBIGUATION
Papaver dubium,Papaver dubium,Papaver dubium,Plantae Tracheophyta Magnoliopsida Ranunculales Papaveraceae Papaver dubium,EXACT_MATCH_PRIMARY_SOURCE_ACCEPTED_MULTI_RESULT_DISAMBIGUATION
Parathelypteris noveboracensis,Amauropelta noveboracensis,Parathelypteris noveboracensis,Plantae Tracheophyta Polypodiopsida Polypodiales Thelypteridaceae Amauropelta noveboracensis,MULTI_EXACT_MATCH_PRIMARY_SOURCE_SYNONYMS_INFRASPECIFIC_SCORE
Parietaria pensylvanica,Parietaria pensylvanica,Parietaria pensylvanica,Plantae Tracheophyta Magnoliopsida Rosales Urticaceae Parietaria pensylvanica,EXACT_MATCH_PRIMARY_SOURCE_ACCEPTED_AMONG_SYNONYMS_SIMPLE
Paronychia canadensis,Paronychia canadensis,Paronychia canadensis,Plantae Tracheophyta Magnoliopsida Caryophyllales Caryophyllaceae Paronychia canadensis,EXACT_MATCH_PRIMARY_SOURCE_ACCEPTED
Paronychia fastigiata,Paronychia fastigiata,Paronychia fastigiata,Plantae Tracheophyta Magnoliopsida Caryophyllales Caryophyllaceae Paronychia fastigiata,EXACT_MATCH_PRIMARY_SOURCE_ACCEPTED
Parthenium auriculatum,Parthenium auriculatum,Parthenium auriculatum,Plantae Tracheophyta Magnoliopsida Asterales Asteraceae Parthenium auriculatum,EXACT_MATCH_PRIMARY_SOURCE_ACCEPTED
Parthenium integrifolium,Parthenium integrifolium,Parthenium integrifolium,Plantae Tracheophyta Magnoliopsida Asterales Asteraceae Parthenium integrifolium,EXACT_MATCH_PRIMARY_SOURCE_ACCEPTED
Parthenocissus quinquefolia,Parthenocissus quinquefolia,Parthenocissus quinquefolia,Plantae Tracheophyta Magnoliopsida Vitales Vitaceae Parthenocissus quinquefolia,EXACT_MATCH_PRIMARY_SOURCE_ACCEPTED
Paspalum laeve,Paspalum laeve,Paspalum laeve,Plantae Tracheophyta Liliopsida Poales Poaceae Paspalum laeve,EXACT_MATCH_PRIMARY_SOURCE_ACCEPTED
Paspalum pubiflorum,Paspalum pubiflorum,Paspalum pubiflorum,Plantae Tracheophyta Liliopsida Poales Poaceae Paspalum pubiflorum,EXACT_MATCH_PRIMARY_SOURCE_ACCEPTED_MULTI_RESULT_DISAMBIGUATION
Paspalum setaceum,Paspalum setaceum,Paspalum setaceum,Plantae Tracheophyta Liliopsida Poales Poaceae Paspalum setaceum,EXACT_MATCH_PRIMARY_SOURCE_ACCEPTED_AMONG_SYNONYMS_SIMPLE
Passiflora lutea,Passiflora lutea,Passiflora lutea,Plantae Tracheophyta Magnoliopsida Malpighiales Passifloraceae Passiflora lutea,EXACT_MATCH_PRIMARY_SOURCE_ACCEPTED_AMONG_SYNONYMS_SIMPLE
Pastinaca sativa,Pastinaca sativa,Pastinaca sativa,Plantae Tracheophyta Magnoliopsida Apiales Apiaceae Pastinaca sativa,EXACT_MATCH_PRIMARY_SOURCE_ACCEPTED_AMONG_SYNONYMS_SIMPLE
Patis racemosa,Patis racemosa,Patis racemosa,Plantae Tracheophyta Liliopsida Poales Poaceae Patis racemosa,EXACT_MATCH_PRIMARY_SOURCE_ACCEPTED
Paulownia tomentosa,Paulownia tomentosa,Paulownia tomentosa,Plantae Tracheophyta Magnoliopsida Lamiales Paulowniaceae Paulownia tomentosa,EXACT_MATCH_PRIMARY_SOURCE_ACCEPTED_MULTI_RESULT_DISAMBIGUATION
Paxistima canbyi,Paxistima canbyi,Paxistima canbyi,Plantae Tracheophyta Magnoliopsida Celastrales Celastraceae Paxistima canbyi,EXACT_MATCH_PRIMARY_SOURCE_ACCEPTED
Pedicularis canadensis,Pedicularis canadensis,Pedicularis canadensis,Plantae Tracheophyta Magnoliopsida Lamiales Orobanchaceae Pedicularis canadensis,EXACT_MATCH_PRIMARY_SOURCE_ACCEPTED
Pellaea atropurpurea,Pellaea atropurpurea,Pellaea atropurpurea,Plantae Tracheophyta Polypodiopsida Polypodiales Pteridaceae Pellaea atropurpurea,EXACT_MATCH_PRIMARY_SOURCE_ACCEPTED
Pellaea glabella,Pellaea glabella,Pellaea glabella,Plantae Tracheophyta Polypodiopsida Polypodiales Pteridaceae Pellaea glabella,EXACT_MATCH_PRIMARY_SOURCE_ACCEPTED_MULTI_RESULT_DISAMBIGUATION
Penstemon australis,Penstemon australis,Penstemon australis,Plantae Tracheophyta Magnoliopsida Lamiales Plantaginaceae Penstemon australis,EXACT_MATCH_PRIMARY_SOURCE_ACCEPTED
Penstemon canescens,Penstemon canescens,Penstemon canescens,Plantae Tracheophyta Magnoliopsida Lamiales Plantaginaceae Penstemon canescens,EXACT_MATCH_PRIMARY_SOURCE_ACCEPTED
Penstemon digitalis,Penstemon digitalis,Penstemon digitalis,Plantae Tracheophyta Magnoliopsida Lamiales Plantaginaceae Penstemon digitalis,EXACT_MATCH_PRIMARY_SOURCE_ACCEPTED_AMONG_SYNONYMS_SIMPLE
Penstemon hirsutus,Penstemon hirsutus,Penstemon hirsutus,Plantae Tracheophyta Magnoliopsida Lamiales Plantaginaceae Penstemon hirsutus,EXACT_MATCH_PRIMARY_SOURCE_ACCEPTED
Penstemon laevigatus,Penstemon laevigatus,Penstemon laevigatus,Plantae Tracheophyta Magnoliopsida Lamiales Plantaginaceae Penstemon laevigatus,EXACT_MATCH_PRIMARY_SOURCE_ACCEPTED_AMONG_SYNONYMS_SIMPLE
Penstemon pallidus,Penstemon pallidus,Penstemon pallidus,Plantae Tracheophyta Magnoliopsida Lamiales Plantaginaceae Penstemon pallidus,EXACT_MATCH_PRIMARY_SOURCE_ACCEPTED
Penthorum sedoides,Penthorum sedoides,Penthorum sedoides,Plantae Tracheophyta Magnoliopsida Saxifragales Penthoraceae Penthorum sedoides,EXACT_MATCH_PRIMARY_SOURCE_ACCEPTED
Perilla frutescens,Perilla frutescens,Perilla frutescens,Plantae Tracheophyta Magnoliopsida Lamiales Lamiaceae Perilla frutescens,EXACT_MATCH_PRIMARY_SOURCE_ACCEPTED_MULTI_RESULT_DISAMBIGUATION
Persicaria amphibia,Persicaria amphibia,Persicaria amphibia,Plantae Tracheophyta Magnoliopsida Caryophyllales Polygonaceae Persicaria amphibia,EXACT_MATCH_PRIMARY_SOURCE_ACCEPTED_AMONG_SYNONYMS_SIMPLE
Persicaria arifolia,Persicaria arifolia,Persicaria arifolia,Plantae Tracheophyta Magnoliopsida Caryophyllales Polygonaceae Persicaria arifolia,EXACT_MATCH_PRIMARY_SOURCE_ACCEPTED
Persicaria hydropiper,Persicaria hydropiper,Persicaria hydropiper,Plantae Tracheophyta Magnoliopsida Caryophyllales Polygonaceae Persicaria hydropiper,EXACT_MATCH_PRIMARY_SOURCE_ACCEPTED_AMONG_SYNONYMS_SIMPLE
Persicaria hydropiperoides,Persicaria hydropiperoides,Persicaria hydropiperoides,Plantae Tracheophyta Magnoliopsida Caryophyllales Polygonaceae Persicaria hydropiperoides,EXACT_MATCH_PRIMARY_SOURCE_ACCEPTED
Persicaria lapathifolia,Persicaria lapathifolia,Persicaria lapathifolia,Plantae Tracheophyta Magnoliopsida Caryophyllales Polygonaceae Persicaria lapathifolia,EXACT_MATCH_PRIMARY_SOURCE_ACCEPTED_MULTI_RESULT_DISAMBIGUATION
Persicaria longiseta,Persicaria longiseta,Persicaria longiseta,Plantae Tracheophyta Magnoliopsida Caryophyllales Polygonaceae Persicaria longiseta,EXACT_MATCH_PRIMARY_SOURCE_ACCEPTED_AMONG_SYNONYMS_SIMPLE
Persicaria maculosa,Persicaria maculosa,Persicaria maculosa,Plantae Tracheophyta Magnoliopsida Caryophyllales Polygonaceae Persicaria maculosa,EXACT_MATCH_PRIMARY_SOURCE_ACCEPTED
Persicaria pensylvanica,Persicaria pensylvanica,Persicaria pensylvanica,Plantae Tracheophyta Magnoliopsida Caryophyllales Polygonaceae Persicaria pensylvanica,EXACT_MATCH_PRIMARY_SOURCE_ACCEPTED_AMONG_SYNONYMS_SIMPLE
Persicaria perfoliata,Persicaria perfoliata,Persicaria perfoliata,Plantae Tracheophyta Magnoliopsida Caryophyllales Polygonaceae Persicaria perfoliata,EXACT_MATCH_PRIMARY_SOURCE_ACCEPTED
Persicaria punctata,Persicaria punctata,Persicaria punctata,Plantae Tracheophyta Magnoliopsida Caryophyllales Polygonaceae Persicaria punctata,EXACT_MATCH_PRIMARY_SOURCE_ACCEPTED
Persicaria sagittata,Persicaria sagittata,Persicaria sagittata,Plantae Tracheophyta Magnoliopsida Caryophyllales Polygonaceae Persicaria sagittata,EXACT_MATCH_PRIMARY_SOURCE_ACCEPTED_AMONG_SYNONYMS_SIMPLE
Persicaria virginiana,Persicaria virginiana,Persicaria virginiana,Plantae Tracheophyta Magnoliopsida Caryophyllales Polygonaceae Persicaria virginiana,EXACT_MATCH_PRIMARY_SOURCE_ACCEPTED_AMONG_SYNONYMS_SIMPLE
Petrorhagia prolifera,Petrorhagia prolifera,Petrorhagia prolifera,Plantae Tracheophyta Magnoliopsida Caryophyllales Caryophyllaceae Petrorhagia prolifera,EXACT_MATCH_PRIMARY_SOURCE_ACCEPTED
Phacelia dubia,Phacelia dubia,Phacelia dubia,Plantae Tracheophyta Magnoliopsida Boraginales Hydrophyllaceae Phacelia dubia,EXACT_MATCH_PRIMARY_SOURCE_ACCEPTED
Phalaris arundinacea,Phalaris arundinacea,Phalaris arundinacea,Plantae Tracheophyta Liliopsida Poales Poaceae Phalaris arundinacea,EXACT_MATCH_PRIMARY_SOURCE_ACCEPTED_MULTI_RESULT_DISAMBIGUATION
Phegopteris hexagonoptera,Phegopteris hexagonoptera,Phegopteris hexagonoptera,Plantae Tracheophyta Polypodiopsida Polypodiales Thelypteridaceae Phegopteris hexagonoptera,EXACT_MATCH_PRIMARY_SOURCE_ACCEPTED
Phemeranthus teretifolius,Phemeranthus teretifolius,Phemeranthus teretifolius,Plantae Tracheophyta Magnoliopsida Caryophyllales Montiaceae Phemeranthus teretifolius,EXACT_MATCH_PRIMARY_SOURCE_ACCEPTED
Philadelphus inodorus,Philadelphus inodorus,Philadelphus inodorus,Plantae Tracheophyta Magnoliopsida Cornales Hydrangeaceae Philadelphus inodorus,EXACT_MATCH_PRIMARY_SOURCE_ACCEPTED_MULTI_RESULT_DISAMBIGUATION
Phleum pratense,Phleum pratense,Phleum pratense,Plantae Tracheophyta Liliopsida Poales Poaceae Phleum pratense,EXACT_MATCH_PRIMARY_SOURCE_ACCEPTED
Phlox divaricata,Phlox divaricata,Phlox divaricata,Plantae Tracheophyta Magnoliopsida Ericales Polemoniaceae Phlox divaricata,EXACT_MATCH_PRIMARY_SOURCE_ACCEPTED_AMONG_SYNONYMS_SIMPLE
Phlox maculata,Phlox maculata,Phlox maculata,Plantae Tracheophyta Magnoliopsida Ericales Polemoniaceae Phlox maculata,EXACT_MATCH_PRIMARY_SOURCE_ACCEPTED
Phlox paniculata,Phlox paniculata,Phlox paniculata,Plantae Tracheophyta Magnoliopsida Ericales Polemoniaceae Phlox paniculata,EXACT_MATCH_PRIMARY_SOURCE_ACCEPTED
Phlox pilosa,Phlox pilosa,Phlox pilosa,Plantae Tracheophyta Magnoliopsida Ericales Polemoniaceae Phlox pilosa,EXACT_MATCH_PRIMARY_SOURCE_ACCEPTED_MULTI_RESULT_DISAMBIGUATION
Phlox subulata,Phlox subulata,Phlox subulata,Plantae Tracheophyta Magnoliopsida Ericales Polemoniaceae Phlox subulata,EXACT_MATCH_PRIMARY_SOURCE_ACCEPTED
Phoradendron leucarpum,Phoradendron leucarpum,Phoradendron leucarpum,Plantae Tracheophyta Magnoliopsida Santalales Viscaceae Phoradendron leucarpum,EXACT_MATCH_PRIMARY_SOURCE_ACCEPTED
Phryma leptostachya,Phryma leptostachya,Phryma leptostachya,Plantae Tracheophyta Magnoliopsida Lamiales Phrymaceae Phryma leptostachya,EXACT_MATCH_PRIMARY_SOURCE_ACCEPTED
Phyla lanceolata,Phyla lanceolata,Phyla lanceolata,Plantae Tracheophyta Magnoliopsida Lamiales Verbenaceae Phyla lanceolata,EXACT_MATCH_PRIMARY_SOURCE_ACCEPTED_AMONG_SYNONYMS_SIMPLE
Physalis heterophylla,Physalis heterophylla,Physalis heterophylla,Plantae Tracheophyta Magnoliopsida Solanales Solanaceae Physalis heterophylla,EXACT_MATCH_PRIMARY_SOURCE_ACCEPTED_AMONG_SYNONYMS_SIMPLE
Physalis longifolia,Physalis longifolia,Physalis longifolia,Plantae Tracheophyta Magnoliopsida Solanales Solanaceae Physalis longifolia,EXACT_MATCH_PRIMARY_SOURCE_ACCEPTED
Physalis virginiana,Physalis virginiana,Physalis virginiana,Plantae Tracheophyta Magnoliopsida Solanales Solanaceae Physalis virginiana,EXACT_MATCH_PRIMARY_SOURCE_ACCEPTED
Physocarpus opulifolius,Physocarpus opulifolius,Physocarpus opulifolius,Plantae Tracheophyta Magnoliopsida Rosales Rosaceae Physocarpus opulifolius,EXACT_MATCH_PRIMARY_SOURCE_ACCEPTED_MULTI_RESULT_DISAMBIGUATION
Phytolacca americana,Phytolacca americana,Phytolacca americana,Plantae Tracheophyta Magnoliopsida Caryophyllales Phytolaccaceae Phytolacca americana,EXACT_MATCH_PRIMARY_SOURCE_ACCEPTED
Pilea fontana,Pilea fontana,Pilea fontana,Plantae Tracheophyta Magnoliopsida Rosales Urticaceae Pilea fontana,EXACT_MATCH_PRIMARY_SOURCE_ACCEPTED
Pilea pumila,Pilea pumila,Pilea pumila,Plantae Tracheophyta Magnoliopsida Rosales Urticaceae Pilea pumila,EXACT_MATCH_PRIMARY_SOURCE_ACCEPTED_AMONG_SYNONYMS_SIMPLE
Pimpinella saxifraga,Pimpinella saxifraga,Pimpinella saxifraga,Plantae Tracheophyta Magnoliopsida Apiales Apiaceae Pimpinella saxifraga,EXACT_MATCH_PRIMARY_SOURCE_ACCEPTED_AMONG_SYNONYMS_SIMPLE
Pinus echinata,Pinus echinata,Pinus echinata,Plantae Tracheophyta Pinopsida Pinales Pinaceae Pinus echinata,EXACT_MATCH_PRIMARY_SOURCE_ACCEPTED_AMONG_SYNONYMS_SIMPLE
Pinus pungens,Pinus pungens,Pinus pungens,Plantae Tracheophyta Pinopsida Pinales Pinaceae Pinus pungens,EXACT_MATCH_PRIMARY_SOURCE_ACCEPTED_MULTI_RESULT_DISAMBIGUATION
Pinus rigida,Pinus rigida,Pinus rigida,Plantae Tracheophyta Pinopsida Pinales Pinaceae Pinus rigida,EXACT_MATCH_PRIMARY_SOURCE_ACCEPTED_MULTI_RESULT_DISAMBIGUATION
Pinus strobus,Pinus strobus,Pinus strobus,Plantae Tracheophyta Pinopsida Pinales Pinaceae Pinus strobus,EXACT_MATCH_PRIMARY_SOURCE_ACCEPTED_MULTI_RESULT_DISAMBIGUATION
Pinus virginiana,Pinus virginiana,Pinus virginiana,Plantae Tracheophyta Pinopsida Pinales Pinaceae Pinus virginiana,EXACT_MATCH_PRIMARY_SOURCE_ACCEPTED
Piptochaetium avenaceum,Piptochaetium avenaceum,Piptochaetium avenaceum,Plantae Tracheophyta Liliopsida Poales Poaceae Piptochaetium avenaceum,EXACT_MATCH_PRIMARY_SOURCE_ACCEPTED
Plantago aristata,Plantago aristata,Plantago aristata,Plantae Tracheophyta Magnoliopsida Lamiales Plantaginaceae Plantago aristata,EXACT_MATCH_PRIMARY_SOURCE_ACCEPTED
Plantago lanceolata,Plantago lanceolata,Plantago lanceolata,Plantae Tracheophyta Magnoliopsida Lamiales Plantaginaceae Plantago lanceolata,EXACT_MATCH_PRIMARY_SOURCE_ACCEPTED_MULTI_RESULT_DISAMBIGUATION
Plantago major,Plantago major,Plantago major,Plantae Tracheophyta Magnoliopsida Lamiales Plantaginaceae Plantago major,EXACT_MATCH_PRIMARY_SOURCE_ACCEPTED_MULTI_RESULT_DISAMBIGUATION
Plantago rugelii,Plantago rugelii,Plantago rugelii,Plantae Tracheophyta Magnoliopsida Lamiales Plantaginaceae Plantago rugelii,EXACT_MATCH_PRIMARY_SOURCE_ACCEPTED
Plantago virginica,Plantago virginica,Plantago virginica,Plantae Tracheophyta Magnoliopsida Lamiales Plantaginaceae Plantago virginica,EXACT_MATCH_PRIMARY_SOURCE_ACCEPTED_AMONG_SYNONYMS_SIMPLE
Platanthera clavellata,Platanthera clavellata,Platanthera clavellata,Plantae Tracheophyta Liliopsida Asparagales Orchidaceae Platanthera clavellata,EXACT_MATCH_PRIMARY_SOURCE_ACCEPTED
Platanthera grandiflora,Platanthera grandiflora,Platanthera grandiflora,Plantae Tracheophyta Liliopsida Asparagales Orchidaceae Platanthera grandiflora,EXACT_MATCH_PRIMARY_SOURCE_ACCEPTED
Platanthera lacera,Platanthera lacera,Platanthera lacera,Plantae Tracheophyta Liliopsida Asparagales Orchidaceae Platanthera lacera,EXACT_MATCH_PRIMARY_SOURCE_ACCEPTED
Platanthera orbiculata,Platanthera orbiculata,Platanthera orbiculata,Plantae Tracheophyta Liliopsida Asparagales Orchidaceae Platanthera orbiculata,EXACT_MATCH_PRIMARY_SOURCE_ACCEPTED
Platanthera psycodes,Platanthera psycodes,Platanthera psycodes,Plantae Tracheophyta Liliopsida Asparagales Orchidaceae Platanthera psycodes,EXACT_MATCH_PRIMARY_SOURCE_ACCEPTED_AMONG_SYNONYMS_SIMPLE
Platanus occidentalis,Platanus occidentalis,Platanus occidentalis,Plantae Tracheophyta Magnoliopsida Proteales Platanaceae Platanus occidentalis,EXACT_MATCH_PRIMARY_SOURCE_ACCEPTED_AMONG_SYNONYMS_SIMPLE
Poa alsodes,Poa alsodes,Poa alsodes,Plantae Tracheophyta Liliopsida Poales Poaceae Poa alsodes,EXACT_MATCH_PRIMARY_SOURCE_ACCEPTED
Poa annua,Poa annua,Poa annua,Plantae Tracheophyta Liliopsida Poales Poaceae Poa annua,EXACT_MATCH_PRIMARY_SOURCE_ACCEPTED_MULTI_RESULT_DISAMBIGUATION
Poa autumnalis,Poa autumnalis,Poa autumnalis,Plantae Tracheophyta Liliopsida Poales Poaceae Poa autumnalis,EXACT_MATCH_PRIMARY_SOURCE_ACCEPTED_MULTI_RESULT_DISAMBIGUATION
Poa compressa,Poa compressa,Poa compressa,Plantae Tracheophyta Liliopsida Poales Poaceae Poa compressa,EXACT_MATCH_PRIMARY_SOURCE_ACCEPTED_MULTI_RESULT_DISAMBIGUATION
Poa cuspidata,Poa cuspidata,Poa cuspidata,Plantae Tracheophyta Liliopsida Poales Poaceae Poa cuspidata,EXACT_MATCH_PRIMARY_SOURCE_ACCEPTED_MULTI_RESULT_DISAMBIGUATION
Poa paludigena,Poa paludigena,Poa paludigena,Plantae Tracheophyta Liliopsida Poales Poaceae Poa paludigena,EXACT_MATCH_PRIMARY_SOURCE_ACCEPTED
Poa palustris,Poa palustris,Poa palustris,Plantae Tracheophyta Liliopsida Poales Poaceae Poa palustris,EXACT_MATCH_PRIMARY_SOURCE_ACCEPTED_MULTI_RESULT_DISAMBIGUATION
Poa pratensis,Poa pratensis,Poa pratensis,Plantae Tracheophyta Liliopsida Poales Poaceae Poa pratensis,EXACT_MATCH_PRIMARY_SOURCE_ACCEPTED_MULTI_RESULT_DISAMBIGUATION
Poa sylvestris,Poa sylvestris,Poa sylvestris,Plantae Tracheophyta Liliopsida Poales Poaceae Poa sylvestris,EXACT_MATCH_PRIMARY_SOURCE_ACCEPTED
Poa trivialis,Poa trivialis,Poa trivialis,Plantae Tracheophyta Liliopsida Poales Poaceae Poa trivialis,EXACT_MATCH_PRIMARY_SOURCE_ACCEPTED_MULTI_RESULT_DISAMBIGUATION
Podophyllum peltatum,Podophyllum peltatum,Podophyllum peltatum,Plantae Tracheophyta Magnoliopsida Ranunculales Berberidaceae Podophyllum peltatum,EXACT_MATCH_PRIMARY_SOURCE_ACCEPTED
Polemonium reptans,Polemonium reptans,Polemonium reptans,Plantae Tracheophyta Magnoliopsida Ericales Polemoniaceae Polemonium reptans,EXACT_MATCH_PRIMARY_SOURCE_ACCEPTED
Polygala curtissii,Polygala curtissii,Polygala curtissii,Plantae Tracheophyta Magnoliopsida Fabales Polygalaceae Polygala curtissii,EXACT_MATCH_PRIMARY_SOURCE_ACCEPTED
Polygala polygama,Polygala polygama,Polygala polygama,Plantae Tracheophyta Magnoliopsida Fabales Polygalaceae Polygala polygama,EXACT_MATCH_PRIMARY_SOURCE_ACCEPTED_AMONG_SYNONYMS_SIMPLE
Polygala sanguinea,Polygala sanguinea,Polygala sanguinea,Plantae Tracheophyta Magnoliopsida Fabales Polygalaceae Polygala sanguinea,EXACT_MATCH_PRIMARY_SOURCE_ACCEPTED_MULTI_RESULT_DISAMBIGUATION
Polygala verticillata,Polygala verticillata,Polygala verticillata,Plantae Tracheophyta Magnoliopsida Fabales Polygalaceae Polygala verticillata,EXACT_MATCH_PRIMARY_SOURCE_ACCEPTED_AMONG_SYNONYMS_SIMPLE
Polygonatum biflorum,Polygonatum biflorum,Polygonatum biflorum,Plantae Tracheophyta Liliopsida Asparagales Asparagaceae Polygonatum biflorum,EXACT_MATCH_PRIMARY_SOURCE_ACCEPTED
Polygonatum pubescens,Polygonatum pubescens,Polygonatum pubescens,Plantae Tracheophyta Liliopsida Asparagales Asparagaceae Polygonatum pubescens,EXACT_MATCH_PRIMARY_SOURCE_ACCEPTED
Polygonum aviculare,Polygonum aviculare,Polygonum aviculare,Plantae Tracheophyta Magnoliopsida Caryophyllales Polygonaceae Polygonum aviculare,EXACT_MATCH_PRIMARY_SOURCE_ACCEPTED_MULTI_RESULT_DISAMBIGUATION
Polygonum erectum,Polygonum erectum,Polygonum erectum,Plantae Tracheophyta Magnoliopsida Caryophyllales Polygonaceae Polygonum erectum,EXACT_MATCH_PRIMARY_SOURCE_ACCEPTED_AMONG_SYNONYMS_SIMPLE
Polygonum tenue,Polygonum tenue,Polygonum tenue,Plantae Tracheophyta Magnoliopsida Caryophyllales Polygonaceae Polygonum tenue,EXACT_MATCH_PRIMARY_SOURCE_ACCEPTED_AMONG_SYNONYMS_SIMPLE
Polymnia canadensis,Polymnia canadensis,Polymnia canadensis,Plantae Tracheophyta Magnoliopsida Asterales Asteraceae Polymnia canadensis,EXACT_MATCH_PRIMARY_SOURCE_ACCEPTED
Polypodium virginianum,Polypodium virginianum,Polypodium virginianum,Plantae Tracheophyta Polypodiopsida Polypodiales Polypodiaceae Polypodium virginianum,EXACT_MATCH_PRIMARY_SOURCE_ACCEPTED
Polypremum procumbens,Polypremum procumbens,Polypremum procumbens,Plantae Tracheophyta Magnoliopsida Lamiales Tetrachondraceae Polypremum procumbens,EXACT_MATCH_PRIMARY_SOURCE_ACCEPTED
Polystichum acrostichoides,Polystichum acrostichoides,Polystichum acrostichoides,Plantae Tracheophyta Polypodiopsida Polypodiales Dryopteridaceae Polystichum acrostichoides,EXACT_MATCH_PRIMARY_SOURCE_ACCEPTED
Populus alba,Populus alba,Populus alba,Plantae Tracheophyta Magnoliopsida Malpighiales Salicaceae Populus alba,EXACT_MATCH_PRIMARY_SOURCE_ACCEPTED
Populus deltoides,Populus deltoides,Populus deltoides,Plantae Tracheophyta Magnoliopsida Malpighiales Salicaceae Populus deltoides,EXACT_MATCH_PRIMARY_SOURCE_ACCEPTED_MULTI_RESULT_DISAMBIGUATION
Populus grandidentata,Populus grandidentata,Populus grandidentata,Plantae Tracheophyta Magnoliopsida Malpighiales Salicaceae Populus grandidentata,EXACT_MATCH_PRIMARY_SOURCE_ACCEPTED
Populus tremuloides,Populus tremuloides,Populus tremuloides,Plantae Tracheophyta Magnoliopsida Malpighiales Salicaceae Populus tremuloides,EXACT_MATCH_PRIMARY_SOURCE_ACCEPTED_AMONG_SYNONYMS_SIMPLE
Portulaca oleracea,Portulaca oleracea,Portulaca oleracea,Plantae Tracheophyta Magnoliopsida Caryophyllales Portulacaceae Portulaca oleracea,EXACT_MATCH_PRIMARY_SOURCE_ACCEPTED
Potamogeton crispus,Potamogeton crispus,Potamogeton crispus,Plantae Tracheophyta Liliopsida Alismatales Potamogetonaceae Potamogeton crispus,EXACT_MATCH_PRIMARY_SOURCE_ACCEPTED_MULTI_RESULT_DISAMBIGUATION
Potamogeton diversifolius,Potamogeton diversifolius,Potamogeton diversifolius,Plantae Tracheophyta Liliopsida Alismatales Potamogetonaceae Potamogeton diversifolius,EXACT_MATCH_PRIMARY_SOURCE_ACCEPTED_AMONG_SYNONYMS_SIMPLE
Potamogeton epihydrus,Potamogeton epihydrus,Potamogeton epihydrus,Plantae Tracheophyta Liliopsida Alismatales Potamogetonaceae Potamogeton epihydrus,EXACT_MATCH_PRIMARY_SOURCE_ACCEPTED
Potamogeton foliosus,Potamogeton foliosus,Potamogeton foliosus,Plantae Tracheophyta Liliopsida Alismatales Potamogetonaceae Potamogeton foliosus,EXACT_MATCH_PRIMARY_SOURCE_ACCEPTED
Potamogeton illinoensis,Potamogeton illinoensis,Potamogeton illinoensis,Plantae Tracheophyta Liliopsida Alismatales Potamogetonaceae Potamogeton illinoensis,EXACT_MATCH_PRIMARY_SOURCE_ACCEPTED
Potamogeton nodosus,Potamogeton nodosus,Potamogeton nodosus,Plantae Tracheophyta Liliopsida Alismatales Potamogetonaceae Potamogeton nodosus,EXACT_MATCH_PRIMARY_SOURCE_ACCEPTED
Potamogeton pulcher,Potamogeton pulcher,Potamogeton pulcher,Plantae Tracheophyta Liliopsida Alismatales Potamogetonaceae Potamogeton pulcher,EXACT_MATCH_PRIMARY_SOURCE_ACCEPTED
Potamogeton pusillus,Potamogeton pusillus,Potamogeton pusillus,Plantae Tracheophyta Liliopsida Alismatales Potamogetonaceae Potamogeton pusillus,EXACT_MATCH_PRIMARY_SOURCE_ACCEPTED
Potamogeton zosteriformis,Potamogeton zosteriformis,Potamogeton zosteriformis,Plantae Tracheophyta Liliopsida Alismatales Potamogetonaceae Potamogeton zosteriformis,EXACT_MATCH_PRIMARY_SOURCE_ACCEPTED
Potentilla argentea,Potentilla argentea,Potentilla argentea,Plantae Tracheophyta Magnoliopsida Rosales Rosaceae Potentilla argentea,EXACT_MATCH_PRIMARY_SOURCE_ACCEPTED_MULTI_RESULT_DISAMBIGUATION
Potentilla canadensis,Potentilla canadensis,Potentilla canadensis,Plantae Tracheophyta Magnoliopsida Rosales Rosaceae Potentilla canadensis,EXACT_MATCH_PRIMARY_SOURCE_ACCEPTED
Potentilla indica,Potentilla indica,Potentilla indica,Plantae Tracheophyta Magnoliopsida Rosales Rosaceae Potentilla indica,EXACT_MATCH_PRIMARY_SOURCE_ACCEPTED
Potentilla intermedia,Potentilla intermedia,Potentilla intermedia,Plantae Tracheophyta Magnoliopsida Rosales Rosaceae Potentilla intermedia,EXACT_MATCH_PRIMARY_SOURCE_ACCEPTED_MULTI_RESULT_DISAMBIGUATION
Potentilla norvegica,Potentilla norvegica,Potentilla norvegica,Plantae Tracheophyta Magnoliopsida Rosales Rosaceae Potentilla norvegica,EXACT_MATCH_PRIMARY_SOURCE_ACCEPTED_MULTI_RESULT_DISAMBIGUATION
Potentilla recta,Potentilla recta,Potentilla recta,Plantae Tracheophyta Magnoliopsida Rosales Rosaceae Potentilla recta,EXACT_MATCH_PRIMARY_SOURCE_ACCEPTED_MULTI_RESULT_DISAMBIGUATION
Potentilla simplex,Potentilla simplex,Potentilla simplex,Plantae Tracheophyta Magnoliopsida Rosales Rosaceae Potentilla simplex,EXACT_MATCH_PRIMARY_SOURCE_ACCEPTED
Proserpinaca palustris,Proserpinaca palustris,Proserpinaca palustris,Plantae Tracheophyta Magnoliopsida Saxifragales Haloragaceae Proserpinaca palustris,EXACT_MATCH_PRIMARY_SOURCE_ACCEPTED
Prunella laciniata,Prunella laciniata,Prunella laciniata,Plantae Tracheophyta Magnoliopsida Lamiales Lamiaceae Prunella laciniata,EXACT_MATCH_PRIMARY_SOURCE_ACCEPTED_MULTI_RESULT_DISAMBIGUATION
Prunella vulgaris,Prunella vulgaris,Prunella vulgaris,Plantae Tracheophyta Magnoliopsida Lamiales Lamiaceae Prunella vulgaris,EXACT_MATCH_PRIMARY_SOURCE_ACCEPTED_MULTI_RESULT_DISAMBIGUATION
Prunus americana,Prunus americana,Prunus americana,Plantae Tracheophyta Magnoliopsida Rosales Rosaceae Prunus americana,EXACT_MATCH_PRIMARY_SOURCE_ACCEPTED
Prunus angustifolia,Prunus angustifolia,Prunus angustifolia,Plantae Tracheophyta Magnoliopsida Rosales Rosaceae Prunus angustifolia,EXACT_MATCH_PRIMARY_SOURCE_ACCEPTED_MULTI_RESULT_DISAMBIGUATION
Prunus avium,Prunus avium,Prunus avium,Plantae Tracheophyta Magnoliopsida Rosales Rosaceae Prunus avium,EXACT_MATCH_PRIMARY_SOURCE_ACCEPTED_MULTI_RESULT_DISAMBIGUATION
Prunus mahaleb,Prunus mahaleb,Prunus mahaleb,Plantae Tracheophyta Magnoliopsida Rosales Rosaceae Prunus mahaleb,EXACT_MATCH_PRIMARY_SOURCE_ACCEPTED
Prunus pensylvanica,Prunus pensylvanica,Prunus pensylvanica,Plantae Tracheophyta Magnoliopsida Rosales Rosaceae Prunus pensylvanica,EXACT_MATCH_PRIMARY_SOURCE_ACCEPTED
Prunus persica,Prunus persica,Prunus persica,Plantae Tracheophyta Magnoliopsida Rosales Rosaceae Prunus persica,EXACT_MATCH_PRIMARY_SOURCE_ACCEPTED_AMONG_SYNONYMS_SIMPLE
Prunus serotina,Prunus serotina,Prunus serotina,Plantae Tracheophyta Magnoliopsida Rosales Rosaceae Prunus serotina,EXACT_MATCH_PRIMARY_SOURCE_ACCEPTED_MULTI_RESULT_DISAMBIGUATION
Prunus virginiana,Prunus virginiana,Prunus virginiana,Plantae Tracheophyta Magnoliopsida Rosales Rosaceae Prunus virginiana,EXACT_MATCH_PRIMARY_SOURCE_ACCEPTED_MULTI_RESULT_DISAMBIGUATION
Pseudognaphalium obtusifolium,Pseudognaphalium obtusifolium,Pseudognaphalium obtusifolium,Plantae Tracheophyta Magnoliopsida Asterales Asteraceae Pseudognaphalium obtusifolium,EXACT_MATCH_PRIMARY_SOURCE_ACCEPTED
Ptelea trifoliata,Ptelea trifoliata,Ptelea trifoliata,Plantae Tracheophyta Magnoliopsida Sapindales Rutaceae Ptelea trifoliata,EXACT_MATCH_PRIMARY_SOURCE_ACCEPTED_AMONG_SYNONYMS_SIMPLE
Pteridium aquilinum,Pteridium aquilinum,Pteridium aquilinum,Plantae Tracheophyta Polypodiopsida Polypodiales Dennstaedtiaceae Pteridium aquilinum,EXACT_MATCH_PRIMARY_SOURCE_ACCEPTED
Pueraria montana,Pueraria montana,Pueraria montana,Plantae Tracheophyta Magnoliopsida Fabales Fabaceae Pueraria montana,EXACT_MATCH_PRIMARY_SOURCE_ACCEPTED
Pycnanthemum incanum,Pycnanthemum incanum,Pycnanthemum incanum,Plantae Tracheophyta Magnoliopsida Lamiales Lamiaceae Pycnanthemum incanum,EXACT_MATCH_PRIMARY_SOURCE_ACCEPTED
Pycnanthemum muticum,Pycnanthemum muticum,Pycnanthemum muticum,Plantae Tracheophyta Magnoliopsida Lamiales Lamiaceae Pycnanthemum muticum,EXACT_MATCH_PRIMARY_SOURCE_ACCEPTED
Pycnanthemum tenuifolium,Pycnanthemum tenuifolium,Pycnanthemum tenuifolium,Plantae Tracheophyta Magnoliopsida Lamiales Lamiaceae Pycnanthemum tenuifolium,EXACT_MATCH_PRIMARY_SOURCE_ACCEPTED
Pycnanthemum virginianum,Pycnanthemum virginianum,Pycnanthemum virginianum,Plantae Tracheophyta Magnoliopsida Lamiales Lamiaceae Pycnanthemum virginianum,EXACT_MATCH_PRIMARY_SOURCE_ACCEPTED_MULTI_RESULT_DISAMBIGUATION
Pyrola americana,Pyrola americana,Pyrola americana,Plantae Tracheophyta Magnoliopsida Ericales Ericaceae Pyrola americana,EXACT_MATCH_PRIMARY_SOURCE_ACCEPTED_AMONG_SYNONYMS_SIMPLE
Pyrola elliptica,Pyrola elliptica,Pyrola elliptica,Plantae Tracheophyta Magnoliopsida Ericales Ericaceae Pyrola elliptica,EXACT_MATCH_PRIMARY_SOURCE_ACCEPTED
Pyrus communis,Pyrus communis,Pyrus communis,Plantae Tracheophyta Magnoliopsida Rosales Rosaceae Pyrus communis,EXACT_MATCH_PRIMARY_SOURCE_ACCEPTED_MULTI_RESULT_DISAMBIGUATION
Quercus alba,Quercus alba,Quercus alba,Plantae Tracheophyta Magnoliopsida Fagales Fagaceae Quercus alba,EXACT_MATCH_PRIMARY_SOURCE_ACCEPTED_MULTI_RESULT_DISAMBIGUATION
Quercus bicolor,Quercus bicolor,Quercus bicolor,Plantae Tracheophyta Magnoliopsida Fagales Fagaceae Quercus bicolor,EXACT_MATCH_PRIMARY_SOURCE_ACCEPTED
Quercus coccinea,Quercus coccinea,Quercus coccinea,Plantae Tracheophyta Magnoliopsida Fagales Fagaceae Quercus coccinea,EXACT_MATCH_PRIMARY_SOURCE_ACCEPTED_MULTI_RESULT_DISAMBIGUATION
Quercus falcata,Quercus falcata,Quercus falcata,Plantae Tracheophyta Magnoliopsida Fagales Fagaceae Quercus falcata,EXACT_MATCH_PRIMARY_SOURCE_ACCEPTED
Quercus ilicifolia,Quercus ilicifolia,Quercus ilicifolia,Plantae Tracheophyta Magnoliopsida Fagales Fagaceae Quercus ilicifolia,EXACT_MATCH_PRIMARY_SOURCE_ACCEPTED_AMONG_SYNONYMS_SIMPLE
Quercus imbricaria,Quercus imbricaria,Quercus imbricaria,Plantae Tracheophyta Magnoliopsida Fagales Fagaceae Quercus imbricaria,EXACT_MATCH_PRIMARY_SOURCE_ACCEPTED_MULTI_RESULT_DISAMBIGUATION
Quercus macrocarpa,Quercus macrocarpa,Quercus macrocarpa,Plantae Tracheophyta Magnoliopsida Fagales Fagaceae Quercus macrocarpa,EXACT_MATCH_PRIMARY_SOURCE_ACCEPTED_AMONG_SYNONYMS_SIMPLE
Quercus marilandica,Quercus marilandica,Quercus marilandica,Plantae Tracheophyta Magnoliopsida Fagales Fagaceae Quercus marilandica,EXACT_MATCH_PRIMARY_SOURCE_ACCEPTED
Quercus montana,Quercus montana,Quercus montana,Plantae Tracheophyta Magnoliopsida Fagales Fagaceae Quercus montana,EXACT_MATCH_PRIMARY_SOURCE_ACCEPTED_AMONG_SYNONYMS_SIMPLE
Quercus muehlenbergii,Quercus muehlenbergii,Quercus muehlenbergii,Plantae Tracheophyta Magnoliopsida Fagales Fagaceae Quercus muehlenbergii,EXACT_MATCH_PRIMARY_SOURCE_ACCEPTED
Quercus palustris,Quercus palustris,Quercus palustris,Plantae Tracheophyta Magnoliopsida Fagales Fagaceae Quercus palustris,EXACT_MATCH_PRIMARY_SOURCE_ACCEPTED_MULTI_RESULT_DISAMBIGUATION
Quercus prinoides,Quercus prinoides,Quercus prinoides,Plantae Tracheophyta Magnoliopsida Fagales Fagaceae Quercus prinoides,EXACT_MATCH_PRIMARY_SOURCE_ACCEPTED_AMONG_SYNONYMS_SIMPLE
Quercus rubra,Quercus rubra,Quercus rubra,Plantae Tracheophyta Magnoliopsida Fagales Fagaceae Quercus rubra,EXACT_MATCH_PRIMARY_SOURCE_ACCEPTED_MULTI_RESULT_DISAMBIGUATION
Quercus stellata,Quercus stellata,Quercus stellata,Plantae Tracheophyta Magnoliopsida Fagales Fagaceae Quercus stellata,EXACT_MATCH_PRIMARY_SOURCE_ACCEPTED
Quercus velutina,Quercus velutina,Quercus velutina,Plantae Tracheophyta Magnoliopsida Fagales Fagaceae Quercus velutina,EXACT_MATCH_PRIMARY_SOURCE_ACCEPTED_MULTI_RESULT_DISAMBIGUATION
Ranunculus abortivus,Ranunculus abortivus,Ranunculus abortivus,Plantae Tracheophyta Magnoliopsida Ranunculales Ranunculaceae Ranunculus abortivus,EXACT_MATCH_PRIMARY_SOURCE_ACCEPTED
Ranunculus acris,Ranunculus acris,Ranunculus acris,Plantae Tracheophyta Magnoliopsida Ranunculales Ranunculaceae Ranunculus acris,EXACT_MATCH_PRIMARY_SOURCE_ACCEPTED_AMONG_SYNONYMS_SIMPLE
Ranunculus allegheniensis,Ranunculus allegheniensis,Ranunculus allegheniensis,Plantae Tracheophyta Magnoliopsida Ranunculales Ranunculaceae Ranunculus allegheniensis,EXACT_MATCH_PRIMARY_SOURCE_ACCEPTED
Ranunculus bulbosus,Ranunculus bulbosus,Ranunculus bulbosus,Plantae Tracheophyta Magnoliopsida Ranunculales Ranunculaceae Ranunculus bulbosus,EXACT_MATCH_PRIMARY_SOURCE_ACCEPTED_MULTI_RESULT_DISAMBIGUATION
Ranunculus fascicularis,Ranunculus fascicularis,Ranunculus fascicularis,Plantae Tracheophyta Magnoliopsida Ranunculales Ranunculaceae Ranunculus fascicularis,EXACT_MATCH_PRIMARY_SOURCE_ACCEPTED_MULTI_RESULT_DISAMBIGUATION
Ranunculus hispidus,Ranunculus hispidus,Ranunculus hispidus,Plantae Tracheophyta Magnoliopsida Ranunculales Ranunculaceae Ranunculus hispidus,EXACT_MATCH_PRIMARY_SOURCE_ACCEPTED_AMONG_SYNONYMS_SIMPLE
Ranunculus micranthus,Ranunculus micranthus,Ranunculus micranthus,Plantae Tracheophyta Magnoliopsida Ranunculales Ranunculaceae Ranunculus micranthus,EXACT_MATCH_PRIMARY_SOURCE_ACCEPTED_MULTI_RESULT_DISAMBIGUATION
Ranunculus pusillus,Ranunculus pusillus,Ranunculus pusillus,Plantae Tracheophyta Magnoliopsida Ranunculales Ranunculaceae Ranunculus pusillus,EXACT_MATCH_PRIMARY_SOURCE_ACCEPTED_AMONG_SYNONYMS_SIMPLE
Ranunculus recurvatus,Ranunculus recurvatus,Ranunculus recurvatus,Plantae Tracheophyta Magnoliopsida Ranunculales Ranunculaceae Ranunculus recurvatus,EXACT_MATCH_PRIMARY_SOURCE_ACCEPTED_AMONG_SYNONYMS_SIMPLE
Ranunculus repens,Ranunculus repens,Ranunculus repens,Plantae Tracheophyta Magnoliopsida Ranunculales Ranunculaceae Ranunculus repens,EXACT_MATCH_PRIMARY_SOURCE_ACCEPTED_MULTI_RESULT_DISAMBIGUATION
Ranunculus sardous,Ranunculus sardous,Ranunculus sardous,Plantae Tracheophyta Magnoliopsida Ranunculales Ranunculaceae Ranunculus sardous,EXACT_MATCH_PRIMARY_SOURCE_ACCEPTED
Ranunculus sceleratus,Ranunculus sceleratus,Ranunculus sceleratus,Plantae Tracheophyta Magnoliopsida Ranunculales Ranunculaceae Ranunculus sceleratus,EXACT_MATCH_PRIMARY_SOURCE_ACCEPTED_AMONG_SYNONYMS_SIMPLE
Reynoutria japonica,Reynoutria japonica,Reynoutria japonica,Plantae Tracheophyta Magnoliopsida Caryophyllales Polygonaceae Reynoutria japonica,EXACT_MATCH_PRIMARY_SOURCE_ACCEPTED
Rhamnus davurica,Rhamnus davuricus,Rhamnus davurica,Plantae Tracheophyta Magnoliopsida Rosales Rhamnaceae Rhamnus davuricus,EXACT_MATCH_PRIMARY_SOURCE_ACCEPTED_AMONG_SYNONYMS_SIMPLE
Rhamnus lanceolata,Endotropis lanceolata,Rhamnus lanceolata,Plantae Tracheophyta Magnoliopsida Rosales Rhamnaceae Endotropis lanceolata,EXACT_MATCH_PRIMARY_SOURCE_SYNONYM_SIMPLE
Rhexia virginica,Rhexia virginica,Rhexia virginica,Plantae Tracheophyta Magnoliopsida Myrtales Melastomataceae Rhexia virginica,EXACT_MATCH_PRIMARY_SOURCE_ACCEPTED
Rhododendron calendulaceum,Rhododendron calendulaceum,Rhododendron calendulaceum,Plantae Tracheophyta Magnoliopsida Ericales Ericaceae Rhododendron calendulaceum,EXACT_MATCH_PRIMARY_SOURCE_ACCEPTED
Rhododendron maximum,Rhododendron maximum,Rhododendron maximum,Plantae Tracheophyta Magnoliopsida Ericales Ericaceae Rhododendron maximum,EXACT_MATCH_PRIMARY_SOURCE_ACCEPTED_AMONG_SYNONYMS_SIMPLE
Rhododendron periclymenoides,Rhododendron periclymenoides,Rhododendron periclymenoides,Plantae Tracheophyta Magnoliopsida Ericales Ericaceae Rhododendron periclymenoides,EXACT_MATCH_PRIMARY_SOURCE_ACCEPTED
Rhododendron prinophyllum,Rhododendron roseum,Rhododendron prinophyllum,Plantae Tracheophyta Magnoliopsida Ericales Ericaceae Rhododendron roseum,EXACT_MATCH_PRIMARY_SOURCE_SYNONYM_SIMPLE
Rhododendron viscosum,Rhododendron viscosum,Rhododendron viscosum,Plantae Tracheophyta Magnoliopsida Ericales Ericaceae Rhododendron viscosum,EXACT_MATCH_PRIMARY_SOURCE_ACCEPTED_AMONG_SYNONYMS_SIMPLE
Rhodotypos scandens,Rhodotypos scandens,Rhodotypos scandens,Plantae Tracheophyta Magnoliopsida Rosales Rosaceae Rhodotypos scandens,EXACT_MATCH_PRIMARY_SOURCE_ACCEPTED
Rhus aromatica,Rhus aromatica,Rhus aromatica,Plantae Tracheophyta Magnoliopsida Sapindales Anacardiaceae Rhus aromatica,EXACT_MATCH_PRIMARY_SOURCE_ACCEPTED
Rhus copallinum,Rhus copallina,Rhus copallinum,Plantae Tracheophyta Magnoliopsida Sapindales Anacardiaceae Rhus copallina,FUZZY_MATCH_PRIMARY_SOURCE_ACCEPTED
Rhus glabra,Rhus glabra,Rhus glabra,Plantae Tracheophyta Magnoliopsida Sapindales Anacardiaceae Rhus glabra,EXACT_MATCH_PRIMARY_SOURCE_ACCEPTED
Rhus typhina,Rhus typhina,Rhus typhina,Plantae Tracheophyta Magnoliopsida Sapindales Anacardiaceae Rhus typhina,EXACT_MATCH_PRIMARY_SOURCE_ACCEPTED
Rhynchospora capitellata,Rhynchospora capitellata,Rhynchospora capitellata,Plantae Tracheophyta Liliopsida Poales Cyperaceae Rhynchospora capitellata,EXACT_MATCH_PRIMARY_SOURCE_ACCEPTED_AMONG_SYNONYMS_SIMPLE
Rhynchospora globularis,Rhynchospora globularis,Rhynchospora globularis,Plantae Tracheophyta Liliopsida Poales Cyperaceae Rhynchospora globularis,EXACT_MATCH_PRIMARY_SOURCE_ACCEPTED_AMONG_SYNONYMS_SIMPLE
Ribes americanum,Ribes americanum,Ribes americanum,Plantae Tracheophyta Magnoliopsida Saxifragales Grossulariaceae Ribes americanum,EXACT_MATCH_PRIMARY_SOURCE_ACCEPTED_MULTI_RESULT_DISAMBIGUATION
Ribes missouriense,Ribes missouriense,Ribes missouriense,Plantae Tracheophyta Magnoliopsida Saxifragales Grossulariaceae Ribes missouriense,EXACT_MATCH_PRIMARY_SOURCE_ACCEPTED_MULTI_RESULT_DISAMBIGUATION
Ribes rotundifolium,Ribes rotundifolium,Ribes rotundifolium,Plantae Tracheophyta Magnoliopsida Saxifragales Grossulariaceae Ribes rotundifolium,EXACT_MATCH_PRIMARY_SOURCE_ACCEPTED_AMONG_SYNONYMS_SIMPLE
Robinia hispida,Robinia hispida,Robinia hispida,Plantae Tracheophyta Magnoliopsida Fabales Fabaceae Robinia hispida,EXACT_MATCH_PRIMARY_SOURCE_ACCEPTED
Robinia pseudoacacia,Robinia pseudoacacia,Robinia pseudoacacia,Plantae Tracheophyta Magnoliopsida Fabales Fabaceae Robinia pseudoacacia,EXACT_MATCH_PRIMARY_SOURCE_ACCEPTED
Rorippa palustris,Rorippa palustris,Rorippa palustris,Plantae Tracheophyta Magnoliopsida Brassicales Brassicaceae Rorippa palustris,EXACT_MATCH_PRIMARY_SOURCE_ACCEPTED_AMONG_SYNONYMS_SIMPLE
Rorippa sylvestris,Rorippa sylvestris,Rorippa sylvestris,Plantae Tracheophyta Magnoliopsida Brassicales Brassicaceae Rorippa sylvestris,EXACT_MATCH_PRIMARY_SOURCE_ACCEPTED
Rosa canina,Rosa canina,Rosa canina,Plantae Tracheophyta Magnoliopsida Rosales Rosaceae Rosa canina,EXACT_MATCH_PRIMARY_SOURCE_ACCEPTED_MULTI_RESULT_DISAMBIGUATION
Rosa carolina,Rosa carolina,Rosa carolina,Plantae Tracheophyta Magnoliopsida Rosales Rosaceae Rosa carolina,EXACT_MATCH_PRIMARY_SOURCE_ACCEPTED_MULTI_RESULT_DISAMBIGUATION
Rosa luciae,Rosa luciae,Rosa luciae,Plantae Tracheophyta Magnoliopsida Rosales Rosaceae Rosa luciae,EXACT_MATCH_PRIMARY_SOURCE_ACCEPTED_AMONG_SYNONYMS_SIMPLE
Rosa multiflora,Rosa multiflora,Rosa multiflora,Plantae Tracheophyta Magnoliopsida Rosales Rosaceae Rosa multiflora,EXACT_MATCH_PRIMARY_SOURCE_ACCEPTED_MULTI_RESULT_DISAMBIGUATION
Rosa palustris,Rosa palustris,Rosa palustris,Plantae Tracheophyta Magnoliopsida Rosales Rosaceae Rosa palustris,EXACT_MATCH_PRIMARY_SOURCE_ACCEPTED_MULTI_RESULT_DISAMBIGUATION
Rosa rubiginosa,Rosa rubiginosa,Rosa rubiginosa,Plantae Tracheophyta Magnoliopsida Rosales Rosaceae Rosa rubiginosa,EXACT_MATCH_PRIMARY_SOURCE_ACCEPTED_MULTI_RESULT_DISAMBIGUATION
Rosa setigera,Rosa setigera,Rosa setigera,Plantae Tracheophyta Magnoliopsida Rosales Rosaceae Rosa setigera,EXACT_MATCH_PRIMARY_SOURCE_ACCEPTED
Rosa virginiana,Rosa virginiana,Rosa virginiana,Plantae Tracheophyta Magnoliopsida Rosales Rosaceae Rosa virginiana,EXACT_MATCH_PRIMARY_SOURCE_ACCEPTED_MULTI_RESULT_DISAMBIGUATION
Rotala ramosior,Rotala ramosior,Rotala ramosior,Plantae Tracheophyta Magnoliopsida Myrtales Lythraceae Rotala ramosior,EXACT_MATCH_PRIMARY_SOURCE_ACCEPTED
Rubus allegheniensis,Rubus allegheniensis,Rubus allegheniensis,Plantae Tracheophyta Magnoliopsida Rosales Rosaceae Rubus allegheniensis,EXACT_MATCH_PRIMARY_SOURCE_ACCEPTED
Rubus argutus,Rubus argutus,Rubus argutus,Plantae Tracheophyta Magnoliopsida Rosales Rosaceae Rubus argutus,EXACT_MATCH_PRIMARY_SOURCE_ACCEPTED
Rubus flagellaris,Rubus flagellaris,Rubus flagellaris,Plantae Tracheophyta Magnoliopsida Rosales Rosaceae Rubus flagellaris,EXACT_MATCH_PRIMARY_SOURCE_ACCEPTED_MULTI_RESULT_DISAMBIGUATION
Rubus hispidus,Rubus hispidus,Rubus hispidus,Plantae Tracheophyta Magnoliopsida Rosales Rosaceae Rubus hispidus,EXACT_MATCH_PRIMARY_SOURCE_ACCEPTED_MULTI_RESULT_DISAMBIGUATION
Rubus occidentalis,Rubus occidentalis,Rubus occidentalis,Plantae Tracheophyta Magnoliopsida Rosales Rosaceae Rubus occidentalis,EXACT_MATCH_PRIMARY_SOURCE_ACCEPTED_MULTI_RESULT_DISAMBIGUATION
Rubus odoratus,Rubus odoratus,Rubus odoratus,Plantae Tracheophyta Magnoliopsida Rosales Rosaceae Rubus odoratus,EXACT_MATCH_PRIMARY_SOURCE_ACCEPTED
Rubus phoenicolasius,Rubus phoenicolasius,Rubus phoenicolasius,Plantae Tracheophyta Magnoliopsida Rosales Rosaceae Rubus phoenicolasius,EXACT_MATCH_PRIMARY_SOURCE_ACCEPTED
Rudbeckia fulgida,Rudbeckia fulgida,Rudbeckia fulgida,Plantae Tracheophyta Magnoliopsida Asterales Asteraceae Rudbeckia fulgida,EXACT_MATCH_PRIMARY_SOURCE_ACCEPTED_MULTI_RESULT_DISAMBIGUATION
Rudbeckia hirta,Rudbeckia hirta,Rudbeckia hirta,Plantae Tracheophyta Magnoliopsida Asterales Asteraceae Rudbeckia hirta,EXACT_MATCH_PRIMARY_SOURCE_ACCEPTED
Rudbeckia laciniata,Rudbeckia laciniata,Rudbeckia laciniata,Plantae Tracheophyta Magnoliopsida Asterales Asteraceae Rudbeckia laciniata,EXACT_MATCH_PRIMARY_SOURCE_ACCEPTED
Rudbeckia triloba,Rudbeckia triloba,Rudbeckia triloba,Plantae Tracheophyta Magnoliopsida Asterales Asteraceae Rudbeckia triloba,EXACT_MATCH_PRIMARY_SOURCE_ACCEPTED
Ruellia caroliniensis,Ruellia caroliniensis,Ruellia caroliniensis,Plantae Tracheophyta Magnoliopsida Lamiales Acanthaceae Ruellia caroliniensis,EXACT_MATCH_PRIMARY_SOURCE_ACCEPTED
Ruellia humilis,Ruellia humilis,Ruellia humilis,Plantae Tracheophyta Magnoliopsida Lamiales Acanthaceae Ruellia humilis,EXACT_MATCH_PRIMARY_SOURCE_ACCEPTED_AMONG_SYNONYMS_SIMPLE
Ruellia purshiana,Ruellia purshiana,Ruellia purshiana,Plantae Tracheophyta Magnoliopsida Lamiales Acanthaceae Ruellia purshiana,EXACT_MATCH_PRIMARY_SOURCE_ACCEPTED
Ruellia strepens,Ruellia strepens,Ruellia strepens,Plantae Tracheophyta Magnoliopsida Lamiales Acanthaceae Ruellia strepens,EXACT_MATCH_PRIMARY_SOURCE_ACCEPTED_AMONG_SYNONYMS_SIMPLE
Rumex acetosella,Rumex acetosella,Rumex acetosella,Plantae Tracheophyta Magnoliopsida Caryophyllales Polygonaceae Rumex acetosella,EXACT_MATCH_PRIMARY_SOURCE_ACCEPTED_AMONG_SYNONYMS_SIMPLE
Rumex altissimus,Rumex altissimus,Rumex altissimus,Plantae Tracheophyta Magnoliopsida Caryophyllales Polygonaceae Rumex altissimus,EXACT_MATCH_PRIMARY_SOURCE_ACCEPTED
Rumex conglomeratus,Rumex conglomeratus,Rumex conglomeratus,Plantae Tracheophyta Magnoliopsida Caryophyllales Polygonaceae Rumex conglomeratus,EXACT_MATCH_PRIMARY_SOURCE_ACCEPTED
Rumex crispus,Rumex crispus,Rumex crispus,Plantae Tracheophyta Magnoliopsida Caryophyllales Polygonaceae Rumex crispus,EXACT_MATCH_PRIMARY_SOURCE_ACCEPTED_AMONG_SYNONYMS_SIMPLE
Rumex obtusifolius,Rumex obtusifolius,Rumex obtusifolius,Plantae Tracheophyta Magnoliopsida Caryophyllales Polygonaceae Rumex obtusifolius,EXACT_MATCH_PRIMARY_SOURCE_ACCEPTED_AMONG_SYNONYMS_SIMPLE
Rumex pulcher,Rumex pulcher,Rumex pulcher,Plantae Tracheophyta Magnoliopsida Caryophyllales Polygonaceae Rumex pulcher,EXACT_MATCH_PRIMARY_SOURCE_ACCEPTED_AMONG_SYNONYMS_SIMPLE
Sabatia angularis,Sabatia angularis,Sabatia angularis,Plantae Tracheophyta Magnoliopsida Gentianales Gentianaceae Sabatia angularis,EXACT_MATCH_PRIMARY_SOURCE_ACCEPTED
Saccharum giganteum,Saccharum giganteum,Saccharum giganteum,Plantae Tracheophyta Liliopsida Poales Poaceae Saccharum giganteum,EXACT_MATCH_PRIMARY_SOURCE_ACCEPTED_AMONG_SYNONYMS_SIMPLE
Sagina decumbens,Sagina decumbens,Sagina decumbens,Plantae Tracheophyta Magnoliopsida Caryophyllales Caryophyllaceae Sagina decumbens,EXACT_MATCH_PRIMARY_SOURCE_ACCEPTED
Sagittaria latifolia,Sagittaria latifolia,Sagittaria latifolia,Plantae Tracheophyta Liliopsida Alismatales Alismataceae Sagittaria latifolia,EXACT_MATCH_PRIMARY_SOURCE_ACCEPTED
Sagittaria rigida,Sagittaria rigida,Sagittaria rigida,Plantae Tracheophyta Liliopsida Alismatales Alismataceae Sagittaria rigida,EXACT_MATCH_PRIMARY_SOURCE_ACCEPTED
Salix alba,Salix alba,Salix alba,Plantae Tracheophyta Magnoliopsida Malpighiales Salicaceae Salix alba,EXACT_MATCH_PRIMARY_SOURCE_ACCEPTED_MULTI_RESULT_DISAMBIGUATION
Salix babylonica,Salix babylonica,Salix babylonica,Plantae Tracheophyta Magnoliopsida Malpighiales Salicaceae Salix babylonica,EXACT_MATCH_PRIMARY_SOURCE_ACCEPTED
Salix caroliniana,Salix caroliniana,Salix caroliniana,Plantae Tracheophyta Magnoliopsida Malpighiales Salicaceae Salix caroliniana,EXACT_MATCH_PRIMARY_SOURCE_ACCEPTED
Salix eriocephala,Salix eriocephala,Salix eriocephala,Plantae Tracheophyta Magnoliopsida Malpighiales Salicaceae Salix eriocephala,EXACT_MATCH_PRIMARY_SOURCE_ACCEPTED
Salix humilis,Salix humilis,Salix humilis,Plantae Tracheophyta Magnoliopsida Malpighiales Salicaceae Salix humilis,EXACT_MATCH_PRIMARY_SOURCE_ACCEPTED_AMONG_SYNONYMS_SIMPLE
Salix nigra,Salix nigra,Salix nigra,Plantae Tracheophyta Magnoliopsida Malpighiales Salicaceae Salix nigra,EXACT_MATCH_PRIMARY_SOURCE_ACCEPTED
Salix sericea,Salix sericea,Salix sericea,Plantae Tracheophyta Magnoliopsida Malpighiales Salicaceae Salix sericea,EXACT_MATCH_PRIMARY_SOURCE_ACCEPTED_MULTI_RESULT_DISAMBIGUATION
Salix ×fragilis,Salix fragilis,Salix ×fragilis,Plantae Tracheophyta Magnoliopsida Malpighiales Salicaceae Salix fragilis,EXACT_MATCH_PRIMARY_SOURCE_MULT_ACCEPTED
Salix ×pendulina,Salix pendulina,Salix ×pendulina,Plantae Tracheophyta Magnoliopsida Malpighiales Salicaceae Salix pendulina,EXACT_MATCH_PRIMARY_SOURCE_ACCEPTED_SIMPLE
Salvia lyrata,Salvia lyrata,Salvia lyrata,Plantae Tracheophyta Magnoliopsida Lamiales Lamiaceae Salvia lyrata,EXACT_MATCH_PRIMARY_SOURCE_ACCEPTED
Salvia urticifolia,Salvia urticifolia,Salvia urticifolia,Plantae Tracheophyta Magnoliopsida Lamiales Lamiaceae Salvia urticifolia,EXACT_MATCH_PRIMARY_SOURCE_ACCEPTED
Sambucus nigra,Sambucus nigra,Sambucus nigra,Plantae Tracheophyta Magnoliopsida Dipsacales Viburnaceae Sambucus nigra,EXACT_MATCH_PRIMARY_SOURCE_ACCEPTED_MULTI_RESULT_DISAMBIGUATION
Sambucus racemosa,Sambucus racemosa,Sambucus racemosa,Plantae Tracheophyta Magnoliopsida Dipsacales Viburnaceae Sambucus racemosa,EXACT_MATCH_PRIMARY_SOURCE_ACCEPTED_AMONG_SYNONYMS_SIMPLE
Samolus parviflorus,Samolus parviflorus,Samolus parviflorus,Plantae Tracheophyta Magnoliopsida Ericales Primulaceae Samolus parviflorus,EXACT_MATCH_PRIMARY_SOURCE_ACCEPTED_AMONG_SYNONYMS_SIMPLE
Sanguinaria canadensis,Sanguinaria canadensis,Sanguinaria canadensis,Plantae Tracheophyta Magnoliopsida Ranunculales Papaveraceae Sanguinaria canadensis,EXACT_MATCH_PRIMARY_SOURCE_ACCEPTED
Sanicula canadensis,Sanicula canadensis,Sanicula canadensis,Plantae Tracheophyta Magnoliopsida Apiales Apiaceae Sanicula canadensis,EXACT_MATCH_PRIMARY_SOURCE_ACCEPTED_AMONG_SYNONYMS_SIMPLE
Sanicula marilandica,Sanicula marilandica,Sanicula marilandica,Plantae Tracheophyta Magnoliopsida Apiales Apiaceae Sanicula marilandica,EXACT_MATCH_PRIMARY_SOURCE_ACCEPTED_MULTI_RESULT_DISAMBIGUATION
Sanicula odorata,Sanicula odorata,Sanicula odorata,Plantae Tracheophyta Magnoliopsida Apiales Apiaceae Sanicula odorata,EXACT_MATCH_PRIMARY_SOURCE_ACCEPTED
Saponaria officinalis,Saponaria officinalis,Saponaria officinalis,Plantae Tracheophyta Magnoliopsida Caryophyllales Caryophyllaceae Saponaria officinalis,EXACT_MATCH_PRIMARY_SOURCE_ACCEPTED
Sassafras albidum,Sassafras albidum,Sassafras albidum,Plantae Tracheophyta Magnoliopsida Laurales Lauraceae Sassafras albidum,EXACT_MATCH_PRIMARY_SOURCE_ACCEPTED
Saururus cernuus,Saururus cernuus,Saururus cernuus,Plantae Tracheophyta Magnoliopsida Piperales Saururaceae Saururus cernuus,EXACT_MATCH_PRIMARY_SOURCE_ACCEPTED_AMONG_SYNONYMS_SIMPLE
Sceptridium biternatum,Sceptridium biternatum,Sceptridium biternatum,Plantae Tracheophyta Polypodiopsida Ophioglossales Ophioglossaceae Sceptridium biternatum,EXACT_MATCH_PRIMARY_SOURCE_ACCEPTED
Sceptridium dissectum,Sceptridium dissectum,Sceptridium dissectum,Plantae Tracheophyta Polypodiopsida Ophioglossales Ophioglossaceae Sceptridium dissectum,EXACT_MATCH_PRIMARY_SOURCE_ACCEPTED
Schizachyrium scoparium,Schizachyrium scoparium,Schizachyrium scoparium,Plantae Tracheophyta Liliopsida Poales Poaceae Schizachyrium scoparium,EXACT_MATCH_PRIMARY_SOURCE_ACCEPTED
Schoenoplectiella purshiana,Schoenoplectiella purshiana,Schoenoplectiella purshiana,Plantae Tracheophyta Liliopsida Poales Cyperaceae Schoenoplectiella purshiana,EXACT_MATCH_PRIMARY_SOURCE_ACCEPTED
Schoenoplectus pungens,Schoenoplectus pungens,Schoenoplectus pungens,Plantae Tracheophyta Liliopsida Poales Cyperaceae Schoenoplectus pungens,EXACT_MATCH_PRIMARY_SOURCE_ACCEPTED
Schoenoplectus tabernaemontani,Schoenoplectus tabernaemontani,Schoenoplectus tabernaemontani,Plantae Tracheophyta Liliopsida Poales Cyperaceae Schoenoplectus tabernaemontani,EXACT_MATCH_PRIMARY_SOURCE_ACCEPTED_AMONG_SYNONYMS_SIMPLE
Scirpus atrovirens,Scirpus atrovirens,Scirpus atrovirens,Plantae Tracheophyta Liliopsida Poales Cyperaceae Scirpus atrovirens,EXACT_MATCH_PRIMARY_SOURCE_ACCEPTED
Scirpus cyperinus,Scirpus cyperinus,Scirpus cyperinus,Plantae Tracheophyta Liliopsida Poales Cyperaceae Scirpus cyperinus,EXACT_MATCH_PRIMARY_SOURCE_ACCEPTED_AMONG_SYNONYMS_SIMPLE
Scirpus georgianus,Scirpus georgianus,Scirpus georgianus,Plantae Tracheophyta Liliopsida Poales Cyperaceae Scirpus georgianus,EXACT_MATCH_PRIMARY_SOURCE_ACCEPTED
Scirpus pendulus,Scirpus pendulus,Scirpus pendulus,Plantae Tracheophyta Liliopsida Poales Cyperaceae Scirpus pendulus,EXACT_MATCH_PRIMARY_SOURCE_ACCEPTED_MULTI_RESULT_DISAMBIGUATION
Scirpus polyphyllus,Scirpus polyphyllus,Scirpus polyphyllus,Plantae Tracheophyta Liliopsida Poales Cyperaceae Scirpus polyphyllus,EXACT_MATCH_PRIMARY_SOURCE_ACCEPTED
Scleranthus annuus,Scleranthus annuus,Scleranthus annuus,Plantae Tracheophyta Magnoliopsida Caryophyllales Caryophyllaceae Scleranthus annuus,EXACT_MATCH_PRIMARY_SOURCE_ACCEPTED
Scleria pauciflora,Scleria pauciflora,Scleria pauciflora,Plantae Tracheophyta Liliopsida Poales Cyperaceae Scleria pauciflora,EXACT_MATCH_PRIMARY_SOURCE_ACCEPTED_AMONG_SYNONYMS_SIMPLE
Scleria verticillata,Scleria verticillata,Scleria verticillata,Plantae Tracheophyta Liliopsida Poales Cyperaceae Scleria verticillata,EXACT_MATCH_PRIMARY_SOURCE_ACCEPTED_MULTI_RESULT_DISAMBIGUATION
Scrophularia lanceolata,Scrophularia lanceolata,Scrophularia lanceolata,Plantae Tracheophyta Magnoliopsida Lamiales Scrophulariaceae Scrophularia lanceolata,EXACT_MATCH_PRIMARY_SOURCE_ACCEPTED
Scrophularia marilandica,Scrophularia marilandica,Scrophularia marilandica,Plantae Tracheophyta Magnoliopsida Lamiales Scrophulariaceae Scrophularia marilandica,EXACT_MATCH_PRIMARY_SOURCE_ACCEPTED
Scutellaria elliptica,Scutellaria elliptica,Scutellaria elliptica,Plantae Tracheophyta Magnoliopsida Lamiales Lamiaceae Scutellaria elliptica,EXACT_MATCH_PRIMARY_SOURCE_ACCEPTED_MULTI_RESULT_DISAMBIGUATION
Scutellaria galericulata,Scutellaria galericulata,Scutellaria galericulata,Plantae Tracheophyta Magnoliopsida Lamiales Lamiaceae Scutellaria galericulata,EXACT_MATCH_PRIMARY_SOURCE_ACCEPTED
Scutellaria integrifolia,Scutellaria integrifolia,Scutellaria integrifolia,Plantae Tracheophyta Magnoliopsida Lamiales Lamiaceae Scutellaria integrifolia,EXACT_MATCH_PRIMARY_SOURCE_ACCEPTED_AMONG_SYNONYMS_SIMPLE
Scutellaria lateriflora,Scutellaria lateriflora,Scutellaria lateriflora,Plantae Tracheophyta Magnoliopsida Lamiales Lamiaceae Scutellaria lateriflora,EXACT_MATCH_PRIMARY_SOURCE_ACCEPTED
Scutellaria nervosa,Scutellaria nervosa,Scutellaria nervosa,Plantae Tracheophyta Magnoliopsida Lamiales Lamiaceae Scutellaria nervosa,EXACT_MATCH_PRIMARY_SOURCE_ACCEPTED
Scutellaria ovata,Scutellaria ovata,Scutellaria ovata,Plantae Tracheophyta Magnoliopsida Lamiales Lamiaceae Scutellaria ovata,EXACT_MATCH_PRIMARY_SOURCE_ACCEPTED
Scutellaria parvula,Scutellaria parvula,Scutellaria parvula,Plantae Tracheophyta Magnoliopsida Lamiales Lamiaceae Scutellaria parvula,EXACT_MATCH_PRIMARY_SOURCE_ACCEPTED
Scutellaria saxatilis,Scutellaria saxatilis,Scutellaria saxatilis,Plantae Tracheophyta Magnoliopsida Lamiales Lamiaceae Scutellaria saxatilis,EXACT_MATCH_PRIMARY_SOURCE_ACCEPTED
Scutellaria serrata,Scutellaria serrata,Scutellaria serrata,Plantae Tracheophyta Magnoliopsida Lamiales Lamiaceae Scutellaria serrata,EXACT_MATCH_PRIMARY_SOURCE_ACCEPTED_AMONG_SYNONYMS_SIMPLE
Secale cereale,Secale cereale,Secale cereale,Plantae Tracheophyta Liliopsida Poales Poaceae Secale cereale,EXACT_MATCH_PRIMARY_SOURCE_ACCEPTED_MULTI_RESULT_DISAMBIGUATION
Securigera varia,Coronilla varia,Securigera varia,Plantae Tracheophyta Magnoliopsida Fabales Fabaceae Coronilla varia,EXACT_MATCH_PRIMARY_SOURCE_SYNONYM_SIMPLE
Sedum glaucophyllum,Sedum glaucophyllum,Sedum glaucophyllum,Plantae Tracheophyta Magnoliopsida Saxifragales Crassulaceae Sedum glaucophyllum,EXACT_MATCH_PRIMARY_SOURCE_ACCEPTED
Sedum sarmentosum,Sedum sarmentosum,Sedum sarmentosum,Plantae Tracheophyta Magnoliopsida Saxifragales Crassulaceae Sedum sarmentosum,EXACT_MATCH_PRIMARY_SOURCE_ACCEPTED
Sedum ternatum,Sedum ternatum,Sedum ternatum,Plantae Tracheophyta Magnoliopsida Saxifragales Crassulaceae Sedum ternatum,EXACT_MATCH_PRIMARY_SOURCE_ACCEPTED
Selaginella apoda,Selaginella apoda,Selaginella apoda,Plantae Tracheophyta Lycopodiopsida Selaginellales Selaginellaceae Selaginella apoda,EXACT_MATCH_PRIMARY_SOURCE_ACCEPTED_MULTI_RESULT_DISAMBIGUATION
Selaginella rupestris,Selaginella rupestris,Selaginella rupestris,Plantae Tracheophyta Lycopodiopsida Selaginellales Selaginellaceae Selaginella rupestris,EXACT_MATCH_PRIMARY_SOURCE_ACCEPTED_AMONG_SYNONYMS_SIMPLE
Senecio suaveolens,Senecio suaveolens,Senecio suaveolens,Plantae Tracheophyta Magnoliopsida Asterales Asteraceae Senecio suaveolens,EXACT_MATCH_PRIMARY_SOURCE_ACCEPTED_AMONG_SYNONYMS_SIMPLE
Senna hebecarpa,Senna hebecarpa,Senna hebecarpa,Plantae Tracheophyta Magnoliopsida Fabales Fabaceae Senna hebecarpa,EXACT_MATCH_PRIMARY_SOURCE_ACCEPTED
Senna marilandica,Senna marilandica,Senna marilandica,Plantae Tracheophyta Magnoliopsida Fabales Fabaceae Senna marilandica,EXACT_MATCH_PRIMARY_SOURCE_ACCEPTED
Sericocarpus asteroides,Sericocarpus asteroides,Sericocarpus asteroides,Plantae Tracheophyta Magnoliopsida Asterales Asteraceae Sericocarpus asteroides,EXACT_MATCH_PRIMARY_SOURCE_ACCEPTED_AMONG_SYNONYMS_SIMPLE
Sericocarpus linifolius,Sericocarpus linifolius,Sericocarpus linifolius,Plantae Tracheophyta Magnoliopsida Asterales Asteraceae Sericocarpus linifolius,EXACT_MATCH_PRIMARY_SOURCE_ACCEPTED
Setaria faberi,Setaria faberi,Setaria faberi,Plantae Tracheophyta Liliopsida Poales Poaceae Setaria faberi,EXACT_MATCH_PRIMARY_SOURCE_ACCEPTED_MULTI_RESULT_DISAMBIGUATION
Setaria parviflora,Setaria parviflora,Setaria parviflora,Plantae Tracheophyta Liliopsida Poales Poaceae Setaria parviflora,EXACT_MATCH_PRIMARY_SOURCE_ACCEPTED
Setaria pumila,Setaria pumila,Setaria pumila,Plantae Tracheophyta Liliopsida Poales Poaceae Setaria pumila,EXACT_MATCH_PRIMARY_SOURCE_ACCEPTED
Setaria verticillata,Setaria verticillata,Setaria verticillata,Plantae Tracheophyta Liliopsida Poales Poaceae Setaria verticillata,EXACT_MATCH_PRIMARY_SOURCE_ACCEPTED
Setaria viridis,Setaria viridis,Setaria viridis,Plantae Tracheophyta Liliopsida Poales Poaceae Setaria viridis,EXACT_MATCH_PRIMARY_SOURCE_ACCEPTED_AMONG_SYNONYMS_SIMPLE
Sicyos angulatus,Sicyos angulatus,Sicyos angulatus,Plantae Tracheophyta Magnoliopsida Cucurbitales Cucurbitaceae Sicyos angulatus,EXACT_MATCH_PRIMARY_SOURCE_ACCEPTED_AMONG_SYNONYMS_SIMPLE
Sida spinosa,Sida spinosa,Sida spinosa,Plantae Tracheophyta Magnoliopsida Malvales Malvaceae Sida spinosa,EXACT_MATCH_PRIMARY_SOURCE_ACCEPTED_AMONG_SYNONYMS_SIMPLE
Silene antirrhina,Silene antirrhina,Silene antirrhina,Plantae Tracheophyta Magnoliopsida Caryophyllales Caryophyllaceae Silene antirrhina,EXACT_MATCH_PRIMARY_SOURCE_ACCEPTED_AMONG_SYNONYMS_SIMPLE
Silene caroliniana,Silene caroliniana,Silene caroliniana,Plantae Tracheophyta Magnoliopsida Caryophyllales Caryophyllaceae Silene caroliniana,EXACT_MATCH_PRIMARY_SOURCE_ACCEPTED
Silene latifolia,Silene latifolia,Silene latifolia,Plantae Tracheophyta Magnoliopsida Caryophyllales Caryophyllaceae Silene latifolia,EXACT_MATCH_PRIMARY_SOURCE_ACCEPTED_AMONG_SYNONYMS_SIMPLE
Silene noctiflora,Silene noctiflora,Silene noctiflora,Plantae Tracheophyta Magnoliopsida Caryophyllales Caryophyllaceae Silene noctiflora,EXACT_MATCH_PRIMARY_SOURCE_ACCEPTED
Silene stellata,Silene stellata,Silene stellata,Plantae Tracheophyta Magnoliopsida Caryophyllales Caryophyllaceae Silene stellata,EXACT_MATCH_PRIMARY_SOURCE_ACCEPTED_AMONG_SYNONYMS_SIMPLE
Silene vulgaris,Silene vulgaris,Silene vulgaris,Plantae Tracheophyta Magnoliopsida Caryophyllales Caryophyllaceae Silene vulgaris,EXACT_MATCH_PRIMARY_SOURCE_ACCEPTED
Silphium asteriscus,Silphium asteriscus,Silphium asteriscus,Plantae Tracheophyta Magnoliopsida Asterales Asteraceae Silphium asteriscus,EXACT_MATCH_PRIMARY_SOURCE_ACCEPTED_AMONG_SYNONYMS_SIMPLE
Sisymbrium altissimum,Sisymbrium altissimum,Sisymbrium altissimum,Plantae Tracheophyta Magnoliopsida Brassicales Brassicaceae Sisymbrium altissimum,EXACT_MATCH_PRIMARY_SOURCE_ACCEPTED_AMONG_SYNONYMS_SIMPLE
Sisymbrium officinale,Sisymbrium officinale,Sisymbrium officinale,Plantae Tracheophyta Magnoliopsida Brassicales Brassicaceae Sisymbrium officinale,EXACT_MATCH_PRIMARY_SOURCE_ACCEPTED
Sisyrinchium angustifolium,Sisyrinchium angustifolium,Sisyrinchium angustifolium,Plantae Tracheophyta Liliopsida Asparagales Iridaceae Sisyrinchium angustifolium,EXACT_MATCH_PRIMARY_SOURCE_ACCEPTED_AMONG_SYNONYMS_SIMPLE
Sisyrinchium mucronatum,Sisyrinchium mucronatum,Sisyrinchium mucronatum,Plantae Tracheophyta Liliopsida Asparagales Iridaceae Sisyrinchium mucronatum,EXACT_MATCH_PRIMARY_SOURCE_ACCEPTED
Sium suave,Sium suave,Sium suave,Plantae Tracheophyta Magnoliopsida Apiales Apiaceae Sium suave,EXACT_MATCH_PRIMARY_SOURCE_ACCEPTED
Smallanthus uvedalia,Smallanthus uvedalia,Smallanthus uvedalia,Plantae Tracheophyta Magnoliopsida Asterales Asteraceae Smallanthus uvedalia,EXACT_MATCH_PRIMARY_SOURCE_ACCEPTED_AMONG_SYNONYMS_SIMPLE
Smilax bona-nox,Smilax bona-nox,Smilax bona-nox,Plantae Tracheophyta Liliopsida Liliales Smilacaceae Smilax bona-nox,EXACT_MATCH_PRIMARY_SOURCE_ACCEPTED
Smilax glauca,Smilax glauca,Smilax glauca,Plantae Tracheophyta Liliopsida Liliales Smilacaceae Smilax glauca,EXACT_MATCH_PRIMARY_SOURCE_ACCEPTED_AMONG_SYNONYMS_SIMPLE
Smilax herbacea,Smilax herbacea,Smilax herbacea,Plantae Tracheophyta Liliopsida Liliales Smilacaceae Smilax herbacea,EXACT_MATCH_PRIMARY_SOURCE_ACCEPTED_AMONG_SYNONYMS_SIMPLE
Smilax hispida,Smilax hispida,Smilax hispida,Plantae Tracheophyta Liliopsida Liliales Smilacaceae Smilax hispida,EXACT_MATCH_PRIMARY_SOURCE_ACCEPTED_MULTI_RESULT_DISAMBIGUATION
Smilax pulverulenta,Smilax pulverulenta,Smilax pulverulenta,Plantae Tracheophyta Liliopsida Liliales Smilacaceae Smilax pulverulenta,EXACT_MATCH_PRIMARY_SOURCE_ACCEPTED
Smilax rotundifolia,Smilax rotundifolia,Smilax rotundifolia,Plantae Tracheophyta Liliopsida Liliales Smilacaceae Smilax rotundifolia,EXACT_MATCH_PRIMARY_SOURCE_ACCEPTED_MULTI_RESULT_DISAMBIGUATION
Solanum carolinense,Solanum carolinense,Solanum carolinense,Plantae Tracheophyta Magnoliopsida Solanales Solanaceae Solanum carolinense,EXACT_MATCH_PRIMARY_SOURCE_ACCEPTED_MULTI_RESULT_DISAMBIGUATION
Solanum dulcamara,Solanum dulcamara,Solanum dulcamara,Plantae Tracheophyta Magnoliopsida Solanales Solanaceae Solanum dulcamara,EXACT_MATCH_PRIMARY_SOURCE_ACCEPTED_AMONG_SYNONYMS_SIMPLE
Solanum ptychanthum,Solanum americanum,Solanum ptychanthum,Plantae Tracheophyta Magnoliopsida Solanales Solanaceae Solanum americanum,EXACT_MATCH_PRIMARY_SOURCE_SYNONYM_SIMPLE
Solanum sarrachoides,Solanum sarrachoides,Solanum sarrachoides,Plantae Tracheophyta Magnoliopsida Solanales Solanaceae Solanum sarrachoides,EXACT_MATCH_PRIMARY_SOURCE_ACCEPTED
Solidago altissima,Solidago altissima,Solidago altissima,Plantae Tracheophyta Magnoliopsida Asterales Asteraceae Solidago altissima,EXACT_MATCH_PRIMARY_SOURCE_ACCEPTED_AMONG_SYNONYMS_SIMPLE
Solidago arguta,Solidago arguta,Solidago arguta,Plantae Tracheophyta Magnoliopsida Asterales Asteraceae Solidago arguta,EXACT_MATCH_PRIMARY_SOURCE_ACCEPTED_MULTI_RESULT_DISAMBIGUATION
Solidago bicolor,Solidago bicolor,Solidago bicolor,Plantae Tracheophyta Magnoliopsida Asterales Asteraceae Solidago bicolor,EXACT_MATCH_PRIMARY_SOURCE_ACCEPTED
Solidago caesia,Solidago caesia,Solidago caesia,Plantae Tracheophyta Magnoliopsida Asterales Asteraceae Solidago caesia,EXACT_MATCH_PRIMARY_SOURCE_ACCEPTED
Solidago curtisii,Solidago curtisii,Solidago curtisii,Plantae Tracheophyta Magnoliopsida Asterales Asteraceae Solidago curtisii,EXACT_MATCH_PRIMARY_SOURCE_ACCEPTED
Solidago erecta,Solidago erecta,Solidago erecta,Plantae Tracheophyta Magnoliopsida Asterales Asteraceae Solidago erecta,EXACT_MATCH_PRIMARY_SOURCE_ACCEPTED_AMONG_SYNONYMS_SIMPLE
Solidago flexicaulis,Solidago flexicaulis,Solidago flexicaulis,Plantae Tracheophyta Magnoliopsida Asterales Asteraceae Solidago flexicaulis,EXACT_MATCH_PRIMARY_SOURCE_ACCEPTED
Solidago gigantea,Solidago gigantea,Solidago gigantea,Plantae Tracheophyta Magnoliopsida Asterales Asteraceae Solidago gigantea,EXACT_MATCH_PRIMARY_SOURCE_ACCEPTED_MULTI_RESULT_DISAMBIGUATION
Solidago hispida,Solidago hispida,Solidago hispida,Plantae Tracheophyta Magnoliopsida Asterales Asteraceae Solidago hispida,EXACT_MATCH_PRIMARY_SOURCE_ACCEPTED_MULTI_RESULT_DISAMBIGUATION
Solidago juncea,Solidago juncea,Solidago juncea,Plantae Tracheophyta Magnoliopsida Asterales Asteraceae Solidago juncea,EXACT_MATCH_PRIMARY_SOURCE_ACCEPTED_AMONG_SYNONYMS_SIMPLE
Solidago nemoralis,Solidago nemoralis,Solidago nemoralis,Plantae Tracheophyta Magnoliopsida Asterales Asteraceae Solidago nemoralis,EXACT_MATCH_PRIMARY_SOURCE_ACCEPTED
Solidago puberula,Solidago puberula,Solidago puberula,Plantae Tracheophyta Magnoliopsida Asterales Asteraceae Solidago puberula,EXACT_MATCH_PRIMARY_SOURCE_ACCEPTED_AMONG_SYNONYMS_SIMPLE
Solidago rigida,Solidago rigida,Solidago rigida,Plantae Tracheophyta Magnoliopsida Asterales Asteraceae Solidago rigida,EXACT_MATCH_PRIMARY_SOURCE_ACCEPTED
Solidago roanensis,Solidago roanensis,Solidago roanensis,Plantae Tracheophyta Magnoliopsida Asterales Asteraceae Solidago roanensis,EXACT_MATCH_PRIMARY_SOURCE_ACCEPTED
Solidago rugosa,Solidago rugosa,Solidago rugosa,Plantae Tracheophyta Magnoliopsida Asterales Asteraceae Solidago rugosa,EXACT_MATCH_PRIMARY_SOURCE_ACCEPTED
Solidago rupestris,Solidago rupestris,Solidago rupestris,Plantae Tracheophyta Magnoliopsida Asterales Asteraceae Solidago rupestris,EXACT_MATCH_PRIMARY_SOURCE_ACCEPTED
Solidago simplex,Solidago simplex,Solidago simplex,Plantae Tracheophyta Magnoliopsida Asterales Asteraceae Solidago simplex,EXACT_MATCH_PRIMARY_SOURCE_ACCEPTED
Solidago squarrosa,Solidago squarrosa,Solidago squarrosa,Plantae Tracheophyta Magnoliopsida Asterales Asteraceae Solidago squarrosa,EXACT_MATCH_PRIMARY_SOURCE_ACCEPTED_AMONG_SYNONYMS_SIMPLE
Solidago ulmifolia,Solidago ulmifolia,Solidago ulmifolia,Plantae Tracheophyta Magnoliopsida Asterales Asteraceae Solidago ulmifolia,EXACT_MATCH_PRIMARY_SOURCE_ACCEPTED_MULTI_RESULT_DISAMBIGUATION
Sonchus arvensis,Sonchus arvensis,Sonchus arvensis,Plantae Tracheophyta Magnoliopsida Asterales Asteraceae Sonchus arvensis,EXACT_MATCH_PRIMARY_SOURCE_ACCEPTED
Sonchus asper,Sonchus asper,Sonchus asper,Plantae Tracheophyta Magnoliopsida Asterales Asteraceae Sonchus asper,EXACT_MATCH_PRIMARY_SOURCE_ACCEPTED_MULTI_RESULT_DISAMBIGUATION
Sonchus oleraceus,Sonchus oleraceus,Sonchus oleraceus,Plantae Tracheophyta Magnoliopsida Asterales Asteraceae Sonchus oleraceus,EXACT_MATCH_PRIMARY_SOURCE_ACCEPTED_AMONG_SYNONYMS_SIMPLE
Sorbus americana,Sorbus americana,Sorbus americana,Plantae Tracheophyta Magnoliopsida Rosales Rosaceae Sorbus americana,EXACT_MATCH_PRIMARY_SOURCE_ACCEPTED_MULTI_RESULT_DISAMBIGUATION
Sorghastrum nutans,Sorghastrum nutans,Sorghastrum nutans,Plantae Tracheophyta Liliopsida Poales Poaceae Sorghastrum nutans,EXACT_MATCH_PRIMARY_SOURCE_ACCEPTED
Sorghum halepense,Sorghum halepense,Sorghum halepense,Plantae Tracheophyta Liliopsida Poales Poaceae Sorghum halepense,EXACT_MATCH_PRIMARY_SOURCE_ACCEPTED
Sparganium americanum,Sparganium americanum,Sparganium americanum,Plantae Tracheophyta Liliopsida Poales Typhaceae Sparganium americanum,EXACT_MATCH_PRIMARY_SOURCE_ACCEPTED
Sparganium emersum,Sparganium emersum,Sparganium emersum,Plantae Tracheophyta Liliopsida Poales Typhaceae Sparganium emersum,EXACT_MATCH_PRIMARY_SOURCE_ACCEPTED
Sparganium eurycarpum,Sparganium eurycarpum,Sparganium eurycarpum,Plantae Tracheophyta Liliopsida Poales Typhaceae Sparganium eurycarpum,EXACT_MATCH_PRIMARY_SOURCE_ACCEPTED_MULTI_RESULT_DISAMBIGUATION
Sphenopholis nitida,Sphenopholis nitida,Sphenopholis nitida,Plantae Tracheophyta Liliopsida Poales Poaceae Sphenopholis nitida,EXACT_MATCH_PRIMARY_SOURCE_ACCEPTED
Sphenopholis obtusata,Sphenopholis obtusata,Sphenopholis obtusata,Plantae Tracheophyta Liliopsida Poales Poaceae Sphenopholis obtusata,EXACT_MATCH_PRIMARY_SOURCE_ACCEPTED
Sphenopholis pensylvanica,Sphenopholis pensylvanica,Sphenopholis pensylvanica,Plantae Tracheophyta Liliopsida Poales Poaceae Sphenopholis pensylvanica,EXACT_MATCH_PRIMARY_SOURCE_ACCEPTED
Spiraea betulifolia,Spiraea betulifolia,Spiraea betulifolia,Plantae Tracheophyta Magnoliopsida Rosales Rosaceae Spiraea betulifolia,EXACT_MATCH_PRIMARY_SOURCE_ACCEPTED_MULTI_RESULT_DISAMBIGUATION
Spiraea cantoniensis,Spiraea cantoniensis,Spiraea cantoniensis,Plantae Tracheophyta Magnoliopsida Rosales Rosaceae Spiraea cantoniensis,EXACT_MATCH_PRIMARY_SOURCE_ACCEPTED
Spiraea japonica,Spiraea japonica,Spiraea japonica,Plantae Tracheophyta Magnoliopsida Rosales Rosaceae Spiraea japonica,EXACT_MATCH_PRIMARY_SOURCE_ACCEPTED_MULTI_RESULT_DISAMBIGUATION
Spiranthes cernua,Spiranthes cernua,Spiranthes cernua,Plantae Tracheophyta Liliopsida Asparagales Orchidaceae Spiranthes cernua,EXACT_MATCH_PRIMARY_SOURCE_ACCEPTED_MULTI_RESULT_DISAMBIGUATION
Spiranthes lacera,Spiranthes lacera,Spiranthes lacera,Plantae Tracheophyta Liliopsida Asparagales Orchidaceae Spiranthes lacera,EXACT_MATCH_PRIMARY_SOURCE_ACCEPTED
Spiranthes lucida,Spiranthes lucida,Spiranthes lucida,Plantae Tracheophyta Liliopsida Asparagales Orchidaceae Spiranthes lucida,EXACT_MATCH_PRIMARY_SOURCE_ACCEPTED
Spiranthes ochroleuca,Spiranthes ochroleuca,Spiranthes ochroleuca,Plantae Tracheophyta Liliopsida Asparagales Orchidaceae Spiranthes ochroleuca,EXACT_MATCH_PRIMARY_SOURCE_ACCEPTED
Spiranthes ovalis,Spiranthes ovalis,Spiranthes ovalis,Plantae Tracheophyta Liliopsida Asparagales Orchidaceae Spiranthes ovalis,EXACT_MATCH_PRIMARY_SOURCE_ACCEPTED
Spiranthes tuberosa,Spiranthes tuberosa,Spiranthes tuberosa,Plantae Tracheophyta Liliopsida Asparagales Orchidaceae Spiranthes tuberosa,EXACT_MATCH_PRIMARY_SOURCE_ACCEPTED
Spirodela polyrhiza,Spirodela polyrhiza,Spirodela polyrhiza,Plantae Tracheophyta Liliopsida Alismatales Araceae Spirodela polyrhiza,EXACT_MATCH_PRIMARY_SOURCE_ACCEPTED
Sporobolus clandestinus,Sporobolus clandestinus,Sporobolus clandestinus,Plantae Tracheophyta Liliopsida Poales Poaceae Sporobolus clandestinus,EXACT_MATCH_PRIMARY_SOURCE_ACCEPTED
Sporobolus compositus,Sporobolus compositus,Sporobolus compositus,Plantae Tracheophyta Liliopsida Poales Poaceae Sporobolus compositus,EXACT_MATCH_PRIMARY_SOURCE_ACCEPTED_MULTI_RESULT_DISAMBIGUATION
Sporobolus vaginiflorus,Sporobolus vaginiflorus,Sporobolus vaginiflorus,Plantae Tracheophyta Liliopsida Poales Poaceae Sporobolus vaginiflorus,EXACT_MATCH_PRIMARY_SOURCE_ACCEPTED_AMONG_SYNONYMS_SIMPLE
Stachys cordata,Stachys cordata,Stachys cordata,Plantae Tracheophyta Magnoliopsida Lamiales Lamiaceae Stachys cordata,EXACT_MATCH_PRIMARY_SOURCE_ACCEPTED_AMONG_SYNONYMS_SIMPLE
Stachys eplingii,Stachys eplingii,Stachys eplingii,Plantae Tracheophyta Magnoliopsida Lamiales Lamiaceae Stachys eplingii,EXACT_MATCH_PRIMARY_SOURCE_ACCEPTED
Stachys pilosa,Stachys pilosa,Stachys pilosa,Plantae Tracheophyta Magnoliopsida Lamiales Lamiaceae Stachys pilosa,EXACT_MATCH_PRIMARY_SOURCE_ACCEPTED
Stachys tenuifolia,Stachys tenuifolia,Stachys tenuifolia,Plantae Tracheophyta Magnoliopsida Lamiales Lamiaceae Stachys tenuifolia,EXACT_MATCH_PRIMARY_SOURCE_ACCEPTED_MULTI_RESULT_DISAMBIGUATION
Staphylea trifolia,Staphylea trifolia,Staphylea trifolia,Plantae Tracheophyta Magnoliopsida Crossosomatales Staphyleaceae Staphylea trifolia,EXACT_MATCH_PRIMARY_SOURCE_ACCEPTED
Stellaria graminea,Stellaria graminea,Stellaria graminea,Plantae Tracheophyta Magnoliopsida Caryophyllales Caryophyllaceae Stellaria graminea,EXACT_MATCH_PRIMARY_SOURCE_ACCEPTED_MULTI_RESULT_DISAMBIGUATION
Stellaria longifolia,Stellaria longifolia,Stellaria longifolia,Plantae Tracheophyta Magnoliopsida Caryophyllales Caryophyllaceae Stellaria longifolia,EXACT_MATCH_PRIMARY_SOURCE_ACCEPTED_MULTI_RESULT_DISAMBIGUATION
Stellaria media,Stellaria media,Stellaria media,Plantae Tracheophyta Magnoliopsida Caryophyllales Caryophyllaceae Stellaria media,EXACT_MATCH_PRIMARY_SOURCE_ACCEPTED_MULTI_RESULT_DISAMBIGUATION
Stellaria pubera,Stellaria pubera,Stellaria pubera,Plantae Tracheophyta Magnoliopsida Caryophyllales Caryophyllaceae Stellaria pubera,EXACT_MATCH_PRIMARY_SOURCE_ACCEPTED
Strophostyles umbellata,Strophostyles umbellata,Strophostyles umbellata,Plantae Tracheophyta Magnoliopsida Fabales Fabaceae Strophostyles umbellata,EXACT_MATCH_PRIMARY_SOURCE_ACCEPTED
Stuckenia pectinata,Stuckenia pectinata,Stuckenia pectinata,Plantae Tracheophyta Liliopsida Alismatales Potamogetonaceae Stuckenia pectinata,EXACT_MATCH_PRIMARY_SOURCE_ACCEPTED
Stylosanthes biflora,Stylosanthes biflora,Stylosanthes biflora,Plantae Tracheophyta Magnoliopsida Fabales Fabaceae Stylosanthes biflora,EXACT_MATCH_PRIMARY_SOURCE_ACCEPTED
Symphoricarpos orbiculatus,Symphoricarpos orbiculatus,Symphoricarpos orbiculatus,Plantae Tracheophyta Magnoliopsida Dipsacales Caprifoliaceae Symphoricarpos orbiculatus,EXACT_MATCH_PRIMARY_SOURCE_ACCEPTED
Symphyotrichum cordifolium,Symphyotrichum cordifolium,Symphyotrichum cordifolium,Plantae Tracheophyta Magnoliopsida Asterales Asteraceae Symphyotrichum cordifolium,EXACT_MATCH_PRIMARY_SOURCE_ACCEPTED
Symphyotrichum dumosum,Symphyotrichum dumosum,Symphyotrichum dumosum,Plantae Tracheophyta Magnoliopsida Asterales Asteraceae Symphyotrichum dumosum,EXACT_MATCH_PRIMARY_SOURCE_ACCEPTED
Symphyotrichum laeve,Symphyotrichum laeve,Symphyotrichum laeve,Plantae Tracheophyta Magnoliopsida Asterales Asteraceae Symphyotrichum laeve,EXACT_MATCH_PRIMARY_SOURCE_ACCEPTED_AMONG_SYNONYMS_SIMPLE
Symphyotrichum lanceolatum,Symphyotrichum lanceolatum,Symphyotrichum lanceolatum,Plantae Tracheophyta Magnoliopsida Asterales Asteraceae Symphyotrichum lanceolatum,EXACT_MATCH_PRIMARY_SOURCE_ACCEPTED
Symphyotrichum lateriflorum,Symphyotrichum lateriflorum,Symphyotrichum lateriflorum,Plantae Tracheophyta Magnoliopsida Asterales Asteraceae Symphyotrichum lateriflorum,EXACT_MATCH_PRIMARY_SOURCE_ACCEPTED
Symphyotrichum novae-angliae,Symphyotrichum novae-angliae,Symphyotrichum novae-angliae,Plantae Tracheophyta Magnoliopsida Asterales Asteraceae Symphyotrichum novae-angliae,EXACT_MATCH_PRIMARY_SOURCE_ACCEPTED
Symphyotrichum oblongifolium,Symphyotrichum oblongifolium,Symphyotrichum oblongifolium,Plantae Tracheophyta Magnoliopsida Asterales Asteraceae Symphyotrichum oblongifolium,EXACT_MATCH_PRIMARY_SOURCE_ACCEPTED
Symphyotrichum patens,Symphyotrichum patens,Symphyotrichum patens,Plantae Tracheophyta Magnoliopsida Asterales Asteraceae Symphyotrichum patens,EXACT_MATCH_PRIMARY_SOURCE_ACCEPTED
Symphyotrichum phlogifolium,Symphyotrichum phlogifolium,Symphyotrichum phlogifolium,Plantae Tracheophyta Magnoliopsida Asterales Asteraceae Symphyotrichum phlogifolium,EXACT_MATCH_PRIMARY_SOURCE_ACCEPTED
Symphyotrichum pilosum,Symphyotrichum pilosum,Symphyotrichum pilosum,Plantae Tracheophyta Magnoliopsida Asterales Asteraceae Symphyotrichum pilosum,EXACT_MATCH_PRIMARY_SOURCE_ACCEPTED
Symphyotrichum praealtum,Symphyotrichum praealtum,Symphyotrichum praealtum,Plantae Tracheophyta Magnoliopsida Asterales Asteraceae Symphyotrichum praealtum,EXACT_MATCH_PRIMARY_SOURCE_ACCEPTED
Symphyotrichum prenanthoides,Symphyotrichum prenanthoides,Symphyotrichum prenanthoides,Plantae Tracheophyta Magnoliopsida Asterales Asteraceae Symphyotrichum prenanthoides,EXACT_MATCH_PRIMARY_SOURCE_ACCEPTED
Symphyotrichum puniceum,Symphyotrichum puniceum,Symphyotrichum puniceum,Plantae Tracheophyta Magnoliopsida Asterales Asteraceae Symphyotrichum puniceum,EXACT_MATCH_PRIMARY_SOURCE_ACCEPTED
Symphyotrichum racemosum,Symphyotrichum racemosum,Symphyotrichum racemosum,Plantae Tracheophyta Magnoliopsida Asterales Asteraceae Symphyotrichum racemosum,EXACT_MATCH_PRIMARY_SOURCE_ACCEPTED
Symphyotrichum undulatum,Symphyotrichum undulatum,Symphyotrichum undulatum,Plantae Tracheophyta Magnoliopsida Asterales Asteraceae Symphyotrichum undulatum,EXACT_MATCH_PRIMARY_SOURCE_ACCEPTED
Symphyotrichum urophyllum,Symphyotrichum urophyllum,Symphyotrichum urophyllum,Plantae Tracheophyta Magnoliopsida Asterales Asteraceae Symphyotrichum urophyllum,EXACT_MATCH_PRIMARY_SOURCE_ACCEPTED
Symplocarpus foetidus,Symplocarpus foetidus,Symplocarpus foetidus,Plantae Tracheophyta Liliopsida Alismatales Araceae Symplocarpus foetidus,EXACT_MATCH_PRIMARY_SOURCE_ACCEPTED_MULTI_RESULT_DISAMBIGUATION
Taenidia integerrima,Taenidia integerrima,Taenidia integerrima,Plantae Tracheophyta Magnoliopsida Apiales Apiaceae Taenidia integerrima,EXACT_MATCH_PRIMARY_SOURCE_ACCEPTED
Taenidia montana,Taenidia montana,Taenidia montana,Plantae Tracheophyta Magnoliopsida Apiales Apiaceae Taenidia montana,EXACT_MATCH_PRIMARY_SOURCE_ACCEPTED
Tagetes erecta,Tagetes erecta,Tagetes erecta,Plantae Tracheophyta Magnoliopsida Asterales Asteraceae Tagetes erecta,EXACT_MATCH_PRIMARY_SOURCE_ACCEPTED
Taraxacum officinale,Taraxacum officinale,Taraxacum officinale,Plantae Tracheophyta Magnoliopsida Asterales Asteraceae Taraxacum officinale,EXACT_MATCH_PRIMARY_SOURCE_ACCEPTED_MULTI_RESULT_DISAMBIGUATION
Taxus canadensis,Taxus canadensis,Taxus canadensis,Plantae Tracheophyta Pinopsida Pinales Taxaceae Taxus canadensis,EXACT_MATCH_PRIMARY_SOURCE_ACCEPTED_MULTI_RESULT_DISAMBIGUATION
Tephrosia virginiana,Tephrosia virginiana,Tephrosia virginiana,Plantae Tracheophyta Magnoliopsida Fabales Fabaceae Tephrosia virginiana,EXACT_MATCH_PRIMARY_SOURCE_ACCEPTED
Teucrium canadense,Teucrium canadense,Teucrium canadense,Plantae Tracheophyta Magnoliopsida Lamiales Lamiaceae Teucrium canadense,EXACT_MATCH_PRIMARY_SOURCE_ACCEPTED_MULTI_RESULT_DISAMBIGUATION
Thalictrum coriaceum,Thalictrum coriaceum,Thalictrum coriaceum,Plantae Tracheophyta Magnoliopsida Ranunculales Ranunculaceae Thalictrum coriaceum,EXACT_MATCH_PRIMARY_SOURCE_ACCEPTED
Thalictrum dioicum,Thalictrum dioicum,Thalictrum dioicum,Plantae Tracheophyta Magnoliopsida Ranunculales Ranunculaceae Thalictrum dioicum,EXACT_MATCH_PRIMARY_SOURCE_ACCEPTED_AMONG_SYNONYMS_SIMPLE
Thalictrum pubescens,Thalictrum pubescens,Thalictrum pubescens,Plantae Tracheophyta Magnoliopsida Ranunculales Ranunculaceae Thalictrum pubescens,EXACT_MATCH_PRIMARY_SOURCE_ACCEPTED_AMONG_SYNONYMS_SIMPLE
Thalictrum revolutum,Thalictrum revolutum,Thalictrum revolutum,Plantae Tracheophyta Magnoliopsida Ranunculales Ranunculaceae Thalictrum revolutum,EXACT_MATCH_PRIMARY_SOURCE_ACCEPTED_AMONG_SYNONYMS_SIMPLE
Thalictrum thalictroides,Thalictrum thalictroides,Thalictrum thalictroides,Plantae Tracheophyta Magnoliopsida Ranunculales Ranunculaceae Thalictrum thalictroides,EXACT_MATCH_PRIMARY_SOURCE_ACCEPTED
Thaspium barbinode,Thaspium barbinode,Thaspium barbinode,Plantae Tracheophyta Magnoliopsida Apiales Apiaceae Thaspium barbinode,EXACT_MATCH_PRIMARY_SOURCE_ACCEPTED
Thaspium trifoliatum,Thaspium trifoliatum,Thaspium trifoliatum,Plantae Tracheophyta Magnoliopsida Apiales Apiaceae Thaspium trifoliatum,EXACT_MATCH_PRIMARY_SOURCE_ACCEPTED_AMONG_SYNONYMS_SIMPLE
Thelypteris palustris,Thelypteris palustris,Thelypteris palustris,Plantae Tracheophyta Polypodiopsida Polypodiales Thelypteridaceae Thelypteris palustris,EXACT_MATCH_PRIMARY_SOURCE_ACCEPTED
Thlaspi alliaceum,Mummenhoffia alliacea,Thlaspi alliaceum,Plantae Tracheophyta Magnoliopsida Brassicales Brassicaceae Mummenhoffia alliacea,EXACT_MATCH_PRIMARY_SOURCE_SYNONYM_SIMPLE
Thlaspi arvense,Thlaspi arvense,Thlaspi arvense,Plantae Tracheophyta Magnoliopsida Brassicales Brassicaceae Thlaspi arvense,EXACT_MATCH_PRIMARY_SOURCE_ACCEPTED
Thuja occidentalis,Thuja occidentalis,Thuja occidentalis,Plantae Tracheophyta Pinopsida Pinales Cupressaceae Thuja occidentalis,EXACT_MATCH_PRIMARY_SOURCE_ACCEPTED
Tilia americana,Tilia americana,Tilia americana,Plantae Tracheophyta Magnoliopsida Malvales Malvaceae Tilia americana,EXACT_MATCH_PRIMARY_SOURCE_ACCEPTED_MULTI_RESULT_DISAMBIGUATION
Tipularia discolor,Tipularia discolor,Tipularia discolor,Plantae Tracheophyta Liliopsida Asparagales Orchidaceae Tipularia discolor,EXACT_MATCH_PRIMARY_SOURCE_ACCEPTED
Torilis arvensis,Torilis arvensis,Torilis arvensis,Plantae Tracheophyta Magnoliopsida Apiales Apiaceae Torilis arvensis,EXACT_MATCH_PRIMARY_SOURCE_ACCEPTED
Torilis japonica,Torilis japonica,Torilis japonica,Plantae Tracheophyta Magnoliopsida Apiales Apiaceae Torilis japonica,EXACT_MATCH_PRIMARY_SOURCE_ACCEPTED
Toxicodendron pubescens,Toxicodendron pubescens,Toxicodendron pubescens,Plantae Tracheophyta Magnoliopsida Sapindales Anacardiaceae Toxicodendron pubescens,EXACT_MATCH_PRIMARY_SOURCE_ACCEPTED
Toxicodendron radicans,Toxicodendron radicans,Toxicodendron radicans,Plantae Tracheophyta Magnoliopsida Sapindales Anacardiaceae Toxicodendron radicans,EXACT_MATCH_PRIMARY_SOURCE_ACCEPTED
Tradescantia virginiana,Tradescantia virginiana,Tradescantia virginiana,Plantae Tracheophyta Liliopsida Commelinales Commelinaceae Tradescantia virginiana,EXACT_MATCH_PRIMARY_SOURCE_ACCEPTED
Tragopogon dubius,Tragopogon dubius,Tragopogon dubius,Plantae Tracheophyta Magnoliopsida Asterales Asteraceae Tragopogon dubius,EXACT_MATCH_PRIMARY_SOURCE_ACCEPTED_MULTI_RESULT_DISAMBIGUATION
Tragopogon porrifolius,Tragopogon porrifolius,Tragopogon porrifolius,Plantae Tracheophyta Magnoliopsida Asterales Asteraceae Tragopogon porrifolius,EXACT_MATCH_PRIMARY_SOURCE_ACCEPTED_AMONG_SYNONYMS_SIMPLE
Tragopogon pratensis,Tragopogon pratensis,Tragopogon pratensis,Plantae Tracheophyta Magnoliopsida Asterales Asteraceae Tragopogon pratensis,EXACT_MATCH_PRIMARY_SOURCE_ACCEPTED
Trichophorum planifolium,Trichophorum planifolium,Trichophorum planifolium,Plantae Tracheophyta Liliopsida Poales Cyperaceae Trichophorum planifolium,EXACT_MATCH_PRIMARY_SOURCE_ACCEPTED
Trichostema brachiatum,Trichostema brachiatum,Trichostema brachiatum,Plantae Tracheophyta Magnoliopsida Lamiales Lamiaceae Trichostema brachiatum,EXACT_MATCH_PRIMARY_SOURCE_ACCEPTED_MULTI_RESULT_DISAMBIGUATION
Trichostema dichotomum,Trichostema dichotomum,Trichostema dichotomum,Plantae Tracheophyta Magnoliopsida Lamiales Lamiaceae Trichostema dichotomum,EXACT_MATCH_PRIMARY_SOURCE_ACCEPTED_MULTI_RESULT_DISAMBIGUATION
Trichostema setaceum,Trichostema setaceum,Trichostema setaceum,Plantae Tracheophyta Magnoliopsida Lamiales Lamiaceae Trichostema setaceum,EXACT_MATCH_PRIMARY_SOURCE_ACCEPTED
Tridens flavus,Tridens flavus,Tridens flavus,Plantae Tracheophyta Liliopsida Poales Poaceae Tridens flavus,EXACT_MATCH_PRIMARY_SOURCE_ACCEPTED
Trifolium arvense,Trifolium arvense,Trifolium arvense,Plantae Tracheophyta Magnoliopsida Fabales Fabaceae Trifolium arvense,EXACT_MATCH_PRIMARY_SOURCE_ACCEPTED_AMONG_SYNONYMS_SIMPLE
Trifolium aureum,Trifolium aureum,Trifolium aureum,Plantae Tracheophyta Magnoliopsida Fabales Fabaceae Trifolium aureum,EXACT_MATCH_PRIMARY_SOURCE_ACCEPTED_MULTI_RESULT_DISAMBIGUATION
Trifolium campestre,Trifolium campestre,Trifolium campestre,Plantae Tracheophyta Magnoliopsida Fabales Fabaceae Trifolium campestre,EXACT_MATCH_PRIMARY_SOURCE_ACCEPTED_AMONG_SYNONYMS_SIMPLE
Trifolium hybridum,Trifolium hybridum,Trifolium hybridum,Plantae Tracheophyta Magnoliopsida Fabales Fabaceae Trifolium hybridum,EXACT_MATCH_PRIMARY_SOURCE_ACCEPTED_MULTI_RESULT_DISAMBIGUATION
Trifolium pratense,Trifolium pratense,Trifolium pratense,Plantae Tracheophyta Magnoliopsida Fabales Fabaceae Trifolium pratense,EXACT_MATCH_PRIMARY_SOURCE_ACCEPTED
Trifolium repens,Trifolium repens,Trifolium repens,Plantae Tracheophyta Magnoliopsida Fabales Fabaceae Trifolium repens,EXACT_MATCH_PRIMARY_SOURCE_ACCEPTED_MULTI_RESULT_DISAMBIGUATION
Trifolium virginicum,Trifolium virginicum,Trifolium virginicum,Plantae Tracheophyta Magnoliopsida Fabales Fabaceae Trifolium virginicum,EXACT_MATCH_PRIMARY_SOURCE_ACCEPTED
Trillium cernuum,Trillium cernuum,Trillium cernuum,Plantae Tracheophyta Liliopsida Liliales Melanthiaceae Trillium cernuum,EXACT_MATCH_PRIMARY_SOURCE_ACCEPTED_MULTI_RESULT_DISAMBIGUATION
Trillium grandiflorum,Trillium grandiflorum,Trillium grandiflorum,Plantae Tracheophyta Liliopsida Liliales Melanthiaceae Trillium grandiflorum,EXACT_MATCH_PRIMARY_SOURCE_ACCEPTED
Trillium luteum,Trillium luteum,Trillium luteum,Plantae Tracheophyta Liliopsida Liliales Melanthiaceae Trillium luteum,EXACT_MATCH_PRIMARY_SOURCE_ACCEPTED
Trillium sessile,Trillium sessile,Trillium sessile,Plantae Tracheophyta Liliopsida Liliales Melanthiaceae Trillium sessile,EXACT_MATCH_PRIMARY_SOURCE_ACCEPTED
Triodanis perfoliata,Triodanis perfoliata,Triodanis perfoliata,Plantae Tracheophyta Magnoliopsida Asterales Campanulaceae Triodanis perfoliata,EXACT_MATCH_PRIMARY_SOURCE_ACCEPTED
Triosteum angustifolium,Triosteum angustifolium,Triosteum angustifolium,Plantae Tracheophyta Magnoliopsida Dipsacales Caprifoliaceae Triosteum angustifolium,EXACT_MATCH_PRIMARY_SOURCE_ACCEPTED
Triosteum perfoliatum,Triosteum perfoliatum,Triosteum perfoliatum,Plantae Tracheophyta Magnoliopsida Dipsacales Caprifoliaceae Triosteum perfoliatum,EXACT_MATCH_PRIMARY_SOURCE_ACCEPTED
Tripsacum dactyloides,Tripsacum dactyloides,Tripsacum dactyloides,Plantae Tracheophyta Liliopsida Poales Poaceae Tripsacum dactyloides,EXACT_MATCH_PRIMARY_SOURCE_ACCEPTED_MULTI_RESULT_DISAMBIGUATION
Triticum aestivum,Triticum aestivum,Triticum aestivum,Plantae Tracheophyta Liliopsida Poales Poaceae Triticum aestivum,EXACT_MATCH_PRIMARY_SOURCE_ACCEPTED_AMONG_SYNONYMS_SIMPLE
Tsuga canadensis,Tsuga canadensis,Tsuga canadensis,Plantae Tracheophyta Pinopsida Pinales Pinaceae Tsuga canadensis,EXACT_MATCH_PRIMARY_SOURCE_ACCEPTED
Tussilago farfara,Tussilago farfara,Tussilago farfara,Plantae Tracheophyta Magnoliopsida Asterales Asteraceae Tussilago farfara,EXACT_MATCH_PRIMARY_SOURCE_ACCEPTED
Typha angustifolia,Typha angustifolia,Typha angustifolia,Plantae Tracheophyta Liliopsida Poales Typhaceae Typha angustifolia,EXACT_MATCH_PRIMARY_SOURCE_ACCEPTED_MULTI_RESULT_DISAMBIGUATION
Typha latifolia,Typha latifolia,Typha latifolia,Plantae Tracheophyta Liliopsida Poales Typhaceae Typha latifolia,EXACT_MATCH_PRIMARY_SOURCE_ACCEPTED_MULTI_RESULT_DISAMBIGUATION
Typha ×glauca,Typha glauca,Typha ×glauca,Plantae Tracheophyta Liliopsida Poales Typhaceae Typha glauca,EXACT_MATCH_PRIMARY_SOURCE_ACCEPTED_AMONG_SYNONYMS_SIMPLE
Ulmus americana,Ulmus americana,Ulmus americana,Plantae Tracheophyta Magnoliopsida Rosales Ulmaceae Ulmus americana,EXACT_MATCH_PRIMARY_SOURCE_ACCEPTED_MULTI_RESULT_DISAMBIGUATION
Ulmus parvifolia,Ulmus parvifolia,Ulmus parvifolia,Plantae Tracheophyta Magnoliopsida Rosales Ulmaceae Ulmus parvifolia,EXACT_MATCH_PRIMARY_SOURCE_ACCEPTED
Ulmus pumila,Ulmus pumila,Ulmus pumila,Plantae Tracheophyta Magnoliopsida Rosales Ulmaceae Ulmus pumila,EXACT_MATCH_PRIMARY_SOURCE_ACCEPTED_MULTI_RESULT_DISAMBIGUATION
Ulmus rubra,Ulmus rubra,Ulmus rubra,Plantae Tracheophyta Magnoliopsida Rosales Ulmaceae Ulmus rubra,EXACT_MATCH_PRIMARY_SOURCE_ACCEPTED_MULTI_RESULT_DISAMBIGUATION
Urtica dioica,Urtica dioica,Urtica dioica,Plantae Tracheophyta Magnoliopsida Rosales Urticaceae Urtica dioica,EXACT_MATCH_PRIMARY_SOURCE_ACCEPTED_AMONG_SYNONYMS_SIMPLE
Uvularia perfoliata,Uvularia perfoliata,Uvularia perfoliata,Plantae Tracheophyta Liliopsida Liliales Colchicaceae Uvularia perfoliata,EXACT_MATCH_PRIMARY_SOURCE_ACCEPTED
Uvularia puberula,Uvularia puberula,Uvularia puberula,Plantae Tracheophyta Liliopsida Liliales Colchicaceae Uvularia puberula,EXACT_MATCH_PRIMARY_SOURCE_ACCEPTED_AMONG_SYNONYMS_SIMPLE
Uvularia sessilifolia,Uvularia sessilifolia,Uvularia sessilifolia,Plantae Tracheophyta Liliopsida Liliales Colchicaceae Uvularia sessilifolia,EXACT_MATCH_PRIMARY_SOURCE_ACCEPTED
Vaccinium angustifolium,Vaccinium angustifolium,Vaccinium angustifolium,Plantae Tracheophyta Magnoliopsida Ericales Ericaceae Vaccinium angustifolium,EXACT_MATCH_PRIMARY_SOURCE_ACCEPTED_MULTI_RESULT_DISAMBIGUATION
Vaccinium myrtilloides,Vaccinium myrtilloides,Vaccinium myrtilloides,Plantae Tracheophyta Magnoliopsida Ericales Ericaceae Vaccinium myrtilloides,EXACT_MATCH_PRIMARY_SOURCE_ACCEPTED_MULTI_RESULT_DISAMBIGUATION
Vaccinium pallidum,Vaccinium pallidum,Vaccinium pallidum,Plantae Tracheophyta Magnoliopsida Ericales Ericaceae Vaccinium pallidum,EXACT_MATCH_PRIMARY_SOURCE_ACCEPTED
Vaccinium stamineum,Vaccinium stamineum,Vaccinium stamineum,Plantae Tracheophyta Magnoliopsida Ericales Ericaceae Vaccinium stamineum,EXACT_MATCH_PRIMARY_SOURCE_ACCEPTED
Valerianella locusta,Valerianella locusta,Valerianella locusta,Plantae Tracheophyta Magnoliopsida Dipsacales Caprifoliaceae Valerianella locusta,EXACT_MATCH_PRIMARY_SOURCE_ACCEPTED_AMONG_SYNONYMS_SIMPLE
Valerianella radiata,Valerianella radiata,Valerianella radiata,Plantae Tracheophyta Magnoliopsida Dipsacales Caprifoliaceae Valerianella radiata,EXACT_MATCH_PRIMARY_SOURCE_ACCEPTED
Vallisneria americana,Vallisneria americana,Vallisneria americana,Plantae Tracheophyta Liliopsida Alismatales Hydrocharitaceae Vallisneria americana,EXACT_MATCH_PRIMARY_SOURCE_ACCEPTED
Veratrum hybridum,Veratrum hybridum,Veratrum hybridum,Plantae Tracheophyta Liliopsida Liliales Melanthiaceae Veratrum hybridum,EXACT_MATCH_PRIMARY_SOURCE_ACCEPTED_AMONG_SYNONYMS_SIMPLE
Veratrum viride,Veratrum viride,Veratrum viride,Plantae Tracheophyta Liliopsida Liliales Melanthiaceae Veratrum viride,EXACT_MATCH_PRIMARY_SOURCE_ACCEPTED_AMONG_SYNONYMS_SIMPLE
Verbascum blattaria,Verbascum blattaria,Verbascum blattaria,Plantae Tracheophyta Magnoliopsida Lamiales Scrophulariaceae Verbascum blattaria,EXACT_MATCH_PRIMARY_SOURCE_ACCEPTED_AMONG_SYNONYMS_SIMPLE
Verbascum phlomoides,Verbascum phlomoides,Verbascum phlomoides,Plantae Tracheophyta Magnoliopsida Lamiales Scrophulariaceae Verbascum phlomoides,EXACT_MATCH_PRIMARY_SOURCE_ACCEPTED_AMONG_SYNONYMS_SIMPLE
Verbascum thapsus,Verbascum thapsus,Verbascum thapsus,Plantae Tracheophyta Magnoliopsida Lamiales Scrophulariaceae Verbascum thapsus,EXACT_MATCH_PRIMARY_SOURCE_ACCEPTED_MULTI_RESULT_DISAMBIGUATION
Verbena hastata,Verbena hastata,Verbena hastata,Plantae Tracheophyta Magnoliopsida Lamiales Verbenaceae Verbena hastata,EXACT_MATCH_PRIMARY_SOURCE_ACCEPTED
Verbena simplex,Verbena simplex,Verbena simplex,Plantae Tracheophyta Magnoliopsida Lamiales Verbenaceae Verbena simplex,EXACT_MATCH_PRIMARY_SOURCE_ACCEPTED
Verbena urticifolia,Verbena urticifolia,Verbena urticifolia,Plantae Tracheophyta Magnoliopsida Lamiales Verbenaceae Verbena urticifolia,EXACT_MATCH_PRIMARY_SOURCE_ACCEPTED
Verbesina alternifolia,Verbesina alternifolia,Verbesina alternifolia,Plantae Tracheophyta Magnoliopsida Asterales Asteraceae Verbesina alternifolia,EXACT_MATCH_PRIMARY_SOURCE_ACCEPTED_AMONG_SYNONYMS_SIMPLE
Verbesina occidentalis,Verbesina occidentalis,Verbesina occidentalis,Plantae Tracheophyta Magnoliopsida Asterales Asteraceae Verbesina occidentalis,EXACT_MATCH_PRIMARY_SOURCE_ACCEPTED
Vernonia glauca,Vernonia glauca,Vernonia glauca,Plantae Tracheophyta Magnoliopsida Asterales Asteraceae Vernonia glauca,EXACT_MATCH_PRIMARY_SOURCE_ACCEPTED_AMONG_SYNONYMS_SIMPLE
Vernonia noveboracensis,Vernonia noveboracensis,Vernonia noveboracensis,Plantae Tracheophyta Magnoliopsida Asterales Asteraceae Vernonia noveboracensis,EXACT_MATCH_PRIMARY_SOURCE_ACCEPTED_AMONG_SYNONYMS_SIMPLE
Veronica agrestis,Veronica agrestis,Veronica agrestis,Plantae Tracheophyta Magnoliopsida Lamiales Plantaginaceae Veronica agrestis,EXACT_MATCH_PRIMARY_SOURCE_ACCEPTED_AMONG_SYNONYMS_SIMPLE
Veronica americana,Veronica americana,Veronica americana,Plantae Tracheophyta Magnoliopsida Lamiales Plantaginaceae Veronica americana,EXACT_MATCH_PRIMARY_SOURCE_ACCEPTED_AMONG_SYNONYMS_SIMPLE
Veronica anagallis-aquatica,Veronica anagallis-aquatica,Veronica anagallis-aquatica,Plantae Tracheophyta Magnoliopsida Lamiales Plantaginaceae Veronica anagallis-aquatica,EXACT_MATCH_PRIMARY_SOURCE_ACCEPTED
Veronica arvensis,Veronica arvensis,Veronica arvensis,Plantae Tracheophyta Magnoliopsida Lamiales Plantaginaceae Veronica arvensis,EXACT_MATCH_PRIMARY_SOURCE_ACCEPTED_MULTI_RESULT_DISAMBIGUATION
Veronica dillenii,Veronica dillenii,Veronica dillenii,Plantae Tracheophyta Magnoliopsida Lamiales Plantaginaceae Veronica dillenii,EXACT_MATCH_PRIMARY_SOURCE_ACCEPTED
Veronica hederifolia,Veronica hederifolia,Veronica hederifolia,Plantae Tracheophyta Magnoliopsida Lamiales Plantaginaceae Veronica hederifolia,EXACT_MATCH_PRIMARY_SOURCE_ACCEPTED_MULTI_RESULT_DISAMBIGUATION
Veronica officinalis,Veronica officinalis,Veronica officinalis,Plantae Tracheophyta Magnoliopsida Lamiales Plantaginaceae Veronica officinalis,EXACT_MATCH_PRIMARY_SOURCE_ACCEPTED
Veronica peregrina,Veronica peregrina,Veronica peregrina,Plantae Tracheophyta Magnoliopsida Lamiales Plantaginaceae Veronica peregrina,EXACT_MATCH_PRIMARY_SOURCE_ACCEPTED_AMONG_SYNONYMS_SIMPLE
Veronica persica,Veronica persica,Veronica persica,Plantae Tracheophyta Magnoliopsida Lamiales Plantaginaceae Veronica persica,EXACT_MATCH_PRIMARY_SOURCE_ACCEPTED
Veronica scutellata,Veronica scutellata,Veronica scutellata,Plantae Tracheophyta Magnoliopsida Lamiales Plantaginaceae Veronica scutellata,EXACT_MATCH_PRIMARY_SOURCE_ACCEPTED
Veronica serpyllifolia,Veronica serpyllifolia,Veronica serpyllifolia,Plantae Tracheophyta Magnoliopsida Lamiales Plantaginaceae Veronica serpyllifolia,EXACT_MATCH_PRIMARY_SOURCE_ACCEPTED_MULTI_RESULT_DISAMBIGUATION
Viburnum acerifolium,Viburnum acerifolium,Viburnum acerifolium,Plantae Tracheophyta Magnoliopsida Dipsacales Viburnaceae Viburnum acerifolium,EXACT_MATCH_PRIMARY_SOURCE_ACCEPTED_AMONG_SYNONYMS_SIMPLE
Viburnum dentatum,Viburnum dentatum,Viburnum dentatum,Plantae Tracheophyta Magnoliopsida Dipsacales Viburnaceae Viburnum dentatum,EXACT_MATCH_PRIMARY_SOURCE_ACCEPTED_AMONG_SYNONYMS_SIMPLE
Viburnum edule,Viburnum edule,Viburnum edule,Plantae Tracheophyta Magnoliopsida Dipsacales Viburnaceae Viburnum edule,EXACT_MATCH_PRIMARY_SOURCE_ACCEPTED
Viburnum nudum,Viburnum nudum,Viburnum nudum,Plantae Tracheophyta Magnoliopsida Dipsacales Viburnaceae Viburnum nudum,EXACT_MATCH_PRIMARY_SOURCE_ACCEPTED
Viburnum opulus,Viburnum opulus,Viburnum opulus,Plantae Tracheophyta Magnoliopsida Dipsacales Viburnaceae Viburnum opulus,EXACT_MATCH_PRIMARY_SOURCE_ACCEPTED
Viburnum prunifolium,Viburnum prunifolium,Viburnum prunifolium,Plantae Tracheophyta Magnoliopsida Dipsacales Viburnaceae Viburnum prunifolium,EXACT_MATCH_PRIMARY_SOURCE_ACCEPTED
Viburnum rafinesquianum,Viburnum rafinesquianum,Viburnum rafinesquianum,Plantae Tracheophyta Magnoliopsida Dipsacales Viburnaceae Viburnum rafinesquianum,EXACT_MATCH_PRIMARY_SOURCE_ACCEPTED
Vicia caroliniana,Vicia caroliniana,Vicia caroliniana,Plantae Tracheophyta Magnoliopsida Fabales Fabaceae Vicia caroliniana,EXACT_MATCH_PRIMARY_SOURCE_ACCEPTED
Vicia sativa,Vicia sativa,Vicia sativa,Plantae Tracheophyta Magnoliopsida Fabales Fabaceae Vicia sativa,EXACT_MATCH_PRIMARY_SOURCE_ACCEPTED_MULTI_RESULT_DISAMBIGUATION
Vicia villosa,Vicia villosa,Vicia villosa,Plantae Tracheophyta Magnoliopsida Fabales Fabaceae Vicia villosa,EXACT_MATCH_PRIMARY_SOURCE_ACCEPTED_AMONG_SYNONYMS_SIMPLE
Vinca major,Vinca major,Vinca major,Plantae Tracheophyta Magnoliopsida Gentianales Apocynaceae Vinca major,EXACT_MATCH_PRIMARY_SOURCE_ACCEPTED_AMONG_SYNONYMS_SIMPLE
Vinca minor,Vinca minor,Vinca minor,Plantae Tracheophyta Magnoliopsida Gentianales Apocynaceae Vinca minor,EXACT_MATCH_PRIMARY_SOURCE_ACCEPTED_MULTI_RESULT_DISAMBIGUATION
Viola affinis,Viola affinis,Viola affinis,Plantae Tracheophyta Magnoliopsida Malpighiales Violaceae Viola affinis,EXACT_MATCH_PRIMARY_SOURCE_ACCEPTED
Viola arvensis,Viola arvensis,Viola arvensis,Plantae Tracheophyta Magnoliopsida Malpighiales Violaceae Viola arvensis,EXACT_MATCH_PRIMARY_SOURCE_ACCEPTED
Viola blanda,Viola blanda,Viola blanda,Plantae Tracheophyta Magnoliopsida Malpighiales Violaceae Viola blanda,EXACT_MATCH_PRIMARY_SOURCE_ACCEPTED_MULTI_RESULT_DISAMBIGUATION
Viola canadensis,Viola canadensis,Viola canadensis,Plantae Tracheophyta Magnoliopsida Malpighiales Violaceae Viola canadensis,EXACT_MATCH_PRIMARY_SOURCE_ACCEPTED
Viola cucullata,Viola cucullata,Viola cucullata,Plantae Tracheophyta Magnoliopsida Malpighiales Violaceae Viola cucullata,EXACT_MATCH_PRIMARY_SOURCE_ACCEPTED_AMONG_SYNONYMS_SIMPLE
Viola hirsutula,Viola hirsutula,Viola hirsutula,Plantae Tracheophyta Magnoliopsida Malpighiales Violaceae Viola hirsutula,EXACT_MATCH_PRIMARY_SOURCE_ACCEPTED
Viola labradorica,Viola labradorica,Viola labradorica,Plantae Tracheophyta Magnoliopsida Malpighiales Violaceae Viola labradorica,EXACT_MATCH_PRIMARY_SOURCE_ACCEPTED
Viola lanceolata,Viola lanceolata,Viola lanceolata,Plantae Tracheophyta Magnoliopsida Malpighiales Violaceae Viola lanceolata,EXACT_MATCH_PRIMARY_SOURCE_ACCEPTED_AMONG_SYNONYMS_SIMPLE
Viola pedata,Viola pedata,Viola pedata,Plantae Tracheophyta Magnoliopsida Malpighiales Violaceae Viola pedata,EXACT_MATCH_PRIMARY_SOURCE_ACCEPTED
Viola pubescens,Viola pubescens,Viola pubescens,Plantae Tracheophyta Magnoliopsida Malpighiales Violaceae Viola pubescens,EXACT_MATCH_PRIMARY_SOURCE_ACCEPTED
Viola sagittata,Viola sagittata,Viola sagittata,Plantae Tracheophyta Magnoliopsida Malpighiales Violaceae Viola sagittata,EXACT_MATCH_PRIMARY_SOURCE_ACCEPTED
Viola sororia,Viola sororia,Viola sororia,Plantae Tracheophyta Magnoliopsida Malpighiales Violaceae Viola sororia,EXACT_MATCH_PRIMARY_SOURCE_ACCEPTED
Viola striata,Viola striata,Viola striata,Plantae Tracheophyta Magnoliopsida Malpighiales Violaceae Viola striata,EXACT_MATCH_PRIMARY_SOURCE_ACCEPTED_MULTI_RESULT_DISAMBIGUATION
Viola subsinuata,Viola subsinuata,Viola subsinuata,Plantae Tracheophyta Magnoliopsida Malpighiales Violaceae Viola subsinuata,EXACT_MATCH_PRIMARY_SOURCE_ACCEPTED
Vitis aestivalis,Vitis aestivalis,Vitis aestivalis,Plantae Tracheophyta Magnoliopsida Vitales Vitaceae Vitis aestivalis,EXACT_MATCH_PRIMARY_SOURCE_ACCEPTED_AMONG_SYNONYMS_SIMPLE
Vitis labrusca,Vitis labrusca,Vitis labrusca,Plantae Tracheophyta Magnoliopsida Vitales Vitaceae Vitis labrusca,EXACT_MATCH_PRIMARY_SOURCE_ACCEPTED_AMONG_SYNONYMS_SIMPLE
Vitis riparia,Vitis riparia,Vitis riparia,Plantae Tracheophyta Magnoliopsida Vitales Vitaceae Vitis riparia,EXACT_MATCH_PRIMARY_SOURCE_ACCEPTED_AMONG_SYNONYMS_SIMPLE
Vitis rotundifolia,Vitis rotundifolia,Vitis rotundifolia,Plantae Tracheophyta Magnoliopsida Vitales Vitaceae Vitis rotundifolia,EXACT_MATCH_PRIMARY_SOURCE_ACCEPTED_AMONG_SYNONYMS_SIMPLE
Vitis vulpina,Vitis vulpina,Vitis vulpina,Plantae Tracheophyta Magnoliopsida Vitales Vitaceae Vitis vulpina,EXACT_MATCH_PRIMARY_SOURCE_ACCEPTED_AMONG_SYNONYMS_SIMPLE
Vulpia octoflora,Festuca octoflora,Vulpia octoflora,Plantae Tracheophyta Liliopsida Poales Poaceae Festuca octoflora,EXACT_MATCH_PRIMARY_SOURCE_SYNONYM_SIMPLE
Wisteria frutescens,Wisteria frutescens,Wisteria frutescens,Plantae Tracheophyta Magnoliopsida Fabales Fabaceae Wisteria frutescens,EXACT_MATCH_PRIMARY_SOURCE_ACCEPTED
Wolffia brasiliensis,Wolffia brasiliensis,Wolffia brasiliensis,Plantae Tracheophyta Liliopsida Alismatales Araceae Wolffia brasiliensis,EXACT_MATCH_PRIMARY_SOURCE_ACCEPTED
Wolffia columbiana,Wolffia columbiana,Wolffia columbiana,Plantae Tracheophyta Liliopsida Alismatales Araceae Wolffia columbiana,EXACT_MATCH_PRIMARY_SOURCE_ACCEPTED
Woodsia ilvensis,Woodsia ilvensis,Woodsia ilvensis,Plantae Tracheophyta Polypodiopsida Polypodiales Woodsiaceae Woodsia ilvensis,EXACT_MATCH_PRIMARY_SOURCE_ACCEPTED
Woodsia obtusa,Physematium obtusum,Woodsia obtusa,Plantae Tracheophyta Polypodiopsida Polypodiales Woodsiaceae Physematium obtusum,EXACT_MATCH_PRIMARY_SOURCE_SYNONYM_SIMPLE
Xanthium spinosum,Xanthium spinosum,Xanthium spinosum,Plantae Tracheophyta Magnoliopsida Asterales Asteraceae Xanthium spinosum,EXACT_MATCH_PRIMARY_SOURCE_ACCEPTED
Xanthium strumarium,Xanthium strumarium,Xanthium strumarium,Plantae Tracheophyta Magnoliopsida Asterales Asteraceae Xanthium strumarium,EXACT_MATCH_PRIMARY_SOURCE_ACCEPTED_MULTI_RESULT_DISAMBIGUATION
Yucca filamentosa,Yucca filamentosa,Yucca filamentosa,Plantae Tracheophyta Liliopsida Asparagales Asparagaceae Yucca filamentosa,EXACT_MATCH_PRIMARY_SOURCE_ACCEPTED_MULTI_RESULT_DISAMBIGUATION
Zannichellia palustris,Zannichellia palustris,Zannichellia palustris,Plantae Tracheophyta Liliopsida Alismatales Potamogetonaceae Zannichellia palustris,EXACT_MATCH_PRIMARY_SOURCE_ACCEPTED
Zanthoxylum americanum,Zanthoxylum americanum,Zanthoxylum americanum,Plantae Tracheophyta Magnoliopsida Sapindales Rutaceae Zanthoxylum americanum,EXACT_MATCH_PRIMARY_SOURCE_ACCEPTED
Zizia aptera,Zizia aptera,Zizia aptera,Plantae Tracheophyta Magnoliopsida Apiales Apiaceae Zizia aptera,EXACT_MATCH_PRIMARY_SOURCE_ACCEPTED
Zizia aurea,Zizia aurea,Zizia aurea,Plantae Tracheophyta Magnoliopsida Apiales Apiaceae Zizia aurea,EXACT_MATCH_PRIMARY_SOURCE_ACCEPTED
Zizia trifoliata,Zizia trifoliata,Zizia trifoliata,Plantae Tracheophyta Magnoliopsida Apiales Apiaceae Zizia trifoliata,EXACT_MATCH_PRIMARY_SOURCE_ACCEPTED
