label,resolved_labels,resolved_scientific_names,resolved_taxonomic_labels,taxonopy_resolution_statuses
Abelmoschus Medik.,Abelmoschus ,Abelmoschus Medik.,Plantae Tracheophyta Magnoliopsida Malvales Malvaceae Abelmoschus,EXACT_MATCH_PRIMARY_SOURCE_ACCEPTED_SIMPLE
Abelmoschus esculentus (L.) Moench,Abelmoschus esculentus,Abelmoschus esculentus (L.) Moench,Plantae Tracheophyta Magnoliopsida Malvales Malvaceae Abelmoschus esculentus,EXACT_MATCH_PRIMARY_SOURCE_ACCEPTED_SIMPLE
Abies Mill.,Abies ,Abies Mill.,Plantae Tracheophyta Pinopsida Pinales Pinaceae Abies,EXACT_MATCH_PRIMARY_SOURCE_ACCEPTED_AUTHOR_DISAMBIGUATION
Abies balsamea (L.) Mill.,Abies balsamea,Abies balsamea (L.) Mill.,Plantae Tracheophyta Pinopsida Pinales Pinaceae Abies balsamea,EXACT_MATCH_PRIMARY_SOURCE_ACCEPTED_SIMPLE
Abies fraseri (Pursh) Poir.,Abies fraseri,Abies fraseri (Pursh) Poir.,Plantae Tracheophyta Pinopsida Pinales Pinaceae Abies fraseri,EXACT_MATCH_PRIMARY_SOURCE_ACCEPTED_AUTHOR_DISAMBIGUATION
Abutilon Mill.,Abutilon ,Abutilon Mill.,Plantae Tracheophyta Magnoliopsida Malvales Malvaceae Abutilon,EXACT_MATCH_PRIMARY_SOURCE_MULT_ACCEPTED
Abutilon theophrasti Medik.,Abutilon theophrasti,Abutilon theophrasti Medik.,Plantae Tracheophyta Magnoliopsida Malvales Malvaceae Abutilon theophrasti,EXACT_MATCH_PRIMARY_SOURCE_ACCEPTED_SIMPLE
Acalypha L.,Acalypha ,Acalypha L.,Plantae Tracheophyta Magnoliopsida Malpighiales Euphorbiaceae Acalypha,EXACT_MATCH_PRIMARY_SOURCE_ACCEPTED_AUTHOR_DISAMBIGUATION
Acalypha deamii (Weath.) H.E. Ahles,Acalypha deamii,Acalypha deamii (Weath.) H.E. Ahles,Plantae Tracheophyta Magnoliopsida Malpighiales Euphorbiaceae Acalypha deamii,EXACT_MATCH_PRIMARY_SOURCE_ACCEPTED_SIMPLE
Acalypha gracilens A. Gray,Acalypha gracilens,Acalypha gracilens A. Gray,Plantae Tracheophyta Magnoliopsida Malpighiales Euphorbiaceae Acalypha gracilens,EXACT_MATCH_PRIMARY_SOURCE_ACCEPTED_SIMPLE
Acalypha ostryifolia Riddell,Acalypha ostryifolia,Acalypha ostryifolia Riddell,Plantae Tracheophyta Magnoliopsida Malpighiales Euphorbiaceae Acalypha ostryifolia,EXACT_MATCH_PRIMARY_SOURCE_ACCEPTED_AMONG_SYNONYMS_SIMPLE
Acalypha rhomboidea Raf.,Acalypha rhomboidea,Acalypha rhomboidea Raf.,Plantae Tracheophyta Magnoliopsida Malpighiales Euphorbiaceae Acalypha rhomboidea,EXACT_MATCH_PRIMARY_SOURCE_ACCEPTED_SIMPLE
Acalypha virginica L.,Acalypha virginica,Acalypha virginica L.,Plantae Tracheophyta Magnoliopsida Malpighiales Euphorbiaceae Acalypha virginica,EXACT_MATCH_PRIMARY_SOURCE_ACCEPTED_AMONG_SYNONYMS_SIMPLE
Acanthospermum Schrank,Acanthospermum ,Acanthospermum Schrank,Plantae Tracheophyta Magnoliopsida Asterales Asteraceae Acanthospermum,EXACT_MATCH_PRIMARY_SOURCE_ACCEPTED_SIMPLE
Acanthospermum australe (Loefl.) Kuntze,Acanthospermum australe,Acanthospermum australe (Loefl.) Kuntze,Plantae Tracheophyta Magnoliopsida Asterales Asteraceae Acanthospermum australe,EXACT_MATCH_PRIMARY_SOURCE_ACCEPTED_SIMPLE
Acanthospermum hispidum DC.,Acanthospermum hispidum,Acanthospermum hispidum DC.,Plantae Tracheophyta Magnoliopsida Asterales Asteraceae Acanthospermum hispidum,EXACT_MATCH_PRIMARY_SOURCE_ACCEPTED_SIMPLE
Acarospora A. Massal.,Acarospora ,Acarospora A. Massal.,Fungi Ascomycota Lecanoromycetes Acarosporales Acarosporaceae Acarospora,EXACT_MATCH_PRIMARY_SOURCE_ACCEPTED_SIMPLE
Acer L.,Acer ,Acer L.,Plantae Tracheophyta Magnoliopsida Sapindales Sapindaceae Acer,EXACT_MATCH_PRIMARY_SOURCE_ACCEPTED_AUTHOR_DISAMBIGUATION
Acer floridanum (Chapm.) Pax,Acer floridanum,Acer floridanum (Chapm.) Pax,Plantae Tracheophyta Magnoliopsida Sapindales Sapindaceae Acer floridanum,EXACT_MATCH_PRIMARY_SOURCE_ACCEPTED_AMONG_SYNONYMS_SIMPLE
Acer negundo L.,Acer negundo,Acer negundo L.,Plantae Tracheophyta Magnoliopsida Sapindales Sapindaceae Acer negundo,EXACT_MATCH_PRIMARY_SOURCE_ACCEPTED_SIMPLE
Acer nigrum Michx. f.,Acer nigrum,Acer nigrum Michx. f.,Plantae Tracheophyta Magnoliopsida Sapindales Sapindaceae Acer nigrum,EXACT_MATCH_PRIMARY_SOURCE_ACCEPTED_SIMPLE
Acer pensylvanicum L.,Acer pensylvanicum,Acer pensylvanicum L.,Plantae Tracheophyta Magnoliopsida Sapindales Sapindaceae Acer pensylvanicum,EXACT_MATCH_PRIMARY_SOURCE_ACCEPTED_AMONG_SYNONYMS_SIMPLE
Acer platanoides L.,Acer platanoides,Acer platanoides L.,Plantae Tracheophyta Magnoliopsida Sapindales Sapindaceae Acer platanoides,EXACT_MATCH_PRIMARY_SOURCE_ACCEPTED_SIMPLE
Acer rubrum L.,Acer rubrum,Acer rubrum L.,Plantae Tracheophyta Magnoliopsida Sapindales Sapindaceae Acer rubrum,EXACT_MATCH_PRIMARY_SOURCE_ACCEPTED_AUTHOR_DISAMBIGUATION
Acer saccharinum L.,Acer saccharinum,Acer saccharinum L.,Plantae Tracheophyta Magnoliopsida Sapindales Sapindaceae Acer saccharinum,EXACT_MATCH_PRIMARY_SOURCE_ACCEPTED_AMONG_SYNONYMS_SIMPLE
Acer saccharum Marshall,Acer saccharum,Acer saccharum Marshall,Plantae Tracheophyta Magnoliopsida Sapindales Sapindaceae Acer saccharum,EXACT_MATCH_PRIMARY_SOURCE_ACCEPTED_SIMPLE
Acer spicatum Lam.,Acer spicatum,Acer spicatum Lam.,Plantae Tracheophyta Magnoliopsida Sapindales Sapindaceae Acer spicatum,EXACT_MATCH_PRIMARY_SOURCE_ACCEPTED_SIMPLE
Achillea L.,Achillea ,Achillea L.,Plantae Tracheophyta Magnoliopsida Asterales Asteraceae Achillea,EXACT_MATCH_PRIMARY_SOURCE_ACCEPTED_AUTHOR_DISAMBIGUATION
Achillea millefolium L.,Achillea millefolium,Achillea millefolium L.,Plantae Tracheophyta Magnoliopsida Asterales Asteraceae Achillea millefolium,EXACT_MATCH_PRIMARY_SOURCE_ACCEPTED_AUTHOR_DISAMBIGUATION
Acinos Mill.,Acinos ,Acinos Mill.,Plantae Tracheophyta Magnoliopsida Lamiales Lamiaceae Acinos,EXACT_MATCH_PRIMARY_SOURCE_ACCEPTED_AMONG_SYNONYMS_SIMPLE
Acinos arvensis (Lam.) Dandy,Clinopodium acinos,Acinos arvensis (Lam.) Dandy,Plantae Tracheophyta Magnoliopsida Lamiales Lamiaceae Clinopodium acinos,EXACT_MATCH_PRIMARY_SOURCE_SYNONYM_SIMPLE
Aconitum L.,Aconitum ,Aconitum L.,Plantae Tracheophyta Magnoliopsida Ranunculales Ranunculaceae Aconitum,EXACT_MATCH_PRIMARY_SOURCE_ACCEPTED_AUTHOR_DISAMBIGUATION
Aconitum reclinatum A. Gray,Aconitum reclinatum,Aconitum reclinatum A. Gray,Plantae Tracheophyta Magnoliopsida Ranunculales Ranunculaceae Aconitum reclinatum,EXACT_MATCH_PRIMARY_SOURCE_MULT_ACCEPTED
Aconitum uncinatum L.,Aconitum uncinatum,Aconitum uncinatum L.,Plantae Tracheophyta Magnoliopsida Ranunculales Ranunculaceae Aconitum uncinatum,EXACT_MATCH_PRIMARY_SOURCE_ACCEPTED_AUTHOR_DISAMBIGUATION
Acorus L.,Acorus ,Acorus L.,Plantae Tracheophyta Liliopsida Acorales Acoraceae Acorus,EXACT_MATCH_PRIMARY_SOURCE_ACCEPTED_AUTHOR_DISAMBIGUATION
Acorus americanus (Raf.) Raf.,Acorus calamus,Acorus americanus (Raf.) Raf.,Plantae Tracheophyta Liliopsida Acorales Acoraceae Acorus calamus,EXACT_MATCH_PRIMARY_SOURCE_SYNONYM_SIMPLE
Actaea L.,Actaea ,Actaea L.,Plantae Tracheophyta Magnoliopsida Ranunculales Ranunculaceae Actaea,EXACT_MATCH_PRIMARY_SOURCE_ACCEPTED_AUTHOR_DISAMBIGUATION
Actaea pachypoda Elliott,Actaea pachypoda,Actaea pachypoda Elliott,Plantae Tracheophyta Magnoliopsida Ranunculales Ranunculaceae Actaea pachypoda,EXACT_MATCH_PRIMARY_SOURCE_ACCEPTED_SIMPLE
Actaea podocarpa DC.,Actaea podocarpa,Actaea podocarpa DC.,Plantae Tracheophyta Magnoliopsida Ranunculales Ranunculaceae Actaea podocarpa,EXACT_MATCH_PRIMARY_SOURCE_ACCEPTED_AMONG_SYNONYMS_SIMPLE
Actaea racemosa L.,Actaea racemosa,Actaea racemosa L.,Plantae Tracheophyta Magnoliopsida Ranunculales Ranunculaceae Actaea racemosa,EXACT_MATCH_PRIMARY_SOURCE_ACCEPTED_AMONG_SYNONYMS_SIMPLE
Actaea rubifolia (Kearney) Kartesz,Actaea rubifolia,Actaea rubifolia (Kearney) Kartesz,Plantae Tracheophyta Magnoliopsida Ranunculales Ranunculaceae Actaea rubifolia,EXACT_MATCH_PRIMARY_SOURCE_ACCEPTED_SIMPLE
Adiantum L.,Adiantum ,Adiantum L.,Plantae Tracheophyta Polypodiopsida Polypodiales Pteridaceae Adiantum,EXACT_MATCH_PRIMARY_SOURCE_ACCEPTED_AUTHOR_DISAMBIGUATION
Adiantum capillus-veneris L.,Adiantum capillus-veneris,Adiantum capillus-veneris L.,Plantae Tracheophyta Polypodiopsida Polypodiales Pteridaceae Adiantum capillus-veneris,EXACT_MATCH_PRIMARY_SOURCE_ACCEPTED_SIMPLE
Adiantum pedatum L.,Adiantum pedatum,Adiantum pedatum L.,Plantae Tracheophyta Polypodiopsida Polypodiales Pteridaceae Adiantum pedatum,EXACT_MATCH_PRIMARY_SOURCE_ACCEPTED_AMONG_SYNONYMS_SIMPLE
Adlumia Raf. ex DC.,Adlumia ,Adlumia Raf. ex DC.,Plantae Tracheophyta Magnoliopsida Ranunculales Papaveraceae Adlumia,EXACT_MATCH_PRIMARY_SOURCE_ACCEPTED_AUTHOR_DISAMBIGUATION
"Adlumia fungosa (Aiton) Greene ex Britton, Sterns & Poggenb.",Adlumia fungosa,"Adlumia fungosa (Aiton) Greene ex Britton, Sterns & Poggenb.",Plantae Tracheophyta Magnoliopsida Ranunculales Papaveraceae Adlumia fungosa,EXACT_MATCH_PRIMARY_SOURCE_MULT_ACCEPTED
Aegilops L.,Aegilops ,Aegilops L.,Plantae Tracheophyta Liliopsida Poales Poaceae Aegilops,EXACT_MATCH_PRIMARY_SOURCE_ACCEPTED_AUTHOR_DISAMBIGUATION
Aegilops cylindrica Host,Aegilops cylindrica,Aegilops cylindrica Host,Plantae Tracheophyta Liliopsida Poales Poaceae Aegilops cylindrica,EXACT_MATCH_PRIMARY_SOURCE_ACCEPTED_AUTHOR_DISAMBIGUATION
Aegilops geniculata Roth,Aegilops geniculata,Aegilops geniculata Roth,Plantae Tracheophyta Liliopsida Poales Poaceae Aegilops geniculata,EXACT_MATCH_PRIMARY_SOURCE_ACCEPTED_AMONG_SYNONYMS_SIMPLE
Aegilops neglecta Req. ex Bertol.,Aegilops neglecta,Aegilops neglecta Req. ex Bertol.,Plantae Tracheophyta Liliopsida Poales Poaceae Aegilops neglecta,EXACT_MATCH_PRIMARY_SOURCE_ACCEPTED_AMONG_SYNONYMS_SIMPLE
Aegopodium L.,Aegopodium ,Aegopodium L.,Plantae Tracheophyta Magnoliopsida Apiales Apiaceae Aegopodium,EXACT_MATCH_PRIMARY_SOURCE_ACCEPTED_AUTHOR_DISAMBIGUATION
Aegopodium podagraria L.,Aegopodium podagraria,Aegopodium podagraria L.,Plantae Tracheophyta Magnoliopsida Apiales Apiaceae Aegopodium podagraria,EXACT_MATCH_PRIMARY_SOURCE_ACCEPTED_SIMPLE
Aeschynomene L.,Aeschynomene ,Aeschynomene L.,Plantae Tracheophyta Magnoliopsida Fabales Fabaceae Aeschynomene,EXACT_MATCH_PRIMARY_SOURCE_ACCEPTED_AUTHOR_DISAMBIGUATION
Aeschynomene indica L.,Aeschynomene indica,Aeschynomene indica L.,Plantae Tracheophyta Magnoliopsida Fabales Fabaceae Aeschynomene indica,EXACT_MATCH_PRIMARY_SOURCE_ACCEPTED_AMONG_SYNONYMS_SIMPLE
"Aeschynomene virginica (L.) Britton, Sterns & Poggenb.",Aeschynomene virginica,"Aeschynomene virginica (L.) Britton, Sterns & Poggenb.",Plantae Tracheophyta Magnoliopsida Fabales Fabaceae Aeschynomene virginica,EXACT_MATCH_PRIMARY_SOURCE_ACCEPTED_SIMPLE
Aesculus L.,Aesculus ,Aesculus L.,Plantae Tracheophyta Magnoliopsida Sapindales Sapindaceae Aesculus,EXACT_MATCH_PRIMARY_SOURCE_ACCEPTED_AUTHOR_DISAMBIGUATION
Aesculus flava Aiton,Aesculus flava,Aesculus flava Aiton,Plantae Tracheophyta Magnoliopsida Sapindales Sapindaceae Aesculus flava,EXACT_MATCH_PRIMARY_SOURCE_ACCEPTED_AMONG_SYNONYMS_SIMPLE
Aesculus glabra Willd.,Aesculus glabra,Aesculus glabra Willd.,Plantae Tracheophyta Magnoliopsida Sapindales Sapindaceae Aesculus glabra,EXACT_MATCH_PRIMARY_SOURCE_ACCEPTED_SIMPLE
Aesculus hippocastanum L.,Aesculus hippocastanum,Aesculus hippocastanum L.,Plantae Tracheophyta Magnoliopsida Sapindales Sapindaceae Aesculus hippocastanum,EXACT_MATCH_PRIMARY_SOURCE_ACCEPTED_SIMPLE
Aesculus pavia L.,Aesculus pavia,Aesculus pavia L.,Plantae Tracheophyta Magnoliopsida Sapindales Sapindaceae Aesculus pavia,EXACT_MATCH_PRIMARY_SOURCE_ACCEPTED_AUTHOR_DISAMBIGUATION
Aesculus sylvatica W. Bartram,Aesculus sylvatica,Aesculus sylvatica W. Bartram,Plantae Tracheophyta Magnoliopsida Sapindales Sapindaceae Aesculus sylvatica,EXACT_MATCH_PRIMARY_SOURCE_ACCEPTED_SIMPLE
Aesculus ×hybrida DC. (pro sp.) [flava × pavia],Aesculus hybrida,Aesculus ×hybrida DC. (pro sp.) [flava × pavia],Plantae Tracheophyta Magnoliopsida Sapindales Sapindaceae Aesculus hybrida,EXACT_MATCH_PRIMARY_SOURCE_ACCEPTED_SIMPLE
Aesculus ×neglecta Lindl. (pro sp.) [flava × sylvatica],Aesculus neglecta,Aesculus ×neglecta Lindl. (pro sp.) [flava × sylvatica],Plantae Tracheophyta Magnoliopsida Sapindales Sapindaceae Aesculus neglecta,EXACT_MATCH_PRIMARY_SOURCE_ACCEPTED_SIMPLE
Agalinis Raf.,Agalinis ,Agalinis Raf.,Plantae Tracheophyta Magnoliopsida Lamiales Orobanchaceae Agalinis,EXACT_MATCH_PRIMARY_SOURCE_ACCEPTED_SIMPLE
Agalinis auriculata (Michx.) S.F. Blake,Agalinis auriculata,Agalinis auriculata (Michx.) S.F. Blake,Plantae Tracheophyta Magnoliopsida Lamiales Orobanchaceae Agalinis auriculata,EXACT_MATCH_PRIMARY_SOURCE_ACCEPTED_SIMPLE
Agalinis fasciculata (Elliott) Raf.,Agalinis fasciculata,Agalinis fasciculata (Elliott) Raf.,Plantae Tracheophyta Magnoliopsida Lamiales Orobanchaceae Agalinis fasciculata,EXACT_MATCH_PRIMARY_SOURCE_ACCEPTED_SIMPLE
Agalinis linifolia (Nutt.) Britton,Agalinis linifolia,Agalinis linifolia (Nutt.) Britton,Plantae Tracheophyta Magnoliopsida Lamiales Orobanchaceae Agalinis linifolia,EXACT_MATCH_PRIMARY_SOURCE_ACCEPTED_SIMPLE
Agalinis maritima (Raf.) Raf.,Agalinis maritima,Agalinis maritima (Raf.) Raf.,Plantae Tracheophyta Magnoliopsida Lamiales Orobanchaceae Agalinis maritima,EXACT_MATCH_PRIMARY_SOURCE_ACCEPTED_SIMPLE
Agalinis obtusifolia Raf.,Agalinis obtusifolia,Agalinis obtusifolia Raf.,Plantae Tracheophyta Magnoliopsida Lamiales Orobanchaceae Agalinis obtusifolia,EXACT_MATCH_PRIMARY_SOURCE_ACCEPTED_SIMPLE
Agalinis paupercula (A. Gray) Britton,Agalinis purpurea,Agalinis paupercula (A. Gray) Britton,Plantae Tracheophyta Magnoliopsida Lamiales Orobanchaceae Agalinis purpurea,EXACT_MATCH_PRIMARY_SOURCE_SYNONYM_SIMPLE
Agalinis setacea (J.F. Gmel.) Raf.,Agalinis setacea,Agalinis setacea (J.F. Gmel.) Raf.,Plantae Tracheophyta Magnoliopsida Lamiales Orobanchaceae Agalinis setacea,EXACT_MATCH_PRIMARY_SOURCE_ACCEPTED_SIMPLE
Agalinis tenuifolia (Vahl) Raf.,Agalinis tenuifolia,Agalinis tenuifolia (Vahl) Raf.,Plantae Tracheophyta Magnoliopsida Lamiales Orobanchaceae Agalinis tenuifolia,EXACT_MATCH_PRIMARY_SOURCE_ACCEPTED_AMONG_SYNONYMS_SIMPLE
Agastache Clayton ex Gronov.,Agastache ,Agastache Clayton ex Gronov.,Plantae Tracheophyta Magnoliopsida Lamiales Lamiaceae Agastache,EXACT_MATCH_PRIMARY_SOURCE_ACCEPTED_SIMPLE
Agastache nepetoides (L.) Kuntze,Agastache nepetoides,Agastache nepetoides (L.) Kuntze,Plantae Tracheophyta Magnoliopsida Lamiales Lamiaceae Agastache nepetoides,EXACT_MATCH_PRIMARY_SOURCE_ACCEPTED_AUTHOR_DISAMBIGUATION
Agastache scrophulariifolia (Willd.) Kuntze,Agastache scrophulariifolia,Agastache scrophulariifolia (Willd.) Kuntze,Plantae Tracheophyta Magnoliopsida Lamiales Lamiaceae Agastache scrophulariifolia,EXACT_MATCH_PRIMARY_SOURCE_ACCEPTED_AUTHOR_DISAMBIGUATION
Ageratina Spach,Ageratina ,Ageratina Spach,Plantae Tracheophyta Magnoliopsida Asterales Asteraceae Ageratina,EXACT_MATCH_PRIMARY_SOURCE_ACCEPTED_AUTHOR_DISAMBIGUATION
Ageratina altissima (L.) R.M. King & H. Rob.,Ageratina altissima,Ageratina altissima (L.) R.M. King & H. Rob.,Plantae Tracheophyta Magnoliopsida Asterales Asteraceae Ageratina altissima,EXACT_MATCH_PRIMARY_SOURCE_ACCEPTED_SIMPLE
Ageratina aromatica (L.) Spach,Ageratina aromatica,Ageratina aromatica (L.) Spach,Plantae Tracheophyta Magnoliopsida Asterales Asteraceae Ageratina aromatica,EXACT_MATCH_PRIMARY_SOURCE_ACCEPTED_SIMPLE
Agrimonia L.,Agrimonia ,Agrimonia L.,Plantae Tracheophyta Magnoliopsida Rosales Rosaceae Agrimonia,EXACT_MATCH_PRIMARY_SOURCE_ACCEPTED_AUTHOR_DISAMBIGUATION
Agrimonia gryposepala Wallr.,Agrimonia gryposepala,Agrimonia gryposepala Wallr.,Plantae Tracheophyta Magnoliopsida Rosales Rosaceae Agrimonia gryposepala,EXACT_MATCH_PRIMARY_SOURCE_ACCEPTED_SIMPLE
Agrimonia microcarpa Wallr.,Agrimonia microcarpa,Agrimonia microcarpa Wallr.,Plantae Tracheophyta Magnoliopsida Rosales Rosaceae Agrimonia microcarpa,EXACT_MATCH_PRIMARY_SOURCE_ACCEPTED_SIMPLE
Agrimonia parviflora Aiton,Agrimonia parviflora,Agrimonia parviflora Aiton,Plantae Tracheophyta Magnoliopsida Rosales Rosaceae Agrimonia parviflora,EXACT_MATCH_PRIMARY_SOURCE_ACCEPTED_AUTHOR_DISAMBIGUATION
Agrimonia pubescens Wallr.,Agrimonia pubescens,Agrimonia pubescens Wallr.,Plantae Tracheophyta Magnoliopsida Rosales Rosaceae Agrimonia pubescens,EXACT_MATCH_PRIMARY_SOURCE_ACCEPTED_SIMPLE
Agrimonia rostellata Wallr.,Agrimonia rostellata,Agrimonia rostellata Wallr.,Plantae Tracheophyta Magnoliopsida Rosales Rosaceae Agrimonia rostellata,EXACT_MATCH_PRIMARY_SOURCE_ACCEPTED_SIMPLE
Agrostemma L.,Agrostemma ,Agrostemma L.,Plantae Tracheophyta Magnoliopsida Caryophyllales Caryophyllaceae Agrostemma,EXACT_MATCH_PRIMARY_SOURCE_ACCEPTED_AUTHOR_DISAMBIGUATION
Agrostemma githago L.,Agrostemma githago,Agrostemma githago L.,Plantae Tracheophyta Magnoliopsida Caryophyllales Caryophyllaceae Agrostemma githago,EXACT_MATCH_PRIMARY_SOURCE_ACCEPTED_SIMPLE
Agrostis L.,Agrostis ,Agrostis L.,Plantae Tracheophyta Liliopsida Poales Poaceae Agrostis,EXACT_MATCH_PRIMARY_SOURCE_ACCEPTED_AUTHOR_DISAMBIGUATION
Agrostis capillaris L.,Agrostis capillaris,Agrostis capillaris L.,Plantae Tracheophyta Liliopsida Poales Poaceae Agrostis capillaris,EXACT_MATCH_PRIMARY_SOURCE_ACCEPTED_AUTHOR_DISAMBIGUATION
Agrostis elliottiana Schult.,Agrostis elliottiana,Agrostis elliottiana Schult.,Plantae Tracheophyta Liliopsida Poales Poaceae Agrostis elliottiana,EXACT_MATCH_PRIMARY_SOURCE_ACCEPTED_SIMPLE
Agrostis gigantea Roth,Agrostis gigantea,Agrostis gigantea Roth,Plantae Tracheophyta Liliopsida Poales Poaceae Agrostis gigantea,EXACT_MATCH_PRIMARY_SOURCE_ACCEPTED_SIMPLE
"Agrostis hyemalis (Walter) Britton, Sterns & Poggenb.",Agrostis hyemalis,"Agrostis hyemalis (Walter) Britton, Sterns & Poggenb.",Plantae Tracheophyta Liliopsida Poales Poaceae Agrostis hyemalis,EXACT_MATCH_PRIMARY_SOURCE_ACCEPTED_SIMPLE
Agrostis mertensii Trin.,Agrostis mertensii,Agrostis mertensii Trin.,Plantae Tracheophyta Liliopsida Poales Poaceae Agrostis mertensii,EXACT_MATCH_PRIMARY_SOURCE_ACCEPTED_SIMPLE
Agrostis perennans (Walter) Tuck.,Agrostis perennans,Agrostis perennans (Walter) Tuck.,Plantae Tracheophyta Liliopsida Poales Poaceae Agrostis perennans,EXACT_MATCH_PRIMARY_SOURCE_ACCEPTED_SIMPLE
Agrostis scabra Willd.,Agrostis scabra,Agrostis scabra Willd.,Plantae Tracheophyta Liliopsida Poales Poaceae Agrostis scabra,EXACT_MATCH_PRIMARY_SOURCE_ACCEPTED_AMONG_SYNONYMS_SIMPLE
Agrostis stolonifera L.,Agrostis stolonifera,Agrostis stolonifera L.,Plantae Tracheophyta Liliopsida Poales Poaceae Agrostis stolonifera,EXACT_MATCH_PRIMARY_SOURCE_ACCEPTED_AUTHOR_DISAMBIGUATION
Ailanthus Desf.,Ailanthus ,Ailanthus Desf.,Plantae Tracheophyta Magnoliopsida Sapindales Simaroubaceae Ailanthus,EXACT_MATCH_PRIMARY_SOURCE_ACCEPTED_SIMPLE
Ailanthus altissima (Mill.) Swingle,Ailanthus altissima,Ailanthus altissima (Mill.) Swingle,Plantae Tracheophyta Magnoliopsida Sapindales Simaroubaceae Ailanthus altissima,EXACT_MATCH_PRIMARY_SOURCE_ACCEPTED_SIMPLE
Aira L.,Aira ,Aira L.,Plantae Tracheophyta Liliopsida Poales Poaceae Aira,EXACT_MATCH_PRIMARY_SOURCE_ACCEPTED_AUTHOR_DISAMBIGUATION
Aira caryophyllea L.,Aira caryophyllea,Aira caryophyllea L.,Plantae Tracheophyta Liliopsida Poales Poaceae Aira caryophyllea,EXACT_MATCH_PRIMARY_SOURCE_ACCEPTED_AMONG_SYNONYMS_SIMPLE
Aira elegans Willd. ex Kunth,Aira elegans,Aira elegans Willd. ex Kunth,Plantae Tracheophyta Liliopsida Poales Poaceae Aira elegans,EXACT_MATCH_PRIMARY_SOURCE_ACCEPTED_AMONG_SYNONYMS_SIMPLE
Aira praecox L.,Aira praecox,Aira praecox L.,Plantae Tracheophyta Liliopsida Poales Poaceae Aira praecox,EXACT_MATCH_PRIMARY_SOURCE_ACCEPTED_SIMPLE
Ajuga L.,Ajuga ,Ajuga L.,Plantae Tracheophyta Magnoliopsida Lamiales Lamiaceae Ajuga,EXACT_MATCH_PRIMARY_SOURCE_ACCEPTED_AUTHOR_DISAMBIGUATION
Ajuga chamaepitys (L.) Schreb.,Ajuga chamaepitys,Ajuga chamaepitys (L.) Schreb.,Plantae Tracheophyta Magnoliopsida Lamiales Lamiaceae Ajuga chamaepitys,EXACT_MATCH_PRIMARY_SOURCE_ACCEPTED_AMONG_SYNONYMS_SIMPLE
Ajuga reptans L.,Ajuga reptans,Ajuga reptans L.,Plantae Tracheophyta Magnoliopsida Lamiales Lamiaceae Ajuga reptans,EXACT_MATCH_PRIMARY_SOURCE_ACCEPTED_SIMPLE
Akebia Decne.,Akebia ,Akebia Decne.,Plantae Tracheophyta Magnoliopsida Ranunculales Lardizabalaceae Akebia,EXACT_MATCH_PRIMARY_SOURCE_ACCEPTED_SIMPLE
Akebia quinata (Houtt.) Decne.,Akebia quinata,Akebia quinata (Houtt.) Decne.,Plantae Tracheophyta Magnoliopsida Ranunculales Lardizabalaceae Akebia quinata,EXACT_MATCH_PRIMARY_SOURCE_ACCEPTED_AMONG_SYNONYMS_SIMPLE
Albizia Durazz.,Albizia ,Albizia Durazz.,Plantae Tracheophyta Magnoliopsida Fabales Fabaceae Albizia,EXACT_MATCH_PRIMARY_SOURCE_ACCEPTED_AUTHOR_DISAMBIGUATION
Albizia julibrissin Durazz.,Albizia julibrissin,Albizia julibrissin Durazz.,Plantae Tracheophyta Magnoliopsida Fabales Fabaceae Albizia julibrissin,EXACT_MATCH_PRIMARY_SOURCE_ACCEPTED_AMONG_SYNONYMS_SIMPLE
Alcea L.,Alcea ,Alcea L.,Plantae Tracheophyta Magnoliopsida Malvales Malvaceae Alcea,EXACT_MATCH_PRIMARY_SOURCE_ACCEPTED_AUTHOR_DISAMBIGUATION
Alcea rosea L.,Alcea rosea,Alcea rosea L.,Plantae Tracheophyta Magnoliopsida Malvales Malvaceae Alcea rosea,EXACT_MATCH_PRIMARY_SOURCE_ACCEPTED_AUTHOR_DISAMBIGUATION
Aletris L.,Aletris ,Aletris L.,Plantae Tracheophyta Liliopsida Dioscoreales Nartheciaceae Aletris,EXACT_MATCH_PRIMARY_SOURCE_ACCEPTED_AUTHOR_DISAMBIGUATION
Aletris aurea Walter,Aletris aurea,Aletris aurea Walter,Plantae Tracheophyta Liliopsida Dioscoreales Nartheciaceae Aletris aurea,EXACT_MATCH_PRIMARY_SOURCE_ACCEPTED_SIMPLE
Aletris farinosa L.,Aletris farinosa,Aletris farinosa L.,Plantae Tracheophyta Liliopsida Dioscoreales Nartheciaceae Aletris farinosa,EXACT_MATCH_PRIMARY_SOURCE_ACCEPTED_AUTHOR_DISAMBIGUATION
Alisma L.,Alisma ,Alisma L.,Plantae Tracheophyta Liliopsida Alismatales Alismataceae Alisma,EXACT_MATCH_PRIMARY_SOURCE_ACCEPTED_AUTHOR_DISAMBIGUATION
Alisma gramineum Lej.,Alisma gramineum,Alisma gramineum Lej.,Plantae Tracheophyta Liliopsida Alismatales Alismataceae Alisma gramineum,EXACT_MATCH_PRIMARY_SOURCE_ACCEPTED_AUTHOR_DISAMBIGUATION
Alisma subcordatum Raf.,Alisma subcordatum,Alisma subcordatum Raf.,Plantae Tracheophyta Liliopsida Alismatales Alismataceae Alisma subcordatum,EXACT_MATCH_PRIMARY_SOURCE_ACCEPTED_SIMPLE
Alliaria Heist. ex Fabr.,Alliaria ,Alliaria Heist. ex Fabr.,Plantae Tracheophyta Magnoliopsida Brassicales Brassicaceae Alliaria,EXACT_MATCH_PRIMARY_SOURCE_ACCEPTED_AMONG_SYNONYMS_SIMPLE
Alliaria petiolata (M. Bieb.) Cavara & Grande,Alliaria petiolata,Alliaria petiolata (M. Bieb.) Cavara & Grande,Plantae Tracheophyta Magnoliopsida Brassicales Brassicaceae Alliaria petiolata,EXACT_MATCH_PRIMARY_SOURCE_ACCEPTED_SIMPLE
Allium L.,Allium ,Allium L.,Plantae Tracheophyta Liliopsida Asparagales Amaryllidaceae Allium,EXACT_MATCH_PRIMARY_SOURCE_ACCEPTED_AUTHOR_DISAMBIGUATION
Allium allegheniense Small,Allium cernuum,Allium allegheniense Small,Plantae Tracheophyta Liliopsida Asparagales Amaryllidaceae Allium cernuum,EXACT_MATCH_PRIMARY_SOURCE_SYNONYM_SIMPLE
Allium ampeloprasum L.,Allium ampeloprasum,Allium ampeloprasum L.,Plantae Tracheophyta Liliopsida Asparagales Amaryllidaceae Allium ampeloprasum,EXACT_MATCH_PRIMARY_SOURCE_ACCEPTED_AMONG_SYNONYMS_SIMPLE
Allium atroviolaceum Boiss.,Allium atroviolaceum,Allium atroviolaceum Boiss.,Plantae Tracheophyta Liliopsida Asparagales Amaryllidaceae Allium atroviolaceum,EXACT_MATCH_PRIMARY_SOURCE_ACCEPTED_AMONG_SYNONYMS_SIMPLE
Allium burdickii (Hanes) A.G. Jones,Allium tricoccum,Allium burdickii (Hanes) A.G. Jones,Plantae Tracheophyta Liliopsida Asparagales Amaryllidaceae Allium tricoccum,EXACT_MATCH_PRIMARY_SOURCE_SYNONYM_SIMPLE
Allium canadense L.,Allium canadense,Allium canadense L.,Plantae Tracheophyta Liliopsida Asparagales Amaryllidaceae Allium canadense,EXACT_MATCH_PRIMARY_SOURCE_ACCEPTED_AMONG_SYNONYMS_SIMPLE
Allium oleraceum L.,Allium oleraceum,Allium oleraceum L.,Plantae Tracheophyta Liliopsida Asparagales Amaryllidaceae Allium oleraceum,EXACT_MATCH_PRIMARY_SOURCE_ACCEPTED_AMONG_SYNONYMS_SIMPLE
Allium sativum L.,Allium sativum,Allium sativum L.,Plantae Tracheophyta Liliopsida Asparagales Amaryllidaceae Allium sativum,EXACT_MATCH_PRIMARY_SOURCE_ACCEPTED_SIMPLE
Allium schoenoprasum L.,Allium schoenoprasum,Allium schoenoprasum L.,Plantae Tracheophyta Liliopsida Asparagales Amaryllidaceae Allium schoenoprasum,EXACT_MATCH_PRIMARY_SOURCE_ACCEPTED_AUTHOR_DISAMBIGUATION
Allium vineale L.,Allium vineale,Allium vineale L.,Plantae Tracheophyta Liliopsida Asparagales Amaryllidaceae Allium vineale,EXACT_MATCH_PRIMARY_SOURCE_ACCEPTED_AUTHOR_DISAMBIGUATION
Alnus Mill.,Alnus ,Alnus Mill.,Plantae Tracheophyta Magnoliopsida Fagales Betulaceae Alnus,EXACT_MATCH_PRIMARY_SOURCE_ACCEPTED_AMONG_SYNONYMS_SIMPLE
Alnus glutinosa (L.) Gaertn.,Alnus glutinosa,Alnus glutinosa (L.) Gaertn.,Plantae Tracheophyta Magnoliopsida Fagales Betulaceae Alnus glutinosa,EXACT_MATCH_PRIMARY_SOURCE_ACCEPTED_AUTHOR_DISAMBIGUATION
Alnus incana (L.) Moench,Alnus incana,Alnus incana (L.) Moench,Plantae Tracheophyta Magnoliopsida Fagales Betulaceae Alnus incana,EXACT_MATCH_PRIMARY_SOURCE_ACCEPTED_AMONG_SYNONYMS_SIMPLE
Alnus serrulata (Aiton) Willd.,Alnus serrulata,Alnus serrulata (Aiton) Willd.,Plantae Tracheophyta Magnoliopsida Fagales Betulaceae Alnus serrulata,EXACT_MATCH_PRIMARY_SOURCE_ACCEPTED_AUTHOR_DISAMBIGUATION
Alopecurus L.,Alopecurus ,Alopecurus L.,Plantae Tracheophyta Liliopsida Poales Poaceae Alopecurus,EXACT_MATCH_PRIMARY_SOURCE_ACCEPTED_AUTHOR_DISAMBIGUATION
Alopecurus aequalis Sobol.,Alopecurus aequalis,Alopecurus aequalis Sobol.,Plantae Tracheophyta Liliopsida Poales Poaceae Alopecurus aequalis,EXACT_MATCH_PRIMARY_SOURCE_ACCEPTED_AUTHOR_DISAMBIGUATION
Alopecurus carolinianus Walter,Alopecurus carolinianus,Alopecurus carolinianus Walter,Plantae Tracheophyta Liliopsida Poales Poaceae Alopecurus carolinianus,EXACT_MATCH_PRIMARY_SOURCE_ACCEPTED_AMONG_SYNONYMS_SIMPLE
Alopecurus geniculatus L.,Alopecurus geniculatus,Alopecurus geniculatus L.,Plantae Tracheophyta Liliopsida Poales Poaceae Alopecurus geniculatus,EXACT_MATCH_PRIMARY_SOURCE_ACCEPTED_AMONG_SYNONYMS_SIMPLE
Alopecurus myosuroides Huds.,Alopecurus myosuroides,Alopecurus myosuroides Huds.,Plantae Tracheophyta Liliopsida Poales Poaceae Alopecurus myosuroides,EXACT_MATCH_PRIMARY_SOURCE_ACCEPTED_SIMPLE
Alopecurus pratensis L.,Alopecurus pratensis,Alopecurus pratensis L.,Plantae Tracheophyta Liliopsida Poales Poaceae Alopecurus pratensis,EXACT_MATCH_PRIMARY_SOURCE_ACCEPTED_AUTHOR_DISAMBIGUATION
Alternanthera Forssk.,Alternanthera ,Alternanthera Forssk.,Plantae Tracheophyta Magnoliopsida Caryophyllales Amaranthaceae Alternanthera,EXACT_MATCH_PRIMARY_SOURCE_ACCEPTED_AUTHOR_DISAMBIGUATION
Alternanthera philoxeroides (Mart.) Griseb.,Alternanthera philoxeroides,Alternanthera philoxeroides (Mart.) Griseb.,Plantae Tracheophyta Magnoliopsida Caryophyllales Amaranthaceae Alternanthera philoxeroides,EXACT_MATCH_PRIMARY_SOURCE_ACCEPTED_SIMPLE
Alternanthera pungens Kunth,Alternanthera pungens,Alternanthera pungens Kunth,Plantae Tracheophyta Magnoliopsida Caryophyllales Amaranthaceae Alternanthera pungens,EXACT_MATCH_PRIMARY_SOURCE_ACCEPTED_SIMPLE
Althaea L.,Althaea ,Althaea L.,Plantae Tracheophyta Magnoliopsida Malvales Malvaceae Althaea,EXACT_MATCH_PRIMARY_SOURCE_ACCEPTED_AUTHOR_DISAMBIGUATION
Althaea officinalis L.,Althaea officinalis,Althaea officinalis L.,Plantae Tracheophyta Magnoliopsida Malvales Malvaceae Althaea officinalis,EXACT_MATCH_PRIMARY_SOURCE_ACCEPTED_SIMPLE
Alysicarpus Neck. ex Desv.,Alysicarpus ,Alysicarpus Neck. ex Desv.,Plantae Tracheophyta Magnoliopsida Fabales Fabaceae Alysicarpus,EXACT_MATCH_PRIMARY_SOURCE_ACCEPTED_SIMPLE
Alysicarpus vaginalis (L.) DC.,Alysicarpus vaginalis,Alysicarpus vaginalis (L.) DC.,Plantae Tracheophyta Magnoliopsida Fabales Fabaceae Alysicarpus vaginalis,EXACT_MATCH_PRIMARY_SOURCE_ACCEPTED_AUTHOR_DISAMBIGUATION
Alyssum L.,Alyssum ,Alyssum L.,Plantae Tracheophyta Magnoliopsida Brassicales Brassicaceae Alyssum,EXACT_MATCH_PRIMARY_SOURCE_ACCEPTED_AUTHOR_DISAMBIGUATION
Alyssum alyssoides (L.) L.,Alyssum alyssoides,Alyssum alyssoides (L.) L.,Plantae Tracheophyta Magnoliopsida Brassicales Brassicaceae Alyssum alyssoides,EXACT_MATCH_PRIMARY_SOURCE_ACCEPTED_SIMPLE
Amaranthus L.,Amaranthus ,Amaranthus L.,Plantae Tracheophyta Magnoliopsida Caryophyllales Amaranthaceae Amaranthus,EXACT_MATCH_PRIMARY_SOURCE_ACCEPTED_AUTHOR_DISAMBIGUATION
Amaranthus albus L.,Amaranthus albus,Amaranthus albus L.,Plantae Tracheophyta Magnoliopsida Caryophyllales Amaranthaceae Amaranthus albus,EXACT_MATCH_PRIMARY_SOURCE_ACCEPTED_AUTHOR_DISAMBIGUATION
Amaranthus arenicola I.M. Johnst.,Amaranthus arenicola,Amaranthus arenicola I.M. Johnst.,Plantae Tracheophyta Magnoliopsida Caryophyllales Amaranthaceae Amaranthus arenicola,EXACT_MATCH_PRIMARY_SOURCE_ACCEPTED_SIMPLE
Amaranthus australis (A. Gray) Sauer,Amaranthus australis,Amaranthus australis (A. Gray) Sauer,Plantae Tracheophyta Magnoliopsida Caryophyllales Amaranthaceae Amaranthus australis,EXACT_MATCH_PRIMARY_SOURCE_ACCEPTED_SIMPLE
Amaranthus blitoides S. Watson,Amaranthus blitoides,Amaranthus blitoides S. Watson,Plantae Tracheophyta Magnoliopsida Caryophyllales Amaranthaceae Amaranthus blitoides,EXACT_MATCH_PRIMARY_SOURCE_ACCEPTED_SIMPLE
Amaranthus blitum L.,Amaranthus blitum,Amaranthus blitum L.,Plantae Tracheophyta Magnoliopsida Caryophyllales Amaranthaceae Amaranthus blitum,EXACT_MATCH_PRIMARY_SOURCE_ACCEPTED_AUTHOR_DISAMBIGUATION
Amaranthus cannabinus (L.) Sauer,Amaranthus cannabinus,Amaranthus cannabinus (L.) Sauer,Plantae Tracheophyta Magnoliopsida Caryophyllales Amaranthaceae Amaranthus cannabinus,EXACT_MATCH_PRIMARY_SOURCE_ACCEPTED_SIMPLE
Amaranthus caudatus L.,Amaranthus caudatus,Amaranthus caudatus L.,Plantae Tracheophyta Magnoliopsida Caryophyllales Amaranthaceae Amaranthus caudatus,EXACT_MATCH_PRIMARY_SOURCE_ACCEPTED_AMONG_SYNONYMS_SIMPLE
Amaranthus crispus (Lesp. & Thev.) N. Terracc.,Amaranthus crispus,Amaranthus crispus (Lesp. & Thev.) N. Terracc.,Plantae Tracheophyta Magnoliopsida Caryophyllales Amaranthaceae Amaranthus crispus,EXACT_MATCH_PRIMARY_SOURCE_MULT_ACCEPTED
Amaranthus cruentus L.,Amaranthus cruentus,Amaranthus cruentus L.,Plantae Tracheophyta Magnoliopsida Caryophyllales Amaranthaceae Amaranthus cruentus,EXACT_MATCH_PRIMARY_SOURCE_ACCEPTED_AUTHOR_DISAMBIGUATION
Amaranthus deflexus L.,Amaranthus deflexus,Amaranthus deflexus L.,Plantae Tracheophyta Magnoliopsida Caryophyllales Amaranthaceae Amaranthus deflexus,EXACT_MATCH_PRIMARY_SOURCE_ACCEPTED_SIMPLE
Amaranthus hybridus L.,Amaranthus hybridus,Amaranthus hybridus L.,Plantae Tracheophyta Magnoliopsida Caryophyllales Amaranthaceae Amaranthus hybridus,EXACT_MATCH_PRIMARY_SOURCE_ACCEPTED_AUTHOR_DISAMBIGUATION
Amaranthus palmeri S. Watson,Amaranthus palmeri,Amaranthus palmeri S. Watson,Plantae Tracheophyta Magnoliopsida Caryophyllales Amaranthaceae Amaranthus palmeri,EXACT_MATCH_PRIMARY_SOURCE_ACCEPTED_SIMPLE
Amaranthus powellii S. Watson,Amaranthus powellii,Amaranthus powellii S. Watson,Plantae Tracheophyta Magnoliopsida Caryophyllales Amaranthaceae Amaranthus powellii,EXACT_MATCH_PRIMARY_SOURCE_ACCEPTED_SIMPLE
Amaranthus pumilus Raf.,Amaranthus pumilus,Amaranthus pumilus Raf.,Plantae Tracheophyta Magnoliopsida Caryophyllales Amaranthaceae Amaranthus pumilus,EXACT_MATCH_PRIMARY_SOURCE_ACCEPTED_SIMPLE
Amaranthus retroflexus L.,Amaranthus retroflexus,Amaranthus retroflexus L.,Plantae Tracheophyta Magnoliopsida Caryophyllales Amaranthaceae Amaranthus retroflexus,EXACT_MATCH_PRIMARY_SOURCE_ACCEPTED_SIMPLE
Amaranthus spinosus L.,Amaranthus spinosus,Amaranthus spinosus L.,Plantae Tracheophyta Magnoliopsida Caryophyllales Amaranthaceae Amaranthus spinosus,EXACT_MATCH_PRIMARY_SOURCE_ACCEPTED_SIMPLE
Amaranthus viridis L.,Amaranthus viridis,Amaranthus viridis L.,Plantae Tracheophyta Magnoliopsida Caryophyllales Amaranthaceae Amaranthus viridis,EXACT_MATCH_PRIMARY_SOURCE_ACCEPTED_AUTHOR_DISAMBIGUATION
Ambrosia L.,Ambrosia ,Ambrosia L.,Plantae Tracheophyta Magnoliopsida Asterales Asteraceae Ambrosia,EXACT_MATCH_PRIMARY_SOURCE_ACCEPTED_AUTHOR_DISAMBIGUATION
Ambrosia artemisiifolia L.,Ambrosia artemisiifolia,Ambrosia artemisiifolia L.,Plantae Tracheophyta Magnoliopsida Asterales Asteraceae Ambrosia artemisiifolia,EXACT_MATCH_PRIMARY_SOURCE_ACCEPTED_AMONG_SYNONYMS_SIMPLE
Ambrosia bidentata Michx.,Ambrosia bidentata,Ambrosia bidentata Michx.,Plantae Tracheophyta Magnoliopsida Asterales Asteraceae Ambrosia bidentata,EXACT_MATCH_PRIMARY_SOURCE_ACCEPTED_SIMPLE
Ambrosia trifida L.,Ambrosia trifida,Ambrosia trifida L.,Plantae Tracheophyta Magnoliopsida Asterales Asteraceae Ambrosia trifida,EXACT_MATCH_PRIMARY_SOURCE_ACCEPTED_SIMPLE
Amelanchier Medik.,Amelanchier ,Amelanchier Medik.,Plantae Tracheophyta Magnoliopsida Rosales Rosaceae Amelanchier,EXACT_MATCH_PRIMARY_SOURCE_ACCEPTED_SIMPLE
Amelanchier arborea (Michx. f.) Fernald,Amelanchier arborea,Amelanchier arborea (Michx. f.) Fernald,Plantae Tracheophyta Magnoliopsida Rosales Rosaceae Amelanchier arborea,EXACT_MATCH_PRIMARY_SOURCE_ACCEPTED_SIMPLE
Amelanchier canadensis (L.) Medik.,Amelanchier canadensis,Amelanchier canadensis (L.) Medik.,Plantae Tracheophyta Magnoliopsida Rosales Rosaceae Amelanchier canadensis,EXACT_MATCH_PRIMARY_SOURCE_ACCEPTED_AUTHOR_DISAMBIGUATION
Amelanchier laevis Wiegand,Amelanchier laevis,Amelanchier laevis Wiegand,Plantae Tracheophyta Magnoliopsida Rosales Rosaceae Amelanchier laevis,EXACT_MATCH_PRIMARY_SOURCE_ACCEPTED_AMONG_SYNONYMS_SIMPLE
Amelanchier obovalis (Michx.) Ashe,Amelanchier obovalis,Amelanchier obovalis (Michx.) Ashe,Plantae Tracheophyta Magnoliopsida Rosales Rosaceae Amelanchier obovalis,EXACT_MATCH_PRIMARY_SOURCE_ACCEPTED_SIMPLE
Amelanchier sanguinea (Pursh) DC.,Amelanchier sanguinea,Amelanchier sanguinea (Pursh) DC.,Plantae Tracheophyta Magnoliopsida Rosales Rosaceae Amelanchier sanguinea,EXACT_MATCH_PRIMARY_SOURCE_ACCEPTED_AUTHOR_DISAMBIGUATION
Amelanchier stolonifera Wiegand,Amelanchier stolonifera,Amelanchier stolonifera Wiegand,Plantae Tracheophyta Magnoliopsida Rosales Rosaceae Amelanchier stolonifera,EXACT_MATCH_PRIMARY_SOURCE_ACCEPTED_SIMPLE
Amelanchier ×intermedia Spach (pro sp.) [arborea × canadensis],Amelanchier intermedia,Amelanchier ×intermedia Spach (pro sp.) [arborea × canadensis],Plantae Tracheophyta Magnoliopsida Rosales Rosaceae Amelanchier intermedia,EXACT_MATCH_PRIMARY_SOURCE_ACCEPTED_AMONG_SYNONYMS_SIMPLE
Amianthium A. Gray,Amianthium ,Amianthium A. Gray,Plantae Tracheophyta Liliopsida Liliales Melanthiaceae Amianthium,EXACT_MATCH_PRIMARY_SOURCE_ACCEPTED_SIMPLE
Amianthium muscitoxicum (Walter) A. Gray,Amianthium muscitoxicum,Amianthium muscitoxicum (Walter) A. Gray,Plantae Tracheophyta Liliopsida Liliales Melanthiaceae Amianthium muscitoxicum,EXACT_MATCH_PRIMARY_SOURCE_ACCEPTED_SIMPLE
Ammannia L.,Ammannia ,Ammannia L.,Plantae Tracheophyta Magnoliopsida Myrtales Lythraceae Ammannia,EXACT_MATCH_PRIMARY_SOURCE_ACCEPTED_AUTHOR_DISAMBIGUATION
Ammannia coccinea Rottb.,Ammannia coccinea,Ammannia coccinea Rottb.,Plantae Tracheophyta Magnoliopsida Myrtales Lythraceae Ammannia coccinea,EXACT_MATCH_PRIMARY_SOURCE_ACCEPTED_AMONG_SYNONYMS_SIMPLE
Ammannia latifolia L.,Ammannia latifolia,Ammannia latifolia L.,Plantae Tracheophyta Magnoliopsida Myrtales Lythraceae Ammannia latifolia,EXACT_MATCH_PRIMARY_SOURCE_ACCEPTED_AMONG_SYNONYMS_SIMPLE
Ammophila Host,Ammophila ,Ammophila Host,Animalia Arthropoda Insecta Hymenoptera Sphecidae Ammophila,EXACT_MATCH_PRIMARY_SOURCE_ACCEPTED_AMONG_SYNONYMS_SIMPLE
Ammophila breviligulata Fernald,Calamagrostis breviligulata,Ammophila breviligulata Fernald,Plantae Tracheophyta Liliopsida Poales Poaceae Calamagrostis breviligulata,EXACT_MATCH_PRIMARY_SOURCE_SYNONYM_SIMPLE
Amorpha L.,Amorpha ,Amorpha L.,Plantae Tracheophyta Magnoliopsida Fabales Fabaceae Amorpha,EXACT_MATCH_PRIMARY_SOURCE_ACCEPTED_AUTHOR_DISAMBIGUATION
Amorpha fruticosa L.,Amorpha fruticosa,Amorpha fruticosa L.,Plantae Tracheophyta Magnoliopsida Fabales Fabaceae Amorpha fruticosa,EXACT_MATCH_PRIMARY_SOURCE_ACCEPTED_AUTHOR_DISAMBIGUATION
Ampelopsis Michx.,Ampelopsis ,Ampelopsis Michx.,Plantae Tracheophyta Magnoliopsida Vitales Vitaceae Ampelopsis,EXACT_MATCH_PRIMARY_SOURCE_ACCEPTED_SIMPLE
Ampelopsis brevipedunculata (Maxim.) Trautv.,Ampelopsis brevipedunculata,Ampelopsis brevipedunculata (Maxim.) Trautv.,Plantae Tracheophyta Magnoliopsida Vitales Vitaceae Ampelopsis brevipedunculata,EXACT_MATCH_PRIMARY_SOURCE_ACCEPTED_AMONG_SYNONYMS_SIMPLE
Ampelopsis cordata Michx.,Ampelopsis cordata,Ampelopsis cordata Michx.,Plantae Tracheophyta Magnoliopsida Vitales Vitaceae Ampelopsis cordata,EXACT_MATCH_PRIMARY_SOURCE_ACCEPTED_SIMPLE
Amphiachyris (A. DC.) Nutt.,Amphiachyris ,Amphiachyris (A. DC.) Nutt.,Plantae Tracheophyta Magnoliopsida Asterales Asteraceae Amphiachyris,EXACT_MATCH_PRIMARY_SOURCE_ACCEPTED_SIMPLE
Amphiachyris dracunculoides (DC.) Nutt.,Amphiachyris dracunculoides,Amphiachyris dracunculoides (DC.) Nutt.,Plantae Tracheophyta Magnoliopsida Asterales Asteraceae Amphiachyris dracunculoides,EXACT_MATCH_PRIMARY_SOURCE_ACCEPTED_SIMPLE
Amphicarpaea Elliott ex Nutt.,Amphicarpaea ,Amphicarpaea Elliott ex Nutt.,Plantae Tracheophyta Magnoliopsida Fabales Fabaceae Amphicarpaea,EXACT_MATCH_PRIMARY_SOURCE_ACCEPTED_AUTHOR_DISAMBIGUATION
Amphicarpaea bracteata (L.) Fernald,Amphicarpaea bracteata,Amphicarpaea bracteata (L.) Fernald,Plantae Tracheophyta Magnoliopsida Fabales Fabaceae Amphicarpaea bracteata,EXACT_MATCH_PRIMARY_SOURCE_ACCEPTED_AMONG_SYNONYMS_SIMPLE
Amphicarpum Kunth,Amphicarpum ,Amphicarpum Kunth,Plantae Tracheophyta Liliopsida Poales Poaceae Amphicarpum,EXACT_MATCH_PRIMARY_SOURCE_ACCEPTED_SIMPLE
Amphicarpum purshii Kunth,Amphicarpum amphicarpon,Amphicarpum purshii Kunth,Plantae Tracheophyta Liliopsida Poales Poaceae Amphicarpum amphicarpon,EXACT_MATCH_PRIMARY_SOURCE_SYNONYM_SIMPLE
Amsinckia Lehm.,Amsinckia ,Amsinckia Lehm.,Plantae Tracheophyta Magnoliopsida Boraginales Boraginaceae Amsinckia,EXACT_MATCH_PRIMARY_SOURCE_ACCEPTED_AUTHOR_DISAMBIGUATION
Amsinckia menziesii (Lehm.) A. Nelson & J.F. Macbr.,Amsinckia menziesii,Amsinckia menziesii (Lehm.) A. Nelson & J.F. Macbr.,Plantae Tracheophyta Magnoliopsida Boraginales Boraginaceae Amsinckia menziesii,EXACT_MATCH_PRIMARY_SOURCE_ACCEPTED_SIMPLE
Amsonia Walter,Amsonia ,Amsonia Walter,Plantae Tracheophyta Magnoliopsida Gentianales Apocynaceae Amsonia,EXACT_MATCH_PRIMARY_SOURCE_ACCEPTED_SIMPLE
Amsonia tabernaemontana Walter,Amsonia tabernaemontana,Amsonia tabernaemontana Walter,Plantae Tracheophyta Magnoliopsida Gentianales Apocynaceae Amsonia tabernaemontana,EXACT_MATCH_PRIMARY_SOURCE_ACCEPTED_SIMPLE
Anagallis L.,Lysimachia spec,Anagallis L.,Plantae Tracheophyta Magnoliopsida Ericales Primulaceae Lysimachia spec,EXACT_MATCH_PRIMARY_SOURCE_ACCEPTED_AMONG_SYNONYMS_SIMPLE
Anagallis arvensis L.,Lysimachia arvensis,Anagallis arvensis L.,Plantae Tracheophyta Magnoliopsida Ericales Primulaceae Lysimachia arvensis,EXACT_MATCH_PRIMARY_SOURCE_SYNONYM_SIMPLE
Anagallis minima (L.) Krause,Lysimachia minima,Anagallis minima (L.) Krause,Plantae Tracheophyta Magnoliopsida Ericales Primulaceae Lysimachia minima,EXACT_MATCH_PRIMARY_SOURCE_SYNONYM_SIMPLE
Anaphalis DC.,Anaphalis ,Anaphalis DC.,Plantae Tracheophyta Magnoliopsida Asterales Asteraceae Anaphalis,EXACT_MATCH_PRIMARY_SOURCE_ACCEPTED_SIMPLE
Anchusa L.,Anchusa ,Anchusa L.,Plantae Tracheophyta Magnoliopsida Boraginales Boraginaceae Anchusa,EXACT_MATCH_PRIMARY_SOURCE_ACCEPTED_AUTHOR_DISAMBIGUATION
Anchusa arvensis (L.) M. Bieb.,Lycopsis arvensis,Anchusa arvensis (L.) M. Bieb.,Plantae Tracheophyta Magnoliopsida Boraginales Boraginaceae Lycopsis arvensis,MULTI_EXACT_MATCH_PRIMARY_SOURCE_SYNONYMS_INFRASPECIFIC_SCORE
Andrographis Wall. ex Nees,Andrographis ,Andrographis Wall. ex Nees,Plantae Tracheophyta Magnoliopsida Lamiales Acanthaceae Andrographis,EXACT_MATCH_PRIMARY_SOURCE_ACCEPTED_AUTHOR_DISAMBIGUATION
Andrographis echioides (L.) Nees,Andrographis echioides,Andrographis echioides (L.) Nees,Plantae Tracheophyta Magnoliopsida Lamiales Acanthaceae Andrographis echioides,EXACT_MATCH_PRIMARY_SOURCE_ACCEPTED_SIMPLE
Andropogon L.,Andropogon ,Andropogon L.,Plantae Tracheophyta Liliopsida Poales Poaceae Andropogon,EXACT_MATCH_PRIMARY_SOURCE_ACCEPTED_AUTHOR_DISAMBIGUATION
Andropogon capillipes Nash,Andropogon capillipes,Andropogon capillipes Nash,Plantae Tracheophyta Liliopsida Poales Poaceae Andropogon capillipes,EXACT_MATCH_PRIMARY_SOURCE_ACCEPTED_SIMPLE
Andropogon gerardii Vitman,Andropogon gerardi,Andropogon gerardii Vitman,Plantae Tracheophyta Liliopsida Poales Poaceae Andropogon gerardi,FUZZY_MATCH_PRIMARY_SOURCE_ACCEPTED
"Andropogon glomeratus (Walter) Britton, Sterns & Poggenb.",Andropogon glomeratus,"Andropogon glomeratus (Walter) Britton, Sterns & Poggenb.",Plantae Tracheophyta Liliopsida Poales Poaceae Andropogon glomeratus,EXACT_MATCH_PRIMARY_SOURCE_ACCEPTED_SIMPLE
Andropogon gyrans Ashe,Andropogon gyrans,Andropogon gyrans Ashe,Plantae Tracheophyta Liliopsida Poales Poaceae Andropogon gyrans,EXACT_MATCH_PRIMARY_SOURCE_ACCEPTED_SIMPLE
Andropogon mohrii (Hack.) Hack. ex Vasey,Andropogon mohrii,Andropogon mohrii (Hack.) Hack. ex Vasey,Plantae Tracheophyta Liliopsida Poales Poaceae Andropogon mohrii,EXACT_MATCH_PRIMARY_SOURCE_ACCEPTED_AMONG_SYNONYMS_SIMPLE
Andropogon ternarius Michx.,Andropogon ternarius,Andropogon ternarius Michx.,Plantae Tracheophyta Liliopsida Poales Poaceae Andropogon ternarius,EXACT_MATCH_PRIMARY_SOURCE_ACCEPTED_AUTHOR_DISAMBIGUATION
Andropogon virginicus L.,Andropogon virginicus,Andropogon virginicus L.,Plantae Tracheophyta Liliopsida Poales Poaceae Andropogon virginicus,EXACT_MATCH_PRIMARY_SOURCE_ACCEPTED_AMONG_SYNONYMS_SIMPLE
Anemone L.,Anemone ,Anemone L.,Plantae Tracheophyta Magnoliopsida Ranunculales Ranunculaceae Anemone,EXACT_MATCH_PRIMARY_SOURCE_ACCEPTED_AUTHOR_DISAMBIGUATION
Anemone berlandieri Pritz.,Anemone berlandieri,Anemone berlandieri Pritz.,Plantae Tracheophyta Magnoliopsida Ranunculales Ranunculaceae Anemone berlandieri,EXACT_MATCH_PRIMARY_SOURCE_ACCEPTED_SIMPLE
Anemone blanda Schott & Kotschy,Anemone blanda,Anemone blanda Schott & Kotschy,Plantae Tracheophyta Magnoliopsida Ranunculales Ranunculaceae Anemone blanda,EXACT_MATCH_PRIMARY_SOURCE_ACCEPTED_SIMPLE
Anemone canadensis L.,Anemonastrum canadense,Anemone canadensis L.,Plantae Tracheophyta Magnoliopsida Ranunculales Ranunculaceae Anemonastrum canadense,EXACT_MATCH_PRIMARY_SOURCE_SYNONYM_SIMPLE
Anemone lancifolia Pursh,Anemone lancifolia,Anemone lancifolia Pursh,Plantae Tracheophyta Magnoliopsida Ranunculales Ranunculaceae Anemone lancifolia,EXACT_MATCH_PRIMARY_SOURCE_ACCEPTED_SIMPLE
Anemone quinquefolia L.,Anemone quinquefolia,Anemone quinquefolia L.,Plantae Tracheophyta Magnoliopsida Ranunculales Ranunculaceae Anemone quinquefolia,EXACT_MATCH_PRIMARY_SOURCE_ACCEPTED_SIMPLE
Anemone virginiana L.,Anemone virginiana,Anemone virginiana L.,Plantae Tracheophyta Magnoliopsida Ranunculales Ranunculaceae Anemone virginiana,EXACT_MATCH_PRIMARY_SOURCE_ACCEPTED_SIMPLE
Anethum L.,Anethum ,Anethum L.,Plantae Tracheophyta Magnoliopsida Apiales Apiaceae Anethum,EXACT_MATCH_PRIMARY_SOURCE_ACCEPTED_AUTHOR_DISAMBIGUATION
Anethum graveolens L.,Anethum graveolens,Anethum graveolens L.,Plantae Tracheophyta Magnoliopsida Apiales Apiaceae Anethum graveolens,EXACT_MATCH_PRIMARY_SOURCE_ACCEPTED_AMONG_SYNONYMS_SIMPLE
Angelica L.,Angelica ,Angelica L.,Plantae Tracheophyta Magnoliopsida Apiales Apiaceae Angelica,EXACT_MATCH_PRIMARY_SOURCE_ACCEPTED_AUTHOR_DISAMBIGUATION
Angelica lucida L.,Angelica lucida,Angelica lucida L.,Plantae Tracheophyta Magnoliopsida Apiales Apiaceae Angelica lucida,EXACT_MATCH_PRIMARY_SOURCE_ACCEPTED_SIMPLE
Angelica triquinata Michx.,Angelica triquinata,Angelica triquinata Michx.,Plantae Tracheophyta Magnoliopsida Apiales Apiaceae Angelica triquinata,EXACT_MATCH_PRIMARY_SOURCE_ACCEPTED_AMONG_SYNONYMS_SIMPLE
Angelica venenosa (Greenway) Fernald,Angelica venenosa,Angelica venenosa (Greenway) Fernald,Plantae Tracheophyta Magnoliopsida Apiales Apiaceae Angelica venenosa,EXACT_MATCH_PRIMARY_SOURCE_ACCEPTED_SIMPLE
Anoda Cav.,Anoda ,Anoda Cav.,Plantae Tracheophyta Magnoliopsida Malvales Malvaceae Anoda,EXACT_MATCH_PRIMARY_SOURCE_ACCEPTED_SIMPLE
Anoda cristata (L.) Schltdl.,Anoda cristata,Anoda cristata (L.) Schltdl.,Plantae Tracheophyta Magnoliopsida Malvales Malvaceae Anoda cristata,EXACT_MATCH_PRIMARY_SOURCE_ACCEPTED_SIMPLE
Antennaria Gaertn.,Antennaria ,Antennaria Gaertn.,Plantae Tracheophyta Magnoliopsida Asterales Asteraceae Antennaria,EXACT_MATCH_PRIMARY_SOURCE_ACCEPTED_AUTHOR_DISAMBIGUATION
Antennaria howellii Greene,Antennaria howellii,Antennaria howellii Greene,Plantae Tracheophyta Magnoliopsida Asterales Asteraceae Antennaria howellii,EXACT_MATCH_PRIMARY_SOURCE_ACCEPTED_AUTHOR_DISAMBIGUATION
Antennaria neglecta Greene,Antennaria neglecta,Antennaria neglecta Greene,Plantae Tracheophyta Magnoliopsida Asterales Asteraceae Antennaria neglecta,EXACT_MATCH_PRIMARY_SOURCE_ACCEPTED_SIMPLE
Antennaria parlinii Fernald,Antennaria parlinii,Antennaria parlinii Fernald,Plantae Tracheophyta Magnoliopsida Asterales Asteraceae Antennaria parlinii,EXACT_MATCH_PRIMARY_SOURCE_ACCEPTED_SIMPLE
Antennaria plantaginifolia (L.) Richardson,Antennaria plantaginifolia,Antennaria plantaginifolia (L.) Richardson,Plantae Tracheophyta Magnoliopsida Asterales Asteraceae Antennaria plantaginifolia,EXACT_MATCH_PRIMARY_SOURCE_ACCEPTED_AMONG_SYNONYMS_SIMPLE
Antennaria solitaria Rydb.,Antennaria solitaria,Antennaria solitaria Rydb.,Plantae Tracheophyta Magnoliopsida Asterales Asteraceae Antennaria solitaria,EXACT_MATCH_PRIMARY_SOURCE_ACCEPTED_SIMPLE
Antennaria virginica Stebbins,Antennaria virginica,Antennaria virginica Stebbins,Plantae Tracheophyta Magnoliopsida Asterales Asteraceae Antennaria virginica,EXACT_MATCH_PRIMARY_SOURCE_ACCEPTED_SIMPLE
Anthemis L.,Anthemis ,Anthemis L.,Plantae Tracheophyta Magnoliopsida Asterales Asteraceae Anthemis,EXACT_MATCH_PRIMARY_SOURCE_ACCEPTED_AUTHOR_DISAMBIGUATION
Anthemis arvensis L.,Anthemis arvensis,Anthemis arvensis L.,Plantae Tracheophyta Magnoliopsida Asterales Asteraceae Anthemis arvensis,EXACT_MATCH_PRIMARY_SOURCE_ACCEPTED_AMONG_SYNONYMS_SIMPLE
Anthemis cotula L.,Anthemis cotula,Anthemis cotula L.,Plantae Tracheophyta Magnoliopsida Asterales Asteraceae Anthemis cotula,EXACT_MATCH_PRIMARY_SOURCE_ACCEPTED_AMONG_SYNONYMS_SIMPLE
Anthemis secundiramea Biv.,Anthemis secundiramea,Anthemis secundiramea Biv.,Plantae Tracheophyta Magnoliopsida Asterales Asteraceae Anthemis secundiramea,EXACT_MATCH_PRIMARY_SOURCE_ACCEPTED_SIMPLE
Anthemis tinctoria L.,Cota tinctoria,Anthemis tinctoria L.,Plantae Tracheophyta Magnoliopsida Asterales Asteraceae Cota tinctoria,EXACT_MATCH_PRIMARY_SOURCE_SYNONYM_SIMPLE
Anthoxanthum L.,Anthoxanthum ,Anthoxanthum L.,Plantae Tracheophyta Liliopsida Poales Poaceae Anthoxanthum,EXACT_MATCH_PRIMARY_SOURCE_ACCEPTED_AUTHOR_DISAMBIGUATION
Anthoxanthum aristatum Boiss.,Anthoxanthum aristatum,Anthoxanthum aristatum Boiss.,Plantae Tracheophyta Liliopsida Poales Poaceae Anthoxanthum aristatum,EXACT_MATCH_PRIMARY_SOURCE_ACCEPTED_AMONG_SYNONYMS_SIMPLE
Anthoxanthum odoratum L.,Anthoxanthum odoratum,Anthoxanthum odoratum L.,Plantae Tracheophyta Liliopsida Poales Poaceae Anthoxanthum odoratum,EXACT_MATCH_PRIMARY_SOURCE_ACCEPTED_SIMPLE
Anthriscus Pers.,Anthriscus ,Anthriscus Pers.,Plantae Tracheophyta Magnoliopsida Apiales Apiaceae Anthriscus,EXACT_MATCH_PRIMARY_SOURCE_ACCEPTED_AUTHOR_DISAMBIGUATION
Anthriscus caucalis M. Bieb.,Anthriscus caucalis,Anthriscus caucalis M. Bieb.,Plantae Tracheophyta Magnoliopsida Apiales Apiaceae Anthriscus caucalis,EXACT_MATCH_PRIMARY_SOURCE_ACCEPTED_SIMPLE
Anthriscus cerefolium (L.) Hoffm.,Anthriscus cerefolium,Anthriscus cerefolium (L.) Hoffm.,Plantae Tracheophyta Magnoliopsida Apiales Apiaceae Anthriscus cerefolium,EXACT_MATCH_PRIMARY_SOURCE_ACCEPTED_SIMPLE
Anthriscus sylvestris (L.) Hoffm.,Anthriscus sylvestris,Anthriscus sylvestris (L.) Hoffm.,Plantae Tracheophyta Magnoliopsida Apiales Apiaceae Anthriscus sylvestris,EXACT_MATCH_PRIMARY_SOURCE_ACCEPTED_SIMPLE
Antirrhinum L.,Antirrhinum ,Antirrhinum L.,Plantae Tracheophyta Magnoliopsida Lamiales Plantaginaceae Antirrhinum,EXACT_MATCH_PRIMARY_SOURCE_ACCEPTED_AUTHOR_DISAMBIGUATION
Antirrhinum majus L.,Antirrhinum majus,Antirrhinum majus L.,Plantae Tracheophyta Magnoliopsida Lamiales Plantaginaceae Antirrhinum majus,EXACT_MATCH_PRIMARY_SOURCE_ACCEPTED_SIMPLE
Aphanes L.,Aphanes ,Aphanes L.,Plantae Tracheophyta Magnoliopsida Rosales Rosaceae Aphanes,EXACT_MATCH_PRIMARY_SOURCE_ACCEPTED_SIMPLE
Aphanes microcarpa (Boiss. & Reut.) Rothm.,Aphanes microcarpa,Aphanes microcarpa (Boiss. & Reut.) Rothm.,Plantae Tracheophyta Magnoliopsida Rosales Rosaceae Aphanes microcarpa,EXACT_MATCH_PRIMARY_SOURCE_ACCEPTED_AMONG_SYNONYMS_SIMPLE
Apios Fabr.,Apios ,Apios Fabr.,Plantae Tracheophyta Magnoliopsida Fabales Fabaceae Apios,EXACT_MATCH_PRIMARY_SOURCE_ACCEPTED_AUTHOR_DISAMBIGUATION
Apios americana Medik.,Apios americana,Apios americana Medik.,Plantae Tracheophyta Magnoliopsida Fabales Fabaceae Apios americana,EXACT_MATCH_PRIMARY_SOURCE_ACCEPTED_SIMPLE
Aplectrum Torr.,Aplectrum ,Aplectrum Torr.,Plantae Tracheophyta Liliopsida Asparagales Orchidaceae Aplectrum,EXACT_MATCH_PRIMARY_SOURCE_MULT_ACCEPTED
Aplectrum hyemale (Muhl. ex Willd.) Torr.,Aplectrum hyemale,Aplectrum hyemale (Muhl. ex Willd.) Torr.,Plantae Tracheophyta Liliopsida Asparagales Orchidaceae Aplectrum hyemale,EXACT_MATCH_PRIMARY_SOURCE_ACCEPTED_AMONG_SYNONYMS_SIMPLE
Apocynum L.,Apocynum ,Apocynum L.,Plantae Tracheophyta Magnoliopsida Gentianales Apocynaceae Apocynum,EXACT_MATCH_PRIMARY_SOURCE_ACCEPTED_AUTHOR_DISAMBIGUATION
Apocynum androsaemifolium L.,Apocynum androsaemifolium,Apocynum androsaemifolium L.,Plantae Tracheophyta Magnoliopsida Gentianales Apocynaceae Apocynum androsaemifolium,EXACT_MATCH_PRIMARY_SOURCE_ACCEPTED_SIMPLE
Apocynum cannabinum L.,Apocynum cannabinum,Apocynum cannabinum L.,Plantae Tracheophyta Magnoliopsida Gentianales Apocynaceae Apocynum cannabinum,EXACT_MATCH_PRIMARY_SOURCE_ACCEPTED_SIMPLE
Apocynum ×floribundum Greene (pro sp.) [androsaemifolium × cannabinum],Apocynum floribundum,Apocynum ×floribundum Greene (pro sp.) [androsaemifolium × cannabinum],Plantae Tracheophyta Magnoliopsida Gentianales Apocynaceae Apocynum floribundum,EXACT_MATCH_PRIMARY_SOURCE_ACCEPTED_SIMPLE
Aquilegia L.,Aquilegia ,Aquilegia L.,Plantae Tracheophyta Magnoliopsida Ranunculales Ranunculaceae Aquilegia,EXACT_MATCH_PRIMARY_SOURCE_ACCEPTED_AUTHOR_DISAMBIGUATION
Aquilegia canadensis L.,Aquilegia canadensis,Aquilegia canadensis L.,Plantae Tracheophyta Magnoliopsida Ranunculales Ranunculaceae Aquilegia canadensis,EXACT_MATCH_PRIMARY_SOURCE_ACCEPTED_AMONG_SYNONYMS_SIMPLE
Arabidopsis Heynh.,Arabidopsis ,Arabidopsis Heynh.,Plantae Tracheophyta Magnoliopsida Brassicales Brassicaceae Arabidopsis,EXACT_MATCH_PRIMARY_SOURCE_ACCEPTED_AUTHOR_DISAMBIGUATION
Arabidopsis thaliana (L.) Heynh.,Arabidopsis thaliana,Arabidopsis thaliana (L.) Heynh.,Plantae Tracheophyta Magnoliopsida Brassicales Brassicaceae Arabidopsis thaliana,EXACT_MATCH_PRIMARY_SOURCE_ACCEPTED_AUTHOR_DISAMBIGUATION
Arabis L.,Arabis ,Arabis L.,Plantae Tracheophyta Magnoliopsida Brassicales Brassicaceae Arabis,EXACT_MATCH_PRIMARY_SOURCE_ACCEPTED_AUTHOR_DISAMBIGUATION
Arabis alpina L.,Arabis alpina,Arabis alpina L.,Plantae Tracheophyta Magnoliopsida Brassicales Brassicaceae Arabis alpina,EXACT_MATCH_PRIMARY_SOURCE_ACCEPTED_AMONG_SYNONYMS_SIMPLE
Arabis glabra (L.) Bernh.,Turritis glabra,Arabis glabra (L.) Bernh.,Plantae Tracheophyta Magnoliopsida Brassicales Brassicaceae Turritis glabra,EXACT_MATCH_PRIMARY_SOURCE_SYNONYM_SIMPLE
Arabis hirsuta (L.) Scop.,Arabis hirsuta,Arabis hirsuta (L.) Scop.,Plantae Tracheophyta Magnoliopsida Brassicales Brassicaceae Arabis hirsuta,EXACT_MATCH_PRIMARY_SOURCE_ACCEPTED_AUTHOR_DISAMBIGUATION
Arabis hirsuta (L.) Scop. var. pycnocarpa (M. Hopkins) Rollins,Arabis pycnocarpa,Arabis hirsuta (L.) Scop. var. pycnocarpa (M. Hopkins) Rollins,Plantae Tracheophyta Magnoliopsida Brassicales Brassicaceae Arabis pycnocarpa,MULTI_EXACT_MATCH_PRIMARY_SOURCE_SYNONYMS_INFRASPECIFIC_SCORE
Arabis laevigata (Muhl. ex Willd.) Poir.,Arabis laevigata,Arabis laevigata (Muhl. ex Willd.) Poir.,Plantae Tracheophyta Magnoliopsida Brassicales Brassicaceae Arabis laevigata,EXACT_MATCH_PRIMARY_SOURCE_ACCEPTED_AMONG_SYNONYMS_SIMPLE
Arabis lyrata L.,Arabidopsis lyrata,Arabis lyrata L.,Plantae Tracheophyta Magnoliopsida Brassicales Brassicaceae Arabidopsis lyrata,EXACT_MATCH_PRIMARY_SOURCE_SYNONYM_SIMPLE
Arabis patens Sull.,Arabis patens,Arabis patens Sull.,Plantae Tracheophyta Magnoliopsida Brassicales Brassicaceae Arabis patens,EXACT_MATCH_PRIMARY_SOURCE_ACCEPTED_AMONG_SYNONYMS_SIMPLE
Arabis serotina Steele,Borodinia serotina,Arabis serotina Steele,Plantae Tracheophyta Magnoliopsida Brassicales Brassicaceae Borodinia serotina,EXACT_MATCH_PRIMARY_SOURCE_SYNONYM_SIMPLE
Arabis shortii (Fernald) Gleason,Borodinia dentata,Arabis shortii (Fernald) Gleason,Plantae Tracheophyta Magnoliopsida Brassicales Brassicaceae Borodinia dentata,EXACT_MATCH_PRIMARY_SOURCE_SYNONYM_SIMPLE
Arachis L.,Arachis ,Arachis L.,Plantae Tracheophyta Magnoliopsida Fabales Fabaceae Arachis,EXACT_MATCH_PRIMARY_SOURCE_ACCEPTED_AUTHOR_DISAMBIGUATION
Arachis hypogaea L.,Arachis hypogaea,Arachis hypogaea L.,Plantae Tracheophyta Magnoliopsida Fabales Fabaceae Arachis hypogaea,EXACT_MATCH_PRIMARY_SOURCE_ACCEPTED_SIMPLE
Aralia L.,Aralia ,Aralia L.,Plantae Tracheophyta Magnoliopsida Apiales Araliaceae Aralia,EXACT_MATCH_PRIMARY_SOURCE_ACCEPTED_AUTHOR_DISAMBIGUATION
Aralia hispida Vent.,Aralia hispida,Aralia hispida Vent.,Plantae Tracheophyta Magnoliopsida Apiales Araliaceae Aralia hispida,EXACT_MATCH_PRIMARY_SOURCE_ACCEPTED_AUTHOR_DISAMBIGUATION
Aralia nudicaulis L.,Aralia nudicaulis,Aralia nudicaulis L.,Plantae Tracheophyta Magnoliopsida Apiales Araliaceae Aralia nudicaulis,EXACT_MATCH_PRIMARY_SOURCE_ACCEPTED_AMONG_SYNONYMS_SIMPLE
Aralia racemosa L.,Aralia racemosa,Aralia racemosa L.,Plantae Tracheophyta Magnoliopsida Apiales Araliaceae Aralia racemosa,EXACT_MATCH_PRIMARY_SOURCE_ACCEPTED_SIMPLE
Aralia spinosa L.,Aralia spinosa,Aralia spinosa L.,Plantae Tracheophyta Magnoliopsida Apiales Araliaceae Aralia spinosa,EXACT_MATCH_PRIMARY_SOURCE_ACCEPTED_SIMPLE
Arctium L.,Arctium ,Arctium L.,Plantae Tracheophyta Magnoliopsida Asterales Asteraceae Arctium,EXACT_MATCH_PRIMARY_SOURCE_ACCEPTED_AUTHOR_DISAMBIGUATION
Arctium minus Bernh.,Arctium minus,Arctium minus Bernh.,Plantae Tracheophyta Magnoliopsida Asterales Asteraceae Arctium minus,EXACT_MATCH_PRIMARY_SOURCE_MULT_ACCEPTED
Arctium vulgare (Hill) Evans,Arctium lappa,Arctium vulgare (Hill) Evans,Plantae Tracheophyta Magnoliopsida Asterales Asteraceae Arctium lappa,MULTI_EXACT_MATCH_PRIMARY_SOURCE_SYNONYMS_INFRASPECIFIC_SCORE
Arctostaphylos Adans.,Arctostaphylos ,Arctostaphylos Adans.,Plantae Tracheophyta Magnoliopsida Ericales Ericaceae Arctostaphylos,EXACT_MATCH_PRIMARY_SOURCE_ACCEPTED_AUTHOR_DISAMBIGUATION
Arctostaphylos uva-ursi (L.) Spreng.,Arctostaphylos uva-ursi,Arctostaphylos uva-ursi (L.) Spreng.,Plantae Tracheophyta Magnoliopsida Ericales Ericaceae Arctostaphylos uva-ursi,EXACT_MATCH_PRIMARY_SOURCE_ACCEPTED_SIMPLE
Arenaria L.,Arenaria ,Arenaria L.,Plantae Tracheophyta Magnoliopsida Caryophyllales Caryophyllaceae Arenaria,EXACT_MATCH_PRIMARY_SOURCE_ACCEPTED_AUTHOR_DISAMBIGUATION
Arenaria lanuginosa (Michx.) Rohrb.,Arenaria lanuginosa,Arenaria lanuginosa (Michx.) Rohrb.,Plantae Tracheophyta Magnoliopsida Caryophyllales Caryophyllaceae Arenaria lanuginosa,EXACT_MATCH_PRIMARY_SOURCE_ACCEPTED_SIMPLE
Arenaria serpyllifolia L.,Arenaria serpyllifolia,Arenaria serpyllifolia L.,Plantae Tracheophyta Magnoliopsida Caryophyllales Caryophyllaceae Arenaria serpyllifolia,EXACT_MATCH_PRIMARY_SOURCE_ACCEPTED_AUTHOR_DISAMBIGUATION
Arethusa L.,Arethusa ,Arethusa L.,Plantae Tracheophyta Liliopsida Asparagales Orchidaceae Arethusa,EXACT_MATCH_PRIMARY_SOURCE_ACCEPTED_AUTHOR_DISAMBIGUATION
Arethusa bulbosa L.,Arethusa bulbosa,Arethusa bulbosa L.,Plantae Tracheophyta Liliopsida Asparagales Orchidaceae Arethusa bulbosa,EXACT_MATCH_PRIMARY_SOURCE_ACCEPTED_SIMPLE
Argemone L.,Argemone ,Argemone L.,Plantae Tracheophyta Magnoliopsida Ranunculales Papaveraceae Argemone,EXACT_MATCH_PRIMARY_SOURCE_ACCEPTED_AUTHOR_DISAMBIGUATION
Argemone mexicana L.,Argemone mexicana,Argemone mexicana L.,Plantae Tracheophyta Magnoliopsida Ranunculales Papaveraceae Argemone mexicana,EXACT_MATCH_PRIMARY_SOURCE_ACCEPTED_SIMPLE
Arisaema Mart.,Arisaema ,Arisaema Mart.,Plantae Tracheophyta Liliopsida Alismatales Araceae Arisaema,EXACT_MATCH_PRIMARY_SOURCE_ACCEPTED_AUTHOR_DISAMBIGUATION
Arisaema dracontium (L.) Schott,Arisaema dracontium,Arisaema dracontium (L.) Schott,Plantae Tracheophyta Liliopsida Alismatales Araceae Arisaema dracontium,EXACT_MATCH_PRIMARY_SOURCE_ACCEPTED_SIMPLE
Arisaema triphyllum (L.) Schott,Arisaema triphyllum,Arisaema triphyllum (L.) Schott,Plantae Tracheophyta Liliopsida Alismatales Araceae Arisaema triphyllum,EXACT_MATCH_PRIMARY_SOURCE_ACCEPTED_AMONG_SYNONYMS_SIMPLE
Arisaema triphyllum (L.) Schott ssp. pusillum (Peck) Huttleston,Arisaema pusillum,Arisaema triphyllum (L.) Schott ssp. pusillum (Peck) Huttleston,Plantae Tracheophyta Liliopsida Alismatales Araceae Arisaema pusillum,MULTI_EXACT_MATCH_PRIMARY_SOURCE_SYNONYMS_INFRASPECIFIC_SCORE
Arisaema triphyllum (L.) Schott ssp. stewardsonii (Britton) Huttleston,Arisaema stewardsonii,Arisaema triphyllum (L.) Schott ssp. stewardsonii (Britton) Huttleston,Plantae Tracheophyta Liliopsida Alismatales Araceae Arisaema stewardsonii,MULTI_EXACT_MATCH_PRIMARY_SOURCE_SYNONYMS_INFRASPECIFIC_SCORE
Aristida L.,Aristida ,Aristida L.,Plantae Tracheophyta Liliopsida Poales Poaceae Aristida,EXACT_MATCH_PRIMARY_SOURCE_ACCEPTED_AUTHOR_DISAMBIGUATION
Aristida dichotoma Michx.,Aristida dichotoma,Aristida dichotoma Michx.,Plantae Tracheophyta Liliopsida Poales Poaceae Aristida dichotoma,EXACT_MATCH_PRIMARY_SOURCE_ACCEPTED_SIMPLE
Aristida lanosa Muhl. ex Elliott,Aristida lanosa,Aristida lanosa Muhl. ex Elliott,Plantae Tracheophyta Liliopsida Poales Poaceae Aristida lanosa,EXACT_MATCH_PRIMARY_SOURCE_ACCEPTED_AUTHOR_DISAMBIGUATION
Aristida longespica Poir.,Aristida longespica,Aristida longespica Poir.,Plantae Tracheophyta Liliopsida Poales Poaceae Aristida longespica,EXACT_MATCH_PRIMARY_SOURCE_ACCEPTED_SIMPLE
Aristida oligantha Michx.,Aristida oligantha,Aristida oligantha Michx.,Plantae Tracheophyta Liliopsida Poales Poaceae Aristida oligantha,EXACT_MATCH_PRIMARY_SOURCE_ACCEPTED_SIMPLE
Aristida palustris (Chapm.) Vasey,Aristida palustris,Aristida palustris (Chapm.) Vasey,Plantae Tracheophyta Liliopsida Poales Poaceae Aristida palustris,EXACT_MATCH_PRIMARY_SOURCE_ACCEPTED_SIMPLE
Aristida purpurascens Poir.,Aristida purpurascens,Aristida purpurascens Poir.,Plantae Tracheophyta Liliopsida Poales Poaceae Aristida purpurascens,EXACT_MATCH_PRIMARY_SOURCE_ACCEPTED_SIMPLE
Aristida tuberculosa Nutt.,Aristida tuberculosa,Aristida tuberculosa Nutt.,Plantae Tracheophyta Liliopsida Poales Poaceae Aristida tuberculosa,EXACT_MATCH_PRIMARY_SOURCE_ACCEPTED_SIMPLE
Aristolochia L.,Aristolochia ,Aristolochia L.,Plantae Tracheophyta Magnoliopsida Piperales Aristolochiaceae Aristolochia,EXACT_MATCH_PRIMARY_SOURCE_ACCEPTED_AUTHOR_DISAMBIGUATION
Aristolochia serpentaria L.,Endodeca serpentaria,Aristolochia serpentaria L.,Plantae Tracheophyta Magnoliopsida Piperales Aristolochiaceae Endodeca serpentaria,EXACT_MATCH_PRIMARY_SOURCE_SYNONYM_SIMPLE
Arnica L.,Arnica ,Arnica L.,Plantae Tracheophyta Magnoliopsida Asterales Asteraceae Arnica,EXACT_MATCH_PRIMARY_SOURCE_ACCEPTED_AUTHOR_DISAMBIGUATION
"Arnica acaulis (Walter) Britton, Sterns & Poggenb.",Arnica acaulis,"Arnica acaulis (Walter) Britton, Sterns & Poggenb.",Plantae Tracheophyta Magnoliopsida Asterales Asteraceae Arnica acaulis,EXACT_MATCH_PRIMARY_SOURCE_ACCEPTED_SIMPLE
Arnoglossum Raf.,Arnoglossum ,Arnoglossum Raf.,Plantae Tracheophyta Magnoliopsida Asterales Asteraceae Arnoglossum,EXACT_MATCH_PRIMARY_SOURCE_ACCEPTED_AMONG_SYNONYMS_SIMPLE
Arnoglossum atriplicifolium (L.) H. Rob.,Arnoglossum atriplicifolium,Arnoglossum atriplicifolium (L.) H. Rob.,Plantae Tracheophyta Magnoliopsida Asterales Asteraceae Arnoglossum atriplicifolium,EXACT_MATCH_PRIMARY_SOURCE_ACCEPTED_SIMPLE
Arnoglossum reniforme (Hook.) H. Rob.,Arnoglossum reniforme,Arnoglossum reniforme (Hook.) H. Rob.,Plantae Tracheophyta Magnoliopsida Asterales Asteraceae Arnoglossum reniforme,EXACT_MATCH_PRIMARY_SOURCE_ACCEPTED_SIMPLE
Aronia Medik.,Aronia ,Aronia Medik.,Plantae Tracheophyta Magnoliopsida Rosales Rosaceae Aronia,EXACT_MATCH_PRIMARY_SOURCE_ACCEPTED_AMONG_SYNONYMS_SIMPLE
Aronia arbutifolia (L.) Pers.,Aronia arbutifolia,Aronia arbutifolia (L.) Pers.,Plantae Tracheophyta Magnoliopsida Rosales Rosaceae Aronia arbutifolia,EXACT_MATCH_PRIMARY_SOURCE_ACCEPTED_AUTHOR_DISAMBIGUATION
Aronia melanocarpa (Michx.) Elliott,Aronia melanocarpa,Aronia melanocarpa (Michx.) Elliott,Plantae Tracheophyta Magnoliopsida Rosales Rosaceae Aronia melanocarpa,EXACT_MATCH_PRIMARY_SOURCE_ACCEPTED_AMONG_SYNONYMS_SIMPLE
"Aronia ×prunifolia (Marshall) Rehder, (pro sp.) [arbutifolia × melanocarpa]",Aronia prunifolia,"Aronia ×prunifolia (Marshall) Rehder, (pro sp.) [arbutifolia × melanocarpa]",Plantae Tracheophyta Magnoliopsida Rosales Rosaceae Aronia prunifolia,EXACT_MATCH_PRIMARY_SOURCE_ACCEPTED_SIMPLE
Arrhenatherum elatius (L.) P. Beauv. ex J. Presl & C. Presl,Arrhenatherum elatius,Arrhenatherum elatius (L.) P. Beauv. ex J. Presl & C. Presl,Plantae Tracheophyta Liliopsida Poales Poaceae Arrhenatherum elatius,EXACT_MATCH_PRIMARY_SOURCE_ACCEPTED_AMONG_SYNONYMS_SIMPLE
Artemisia L.,Artemisia ,Artemisia L.,Plantae Tracheophyta Magnoliopsida Asterales Asteraceae Artemisia,EXACT_MATCH_PRIMARY_SOURCE_ACCEPTED_AUTHOR_DISAMBIGUATION
Artemisia annua L.,Artemisia annua,Artemisia annua L.,Plantae Tracheophyta Magnoliopsida Asterales Asteraceae Artemisia annua,EXACT_MATCH_PRIMARY_SOURCE_ACCEPTED_AMONG_SYNONYMS_SIMPLE
Artemisia campestris L.,Artemisia campestris,Artemisia campestris L.,Plantae Tracheophyta Magnoliopsida Asterales Asteraceae Artemisia campestris,EXACT_MATCH_PRIMARY_SOURCE_ACCEPTED_AUTHOR_DISAMBIGUATION
Artemisia ludoviciana Nutt.,Artemisia ludoviciana,Artemisia ludoviciana Nutt.,Plantae Tracheophyta Magnoliopsida Asterales Asteraceae Artemisia ludoviciana,EXACT_MATCH_PRIMARY_SOURCE_ACCEPTED_AMONG_SYNONYMS_SIMPLE
Artemisia stelleriana Besser,Artemisia stelleriana,Artemisia stelleriana Besser,Plantae Tracheophyta Magnoliopsida Asterales Asteraceae Artemisia stelleriana,EXACT_MATCH_PRIMARY_SOURCE_ACCEPTED_SIMPLE
Artemisia vulgaris L.,Artemisia vulgaris,Artemisia vulgaris L.,Plantae Tracheophyta Magnoliopsida Asterales Asteraceae Artemisia vulgaris,EXACT_MATCH_PRIMARY_SOURCE_ACCEPTED_AUTHOR_DISAMBIGUATION
Arthraxon P. Beauv.,Arthraxon ,Arthraxon P. Beauv.,Plantae Tracheophyta Liliopsida Poales Poaceae Arthraxon,EXACT_MATCH_PRIMARY_SOURCE_ACCEPTED_AMONG_SYNONYMS_SIMPLE
Arthraxon hispidus (Thunb.) Makino,Arthraxon hispidus,Arthraxon hispidus (Thunb.) Makino,Plantae Tracheophyta Liliopsida Poales Poaceae Arthraxon hispidus,EXACT_MATCH_PRIMARY_SOURCE_ACCEPTED_AMONG_SYNONYMS_SIMPLE
Arum L.,Arum ,Arum L.,Plantae Tracheophyta Liliopsida Alismatales Araceae Arum,EXACT_MATCH_PRIMARY_SOURCE_ACCEPTED_AUTHOR_DISAMBIGUATION
Arum italicum Mill.,Arum italicum,Arum italicum Mill.,Plantae Tracheophyta Liliopsida Alismatales Araceae Arum italicum,EXACT_MATCH_PRIMARY_SOURCE_ACCEPTED_SIMPLE
Aruncus L.,Aruncus ,Aruncus L.,Plantae Tracheophyta Magnoliopsida Rosales Rosaceae Aruncus,EXACT_MATCH_PRIMARY_SOURCE_ACCEPTED_AUTHOR_DISAMBIGUATION
Aruncus dioicus (Walter) Fernald,Aruncus dioicus,Aruncus dioicus (Walter) Fernald,Plantae Tracheophyta Magnoliopsida Rosales Rosaceae Aruncus dioicus,EXACT_MATCH_PRIMARY_SOURCE_ACCEPTED_SIMPLE
Arundinaria Michx.,Arundinaria ,Arundinaria Michx.,Plantae Tracheophyta Liliopsida Poales Poaceae Arundinaria,EXACT_MATCH_PRIMARY_SOURCE_ACCEPTED_SIMPLE
Arundinaria gigantea (Walter) Muhl.,Arundinaria gigantea,Arundinaria gigantea (Walter) Muhl.,Plantae Tracheophyta Liliopsida Poales Poaceae Arundinaria gigantea,EXACT_MATCH_PRIMARY_SOURCE_ACCEPTED_AUTHOR_DISAMBIGUATION
Arundinaria tecta (Walter) Muhl.,Arundinaria tecta,Arundinaria tecta (Walter) Muhl.,Plantae Tracheophyta Liliopsida Poales Poaceae Arundinaria tecta,EXACT_MATCH_PRIMARY_SOURCE_ACCEPTED_SIMPLE
Arundo L.,Arundo ,Arundo L.,Plantae Tracheophyta Liliopsida Poales Poaceae Arundo,EXACT_MATCH_PRIMARY_SOURCE_ACCEPTED_AUTHOR_DISAMBIGUATION
Arundo donax L.,Arundo donax,Arundo donax L.,Plantae Tracheophyta Liliopsida Poales Poaceae Arundo donax,EXACT_MATCH_PRIMARY_SOURCE_ACCEPTED_AUTHOR_DISAMBIGUATION
Asarum L.,Asarum ,Asarum L.,Plantae Tracheophyta Magnoliopsida Piperales Aristolochiaceae Asarum,EXACT_MATCH_PRIMARY_SOURCE_ACCEPTED_AUTHOR_DISAMBIGUATION
Asarum canadense L.,Asarum canadense,Asarum canadense L.,Plantae Tracheophyta Magnoliopsida Piperales Aristolochiaceae Asarum canadense,EXACT_MATCH_PRIMARY_SOURCE_ACCEPTED_SIMPLE
Asclepias L.,Asclepias ,Asclepias L.,Plantae Tracheophyta Magnoliopsida Gentianales Apocynaceae Asclepias,EXACT_MATCH_PRIMARY_SOURCE_ACCEPTED_AUTHOR_DISAMBIGUATION
Asclepias amplexicaulis Sm.,Asclepias amplexicaulis,Asclepias amplexicaulis Sm.,Plantae Tracheophyta Magnoliopsida Gentianales Apocynaceae Asclepias amplexicaulis,EXACT_MATCH_PRIMARY_SOURCE_ACCEPTED_AMONG_SYNONYMS_SIMPLE
Asclepias exaltata L.,Asclepias exaltata,Asclepias exaltata L.,Plantae Tracheophyta Magnoliopsida Gentianales Apocynaceae Asclepias exaltata,EXACT_MATCH_PRIMARY_SOURCE_ACCEPTED_AUTHOR_DISAMBIGUATION
Asclepias incarnata L.,Asclepias incarnata,Asclepias incarnata L.,Plantae Tracheophyta Magnoliopsida Gentianales Apocynaceae Asclepias incarnata,EXACT_MATCH_PRIMARY_SOURCE_ACCEPTED_AMONG_SYNONYMS_SIMPLE
Asclepias lanceolata Walter,Asclepias lanceolata,Asclepias lanceolata Walter,Plantae Tracheophyta Magnoliopsida Gentianales Apocynaceae Asclepias lanceolata,EXACT_MATCH_PRIMARY_SOURCE_ACCEPTED_AMONG_SYNONYMS_SIMPLE
Asclepias longifolia Michx.,Asclepias longifolia,Asclepias longifolia Michx.,Plantae Tracheophyta Magnoliopsida Gentianales Apocynaceae Asclepias longifolia,EXACT_MATCH_PRIMARY_SOURCE_ACCEPTED_AMONG_SYNONYMS_SIMPLE
Asclepias purpurascens L.,Asclepias purpurascens,Asclepias purpurascens L.,Plantae Tracheophyta Magnoliopsida Gentianales Apocynaceae Asclepias purpurascens,EXACT_MATCH_PRIMARY_SOURCE_ACCEPTED_AMONG_SYNONYMS_SIMPLE
Asclepias quadrifolia Jacq.,Asclepias quadrifolia,Asclepias quadrifolia Jacq.,Plantae Tracheophyta Magnoliopsida Gentianales Apocynaceae Asclepias quadrifolia,EXACT_MATCH_PRIMARY_SOURCE_ACCEPTED_SIMPLE
Asclepias rubra L.,Asclepias rubra,Asclepias rubra L.,Plantae Tracheophyta Magnoliopsida Gentianales Apocynaceae Asclepias rubra,EXACT_MATCH_PRIMARY_SOURCE_ACCEPTED_AMONG_SYNONYMS_SIMPLE
Asclepias syriaca L.,Asclepias syriaca,Asclepias syriaca L.,Plantae Tracheophyta Magnoliopsida Gentianales Apocynaceae Asclepias syriaca,EXACT_MATCH_PRIMARY_SOURCE_ACCEPTED_AMONG_SYNONYMS_SIMPLE
Asclepias tuberosa L.,Asclepias tuberosa,Asclepias tuberosa L.,Plantae Tracheophyta Magnoliopsida Gentianales Apocynaceae Asclepias tuberosa,EXACT_MATCH_PRIMARY_SOURCE_ACCEPTED_AUTHOR_DISAMBIGUATION
Asclepias variegata L.,Asclepias variegata,Asclepias variegata L.,Plantae Tracheophyta Magnoliopsida Gentianales Apocynaceae Asclepias variegata,EXACT_MATCH_PRIMARY_SOURCE_ACCEPTED_SIMPLE
Asclepias verticillata L.,Asclepias verticillata,Asclepias verticillata L.,Plantae Tracheophyta Magnoliopsida Gentianales Apocynaceae Asclepias verticillata,EXACT_MATCH_PRIMARY_SOURCE_ACCEPTED_SIMPLE
Asclepias viridiflora Raf.,Asclepias viridiflora,Asclepias viridiflora Raf.,Plantae Tracheophyta Magnoliopsida Gentianales Apocynaceae Asclepias viridiflora,EXACT_MATCH_PRIMARY_SOURCE_ACCEPTED_AUTHOR_DISAMBIGUATION
Asimina Adans.,Asimina ,Asimina Adans.,Plantae Tracheophyta Magnoliopsida Magnoliales Annonaceae Asimina,EXACT_MATCH_PRIMARY_SOURCE_ACCEPTED_AUTHOR_DISAMBIGUATION
Asimina parviflora (Michx.) Dunal,Asimina parviflora,Asimina parviflora (Michx.) Dunal,Plantae Tracheophyta Magnoliopsida Magnoliales Annonaceae Asimina parviflora,EXACT_MATCH_PRIMARY_SOURCE_ACCEPTED_SIMPLE
Asimina triloba (L.) Dunal,Asimina triloba,Asimina triloba (L.) Dunal,Plantae Tracheophyta Magnoliopsida Magnoliales Annonaceae Asimina triloba,EXACT_MATCH_PRIMARY_SOURCE_ACCEPTED_AMONG_SYNONYMS_SIMPLE
Asparagus officinalis L.,Asparagus officinalis,Asparagus officinalis L.,Plantae Tracheophyta Liliopsida Asparagales Asparagaceae Asparagus officinalis,EXACT_MATCH_PRIMARY_SOURCE_ACCEPTED_AUTHOR_DISAMBIGUATION
Asperugo L.,Asperugo ,Asperugo L.,Plantae Tracheophyta Magnoliopsida Boraginales Boraginaceae Asperugo,EXACT_MATCH_PRIMARY_SOURCE_ACCEPTED_AUTHOR_DISAMBIGUATION
Asperugo procumbens L.,Asperugo procumbens,Asperugo procumbens L.,Plantae Tracheophyta Magnoliopsida Boraginales Boraginaceae Asperugo procumbens,EXACT_MATCH_PRIMARY_SOURCE_ACCEPTED_SIMPLE
Asplenium L.,Asplenium ,Asplenium L.,Plantae Tracheophyta Polypodiopsida Polypodiales Aspleniaceae Asplenium,EXACT_MATCH_PRIMARY_SOURCE_ACCEPTED_AUTHOR_DISAMBIGUATION
Asplenium bradleyi D.C. Eaton,Asplenium bradleyi,Asplenium bradleyi D.C. Eaton,Plantae Tracheophyta Polypodiopsida Polypodiales Aspleniaceae Asplenium bradleyi,EXACT_MATCH_PRIMARY_SOURCE_ACCEPTED_SIMPLE
Asplenium montanum Willd.,Asplenium montanum,Asplenium montanum Willd.,Plantae Tracheophyta Polypodiopsida Polypodiales Aspleniaceae Asplenium montanum,EXACT_MATCH_PRIMARY_SOURCE_ACCEPTED_AMONG_SYNONYMS_SIMPLE
Asplenium pinnatifidum Nutt.,Asplenium pinnatifidum,Asplenium pinnatifidum Nutt.,Plantae Tracheophyta Polypodiopsida Polypodiales Aspleniaceae Asplenium pinnatifidum,EXACT_MATCH_PRIMARY_SOURCE_ACCEPTED_SIMPLE
"Asplenium platyneuron (L.) Britton, Sterns & Poggenb.",Asplenium platyneuron,"Asplenium platyneuron (L.) Britton, Sterns & Poggenb.",Plantae Tracheophyta Polypodiopsida Polypodiales Aspleniaceae Asplenium platyneuron,EXACT_MATCH_PRIMARY_SOURCE_ACCEPTED_AUTHOR_DISAMBIGUATION
Asplenium resiliens Kunze,Asplenium resiliens,Asplenium resiliens Kunze,Plantae Tracheophyta Polypodiopsida Polypodiales Aspleniaceae Asplenium resiliens,EXACT_MATCH_PRIMARY_SOURCE_ACCEPTED_SIMPLE
Asplenium rhizophyllum L.,Asplenium rhizophyllum,Asplenium rhizophyllum L.,Plantae Tracheophyta Polypodiopsida Polypodiales Aspleniaceae Asplenium rhizophyllum,EXACT_MATCH_PRIMARY_SOURCE_ACCEPTED_AMONG_SYNONYMS_SIMPLE
Asplenium ruta-muraria L.,Asplenium ruta-muraria,Asplenium ruta-muraria L.,Plantae Tracheophyta Polypodiopsida Polypodiales Aspleniaceae Asplenium ruta-muraria,EXACT_MATCH_PRIMARY_SOURCE_ACCEPTED_AMONG_SYNONYMS_SIMPLE
Asplenium trichomanes L.,Asplenium trichomanes,Asplenium trichomanes L.,Plantae Tracheophyta Polypodiopsida Polypodiales Aspleniaceae Asplenium trichomanes,EXACT_MATCH_PRIMARY_SOURCE_ACCEPTED_AMONG_SYNONYMS_SIMPLE
Asplenium trichomanes L. ssp. quadrivalens D.E. Mey.,Asplenium quadrivalens,Asplenium trichomanes L. ssp. quadrivalens D.E. Mey.,Plantae Tracheophyta Polypodiopsida Polypodiales Aspleniaceae Asplenium quadrivalens,MULTI_EXACT_MATCH_PRIMARY_SOURCE_SYNONYMS_INFRASPECIFIC_SCORE
Asplenium ×ebenoides R.R. Scott (pro sp.) [platyneuron × rhizophyllum],Asplenium ebenoides,Asplenium ×ebenoides R.R. Scott (pro sp.) [platyneuron × rhizophyllum],Plantae Tracheophyta Polypodiopsida Polypodiales Aspleniaceae Asplenium ebenoides,EXACT_MATCH_PRIMARY_SOURCE_MULT_ACCEPTED
Asplenium ×gravesii Maxon (pro sp.) [bradleyi × pinnatifidum],Asplenium gravesii,Asplenium ×gravesii Maxon (pro sp.) [bradleyi × pinnatifidum],Plantae Tracheophyta Polypodiopsida Polypodiales Aspleniaceae Asplenium gravesii,EXACT_MATCH_PRIMARY_SOURCE_ACCEPTED_SIMPLE
Asplenium ×kentuckiense T.N. McCoy (pro sp.) [pinnatifidum × platyneuron],Asplenium kentuckiense,Asplenium ×kentuckiense T.N. McCoy (pro sp.) [pinnatifidum × platyneuron],Plantae Tracheophyta Polypodiopsida Polypodiales Aspleniaceae Asplenium kentuckiense,EXACT_MATCH_PRIMARY_SOURCE_ACCEPTED_AMONG_SYNONYMS_SIMPLE
Asplenium ×trudellii Wherry (pro sp.) [montanum × pinnatifidum],Asplenium trudellii,Asplenium ×trudellii Wherry (pro sp.) [montanum × pinnatifidum],Plantae Tracheophyta Polypodiopsida Polypodiales Aspleniaceae Asplenium trudellii,EXACT_MATCH_PRIMARY_SOURCE_ACCEPTED_SIMPLE
Asplenium ×virginicum Maxon [platyneuron × trichomanes],Asplenium virginicum,Asplenium ×virginicum Maxon [platyneuron × trichomanes],Plantae Tracheophyta Polypodiopsida Polypodiales Aspleniaceae Asplenium virginicum,EXACT_MATCH_PRIMARY_SOURCE_ACCEPTED_SIMPLE
Asplenium ×wherryi D.M. Sm. [bradleyi × montanum],Asplenium wherryi,Asplenium ×wherryi D.M. Sm. [bradleyi × montanum],Plantae Tracheophyta Polypodiopsida Polypodiales Aspleniaceae Asplenium wherryi,EXACT_MATCH_PRIMARY_SOURCE_ACCEPTED_SIMPLE
Aster L.,Aster ,Aster L.,Plantae Tracheophyta Magnoliopsida Asterales Asteraceae Aster,EXACT_MATCH_PRIMARY_SOURCE_ACCEPTED_AUTHOR_DISAMBIGUATION
Aster tataricus L. f.,Aster tataricus,Aster tataricus L. f.,Plantae Tracheophyta Magnoliopsida Asterales Asteraceae Aster tataricus,EXACT_MATCH_PRIMARY_SOURCE_ACCEPTED_AMONG_SYNONYMS_SIMPLE
Astilbe Buch.-Ham. ex D. Don,Astilbe ,Astilbe Buch.-Ham. ex D. Don,Plantae Tracheophyta Magnoliopsida Saxifragales Saxifragaceae Astilbe,EXACT_MATCH_PRIMARY_SOURCE_MULT_ACCEPTED
Astilbe biternata (Vent.) Britton,Astilbe biternata,Astilbe biternata (Vent.) Britton,Plantae Tracheophyta Magnoliopsida Saxifragales Saxifragaceae Astilbe biternata,EXACT_MATCH_PRIMARY_SOURCE_ACCEPTED_AMONG_SYNONYMS_SIMPLE
Astragalus L.,Astragalus ,Astragalus L.,Plantae Tracheophyta Magnoliopsida Fabales Fabaceae Astragalus,EXACT_MATCH_PRIMARY_SOURCE_ACCEPTED_AUTHOR_DISAMBIGUATION
Astragalus canadensis L.,Astragalus canadensis,Astragalus canadensis L.,Plantae Tracheophyta Magnoliopsida Fabales Fabaceae Astragalus canadensis,EXACT_MATCH_PRIMARY_SOURCE_ACCEPTED_SIMPLE
Astragalus distortus Torr. & A. Gray,Astragalus distortus,Astragalus distortus Torr. & A. Gray,Plantae Tracheophyta Magnoliopsida Fabales Fabaceae Astragalus distortus,EXACT_MATCH_PRIMARY_SOURCE_ACCEPTED_SIMPLE
Astragalus neglectus (Torr. & A. Gray) Sheldon,Astragalus neglectus,Astragalus neglectus (Torr. & A. Gray) Sheldon,Plantae Tracheophyta Magnoliopsida Fabales Fabaceae Astragalus neglectus,EXACT_MATCH_PRIMARY_SOURCE_MULT_ACCEPTED
Athyrium Roth,Athyrium ,Athyrium Roth,Plantae Tracheophyta Polypodiopsida Polypodiales Athyriaceae Athyrium,EXACT_MATCH_PRIMARY_SOURCE_ACCEPTED_AUTHOR_DISAMBIGUATION
Athyrium filix-femina (L.) Roth,Athyrium filix-femina,Athyrium filix-femina (L.) Roth,Plantae Tracheophyta Polypodiopsida Polypodiales Athyriaceae Athyrium filix-femina,EXACT_MATCH_PRIMARY_SOURCE_ACCEPTED_AUTHOR_DISAMBIGUATION
Athyrium filix-femina (L.) Roth ssp. angustum (Willd.) R.T. Clausen,Athyrium angustum,Athyrium filix-femina (L.) Roth ssp. angustum (Willd.) R.T. Clausen,Plantae Tracheophyta Polypodiopsida Polypodiales Athyriaceae Athyrium angustum,MULTI_EXACT_MATCH_PRIMARY_SOURCE_SYNONYMS_INFRASPECIFIC_SCORE
Athyrium filix-femina (L.) Roth ssp. asplenioides (Michx.) Hultén,Athyrium asplenioides,Athyrium filix-femina (L.) Roth ssp. asplenioides (Michx.) Hultén,Plantae Tracheophyta Polypodiopsida Polypodiales Athyriaceae Athyrium asplenioides,MULTI_EXACT_MATCH_PRIMARY_SOURCE_SYNONYMS_INFRASPECIFIC_SCORE
Atriplex L.,Atriplex ,Atriplex L.,Plantae Tracheophyta Magnoliopsida Caryophyllales Amaranthaceae Atriplex,EXACT_MATCH_PRIMARY_SOURCE_ACCEPTED_AUTHOR_DISAMBIGUATION
Atriplex cristata Humb. & Bonpl. ex Willd.,Atriplex cristata,Atriplex cristata Humb. & Bonpl. ex Willd.,Plantae Tracheophyta Magnoliopsida Caryophyllales Amaranthaceae Atriplex cristata,EXACT_MATCH_PRIMARY_SOURCE_ACCEPTED_AMONG_SYNONYMS_SIMPLE
Atriplex patula L.,Atriplex patula,Atriplex patula L.,Plantae Tracheophyta Magnoliopsida Caryophyllales Amaranthaceae Atriplex patula,EXACT_MATCH_PRIMARY_SOURCE_ACCEPTED_AUTHOR_DISAMBIGUATION
Atriplex prostrata Bouchér ex DC.,Atriplex prostrata,Atriplex prostrata Bouchér ex DC.,Plantae Tracheophyta Magnoliopsida Caryophyllales Amaranthaceae Atriplex prostrata,EXACT_MATCH_PRIMARY_SOURCE_MULT_ACCEPTED
Atriplex rosea L.,Atriplex rosea,Atriplex rosea L.,Plantae Tracheophyta Magnoliopsida Caryophyllales Amaranthaceae Atriplex rosea,EXACT_MATCH_PRIMARY_SOURCE_ACCEPTED_AUTHOR_DISAMBIGUATION
Atriplex subspicata (Nutt.) Rydb.,Atriplex dioica,Atriplex subspicata (Nutt.) Rydb.,Plantae Tracheophyta Magnoliopsida Caryophyllales Amaranthaceae Atriplex dioica,EXACT_MATCH_PRIMARY_SOURCE_SYNONYM_SIMPLE
Aureolaria Raf.,Aureolaria ,Aureolaria Raf.,Plantae Tracheophyta Magnoliopsida Lamiales Orobanchaceae Aureolaria,EXACT_MATCH_PRIMARY_SOURCE_ACCEPTED_SIMPLE
Aureolaria flava (L.) Farw.,Aureolaria flava,Aureolaria flava (L.) Farw.,Plantae Tracheophyta Magnoliopsida Lamiales Orobanchaceae Aureolaria flava,EXACT_MATCH_PRIMARY_SOURCE_ACCEPTED_SIMPLE
Aureolaria laevigata (Raf.) Raf.,Aureolaria laevigata,Aureolaria laevigata (Raf.) Raf.,Plantae Tracheophyta Magnoliopsida Lamiales Orobanchaceae Aureolaria laevigata,EXACT_MATCH_PRIMARY_SOURCE_ACCEPTED_SIMPLE
Aureolaria pectinata (Nutt.) Pennell,Aureolaria pectinata,Aureolaria pectinata (Nutt.) Pennell,Plantae Tracheophyta Magnoliopsida Lamiales Orobanchaceae Aureolaria pectinata,EXACT_MATCH_PRIMARY_SOURCE_ACCEPTED_SIMPLE
Aureolaria pedicularia (L.) Raf.,Aureolaria pedicularia,Aureolaria pedicularia (L.) Raf.,Plantae Tracheophyta Magnoliopsida Lamiales Orobanchaceae Aureolaria pedicularia,EXACT_MATCH_PRIMARY_SOURCE_ACCEPTED_AMONG_SYNONYMS_SIMPLE
Aureolaria virginica (L.) Pennell,Aureolaria virginica,Aureolaria virginica (L.) Pennell,Plantae Tracheophyta Magnoliopsida Lamiales Orobanchaceae Aureolaria virginica,EXACT_MATCH_PRIMARY_SOURCE_ACCEPTED_AMONG_SYNONYMS_SIMPLE
Aurinia Desv.,Aurinia ,Aurinia Desv.,Plantae Tracheophyta Magnoliopsida Brassicales Brassicaceae Aurinia,MULTI_EXACT_MATCH_PRIMARY_SOURCE_ACCEPTED_HOMONYM
Aurinia saxatilis (L.) Desv.,Aurinia saxatilis,Aurinia saxatilis (L.) Desv.,Plantae Tracheophyta Magnoliopsida Brassicales Brassicaceae Aurinia saxatilis,EXACT_MATCH_PRIMARY_SOURCE_ACCEPTED_AUTHOR_DISAMBIGUATION
Avena L.,Avena ,Avena L.,Plantae Tracheophyta Liliopsida Poales Poaceae Avena,EXACT_MATCH_PRIMARY_SOURCE_ACCEPTED_AUTHOR_DISAMBIGUATION
Avena fatua L.,Avena fatua,Avena fatua L.,Plantae Tracheophyta Liliopsida Poales Poaceae Avena fatua,EXACT_MATCH_PRIMARY_SOURCE_ACCEPTED_AUTHOR_DISAMBIGUATION
Avena sativa L.,Avena sativa,Avena sativa L.,Plantae Tracheophyta Liliopsida Poales Poaceae Avena sativa,EXACT_MATCH_PRIMARY_SOURCE_ACCEPTED_SIMPLE
Axonopus P. Beauv.,Axonopus ,Axonopus P. Beauv.,Plantae Tracheophyta Liliopsida Poales Poaceae Axonopus,EXACT_MATCH_PRIMARY_SOURCE_MULT_ACCEPTED
Axonopus fissifolius (Raddi) Kuhlm.,Axonopus fissifolius,Axonopus fissifolius (Raddi) Kuhlm.,Plantae Tracheophyta Liliopsida Poales Poaceae Axonopus fissifolius,EXACT_MATCH_PRIMARY_SOURCE_ACCEPTED_AMONG_SYNONYMS_SIMPLE
Axonopus furcatus (Flueggé) Hitchc.,Axonopus furcatus,Axonopus furcatus (Flueggé) Hitchc.,Plantae Tracheophyta Liliopsida Poales Poaceae Axonopus furcatus,EXACT_MATCH_PRIMARY_SOURCE_ACCEPTED_SIMPLE
Azolla Lam.,Azolla ,Azolla Lam.,Plantae Tracheophyta Polypodiopsida Salviniales Salviniaceae Azolla,EXACT_MATCH_PRIMARY_SOURCE_ACCEPTED_SIMPLE
Azolla caroliniana Willd.,Azolla caroliniana,Azolla caroliniana Willd.,Plantae Tracheophyta Polypodiopsida Salviniales Salviniaceae Azolla caroliniana,EXACT_MATCH_PRIMARY_SOURCE_ACCEPTED_SIMPLE
Baccharis L.,Baccharis ,Baccharis L.,Plantae Tracheophyta Magnoliopsida Asterales Asteraceae Baccharis,EXACT_MATCH_PRIMARY_SOURCE_ACCEPTED_AMONG_SYNONYMS_SIMPLE
Baccharis halimifolia L.,Baccharis halimifolia,Baccharis halimifolia L.,Plantae Tracheophyta Magnoliopsida Asterales Asteraceae Baccharis halimifolia,EXACT_MATCH_PRIMARY_SOURCE_ACCEPTED_AMONG_SYNONYMS_SIMPLE
Bacidia De Not.,Bacidia ,Bacidia De Not.,Fungi Ascomycota Lecanoromycetes Lecanorales Ramalinaceae Bacidia,EXACT_MATCH_PRIMARY_SOURCE_ACCEPTED_AMONG_SYNONYMS_SIMPLE
Bacopa Aubl.,Bacopa ,Bacopa Aubl.,Plantae Tracheophyta Magnoliopsida Lamiales Plantaginaceae Bacopa,EXACT_MATCH_PRIMARY_SOURCE_ACCEPTED_SIMPLE
Bacopa caroliniana (Walter) B.L. Rob.,Bacopa caroliniana,Bacopa caroliniana (Walter) B.L. Rob.,Plantae Tracheophyta Magnoliopsida Lamiales Plantaginaceae Bacopa caroliniana,EXACT_MATCH_PRIMARY_SOURCE_ACCEPTED_SIMPLE
Bacopa innominata (G. Maza) Alain,Bacopa innominata,Bacopa innominata (G. Maza) Alain,Plantae Tracheophyta Magnoliopsida Lamiales Plantaginaceae Bacopa innominata,EXACT_MATCH_PRIMARY_SOURCE_ACCEPTED_SIMPLE
Bacopa rotundifolia (Michx.) Wettst.,Bacopa rotundifolia,Bacopa rotundifolia (Michx.) Wettst.,Plantae Tracheophyta Magnoliopsida Lamiales Plantaginaceae Bacopa rotundifolia,EXACT_MATCH_PRIMARY_SOURCE_ACCEPTED_SIMPLE
Baptisia Vent.,Baptisia ,Baptisia Vent.,Plantae Tracheophyta Magnoliopsida Fabales Fabaceae Baptisia,EXACT_MATCH_PRIMARY_SOURCE_ACCEPTED_AUTHOR_DISAMBIGUATION
Baptisia alba (L.) Vent.,Baptisia alba,Baptisia alba (L.) Vent.,Plantae Tracheophyta Magnoliopsida Fabales Fabaceae Baptisia alba,EXACT_MATCH_PRIMARY_SOURCE_ACCEPTED_AUTHOR_DISAMBIGUATION
Baptisia albescens Small,Baptisia albescens,Baptisia albescens Small,Plantae Tracheophyta Magnoliopsida Fabales Fabaceae Baptisia albescens,EXACT_MATCH_PRIMARY_SOURCE_ACCEPTED_SIMPLE
Baptisia australis (L.) R. Br.,Baptisia australis,Baptisia australis (L.) R. Br.,Plantae Tracheophyta Magnoliopsida Fabales Fabaceae Baptisia australis,EXACT_MATCH_PRIMARY_SOURCE_MULT_ACCEPTED
Baptisia cinerea (Raf.) Fernald & B.G. Schub.,Baptisia cinerea,Baptisia cinerea (Raf.) Fernald & B.G. Schub.,Plantae Tracheophyta Magnoliopsida Fabales Fabaceae Baptisia cinerea,EXACT_MATCH_PRIMARY_SOURCE_ACCEPTED_SIMPLE
Baptisia tinctoria (L.) R. Br.,Baptisia tinctoria,Baptisia tinctoria (L.) R. Br.,Plantae Tracheophyta Magnoliopsida Fabales Fabaceae Baptisia tinctoria,EXACT_MATCH_PRIMARY_SOURCE_MULT_ACCEPTED
Baptisia ×serenae M.A. Curtis (pro sp.) [albescens × tinctoria],Baptisia serenae,Baptisia ×serenae M.A. Curtis (pro sp.) [albescens × tinctoria],Plantae Tracheophyta Magnoliopsida Fabales Fabaceae Baptisia serenae,EXACT_MATCH_PRIMARY_SOURCE_ACCEPTED_SIMPLE
Barbarea W.T. Aiton,Barbarea ,Barbarea W.T. Aiton,Plantae Tracheophyta Magnoliopsida Brassicales Brassicaceae Barbarea,EXACT_MATCH_PRIMARY_SOURCE_MULT_ACCEPTED
Barbarea verna (Mill.) Asch.,Barbarea verna,Barbarea verna (Mill.) Asch.,Plantae Tracheophyta Magnoliopsida Brassicales Brassicaceae Barbarea verna,EXACT_MATCH_PRIMARY_SOURCE_ACCEPTED_SIMPLE
Barbarea vulgaris W.T. Aiton,Barbarea vulgaris,Barbarea vulgaris W.T. Aiton,Plantae Tracheophyta Magnoliopsida Brassicales Brassicaceae Barbarea vulgaris,EXACT_MATCH_PRIMARY_SOURCE_MULT_ACCEPTED
Barbula Hedw.,Barbula ,Barbula Hedw.,Plantae Bryophyta Bryopsida Pottiales Pottiaceae Barbula,EXACT_MATCH_PRIMARY_SOURCE_ACCEPTED_AUTHOR_DISAMBIGUATION
Bartonia Muhl. ex Willd.,Bartonia ,Bartonia Muhl. ex Willd.,Plantae Tracheophyta Magnoliopsida Gentianales Gentianaceae Bartonia,EXACT_MATCH_PRIMARY_SOURCE_ACCEPTED_AUTHOR_DISAMBIGUATION
Bartonia paniculata (Michx.) Muhl.,Bartonia paniculata,Bartonia paniculata (Michx.) Muhl.,Plantae Tracheophyta Magnoliopsida Gentianales Gentianaceae Bartonia paniculata,EXACT_MATCH_PRIMARY_SOURCE_ACCEPTED_AMONG_SYNONYMS_SIMPLE
Bartonia verna (Michx.) Raf. ex Barton,Bartonia verna,Bartonia verna (Michx.) Raf. ex Barton,Plantae Tracheophyta Magnoliopsida Gentianales Gentianaceae Bartonia verna,EXACT_MATCH_PRIMARY_SOURCE_ACCEPTED_AMONG_SYNONYMS_SIMPLE
"Bartonia virginica (L.) Britton, Sterns & Poggenb.",Bartonia virginica,"Bartonia virginica (L.) Britton, Sterns & Poggenb.",Plantae Tracheophyta Magnoliopsida Gentianales Gentianaceae Bartonia virginica,EXACT_MATCH_PRIMARY_SOURCE_ACCEPTED_SIMPLE
Bassia All.,Bassia ,Bassia All.,Plantae Tracheophyta Magnoliopsida Caryophyllales Amaranthaceae Bassia,EXACT_MATCH_PRIMARY_SOURCE_ACCEPTED_AUTHOR_DISAMBIGUATION
Bassia hirsuta (L.) Asch.,Bassia hirsuta,Bassia hirsuta (L.) Asch.,Plantae Tracheophyta Magnoliopsida Caryophyllales Amaranthaceae Bassia hirsuta,EXACT_MATCH_PRIMARY_SOURCE_ACCEPTED_AMONG_SYNONYMS_SIMPLE
Bassia scoparia (L.) A.J. Scott,Bassia scoparia,Bassia scoparia (L.) A.J. Scott,Plantae Tracheophyta Magnoliopsida Caryophyllales Amaranthaceae Bassia scoparia,EXACT_MATCH_PRIMARY_SOURCE_ACCEPTED_AMONG_SYNONYMS_SIMPLE
Belamcanda Adans.,Iris ,Belamcanda Adans.,Plantae Tracheophyta Liliopsida Asparagales Iridaceae Iris,EXACT_MATCH_PRIMARY_SOURCE_SYNONYM_SIMPLE
Belamcanda chinensis (L.) DC.,Iris domestica,Belamcanda chinensis (L.) DC.,Plantae Tracheophyta Liliopsida Asparagales Iridaceae Iris domestica,MULTI_EXACT_MATCH_PRIMARY_SOURCE_SYNONYMS_INFRASPECIFIC_SCORE
Bellis L.,Bellis ,Bellis L.,Plantae Tracheophyta Magnoliopsida Asterales Asteraceae Bellis,EXACT_MATCH_PRIMARY_SOURCE_ACCEPTED_SIMPLE
Bellis perennis L.,Bellis perennis,Bellis perennis L.,Plantae Tracheophyta Magnoliopsida Asterales Asteraceae Bellis perennis,EXACT_MATCH_PRIMARY_SOURCE_ACCEPTED_SIMPLE
Berberis L.,Berberis ,Berberis L.,Plantae Tracheophyta Magnoliopsida Ranunculales Berberidaceae Berberis,EXACT_MATCH_PRIMARY_SOURCE_ACCEPTED_SIMPLE
Berberis canadensis Mill.,Berberis canadensis,Berberis canadensis Mill.,Plantae Tracheophyta Magnoliopsida Ranunculales Berberidaceae Berberis canadensis,EXACT_MATCH_PRIMARY_SOURCE_ACCEPTED_AUTHOR_DISAMBIGUATION
Berberis thunbergii DC.,Berberis thunbergii,Berberis thunbergii DC.,Plantae Tracheophyta Magnoliopsida Ranunculales Berberidaceae Berberis thunbergii,EXACT_MATCH_PRIMARY_SOURCE_ACCEPTED_SIMPLE
Berberis vulgaris L.,Berberis vulgaris,Berberis vulgaris L.,Plantae Tracheophyta Magnoliopsida Ranunculales Berberidaceae Berberis vulgaris,EXACT_MATCH_PRIMARY_SOURCE_ACCEPTED_AUTHOR_DISAMBIGUATION
Berchemia Neck. ex DC.,Berchemia ,Berchemia Neck. ex DC.,Plantae Tracheophyta Magnoliopsida Rosales Rhamnaceae Berchemia,EXACT_MATCH_PRIMARY_SOURCE_ACCEPTED_AUTHOR_DISAMBIGUATION
Berchemia scandens (Hill) K. Koch,Berchemia scandens,Berchemia scandens (Hill) K. Koch,Plantae Tracheophyta Magnoliopsida Rosales Rhamnaceae Berchemia scandens,EXACT_MATCH_PRIMARY_SOURCE_ACCEPTED_AMONG_SYNONYMS_SIMPLE
Berteroa DC.,Berteroa ,Berteroa DC.,Plantae Tracheophyta Magnoliopsida Brassicales Brassicaceae Berteroa,EXACT_MATCH_PRIMARY_SOURCE_ACCEPTED_AUTHOR_DISAMBIGUATION
Berteroa incana (L.) DC.,Berteroa incana,Berteroa incana (L.) DC.,Plantae Tracheophyta Magnoliopsida Brassicales Brassicaceae Berteroa incana,EXACT_MATCH_PRIMARY_SOURCE_ACCEPTED_SIMPLE
Beta L.,Beta ,Beta L.,Plantae Tracheophyta Magnoliopsida Caryophyllales Amaranthaceae Beta,EXACT_MATCH_PRIMARY_SOURCE_ACCEPTED_AUTHOR_DISAMBIGUATION
Beta vulgaris L.,Beta vulgaris,Beta vulgaris L.,Plantae Tracheophyta Magnoliopsida Caryophyllales Amaranthaceae Beta vulgaris,EXACT_MATCH_PRIMARY_SOURCE_ACCEPTED_SIMPLE
Betula L.,Betula ,Betula L.,Plantae Tracheophyta Magnoliopsida Fagales Betulaceae Betula,EXACT_MATCH_PRIMARY_SOURCE_ACCEPTED_AUTHOR_DISAMBIGUATION
Betula alleghaniensis Britton,Betula alleghaniensis,Betula alleghaniensis Britton,Plantae Tracheophyta Magnoliopsida Fagales Betulaceae Betula alleghaniensis,EXACT_MATCH_PRIMARY_SOURCE_ACCEPTED_SIMPLE
Betula lenta L.,Betula lenta,Betula lenta L.,Plantae Tracheophyta Magnoliopsida Fagales Betulaceae Betula lenta,EXACT_MATCH_PRIMARY_SOURCE_ACCEPTED_AUTHOR_DISAMBIGUATION
Betula nigra L.,Betula nigra,Betula nigra L.,Plantae Tracheophyta Magnoliopsida Fagales Betulaceae Betula nigra,EXACT_MATCH_PRIMARY_SOURCE_ACCEPTED_AUTHOR_DISAMBIGUATION
Betula papyrifera Marshall,Betula papyrifera,Betula papyrifera Marshall,Plantae Tracheophyta Magnoliopsida Fagales Betulaceae Betula papyrifera,EXACT_MATCH_PRIMARY_SOURCE_ACCEPTED_AUTHOR_DISAMBIGUATION
Betula papyrifera Marshall var. cordifolia (Regel) Fernald,Betula cordifolia,Betula papyrifera Marshall var. cordifolia (Regel) Fernald,Plantae Tracheophyta Magnoliopsida Fagales Betulaceae Betula cordifolia,MULTI_EXACT_MATCH_PRIMARY_SOURCE_SYNONYMS_INFRASPECIFIC_SCORE
Betula pendula Roth,Betula pendula,Betula pendula Roth,Plantae Tracheophyta Magnoliopsida Fagales Betulaceae Betula pendula,EXACT_MATCH_PRIMARY_SOURCE_ACCEPTED_SIMPLE
Betula populifolia Marshall,Betula populifolia,Betula populifolia Marshall,Plantae Tracheophyta Magnoliopsida Fagales Betulaceae Betula populifolia,EXACT_MATCH_PRIMARY_SOURCE_ACCEPTED_AUTHOR_DISAMBIGUATION
Bidens L.,Bidens ,Bidens L.,Plantae Tracheophyta Magnoliopsida Asterales Asteraceae Bidens,EXACT_MATCH_PRIMARY_SOURCE_ACCEPTED_AUTHOR_DISAMBIGUATION
Bidens aristosa (Michx.) Britton,Bidens aristosa,Bidens aristosa (Michx.) Britton,Plantae Tracheophyta Magnoliopsida Asterales Asteraceae Bidens aristosa,EXACT_MATCH_PRIMARY_SOURCE_ACCEPTED_SIMPLE
Bidens bipinnata L.,Bidens bipinnata,Bidens bipinnata L.,Plantae Tracheophyta Magnoliopsida Asterales Asteraceae Bidens bipinnata,EXACT_MATCH_PRIMARY_SOURCE_ACCEPTED_AUTHOR_DISAMBIGUATION
Bidens connata Muhl. ex Willd.,Bidens connata,Bidens connata Muhl. ex Willd.,Plantae Tracheophyta Magnoliopsida Asterales Asteraceae Bidens connata,EXACT_MATCH_PRIMARY_SOURCE_ACCEPTED_AMONG_SYNONYMS_SIMPLE
Bidens coronata (L.) Britton,Bidens coronata,Bidens coronata (L.) Britton,Plantae Tracheophyta Magnoliopsida Asterales Asteraceae Bidens coronata,EXACT_MATCH_PRIMARY_SOURCE_ACCEPTED_AMONG_SYNONYMS_SIMPLE
Bidens discoidea (Torr. & A. Gray) Britton,Bidens discoidea,Bidens discoidea (Torr. & A. Gray) Britton,Plantae Tracheophyta Magnoliopsida Asterales Asteraceae Bidens discoidea,EXACT_MATCH_PRIMARY_SOURCE_ACCEPTED_SIMPLE
Bidens frondosa L.,Bidens frondosa,Bidens frondosa L.,Plantae Tracheophyta Magnoliopsida Asterales Asteraceae Bidens frondosa,EXACT_MATCH_PRIMARY_SOURCE_ACCEPTED_AMONG_SYNONYMS_SIMPLE
"Bidens laevis (L.) Britton, Sterns & Poggenb.",Bidens laevis,"Bidens laevis (L.) Britton, Sterns & Poggenb.",Plantae Tracheophyta Magnoliopsida Asterales Asteraceae Bidens laevis,EXACT_MATCH_PRIMARY_SOURCE_ACCEPTED_SIMPLE
Bidens mitis (Michx.) Sherff,Bidens mitis,Bidens mitis (Michx.) Sherff,Plantae Tracheophyta Magnoliopsida Asterales Asteraceae Bidens mitis,EXACT_MATCH_PRIMARY_SOURCE_ACCEPTED_SIMPLE
Bidens tripartita L.,Bidens tripartita,Bidens tripartita L.,Plantae Tracheophyta Magnoliopsida Asterales Asteraceae Bidens tripartita,EXACT_MATCH_PRIMARY_SOURCE_ACCEPTED_AUTHOR_DISAMBIGUATION
Bidens vulgata Greene,Bidens vulgata,Bidens vulgata Greene,Plantae Tracheophyta Magnoliopsida Asterales Asteraceae Bidens vulgata,EXACT_MATCH_PRIMARY_SOURCE_ACCEPTED_SIMPLE
Bignonia L.,Bignonia ,Bignonia L.,Plantae Tracheophyta Magnoliopsida Lamiales Bignoniaceae Bignonia,EXACT_MATCH_PRIMARY_SOURCE_ACCEPTED_AUTHOR_DISAMBIGUATION
Bignonia capreolata L.,Bignonia capreolata,Bignonia capreolata L.,Plantae Tracheophyta Magnoliopsida Lamiales Bignoniaceae Bignonia capreolata,EXACT_MATCH_PRIMARY_SOURCE_ACCEPTED_SIMPLE
Blephilia Raf.,Blephilia ,Blephilia Raf.,Plantae Tracheophyta Magnoliopsida Lamiales Lamiaceae Blephilia,EXACT_MATCH_PRIMARY_SOURCE_ACCEPTED_SIMPLE
Blephilia ciliata (L.) Benth.,Blephilia ciliata,Blephilia ciliata (L.) Benth.,Plantae Tracheophyta Magnoliopsida Lamiales Lamiaceae Blephilia ciliata,EXACT_MATCH_PRIMARY_SOURCE_MULT_ACCEPTED
Blephilia hirsuta (Pursh) Benth.,Blephilia hirsuta,Blephilia hirsuta (Pursh) Benth.,Plantae Tracheophyta Magnoliopsida Lamiales Lamiaceae Blephilia hirsuta,EXACT_MATCH_PRIMARY_SOURCE_ACCEPTED_SIMPLE
Boehmeria Jacq.,Boehmeria ,Boehmeria Jacq.,Plantae Tracheophyta Magnoliopsida Rosales Urticaceae Boehmeria,EXACT_MATCH_PRIMARY_SOURCE_ACCEPTED_SIMPLE
Boehmeria cylindrica (L.) Sw.,Boehmeria cylindrica,Boehmeria cylindrica (L.) Sw.,Plantae Tracheophyta Magnoliopsida Rosales Urticaceae Boehmeria cylindrica,EXACT_MATCH_PRIMARY_SOURCE_ACCEPTED_AMONG_SYNONYMS_SIMPLE
Boehmeria nivea (L.) Gaudich.,Boehmeria nivea,Boehmeria nivea (L.) Gaudich.,Plantae Tracheophyta Magnoliopsida Rosales Urticaceae Boehmeria nivea,EXACT_MATCH_PRIMARY_SOURCE_ACCEPTED_AMONG_SYNONYMS_SIMPLE
Boerhavia L.,Boerhavia ,Boerhavia L.,Plantae Tracheophyta Magnoliopsida Caryophyllales Nyctaginaceae Boerhavia,EXACT_MATCH_PRIMARY_SOURCE_ACCEPTED_SIMPLE
Boerhavia coccinea Mill.,Boerhavia coccinea,Boerhavia coccinea Mill.,Plantae Tracheophyta Magnoliopsida Caryophyllales Nyctaginaceae Boerhavia coccinea,EXACT_MATCH_PRIMARY_SOURCE_ACCEPTED_SIMPLE
Bolboschoenus (Asch.) Palla,Bolboschoenus ,Bolboschoenus (Asch.) Palla,Plantae Tracheophyta Liliopsida Poales Cyperaceae Bolboschoenus,EXACT_MATCH_PRIMARY_SOURCE_ACCEPTED_SIMPLE
Bolboschoenus fluviatilis (Torr.) Soják,Bolboschoenus fluviatilis,Bolboschoenus fluviatilis (Torr.) Soják,Plantae Tracheophyta Liliopsida Poales Cyperaceae Bolboschoenus fluviatilis,EXACT_MATCH_PRIMARY_SOURCE_ACCEPTED_AMONG_SYNONYMS_SIMPLE
Bolboschoenus maritimus (L.) Palla,Bolboschoenus maritimus,Bolboschoenus maritimus (L.) Palla,Plantae Tracheophyta Liliopsida Poales Cyperaceae Bolboschoenus maritimus,EXACT_MATCH_PRIMARY_SOURCE_ACCEPTED_SIMPLE
Bolboschoenus novae-angliae (Britton) S.G. Sm.,Bolboschoenus novae-angliae,Bolboschoenus novae-angliae (Britton) S.G. Sm.,Plantae Tracheophyta Liliopsida Poales Cyperaceae Bolboschoenus novae-angliae,EXACT_MATCH_PRIMARY_SOURCE_ACCEPTED_SIMPLE
Bolboschoenus robustus (Pursh) Soják,Bolboschoenus robustus,Bolboschoenus robustus (Pursh) Soják,Plantae Tracheophyta Liliopsida Poales Cyperaceae Bolboschoenus robustus,EXACT_MATCH_PRIMARY_SOURCE_ACCEPTED_AMONG_SYNONYMS_SIMPLE
Boltonia L'Hér.,Boltonia ,Boltonia L'Hér.,Plantae Tracheophyta Magnoliopsida Asterales Asteraceae Boltonia,EXACT_MATCH_PRIMARY_SOURCE_ACCEPTED_AUTHOR_DISAMBIGUATION
Boltonia asteroides (L.) L'Hér.,Boltonia asteroides,Boltonia asteroides (L.) L'Hér.,Plantae Tracheophyta Magnoliopsida Asterales Asteraceae Boltonia asteroides,EXACT_MATCH_PRIMARY_SOURCE_ACCEPTED_AMONG_SYNONYMS_SIMPLE
Boltonia caroliniana (Walter) Fernald,Boltonia caroliniana,Boltonia caroliniana (Walter) Fernald,Plantae Tracheophyta Magnoliopsida Asterales Asteraceae Boltonia caroliniana,EXACT_MATCH_PRIMARY_SOURCE_ACCEPTED_SIMPLE
Boltonia montana J.F. Towns. & Kar.-Castro,Boltonia montana,Boltonia montana J.F. Towns. & Kar.-Castro,Plantae Tracheophyta Magnoliopsida Asterales Asteraceae Boltonia montana,EXACT_MATCH_PRIMARY_SOURCE_ACCEPTED_SIMPLE
Borago L.,Borago ,Borago L.,Plantae Tracheophyta Magnoliopsida Boraginales Boraginaceae Borago,EXACT_MATCH_PRIMARY_SOURCE_ACCEPTED_AUTHOR_DISAMBIGUATION
Borago officinalis L.,Borago officinalis,Borago officinalis L.,Plantae Tracheophyta Magnoliopsida Boraginales Boraginaceae Borago officinalis,EXACT_MATCH_PRIMARY_SOURCE_ACCEPTED_SIMPLE
Borrichia Adans.,Borrichia ,Borrichia Adans.,Plantae Tracheophyta Magnoliopsida Asterales Asteraceae Borrichia,EXACT_MATCH_PRIMARY_SOURCE_ACCEPTED_SIMPLE
Borrichia frutescens (L.) DC.,Borrichia frutescens,Borrichia frutescens (L.) DC.,Plantae Tracheophyta Magnoliopsida Asterales Asteraceae Borrichia frutescens,EXACT_MATCH_PRIMARY_SOURCE_ACCEPTED_SIMPLE
Botrychium Sw.,Botrychium ,Botrychium Sw.,Plantae Tracheophyta Polypodiopsida Ophioglossales Ophioglossaceae Botrychium,EXACT_MATCH_PRIMARY_SOURCE_ACCEPTED_SIMPLE
Botrychium biternatum (Sav.) Underw.,Sceptridium biternatum,Botrychium biternatum (Sav.) Underw.,Plantae Tracheophyta Polypodiopsida Ophioglossales Ophioglossaceae Sceptridium biternatum,EXACT_MATCH_PRIMARY_SOURCE_SYNONYM_SIMPLE
Botrychium dissectum Spreng.,Sceptridium dissectum,Botrychium dissectum Spreng.,Plantae Tracheophyta Polypodiopsida Ophioglossales Ophioglossaceae Sceptridium dissectum,EXACT_MATCH_PRIMARY_SOURCE_SYNONYM_SIMPLE
Botrychium jenmanii Underw.,Sceptridium jenmanii,Botrychium jenmanii Underw.,Plantae Tracheophyta Polypodiopsida Ophioglossales Ophioglossaceae Sceptridium jenmanii,EXACT_MATCH_PRIMARY_SOURCE_SYNONYM_SIMPLE
Botrychium lanceolatum (S.G. Gmel.) Angstr.,Botrychium lanceolatum,Botrychium lanceolatum (S.G. Gmel.) Angstr.,Plantae Tracheophyta Polypodiopsida Ophioglossales Ophioglossaceae Botrychium lanceolatum,EXACT_MATCH_PRIMARY_SOURCE_ACCEPTED_AMONG_SYNONYMS_SIMPLE
Botrychium lanceolatum (S.G. Gmel.) Angstr. var. angustisegmentum Pease & A.H. Moore,Botrychium angustisegmentum,Botrychium lanceolatum (S.G. Gmel.) Angstr. var. angustisegmentum Pease & A.H. Moore,Plantae Tracheophyta Polypodiopsida Ophioglossales Ophioglossaceae Botrychium angustisegmentum,MULTI_EXACT_MATCH_PRIMARY_SOURCE_SYNONYMS_INFRASPECIFIC_SCORE
Botrychium matricariifolium (A. Braun ex Dowell) A. Braun ex W.D.J. Koch,Botrychium matricariifolium,Botrychium matricariifolium (A. Braun ex Dowell) A. Braun ex W.D.J. Koch,Plantae Tracheophyta Polypodiopsida Ophioglossales Ophioglossaceae Botrychium matricariifolium,EXACT_MATCH_PRIMARY_SOURCE_MULT_ACCEPTED
Botrychium multifidum (S.G. Gmel.) Trevis.,Sceptridium multifidum,Botrychium multifidum (S.G. Gmel.) Trevis.,Plantae Tracheophyta Polypodiopsida Ophioglossales Ophioglossaceae Sceptridium multifidum,MULTI_EXACT_MATCH_PRIMARY_SOURCE_SYNONYMS_INFRASPECIFIC_SCORE
Botrychium oneidense (Gilbert) House,Sceptridium oneidense,Botrychium oneidense (Gilbert) House,Plantae Tracheophyta Polypodiopsida Ophioglossales Ophioglossaceae Sceptridium oneidense,MULTI_EXACT_MATCH_PRIMARY_SOURCE_SYNONYMS_INFRASPECIFIC_SCORE
Botrychium simplex E. Hitchc.,Botrychium simplex,Botrychium simplex E. Hitchc.,Plantae Tracheophyta Polypodiopsida Ophioglossales Ophioglossaceae Botrychium simplex,EXACT_MATCH_PRIMARY_SOURCE_ACCEPTED_SIMPLE
Botrychium virginianum (L.) Sw.,Botrychium virginianum,Botrychium virginianum (L.) Sw.,Plantae Tracheophyta Polypodiopsida Ophioglossales Ophioglossaceae Botrychium virginianum,EXACT_MATCH_PRIMARY_SOURCE_ACCEPTED_AMONG_SYNONYMS_SIMPLE
Bouteloua Lag.,Bouteloua ,Bouteloua Lag.,Plantae Tracheophyta Liliopsida Poales Poaceae Bouteloua,EXACT_MATCH_PRIMARY_SOURCE_ACCEPTED_AUTHOR_DISAMBIGUATION
Bouteloua curtipendula (Michx.) Torr.,Bouteloua curtipendula,Bouteloua curtipendula (Michx.) Torr.,Plantae Tracheophyta Liliopsida Poales Poaceae Bouteloua curtipendula,EXACT_MATCH_PRIMARY_SOURCE_ACCEPTED_SIMPLE
Bouteloua dactyloides (Nutt.) J.T. Columbus,Bouteloua dactyloides,Bouteloua dactyloides (Nutt.) J.T. Columbus,Plantae Tracheophyta Liliopsida Poales Poaceae Bouteloua dactyloides,EXACT_MATCH_PRIMARY_SOURCE_ACCEPTED_SIMPLE
Boykinia Nutt.,Boykinia ,Boykinia Nutt.,Plantae Tracheophyta Magnoliopsida Saxifragales Saxifragaceae Boykinia,EXACT_MATCH_PRIMARY_SOURCE_ACCEPTED_AUTHOR_DISAMBIGUATION
Boykinia aconitifolia Nutt.,Boykinia aconitifolia,Boykinia aconitifolia Nutt.,Plantae Tracheophyta Magnoliopsida Saxifragales Saxifragaceae Boykinia aconitifolia,EXACT_MATCH_PRIMARY_SOURCE_ACCEPTED_SIMPLE
Brachiaria (Trin.) Griseb.,Brachiaria ,Brachiaria (Trin.) Griseb.,Plantae Tracheophyta Liliopsida Poales Poaceae Brachiaria,EXACT_MATCH_PRIMARY_SOURCE_ACCEPTED_AMONG_SYNONYMS_SIMPLE
Brachiaria eruciformis (Sm.) Griseb.,Moorochloa eruciformis,Brachiaria eruciformis (Sm.) Griseb.,Plantae Tracheophyta Liliopsida Poales Poaceae Moorochloa eruciformis,EXACT_MATCH_PRIMARY_SOURCE_SYNONYM_SIMPLE
Brachyelytrum P. Beauv.,Brachyelytrum ,Brachyelytrum P. Beauv.,Plantae Tracheophyta Liliopsida Poales Poaceae Brachyelytrum,EXACT_MATCH_PRIMARY_SOURCE_ACCEPTED_SIMPLE
Brachyelytrum aristosum (Michx.) Trel.,Brachyelytrum aristosum,Brachyelytrum aristosum (Michx.) Trel.,Plantae Tracheophyta Liliopsida Poales Poaceae Brachyelytrum aristosum,EXACT_MATCH_PRIMARY_SOURCE_ACCEPTED_SIMPLE
Brachyelytrum erectum (Schreb. ex Spreng.) P. Beauv.,Brachyelytrum erectum,Brachyelytrum erectum (Schreb. ex Spreng.) P. Beauv.,Plantae Tracheophyta Liliopsida Poales Poaceae Brachyelytrum erectum,EXACT_MATCH_PRIMARY_SOURCE_ACCEPTED_SIMPLE
Brasenia Schreb.,Brasenia ,Brasenia Schreb.,Plantae Tracheophyta Magnoliopsida Nymphaeales Cabombaceae Brasenia,EXACT_MATCH_PRIMARY_SOURCE_ACCEPTED_SIMPLE
Brasenia schreberi J.F. Gmel.,Brasenia schreberi,Brasenia schreberi J.F. Gmel.,Plantae Tracheophyta Magnoliopsida Nymphaeales Cabombaceae Brasenia schreberi,EXACT_MATCH_PRIMARY_SOURCE_ACCEPTED_SIMPLE
Brassica L.,Brassica ,Brassica L.,Plantae Tracheophyta Magnoliopsida Brassicales Brassicaceae Brassica,EXACT_MATCH_PRIMARY_SOURCE_ACCEPTED_SIMPLE
Brassica juncea (L.) Czern.,Brassica juncea,Brassica juncea (L.) Czern.,Plantae Tracheophyta Magnoliopsida Brassicales Brassicaceae Brassica juncea,EXACT_MATCH_PRIMARY_SOURCE_ACCEPTED_AMONG_SYNONYMS_SIMPLE
Brassica napus L.,Brassica napus,Brassica napus L.,Plantae Tracheophyta Magnoliopsida Brassicales Brassicaceae Brassica napus,EXACT_MATCH_PRIMARY_SOURCE_ACCEPTED_SIMPLE
Brassica nigra (L.) W.D.J. Koch,Brassica nigra,Brassica nigra (L.) W.D.J. Koch,Plantae Tracheophyta Magnoliopsida Brassicales Brassicaceae Brassica nigra,EXACT_MATCH_PRIMARY_SOURCE_MULT_ACCEPTED
Brassica oleracea L.,Brassica oleracea,Brassica oleracea L.,Plantae Tracheophyta Magnoliopsida Brassicales Brassicaceae Brassica oleracea,EXACT_MATCH_PRIMARY_SOURCE_ACCEPTED_AUTHOR_DISAMBIGUATION
Brassica rapa L.,Brassica rapa,Brassica rapa L.,Plantae Tracheophyta Magnoliopsida Brassicales Brassicaceae Brassica rapa,EXACT_MATCH_PRIMARY_SOURCE_ACCEPTED_AMONG_SYNONYMS_SIMPLE
Brickellia Elliott,Brickellia ,Brickellia Elliott,Plantae Tracheophyta Magnoliopsida Asterales Asteraceae Brickellia,EXACT_MATCH_PRIMARY_SOURCE_ACCEPTED_AMONG_SYNONYMS_SIMPLE
Brickellia eupatorioides (L.) Shinners,Brickellia eupatorioides,Brickellia eupatorioides (L.) Shinners,Plantae Tracheophyta Magnoliopsida Asterales Asteraceae Brickellia eupatorioides,EXACT_MATCH_PRIMARY_SOURCE_ACCEPTED_SIMPLE
Briza L.,Briza ,Briza L.,Plantae Tracheophyta Liliopsida Poales Poaceae Briza,EXACT_MATCH_PRIMARY_SOURCE_ACCEPTED_SIMPLE
Briza minor L.,Briza minor,Briza minor L.,Plantae Tracheophyta Liliopsida Poales Poaceae Briza minor,EXACT_MATCH_PRIMARY_SOURCE_ACCEPTED_AUTHOR_DISAMBIGUATION
Bromus L.,Bromus ,Bromus L.,Plantae Tracheophyta Liliopsida Poales Poaceae Bromus,EXACT_MATCH_PRIMARY_SOURCE_ACCEPTED_AMONG_SYNONYMS_SIMPLE
Bromus arvensis L.,Bromus arvensis,Bromus arvensis L.,Plantae Tracheophyta Liliopsida Poales Poaceae Bromus arvensis,EXACT_MATCH_PRIMARY_SOURCE_ACCEPTED_AUTHOR_DISAMBIGUATION
Bromus catharticus Vahl,Bromus catharticus,Bromus catharticus Vahl,Plantae Tracheophyta Liliopsida Poales Poaceae Bromus catharticus,EXACT_MATCH_PRIMARY_SOURCE_ACCEPTED_SIMPLE
Bromus ciliatus L.,Bromus ciliatus,Bromus ciliatus L.,Plantae Tracheophyta Liliopsida Poales Poaceae Bromus ciliatus,EXACT_MATCH_PRIMARY_SOURCE_ACCEPTED_AUTHOR_DISAMBIGUATION
Bromus diandrus Roth,Bromus diandrus,Bromus diandrus Roth,Plantae Tracheophyta Liliopsida Poales Poaceae Bromus diandrus,EXACT_MATCH_PRIMARY_SOURCE_ACCEPTED_AMONG_SYNONYMS_SIMPLE
Bromus diandrus Roth ssp. rigidus (Roth) Lainz,Bromus rigidus,Bromus diandrus Roth ssp. rigidus (Roth) Lainz,Plantae Tracheophyta Liliopsida Poales Poaceae Bromus rigidus,MULTI_EXACT_MATCH_PRIMARY_SOURCE_SYNONYMS_INFRASPECIFIC_SCORE
Bromus erectus Huds.,Bromus erectus,Bromus erectus Huds.,Plantae Tracheophyta Liliopsida Poales Poaceae Bromus erectus,EXACT_MATCH_PRIMARY_SOURCE_ACCEPTED_AUTHOR_DISAMBIGUATION
Bromus hordeaceus L.,Bromus hordeaceus,Bromus hordeaceus L.,Plantae Tracheophyta Liliopsida Poales Poaceae Bromus hordeaceus,EXACT_MATCH_PRIMARY_SOURCE_ACCEPTED_AMONG_SYNONYMS_SIMPLE
Bromus inermis Leyss.,Bromus inermis,Bromus inermis Leyss.,Plantae Tracheophyta Liliopsida Poales Poaceae Bromus inermis,EXACT_MATCH_PRIMARY_SOURCE_ACCEPTED_AMONG_SYNONYMS_SIMPLE
Bromus kalmii A. Gray,Bromus kalmii,Bromus kalmii A. Gray,Plantae Tracheophyta Liliopsida Poales Poaceae Bromus kalmii,EXACT_MATCH_PRIMARY_SOURCE_ACCEPTED_SIMPLE
Bromus latiglumis (Shear) Hitchc.,Bromus latiglumis,Bromus latiglumis (Shear) Hitchc.,Plantae Tracheophyta Liliopsida Poales Poaceae Bromus latiglumis,EXACT_MATCH_PRIMARY_SOURCE_ACCEPTED_SIMPLE
Bromus madritensis L.,Bromus madritensis,Bromus madritensis L.,Plantae Tracheophyta Liliopsida Poales Poaceae Bromus madritensis,EXACT_MATCH_PRIMARY_SOURCE_ACCEPTED_AMONG_SYNONYMS_SIMPLE
Bromus nottowayanus Fernald,Bromus nottowayanus,Bromus nottowayanus Fernald,Plantae Tracheophyta Liliopsida Poales Poaceae Bromus nottowayanus,EXACT_MATCH_PRIMARY_SOURCE_ACCEPTED_SIMPLE
Bromus pubescens Muhl. ex Willd.,Bromus pubescens,Bromus pubescens Muhl. ex Willd.,Plantae Tracheophyta Liliopsida Poales Poaceae Bromus pubescens,EXACT_MATCH_PRIMARY_SOURCE_ACCEPTED_AMONG_SYNONYMS_SIMPLE
Bromus racemosus L.,Bromus racemosus,Bromus racemosus L.,Plantae Tracheophyta Liliopsida Poales Poaceae Bromus racemosus,EXACT_MATCH_PRIMARY_SOURCE_ACCEPTED_SIMPLE
Bromus rubens L.,Bromus rubens,Bromus rubens L.,Plantae Tracheophyta Liliopsida Poales Poaceae Bromus rubens,EXACT_MATCH_PRIMARY_SOURCE_ACCEPTED_AUTHOR_DISAMBIGUATION
Bromus scoparius L.,Bromus scoparius,Bromus scoparius L.,Plantae Tracheophyta Liliopsida Poales Poaceae Bromus scoparius,EXACT_MATCH_PRIMARY_SOURCE_ACCEPTED_AMONG_SYNONYMS_SIMPLE
Bromus secalinus L.,Bromus secalinus,Bromus secalinus L.,Plantae Tracheophyta Liliopsida Poales Poaceae Bromus secalinus,EXACT_MATCH_PRIMARY_SOURCE_ACCEPTED_AUTHOR_DISAMBIGUATION
Bromus sterilis L.,Bromus sterilis,Bromus sterilis L.,Plantae Tracheophyta Liliopsida Poales Poaceae Bromus sterilis,EXACT_MATCH_PRIMARY_SOURCE_ACCEPTED_AUTHOR_DISAMBIGUATION
Bromus tectorum L.,Bromus tectorum,Bromus tectorum L.,Plantae Tracheophyta Liliopsida Poales Poaceae Bromus tectorum,EXACT_MATCH_PRIMARY_SOURCE_ACCEPTED_AMONG_SYNONYMS_SIMPLE
Broussonetia L'Hér. ex Vent.,Broussonetia ,Broussonetia L'Hér. ex Vent.,Plantae Tracheophyta Magnoliopsida Rosales Moraceae Broussonetia,EXACT_MATCH_PRIMARY_SOURCE_MULT_ACCEPTED
Broussonetia papyrifera (L.) L'Hér. ex Vent.,Broussonetia papyrifera,Broussonetia papyrifera (L.) L'Hér. ex Vent.,Plantae Tracheophyta Magnoliopsida Rosales Moraceae Broussonetia papyrifera,EXACT_MATCH_PRIMARY_SOURCE_ACCEPTED_AMONG_SYNONYMS_SIMPLE
Brunnichia Banks ex Gaertn.,Brunnichia ,Brunnichia Banks ex Gaertn.,Plantae Tracheophyta Magnoliopsida Caryophyllales Polygonaceae Brunnichia,EXACT_MATCH_PRIMARY_SOURCE_ACCEPTED_SIMPLE
Brunnichia ovata (Walter) Shinners,Brunnichia ovata,Brunnichia ovata (Walter) Shinners,Plantae Tracheophyta Magnoliopsida Caryophyllales Polygonaceae Brunnichia ovata,EXACT_MATCH_PRIMARY_SOURCE_ACCEPTED_SIMPLE
Buchnera L.,Buchnera ,Buchnera L.,Plantae Tracheophyta Magnoliopsida Lamiales Orobanchaceae Buchnera,EXACT_MATCH_PRIMARY_SOURCE_ACCEPTED_AUTHOR_DISAMBIGUATION
Buchnera americana L.,Buchnera americana,Buchnera americana L.,Plantae Tracheophyta Magnoliopsida Lamiales Orobanchaceae Buchnera americana,EXACT_MATCH_PRIMARY_SOURCE_ACCEPTED_SIMPLE
Buckleya Torr.,Buckleya ,Buckleya Torr.,Plantae Tracheophyta Magnoliopsida Santalales Thesiaceae Buckleya,EXACT_MATCH_PRIMARY_SOURCE_ACCEPTED_AMONG_SYNONYMS_SIMPLE
Buckleya distichophylla (Nutt.) Torr.,Buckleya distichophylla,Buckleya distichophylla (Nutt.) Torr.,Plantae Tracheophyta Magnoliopsida Santalales Thesiaceae Buckleya distichophylla,EXACT_MATCH_PRIMARY_SOURCE_ACCEPTED_SIMPLE
Buddleja L.,Buddleja ,Buddleja L.,Plantae Tracheophyta Magnoliopsida Lamiales Scrophulariaceae Buddleja,EXACT_MATCH_PRIMARY_SOURCE_ACCEPTED_AUTHOR_DISAMBIGUATION
Buddleja davidii Franch.,Buddleja davidii,Buddleja davidii Franch.,Plantae Tracheophyta Magnoliopsida Lamiales Scrophulariaceae Buddleja davidii,EXACT_MATCH_PRIMARY_SOURCE_ACCEPTED_SIMPLE
Buglossoides Moench,Buglossoides ,Buglossoides Moench,Plantae Tracheophyta Magnoliopsida Boraginales Boraginaceae Buglossoides,EXACT_MATCH_PRIMARY_SOURCE_ACCEPTED_SIMPLE
Buglossoides arvensis (L.) I.M. Johnst.,Buglossoides arvensis,Buglossoides arvensis (L.) I.M. Johnst.,Plantae Tracheophyta Magnoliopsida Boraginales Boraginaceae Buglossoides arvensis,EXACT_MATCH_PRIMARY_SOURCE_ACCEPTED_AMONG_SYNONYMS_SIMPLE
Bulbostylis Kunth,Bulbostylis ,Bulbostylis Kunth,Plantae Tracheophyta Liliopsida Poales Cyperaceae Bulbostylis,EXACT_MATCH_PRIMARY_SOURCE_ACCEPTED_AUTHOR_DISAMBIGUATION
Bulbostylis barbata (Rottb.) C.B. Clarke,Bulbostylis barbata,Bulbostylis barbata (Rottb.) C.B. Clarke,Plantae Tracheophyta Liliopsida Poales Cyperaceae Bulbostylis barbata,EXACT_MATCH_PRIMARY_SOURCE_MULT_ACCEPTED
Bulbostylis capillaris (L.) Kunth ex C.B. Clarke ssp. capillaris,Bulbostylis capillaris,Bulbostylis capillaris (L.) Kunth ex C.B. Clarke ssp. capillaris,Plantae Tracheophyta Liliopsida Poales Cyperaceae Bulbostylis capillaris,EXACT_MATCH_PRIMARY_SOURCE_ACCEPTED_AMONG_SYNONYMS_SIMPLE
Bulbostylis ciliatifolia (Elliott) Fernald,Bulbostylis ciliatifolia,Bulbostylis ciliatifolia (Elliott) Fernald,Plantae Tracheophyta Liliopsida Poales Cyperaceae Bulbostylis ciliatifolia,EXACT_MATCH_PRIMARY_SOURCE_ACCEPTED_SIMPLE
Bulbostylis stenophylla (Elliott) C.B. Clarke,Bulbostylis stenophylla,Bulbostylis stenophylla (Elliott) C.B. Clarke,Plantae Tracheophyta Liliopsida Poales Cyperaceae Bulbostylis stenophylla,EXACT_MATCH_PRIMARY_SOURCE_MULTI_ACCEPTED_TAXONOMIC_MATCH
Bunias L.,Bunias ,Bunias L.,Plantae Tracheophyta Magnoliopsida Brassicales Brassicaceae Bunias,EXACT_MATCH_PRIMARY_SOURCE_ACCEPTED_SIMPLE
Bunias erucago L.,Bunias erucago,Bunias erucago L.,Plantae Tracheophyta Magnoliopsida Brassicales Brassicaceae Bunias erucago,EXACT_MATCH_PRIMARY_SOURCE_ACCEPTED_SIMPLE
Bunias orientalis L.,Bunias orientalis,Bunias orientalis L.,Plantae Tracheophyta Magnoliopsida Brassicales Brassicaceae Bunias orientalis,EXACT_MATCH_PRIMARY_SOURCE_ACCEPTED_SIMPLE
Bupleurum L.,Bupleurum ,Bupleurum L.,Plantae Tracheophyta Magnoliopsida Apiales Apiaceae Bupleurum,EXACT_MATCH_PRIMARY_SOURCE_ACCEPTED_SIMPLE
Bupleurum rotundifolium L.,Bupleurum rotundifolium,Bupleurum rotundifolium L.,Plantae Tracheophyta Magnoliopsida Apiales Apiaceae Bupleurum rotundifolium,EXACT_MATCH_PRIMARY_SOURCE_ACCEPTED_AMONG_SYNONYMS_SIMPLE
Burmannia L.,Burmannia ,Burmannia L.,Plantae Tracheophyta Liliopsida Dioscoreales Burmanniaceae Burmannia,EXACT_MATCH_PRIMARY_SOURCE_ACCEPTED_AUTHOR_DISAMBIGUATION
Burmannia biflora L.,Burmannia biflora,Burmannia biflora L.,Plantae Tracheophyta Liliopsida Dioscoreales Burmanniaceae Burmannia biflora,EXACT_MATCH_PRIMARY_SOURCE_ACCEPTED_SIMPLE
Buxus L.,Buxus ,Buxus L.,Plantae Tracheophyta Magnoliopsida Buxales Buxaceae Buxus,EXACT_MATCH_PRIMARY_SOURCE_ACCEPTED_SIMPLE
Buxus sempervirens L.,Buxus sempervirens,Buxus sempervirens L.,Plantae Tracheophyta Magnoliopsida Buxales Buxaceae Buxus sempervirens,EXACT_MATCH_PRIMARY_SOURCE_ACCEPTED_AMONG_SYNONYMS_SIMPLE
Cabomba Aubl.,Cabomba ,Cabomba Aubl.,Plantae Tracheophyta Magnoliopsida Nymphaeales Cabombaceae Cabomba,EXACT_MATCH_PRIMARY_SOURCE_ACCEPTED_SIMPLE
Cabomba caroliniana A. Gray,Cabomba caroliniana,Cabomba caroliniana A. Gray,Plantae Tracheophyta Magnoliopsida Nymphaeales Cabombaceae Cabomba caroliniana,EXACT_MATCH_PRIMARY_SOURCE_ACCEPTED_SIMPLE
Cakile Mill.,Cakile ,Cakile Mill.,Plantae Tracheophyta Magnoliopsida Brassicales Brassicaceae Cakile,EXACT_MATCH_PRIMARY_SOURCE_ACCEPTED_SIMPLE
Cakile edentula (Bigelow) Hook.,Cakile edentula,Cakile edentula (Bigelow) Hook.,Plantae Tracheophyta Magnoliopsida Brassicales Brassicaceae Cakile edentula,EXACT_MATCH_PRIMARY_SOURCE_ACCEPTED_AMONG_SYNONYMS_SIMPLE
Cakile maritima Scop.,Cakile maritima,Cakile maritima Scop.,Plantae Tracheophyta Magnoliopsida Brassicales Brassicaceae Cakile maritima,EXACT_MATCH_PRIMARY_SOURCE_ACCEPTED_SIMPLE
Calamagrostis Adans.,Calamagrostis ,Calamagrostis Adans.,Plantae Tracheophyta Liliopsida Poales Poaceae Calamagrostis,EXACT_MATCH_PRIMARY_SOURCE_ACCEPTED_AUTHOR_DISAMBIGUATION
Calamagrostis canadensis (Michx.) P. Beauv.,Calamagrostis canadensis,Calamagrostis canadensis (Michx.) P. Beauv.,Plantae Tracheophyta Liliopsida Poales Poaceae Calamagrostis canadensis,EXACT_MATCH_PRIMARY_SOURCE_MULT_ACCEPTED
Calamagrostis coarctata Eaton,Calamagrostis coarctata,Calamagrostis coarctata Eaton,Plantae Tracheophyta Liliopsida Poales Poaceae Calamagrostis coarctata,EXACT_MATCH_PRIMARY_SOURCE_ACCEPTED_AMONG_SYNONYMS_SIMPLE
Calamagrostis porteri A. Gray,Calamagrostis porteri,Calamagrostis porteri A. Gray,Plantae Tracheophyta Liliopsida Poales Poaceae Calamagrostis porteri,EXACT_MATCH_PRIMARY_SOURCE_ACCEPTED_SIMPLE
Calamintha Mill.,Calamintha ,Calamintha Mill.,Plantae Tracheophyta Magnoliopsida Lamiales Lamiaceae Calamintha,EXACT_MATCH_PRIMARY_SOURCE_MULT_ACCEPTED
Calamintha nepeta (L.) Savi ssp. glandulosa (Riquien) P.W. Ball,Clinopodium nepeta,Calamintha nepeta (L.) Savi ssp. glandulosa (Riquien) P.W. Ball,Plantae Tracheophyta Magnoliopsida Lamiales Lamiaceae Clinopodium nepeta,MULTI_EXACT_MATCH_PRIMARY_SOURCE_SYNONYMS_INFRASPECIFIC_SCORE
Calamintha sylvatica Bromf.,Clinopodium menthifolium,Calamintha sylvatica Bromf.,Plantae Tracheophyta Magnoliopsida Lamiales Lamiaceae Clinopodium menthifolium,EXACT_MATCH_PRIMARY_SOURCE_SYNONYM_SIMPLE
Calamovilfa (A. Gray) Hack. ex Scribn. & Southworth,Calamovilfa ,Calamovilfa (A. Gray) Hack. ex Scribn. & Southworth,Plantae Tracheophyta Liliopsida Poales Poaceae Calamovilfa,EXACT_MATCH_PRIMARY_SOURCE_ACCEPTED_AMONG_SYNONYMS_SIMPLE
Calamovilfa brevipilis (Torr.) Scribn.,Calamovilfa brevipilis,Calamovilfa brevipilis (Torr.) Scribn.,Plantae Tracheophyta Liliopsida Poales Poaceae Calamovilfa brevipilis,EXACT_MATCH_PRIMARY_SOURCE_ACCEPTED_AMONG_SYNONYMS_SIMPLE
Calepina Adans.,Calepina ,Calepina Adans.,Plantae Tracheophyta Magnoliopsida Brassicales Brassicaceae Calepina,EXACT_MATCH_PRIMARY_SOURCE_ACCEPTED_SIMPLE
Calepina irregularis (Asso) Thell.,Calepina irregularis,Calepina irregularis (Asso) Thell.,Plantae Tracheophyta Magnoliopsida Brassicales Brassicaceae Calepina irregularis,EXACT_MATCH_PRIMARY_SOURCE_ACCEPTED_SIMPLE
Calibrachoa Llave & Lex.,Calibrachoa ,Calibrachoa Llave & Lex.,Plantae Tracheophyta Magnoliopsida Solanales Solanaceae Calibrachoa,EXACT_MATCH_PRIMARY_SOURCE_MULT_ACCEPTED
Calibrachoa parviflora (Juss.) D'Arcy,Calibrachoa parviflora,Calibrachoa parviflora (Juss.) D'Arcy,Plantae Tracheophyta Magnoliopsida Solanales Solanaceae Calibrachoa parviflora,EXACT_MATCH_PRIMARY_SOURCE_ACCEPTED_SIMPLE
Callicarpa L.,Callicarpa ,Callicarpa L.,Plantae Tracheophyta Magnoliopsida Lamiales Lamiaceae Callicarpa,EXACT_MATCH_PRIMARY_SOURCE_ACCEPTED_AUTHOR_DISAMBIGUATION
Callicarpa americana L.,Callicarpa americana,Callicarpa americana L.,Plantae Tracheophyta Magnoliopsida Lamiales Lamiaceae Callicarpa americana,EXACT_MATCH_PRIMARY_SOURCE_ACCEPTED_AUTHOR_DISAMBIGUATION
Callicarpa dichotoma (Lour.) K. Koch,Callicarpa dichotoma,Callicarpa dichotoma (Lour.) K. Koch,Plantae Tracheophyta Magnoliopsida Lamiales Lamiaceae Callicarpa dichotoma,EXACT_MATCH_PRIMARY_SOURCE_ACCEPTED_AMONG_SYNONYMS_SIMPLE
Callirhoe Nutt.,Callirhoe ,Callirhoe Nutt.,Plantae Tracheophyta Magnoliopsida Malvales Malvaceae Callirhoe,EXACT_MATCH_PRIMARY_SOURCE_ACCEPTED_AUTHOR_DISAMBIGUATION
Callirhoe involucrata (Torr. & A. Gray) A. Gray,Callirhoe involucrata,Callirhoe involucrata (Torr. & A. Gray) A. Gray,Plantae Tracheophyta Magnoliopsida Malvales Malvaceae Callirhoe involucrata,EXACT_MATCH_PRIMARY_SOURCE_ACCEPTED_SIMPLE
Callisia Loefl.,Callisia ,Callisia Loefl.,Plantae Tracheophyta Liliopsida Commelinales Commelinaceae Callisia,EXACT_MATCH_PRIMARY_SOURCE_ACCEPTED_AMONG_SYNONYMS_SIMPLE
Callisia graminea (Small) G. Tucker,Callisia graminea,Callisia graminea (Small) G. Tucker,Plantae Tracheophyta Liliopsida Commelinales Commelinaceae Callisia graminea,EXACT_MATCH_PRIMARY_SOURCE_ACCEPTED_SIMPLE
Callisia rosea (Vent.) D.R. Hunt,Callisia rosea,Callisia rosea (Vent.) D.R. Hunt,Plantae Tracheophyta Liliopsida Commelinales Commelinaceae Callisia rosea,EXACT_MATCH_PRIMARY_SOURCE_ACCEPTED_AMONG_SYNONYMS_SIMPLE
Callitriche L.,Callitriche ,Callitriche L.,Plantae Tracheophyta Magnoliopsida Lamiales Plantaginaceae Callitriche,EXACT_MATCH_PRIMARY_SOURCE_ACCEPTED_AMONG_SYNONYMS_SIMPLE
Callitriche heterophylla Pursh,Callitriche heterophylla,Callitriche heterophylla Pursh,Plantae Tracheophyta Magnoliopsida Lamiales Plantaginaceae Callitriche heterophylla,EXACT_MATCH_PRIMARY_SOURCE_ACCEPTED_SIMPLE
Callitriche palustris L.,Callitriche palustris,Callitriche palustris L.,Plantae Tracheophyta Magnoliopsida Lamiales Plantaginaceae Callitriche palustris,EXACT_MATCH_PRIMARY_SOURCE_ACCEPTED_AMONG_SYNONYMS_SIMPLE
Callitriche stagnalis Scop.,Callitriche stagnalis,Callitriche stagnalis Scop.,Plantae Tracheophyta Magnoliopsida Lamiales Plantaginaceae Callitriche stagnalis,EXACT_MATCH_PRIMARY_SOURCE_ACCEPTED_SIMPLE
Callitriche terrestris Raf.,Callitriche terrestris,Callitriche terrestris Raf.,Plantae Tracheophyta Magnoliopsida Lamiales Plantaginaceae Callitriche terrestris,EXACT_MATCH_PRIMARY_SOURCE_MULT_ACCEPTED
Caloplaca Th. Fr.,Caloplaca ,Caloplaca Th. Fr.,Fungi Ascomycota Lecanoromycetes Teloschistales Teloschistaceae Caloplaca,EXACT_MATCH_PRIMARY_SOURCE_ACCEPTED_SIMPLE
Calopogon R. Br.,Calopogon ,Calopogon R. Br.,Plantae Tracheophyta Liliopsida Asparagales Orchidaceae Calopogon,EXACT_MATCH_PRIMARY_SOURCE_ACCEPTED_SIMPLE
Calopogon pallidus Chapm.,Calopogon pallidus,Calopogon pallidus Chapm.,Plantae Tracheophyta Liliopsida Asparagales Orchidaceae Calopogon pallidus,EXACT_MATCH_PRIMARY_SOURCE_ACCEPTED_SIMPLE
"Calopogon tuberosus (L.) Britton, Sterns & Poggenb.",Calopogon tuberosus,"Calopogon tuberosus (L.) Britton, Sterns & Poggenb.",Plantae Tracheophyta Liliopsida Asparagales Orchidaceae Calopogon tuberosus,EXACT_MATCH_PRIMARY_SOURCE_ACCEPTED_SIMPLE
Caltha L.,Caltha ,Caltha L.,Plantae Tracheophyta Magnoliopsida Ranunculales Ranunculaceae Caltha,EXACT_MATCH_PRIMARY_SOURCE_ACCEPTED_AUTHOR_DISAMBIGUATION
Caltha palustris L.,Caltha palustris,Caltha palustris L.,Plantae Tracheophyta Magnoliopsida Ranunculales Ranunculaceae Caltha palustris,EXACT_MATCH_PRIMARY_SOURCE_ACCEPTED_SIMPLE
Calycanthus L.,Calycanthus ,Calycanthus L.,Plantae Tracheophyta Magnoliopsida Laurales Calycanthaceae Calycanthus,EXACT_MATCH_PRIMARY_SOURCE_ACCEPTED_SIMPLE
Calycanthus floridus L.,Calycanthus floridus,Calycanthus floridus L.,Plantae Tracheophyta Magnoliopsida Laurales Calycanthaceae Calycanthus floridus,EXACT_MATCH_PRIMARY_SOURCE_ACCEPTED_SIMPLE
Calystegia R. Br.,Calystegia ,Calystegia R. Br.,Plantae Tracheophyta Magnoliopsida Solanales Convolvulaceae Calystegia,EXACT_MATCH_PRIMARY_SOURCE_ACCEPTED_SIMPLE
Calystegia catesbeiana Pursh,Calystegia catesbeiana,Calystegia catesbeiana Pursh,Plantae Tracheophyta Magnoliopsida Solanales Convolvulaceae Calystegia catesbeiana,EXACT_MATCH_PRIMARY_SOURCE_ACCEPTED_SIMPLE
Calystegia hederacea Wall.,Calystegia hederacea,Calystegia hederacea Wall.,Plantae Tracheophyta Magnoliopsida Solanales Convolvulaceae Calystegia hederacea,EXACT_MATCH_PRIMARY_SOURCE_ACCEPTED_SIMPLE
Calystegia macounii (Greene) Brummitt,Calystegia macounii,Calystegia macounii (Greene) Brummitt,Plantae Tracheophyta Magnoliopsida Solanales Convolvulaceae Calystegia macounii,EXACT_MATCH_PRIMARY_SOURCE_ACCEPTED_AMONG_SYNONYMS_SIMPLE
Calystegia sepium (L.) R. Br.,Calystegia sepium,Calystegia sepium (L.) R. Br.,Plantae Tracheophyta Magnoliopsida Solanales Convolvulaceae Calystegia sepium,EXACT_MATCH_PRIMARY_SOURCE_MULT_ACCEPTED
Calystegia silvatica (Kit.) Griseb.,Calystegia silvatica,Calystegia silvatica (Kit.) Griseb.,Plantae Tracheophyta Magnoliopsida Solanales Convolvulaceae Calystegia silvatica,EXACT_MATCH_PRIMARY_SOURCE_ACCEPTED_AUTHOR_DISAMBIGUATION
Calystegia soldanella (L.) R. Br.,Calystegia soldanella,Calystegia soldanella (L.) R. Br.,Plantae Tracheophyta Magnoliopsida Solanales Convolvulaceae Calystegia soldanella,EXACT_MATCH_PRIMARY_SOURCE_ACCEPTED_AMONG_SYNONYMS_SIMPLE
Calystegia spithamaea (L.) Pursh,Calystegia spithamaea,Calystegia spithamaea (L.) Pursh,Plantae Tracheophyta Magnoliopsida Solanales Convolvulaceae Calystegia spithamaea,EXACT_MATCH_PRIMARY_SOURCE_ACCEPTED_AMONG_SYNONYMS_SIMPLE
Camassia Lindl.,Camassia ,Camassia Lindl.,Plantae Tracheophyta Liliopsida Asparagales Asparagaceae Camassia,EXACT_MATCH_PRIMARY_SOURCE_ACCEPTED_SIMPLE
Camassia scilloides (Raf.) Cory,Camassia scilloides,Camassia scilloides (Raf.) Cory,Plantae Tracheophyta Liliopsida Asparagales Asparagaceae Camassia scilloides,EXACT_MATCH_PRIMARY_SOURCE_ACCEPTED_SIMPLE
Camelina Crantz,Camelina ,Camelina Crantz,Plantae Tracheophyta Magnoliopsida Brassicales Brassicaceae Camelina,EXACT_MATCH_PRIMARY_SOURCE_ACCEPTED_SIMPLE
Camelina microcarpa Andrz. ex DC.,Camelina microcarpa,Camelina microcarpa Andrz. ex DC.,Plantae Tracheophyta Magnoliopsida Brassicales Brassicaceae Camelina microcarpa,EXACT_MATCH_PRIMARY_SOURCE_ACCEPTED_AMONG_SYNONYMS_SIMPLE
Camelina sativa (L.) Crantz,Camelina sativa,Camelina sativa (L.) Crantz,Plantae Tracheophyta Magnoliopsida Brassicales Brassicaceae Camelina sativa,EXACT_MATCH_PRIMARY_SOURCE_ACCEPTED_AMONG_SYNONYMS_SIMPLE
Campanula L.,Campanula ,Campanula L.,Plantae Tracheophyta Magnoliopsida Asterales Campanulaceae Campanula,EXACT_MATCH_PRIMARY_SOURCE_ACCEPTED_AUTHOR_DISAMBIGUATION
Campanula aparinoides Pursh,Palustricodon aparinoides,Campanula aparinoides Pursh,Plantae Tracheophyta Magnoliopsida Asterales Campanulaceae Palustricodon aparinoides,EXACT_MATCH_PRIMARY_SOURCE_SYNONYM_SIMPLE
Campanula divaricata Michx.,Campanula divaricata,Campanula divaricata Michx.,Plantae Tracheophyta Magnoliopsida Asterales Campanulaceae Campanula divaricata,EXACT_MATCH_PRIMARY_SOURCE_ACCEPTED_SIMPLE
Campanula persicifolia L.,Campanula persicifolia,Campanula persicifolia L.,Plantae Tracheophyta Magnoliopsida Asterales Campanulaceae Campanula persicifolia,EXACT_MATCH_PRIMARY_SOURCE_ACCEPTED_SIMPLE
Campanula rapunculoides L.,Campanula rapunculoides,Campanula rapunculoides L.,Plantae Tracheophyta Magnoliopsida Asterales Campanulaceae Campanula rapunculoides,EXACT_MATCH_PRIMARY_SOURCE_ACCEPTED_AUTHOR_DISAMBIGUATION
Campanula rotundifolia L.,Campanula rotundifolia,Campanula rotundifolia L.,Plantae Tracheophyta Magnoliopsida Asterales Campanulaceae Campanula rotundifolia,EXACT_MATCH_PRIMARY_SOURCE_ACCEPTED_AUTHOR_DISAMBIGUATION
Campanulastrum Small,Campanulastrum ,Campanulastrum Small,Plantae Tracheophyta Magnoliopsida Asterales Campanulaceae Campanulastrum,EXACT_MATCH_PRIMARY_SOURCE_ACCEPTED_SIMPLE
Campanulastrum americanum (L.) Small,Campanulastrum americanum,Campanulastrum americanum (L.) Small,Plantae Tracheophyta Magnoliopsida Asterales Campanulaceae Campanulastrum americanum,EXACT_MATCH_PRIMARY_SOURCE_ACCEPTED_SIMPLE
Campsis Lour.,Campsis ,Campsis Lour.,Plantae Tracheophyta Magnoliopsida Lamiales Bignoniaceae Campsis,EXACT_MATCH_PRIMARY_SOURCE_ACCEPTED_SIMPLE
Campsis radicans (L.) Seem. ex Bureau,Campsis radicans,Campsis radicans (L.) Seem. ex Bureau,Plantae Tracheophyta Magnoliopsida Lamiales Bignoniaceae Campsis radicans,EXACT_MATCH_PRIMARY_SOURCE_ACCEPTED_AMONG_SYNONYMS_SIMPLE
Canna L.,Canna ,Canna L.,Plantae Tracheophyta Liliopsida Zingiberales Cannaceae Canna,EXACT_MATCH_PRIMARY_SOURCE_ACCEPTED_AUTHOR_DISAMBIGUATION
Canna indica L.,Canna indica,Canna indica L.,Plantae Tracheophyta Liliopsida Zingiberales Cannaceae Canna indica,EXACT_MATCH_PRIMARY_SOURCE_ACCEPTED_AUTHOR_DISAMBIGUATION
Canna ×generalis L.H. Bailey (pro sp.) [glauca × indica],Canna generalis,Canna ×generalis L.H. Bailey (pro sp.) [glauca × indica],Plantae Tracheophyta Liliopsida Zingiberales Cannaceae Canna generalis,EXACT_MATCH_PRIMARY_SOURCE_ACCEPTED_AMONG_SYNONYMS_SIMPLE
Cannabis L.,Cannabis ,Cannabis L.,Plantae Tracheophyta Magnoliopsida Rosales Cannabaceae Cannabis,EXACT_MATCH_PRIMARY_SOURCE_ACCEPTED_AUTHOR_DISAMBIGUATION
Cannabis sativa L.,Cannabis sativa,Cannabis sativa L.,Plantae Tracheophyta Magnoliopsida Rosales Cannabaceae Cannabis sativa,EXACT_MATCH_PRIMARY_SOURCE_ACCEPTED_SIMPLE
Capsella Medik.,Capsella ,Capsella Medik.,Plantae Tracheophyta Magnoliopsida Brassicales Brassicaceae Capsella,EXACT_MATCH_PRIMARY_SOURCE_ACCEPTED_AUTHOR_DISAMBIGUATION
Capsella bursa-pastoris (L.) Medik.,Capsella bursa-pastoris,Capsella bursa-pastoris (L.) Medik.,Plantae Tracheophyta Magnoliopsida Brassicales Brassicaceae Capsella bursa-pastoris,EXACT_MATCH_PRIMARY_SOURCE_ACCEPTED_SIMPLE
Capsicum L.,Capsicum ,Capsicum L.,Plantae Tracheophyta Magnoliopsida Solanales Solanaceae Capsicum,EXACT_MATCH_PRIMARY_SOURCE_ACCEPTED_SIMPLE
Capsicum annuum L.,Capsicum annuum,Capsicum annuum L.,Plantae Tracheophyta Magnoliopsida Solanales Solanaceae Capsicum annuum,EXACT_MATCH_PRIMARY_SOURCE_ACCEPTED_SIMPLE
Cardamine L.,Cardamine ,Cardamine L.,Plantae Tracheophyta Magnoliopsida Brassicales Brassicaceae Cardamine,EXACT_MATCH_PRIMARY_SOURCE_ACCEPTED_SIMPLE
Cardamine angustata O.E. Schulz,Cardamine angustata,Cardamine angustata O.E. Schulz,Plantae Tracheophyta Magnoliopsida Brassicales Brassicaceae Cardamine angustata,EXACT_MATCH_PRIMARY_SOURCE_ACCEPTED_SIMPLE
"Cardamine bulbosa (Schreb. ex Muhl.) Britton, Sterns & Poggenb.",Cardamine bulbosa,"Cardamine bulbosa (Schreb. ex Muhl.) Britton, Sterns & Poggenb.",Plantae Tracheophyta Magnoliopsida Brassicales Brassicaceae Cardamine bulbosa,EXACT_MATCH_PRIMARY_SOURCE_ACCEPTED_SIMPLE
Cardamine clematitis Shuttlw. ex A. Gray,Cardamine clematitis,Cardamine clematitis Shuttlw. ex A. Gray,Plantae Tracheophyta Magnoliopsida Brassicales Brassicaceae Cardamine clematitis,EXACT_MATCH_PRIMARY_SOURCE_MULT_ACCEPTED
Cardamine concatenata (Michx.) Sw.,Cardamine concatenata,Cardamine concatenata (Michx.) Sw.,Plantae Tracheophyta Magnoliopsida Brassicales Brassicaceae Cardamine concatenata,EXACT_MATCH_PRIMARY_SOURCE_ACCEPTED_AMONG_SYNONYMS_SIMPLE
Cardamine diphylla (Michx.) Alph. Wood,Cardamine diphylla,Cardamine diphylla (Michx.) Alph. Wood,Plantae Tracheophyta Magnoliopsida Brassicales Brassicaceae Cardamine diphylla,EXACT_MATCH_PRIMARY_SOURCE_ACCEPTED_SIMPLE
Cardamine dissecta (Leavenworth) Al-Shehbaz,Cardamine dissecta,Cardamine dissecta (Leavenworth) Al-Shehbaz,Plantae Tracheophyta Magnoliopsida Brassicales Brassicaceae Cardamine dissecta,EXACT_MATCH_PRIMARY_SOURCE_ACCEPTED_SIMPLE
Cardamine douglassii Britton,Cardamine douglassii,Cardamine douglassii Britton,Plantae Tracheophyta Magnoliopsida Brassicales Brassicaceae Cardamine douglassii,EXACT_MATCH_PRIMARY_SOURCE_ACCEPTED_SIMPLE
Cardamine flagellifera O.E. Schulz,Cardamine flagellifera,Cardamine flagellifera O.E. Schulz,Plantae Tracheophyta Magnoliopsida Brassicales Brassicaceae Cardamine flagellifera,EXACT_MATCH_PRIMARY_SOURCE_ACCEPTED_SIMPLE
Cardamine flexuosa With.,Cardamine flexuosa,Cardamine flexuosa With.,Plantae Tracheophyta Magnoliopsida Brassicales Brassicaceae Cardamine flexuosa,EXACT_MATCH_PRIMARY_SOURCE_ACCEPTED_SIMPLE
Cardamine hirsuta L.,Cardamine hirsuta,Cardamine hirsuta L.,Plantae Tracheophyta Magnoliopsida Brassicales Brassicaceae Cardamine hirsuta,EXACT_MATCH_PRIMARY_SOURCE_ACCEPTED_AUTHOR_DISAMBIGUATION
Cardamine impatiens L.,Cardamine impatiens,Cardamine impatiens L.,Plantae Tracheophyta Magnoliopsida Brassicales Brassicaceae Cardamine impatiens,EXACT_MATCH_PRIMARY_SOURCE_ACCEPTED_AUTHOR_DISAMBIGUATION
Cardamine longii Fernald,Cardamine longii,Cardamine longii Fernald,Plantae Tracheophyta Magnoliopsida Brassicales Brassicaceae Cardamine longii,EXACT_MATCH_PRIMARY_SOURCE_ACCEPTED_SIMPLE
Cardamine micranthera Rollins,Cardamine micranthera,Cardamine micranthera Rollins,Plantae Tracheophyta Magnoliopsida Brassicales Brassicaceae Cardamine micranthera,EXACT_MATCH_PRIMARY_SOURCE_ACCEPTED_SIMPLE
Cardamine parviflora L.,Cardamine parviflora,Cardamine parviflora L.,Plantae Tracheophyta Magnoliopsida Brassicales Brassicaceae Cardamine parviflora,EXACT_MATCH_PRIMARY_SOURCE_ACCEPTED_AMONG_SYNONYMS_SIMPLE
Cardamine pensylvanica Muhl. ex Willd.,Cardamine pensylvanica,Cardamine pensylvanica Muhl. ex Willd.,Plantae Tracheophyta Magnoliopsida Brassicales Brassicaceae Cardamine pensylvanica,EXACT_MATCH_PRIMARY_SOURCE_ACCEPTED_AMONG_SYNONYMS_SIMPLE
Cardamine pratensis L.,Cardamine pratensis,Cardamine pratensis L.,Plantae Tracheophyta Magnoliopsida Brassicales Brassicaceae Cardamine pratensis,EXACT_MATCH_PRIMARY_SOURCE_ACCEPTED_AUTHOR_DISAMBIGUATION
Cardamine rotundifolia Michx.,Cardamine rotundifolia,Cardamine rotundifolia Michx.,Plantae Tracheophyta Magnoliopsida Brassicales Brassicaceae Cardamine rotundifolia,EXACT_MATCH_PRIMARY_SOURCE_ACCEPTED_AMONG_SYNONYMS_SIMPLE
Cardaria Desv.,Lepidium ,Cardaria Desv.,Plantae Tracheophyta Magnoliopsida Brassicales Brassicaceae Lepidium,EXACT_MATCH_PRIMARY_SOURCE_SYNONYM_SIMPLE
Cardaria draba (L.) Desv.,Lepidium draba,Cardaria draba (L.) Desv.,Plantae Tracheophyta Magnoliopsida Brassicales Brassicaceae Lepidium draba,EXACT_MATCH_PRIMARY_SOURCE_SYNONYM_SIMPLE
Cardiospermum L.,Cardiospermum ,Cardiospermum L.,Plantae Tracheophyta Magnoliopsida Sapindales Sapindaceae Cardiospermum,EXACT_MATCH_PRIMARY_SOURCE_ACCEPTED_SIMPLE
Cardiospermum halicacabum L.,Cardiospermum halicacabum,Cardiospermum halicacabum L.,Plantae Tracheophyta Magnoliopsida Sapindales Sapindaceae Cardiospermum halicacabum,EXACT_MATCH_PRIMARY_SOURCE_ACCEPTED_SIMPLE
Carduus L.,Carduus ,Carduus L.,Plantae Tracheophyta Magnoliopsida Asterales Asteraceae Carduus,EXACT_MATCH_PRIMARY_SOURCE_ACCEPTED_AUTHOR_DISAMBIGUATION
Carduus acanthoides L.,Carduus acanthoides,Carduus acanthoides L.,Plantae Tracheophyta Magnoliopsida Asterales Asteraceae Carduus acanthoides,EXACT_MATCH_PRIMARY_SOURCE_ACCEPTED_AUTHOR_DISAMBIGUATION
Carduus crispus L.,Carduus crispus,Carduus crispus L.,Plantae Tracheophyta Magnoliopsida Asterales Asteraceae Carduus crispus,EXACT_MATCH_PRIMARY_SOURCE_ACCEPTED_AUTHOR_DISAMBIGUATION
Carduus nutans L.,Carduus nutans,Carduus nutans L.,Plantae Tracheophyta Magnoliopsida Asterales Asteraceae Carduus nutans,EXACT_MATCH_PRIMARY_SOURCE_ACCEPTED_AMONG_SYNONYMS_SIMPLE
Carex L.,Carex ,Carex L.,Plantae Tracheophyta Liliopsida Poales Cyperaceae Carex,EXACT_MATCH_PRIMARY_SOURCE_ACCEPTED_AMONG_SYNONYMS_SIMPLE
Carex abscondita Mack.,Carex abscondita,Carex abscondita Mack.,Plantae Tracheophyta Liliopsida Poales Cyperaceae Carex abscondita,EXACT_MATCH_PRIMARY_SOURCE_ACCEPTED_SIMPLE
Carex aestivalis M.A. Curtis ex A. Gray,Carex aestivalis,Carex aestivalis M.A. Curtis ex A. Gray,Plantae Tracheophyta Liliopsida Poales Cyperaceae Carex aestivalis,EXACT_MATCH_PRIMARY_SOURCE_ACCEPTED_AMONG_SYNONYMS_SIMPLE
Carex aggregata Mack.,Carex aggregata,Carex aggregata Mack.,Plantae Tracheophyta Liliopsida Poales Cyperaceae Carex aggregata,EXACT_MATCH_PRIMARY_SOURCE_ACCEPTED_SIMPLE
Carex alata Torr.,Carex alata,Carex alata Torr.,Plantae Tracheophyta Liliopsida Poales Cyperaceae Carex alata,EXACT_MATCH_PRIMARY_SOURCE_ACCEPTED_SIMPLE
Carex albicans Willd. ex Spreng.,Carex albicans,Carex albicans Willd. ex Spreng.,Plantae Tracheophyta Liliopsida Poales Cyperaceae Carex albicans,EXACT_MATCH_PRIMARY_SOURCE_ACCEPTED_AMONG_SYNONYMS_SIMPLE
Carex albolutescens Schwein.,Carex albolutescens,Carex albolutescens Schwein.,Plantae Tracheophyta Liliopsida Poales Cyperaceae Carex albolutescens,EXACT_MATCH_PRIMARY_SOURCE_ACCEPTED_SIMPLE
Carex albursina Sheldon,Carex albursina,Carex albursina Sheldon,Plantae Tracheophyta Liliopsida Poales Cyperaceae Carex albursina,EXACT_MATCH_PRIMARY_SOURCE_ACCEPTED_SIMPLE
Carex amphibola Steud.,Carex amphibola,Carex amphibola Steud.,Plantae Tracheophyta Liliopsida Poales Cyperaceae Carex amphibola,EXACT_MATCH_PRIMARY_SOURCE_ACCEPTED_SIMPLE
Carex annectens (E.P. Bicknell) E.P. Bicknell,Carex annectens,Carex annectens (E.P. Bicknell) E.P. Bicknell,Plantae Tracheophyta Liliopsida Poales Cyperaceae Carex annectens,EXACT_MATCH_PRIMARY_SOURCE_ACCEPTED_SIMPLE
Carex appalachica J. Webber & P.W. Ball,Carex appalachica,Carex appalachica J. Webber & P.W. Ball,Plantae Tracheophyta Liliopsida Poales Cyperaceae Carex appalachica,EXACT_MATCH_PRIMARY_SOURCE_ACCEPTED_SIMPLE
Carex aquatilis Wahlenb.,Carex aquatilis,Carex aquatilis Wahlenb.,Plantae Tracheophyta Liliopsida Poales Cyperaceae Carex aquatilis,EXACT_MATCH_PRIMARY_SOURCE_ACCEPTED_AMONG_SYNONYMS_SIMPLE
Carex arctata Boott ex Hook.,Carex arctata,Carex arctata Boott ex Hook.,Plantae Tracheophyta Liliopsida Poales Cyperaceae Carex arctata,EXACT_MATCH_PRIMARY_SOURCE_ACCEPTED_AUTHOR_DISAMBIGUATION
Carex arenaria L.,Carex arenaria,Carex arenaria L.,Plantae Tracheophyta Liliopsida Poales Cyperaceae Carex arenaria,EXACT_MATCH_PRIMARY_SOURCE_ACCEPTED_AUTHOR_DISAMBIGUATION
Carex argyrantha Tuck.,Carex argyrantha,Carex argyrantha Tuck.,Plantae Tracheophyta Liliopsida Poales Cyperaceae Carex argyrantha,EXACT_MATCH_PRIMARY_SOURCE_MULT_ACCEPTED
Carex atherodes Spreng.,Carex atherodes,Carex atherodes Spreng.,Plantae Tracheophyta Liliopsida Poales Cyperaceae Carex atherodes,EXACT_MATCH_PRIMARY_SOURCE_ACCEPTED_AUTHOR_DISAMBIGUATION
Carex atlantica L.H. Bailey,Carex atlantica,Carex atlantica L.H. Bailey,Plantae Tracheophyta Liliopsida Poales Cyperaceae Carex atlantica,EXACT_MATCH_PRIMARY_SOURCE_MULT_ACCEPTED
Carex aureolensis Steud.,Carex aureolensis,Carex aureolensis Steud.,Plantae Tracheophyta Liliopsida Poales Cyperaceae Carex aureolensis,EXACT_MATCH_PRIMARY_SOURCE_ACCEPTED_SIMPLE
Carex austrina (Small) Mack.,Carex austrina,Carex austrina (Small) Mack.,Plantae Tracheophyta Liliopsida Poales Cyperaceae Carex austrina,EXACT_MATCH_PRIMARY_SOURCE_ACCEPTED_SIMPLE
"Carex austrodeflexa P.D. McMillan, Sorrie & van Eerden",Carex austrodeflexa,"Carex austrodeflexa P.D. McMillan, Sorrie & van Eerden",Plantae Tracheophyta Liliopsida Poales Cyperaceae Carex austrodeflexa,EXACT_MATCH_PRIMARY_SOURCE_ACCEPTED_SIMPLE
Carex baileyi Britton,Carex baileyi,Carex baileyi Britton,Plantae Tracheophyta Liliopsida Poales Cyperaceae Carex baileyi,EXACT_MATCH_PRIMARY_SOURCE_ACCEPTED_SIMPLE
Carex barrattii Schwein. & Torr.,Carex barrattii,Carex barrattii Schwein. & Torr.,Plantae Tracheophyta Liliopsida Poales Cyperaceae Carex barrattii,EXACT_MATCH_PRIMARY_SOURCE_ACCEPTED_AMONG_SYNONYMS_SIMPLE
Carex blanda Dewey,Carex blanda,Carex blanda Dewey,Plantae Tracheophyta Liliopsida Poales Cyperaceae Carex blanda,EXACT_MATCH_PRIMARY_SOURCE_ACCEPTED_SIMPLE
Carex brevior (Dewey) Mack.,Carex brevior,Carex brevior (Dewey) Mack.,Plantae Tracheophyta Liliopsida Poales Cyperaceae Carex brevior,EXACT_MATCH_PRIMARY_SOURCE_ACCEPTED_AMONG_SYNONYMS_SIMPLE
Carex bromoides Schkuhr ex Willd.,Carex bromoides,Carex bromoides Schkuhr ex Willd.,Plantae Tracheophyta Liliopsida Poales Cyperaceae Carex bromoides,EXACT_MATCH_PRIMARY_SOURCE_MULT_ACCEPTED
Carex brunnescens (Pers.) Poir.,Carex brunnescens,Carex brunnescens (Pers.) Poir.,Plantae Tracheophyta Liliopsida Poales Cyperaceae Carex brunnescens,EXACT_MATCH_PRIMARY_SOURCE_ACCEPTED_AMONG_SYNONYMS_SIMPLE
Carex bullata Schkuhr ex Willd.,Carex bullata,Carex bullata Schkuhr ex Willd.,Plantae Tracheophyta Liliopsida Poales Cyperaceae Carex bullata,EXACT_MATCH_PRIMARY_SOURCE_MULT_ACCEPTED
Carex bushii Mack.,Carex bushii,Carex bushii Mack.,Plantae Tracheophyta Liliopsida Poales Cyperaceae Carex bushii,EXACT_MATCH_PRIMARY_SOURCE_ACCEPTED_SIMPLE
Carex buxbaumii Wahlenb.,Carex buxbaumii,Carex buxbaumii Wahlenb.,Plantae Tracheophyta Liliopsida Poales Cyperaceae Carex buxbaumii,EXACT_MATCH_PRIMARY_SOURCE_ACCEPTED_SIMPLE
Carex canescens L.,Carex canescens,Carex canescens L.,Plantae Tracheophyta Liliopsida Poales Cyperaceae Carex canescens,EXACT_MATCH_PRIMARY_SOURCE_ACCEPTED_AUTHOR_DISAMBIGUATION
Carex careyana Torr. ex Dewey,Carex careyana,Carex careyana Torr. ex Dewey,Plantae Tracheophyta Liliopsida Poales Cyperaceae Carex careyana,EXACT_MATCH_PRIMARY_SOURCE_ACCEPTED_AMONG_SYNONYMS_SIMPLE
Carex caroliniana Schwein.,Carex caroliniana,Carex caroliniana Schwein.,Plantae Tracheophyta Liliopsida Poales Cyperaceae Carex caroliniana,EXACT_MATCH_PRIMARY_SOURCE_ACCEPTED_AMONG_SYNONYMS_SIMPLE
Carex cephalophora Muhl. ex Willd.,Carex cephalophora,Carex cephalophora Muhl. ex Willd.,Plantae Tracheophyta Liliopsida Poales Cyperaceae Carex cephalophora,EXACT_MATCH_PRIMARY_SOURCE_ACCEPTED_AUTHOR_DISAMBIGUATION
Carex chapmanii Steud.,Carex chapmanii,Carex chapmanii Steud.,Plantae Tracheophyta Liliopsida Poales Cyperaceae Carex chapmanii,EXACT_MATCH_PRIMARY_SOURCE_ACCEPTED_AMONG_SYNONYMS_SIMPLE
Carex cherokeensis Schwein.,Carex cherokeensis,Carex cherokeensis Schwein.,Plantae Tracheophyta Liliopsida Poales Cyperaceae Carex cherokeensis,EXACT_MATCH_PRIMARY_SOURCE_ACCEPTED_SIMPLE
Carex communis L.H. Bailey,Carex communis,Carex communis L.H. Bailey,Plantae Tracheophyta Liliopsida Poales Cyperaceae Carex communis,EXACT_MATCH_PRIMARY_SOURCE_ACCEPTED_SIMPLE
Carex comosa Boott,Carex comosa,Carex comosa Boott,Plantae Tracheophyta Liliopsida Poales Cyperaceae Carex comosa,EXACT_MATCH_PRIMARY_SOURCE_ACCEPTED_SIMPLE
Carex complanata Torr. & Hook.,Carex complanata,Carex complanata Torr. & Hook.,Plantae Tracheophyta Liliopsida Poales Cyperaceae Carex complanata,EXACT_MATCH_PRIMARY_SOURCE_ACCEPTED_SIMPLE
Carex conjuncta Boott,Carex conjuncta,Carex conjuncta Boott,Plantae Tracheophyta Liliopsida Poales Cyperaceae Carex conjuncta,EXACT_MATCH_PRIMARY_SOURCE_ACCEPTED_SIMPLE
Carex conoidea Schkuhr ex Willd.,Carex conoidea,Carex conoidea Schkuhr ex Willd.,Plantae Tracheophyta Liliopsida Poales Cyperaceae Carex conoidea,EXACT_MATCH_PRIMARY_SOURCE_MULT_ACCEPTED
Carex corrugata Fernald,Carex corrugata,Carex corrugata Fernald,Plantae Tracheophyta Liliopsida Poales Cyperaceae Carex corrugata,EXACT_MATCH_PRIMARY_SOURCE_ACCEPTED_SIMPLE
Carex crawei Dewey,Carex crawei,Carex crawei Dewey,Plantae Tracheophyta Liliopsida Poales Cyperaceae Carex crawei,EXACT_MATCH_PRIMARY_SOURCE_ACCEPTED_AMONG_SYNONYMS_SIMPLE
Carex crebriflora Wiegand,Carex crebriflora,Carex crebriflora Wiegand,Plantae Tracheophyta Liliopsida Poales Cyperaceae Carex crebriflora,EXACT_MATCH_PRIMARY_SOURCE_ACCEPTED_SIMPLE
Carex crinita Lam.,Carex crinita,Carex crinita Lam.,Plantae Tracheophyta Liliopsida Poales Cyperaceae Carex crinita,EXACT_MATCH_PRIMARY_SOURCE_ACCEPTED_SIMPLE
Carex cristatella Britton,Carex cristatella,Carex cristatella Britton,Plantae Tracheophyta Liliopsida Poales Cyperaceae Carex cristatella,EXACT_MATCH_PRIMARY_SOURCE_ACCEPTED_SIMPLE
Carex crus-corvi Shuttlw. ex Kunze,Carex crus-corvi,Carex crus-corvi Shuttlw. ex Kunze,Plantae Tracheophyta Liliopsida Poales Cyperaceae Carex crus-corvi,EXACT_MATCH_PRIMARY_SOURCE_MULT_ACCEPTED
"Carex cumberlandensis Naczi, Kral & Bryson",Carex cumberlandensis,"Carex cumberlandensis Naczi, Kral & Bryson",Plantae Tracheophyta Liliopsida Poales Cyperaceae Carex cumberlandensis,EXACT_MATCH_PRIMARY_SOURCE_ACCEPTED_SIMPLE
Carex debilis Michx.,Carex debilis,Carex debilis Michx.,Plantae Tracheophyta Liliopsida Poales Cyperaceae Carex debilis,EXACT_MATCH_PRIMARY_SOURCE_ACCEPTED_AUTHOR_DISAMBIGUATION
Carex decomposita Muhl.,Carex decomposita,Carex decomposita Muhl.,Plantae Tracheophyta Liliopsida Poales Cyperaceae Carex decomposita,EXACT_MATCH_PRIMARY_SOURCE_ACCEPTED_SIMPLE
Carex digitalis Willd.,Carex digitalis,Carex digitalis Willd.,Plantae Tracheophyta Liliopsida Poales Cyperaceae Carex digitalis,EXACT_MATCH_PRIMARY_SOURCE_ACCEPTED_AMONG_SYNONYMS_SIMPLE
Carex divisa Huds.,Carex divisa,Carex divisa Huds.,Plantae Tracheophyta Liliopsida Poales Cyperaceae Carex divisa,EXACT_MATCH_PRIMARY_SOURCE_ACCEPTED_AMONG_SYNONYMS_SIMPLE
Carex eburnea Boott,Carex eburnea,Carex eburnea Boott,Plantae Tracheophyta Liliopsida Poales Cyperaceae Carex eburnea,EXACT_MATCH_PRIMARY_SOURCE_ACCEPTED_SIMPLE
Carex echinata Murray,Carex echinata,Carex echinata Murray,Plantae Tracheophyta Liliopsida Poales Cyperaceae Carex echinata,EXACT_MATCH_PRIMARY_SOURCE_ACCEPTED_AUTHOR_DISAMBIGUATION
Carex emoryi Dewey,Carex emoryi,Carex emoryi Dewey,Plantae Tracheophyta Liliopsida Poales Cyperaceae Carex emoryi,EXACT_MATCH_PRIMARY_SOURCE_ACCEPTED_AUTHOR_DISAMBIGUATION
Carex extensa Goodenough,Carex extensa,Carex extensa Goodenough,Plantae Tracheophyta Liliopsida Poales Cyperaceae Carex extensa,EXACT_MATCH_PRIMARY_SOURCE_ACCEPTED_AMONG_SYNONYMS_SIMPLE
Carex festucacea Schkuhr ex Willd.,Carex festucacea,Carex festucacea Schkuhr ex Willd.,Plantae Tracheophyta Liliopsida Poales Cyperaceae Carex festucacea,EXACT_MATCH_PRIMARY_SOURCE_MULT_ACCEPTED
Carex flaccosperma Dewey,Carex flaccosperma,Carex flaccosperma Dewey,Plantae Tracheophyta Liliopsida Poales Cyperaceae Carex flaccosperma,EXACT_MATCH_PRIMARY_SOURCE_ACCEPTED_SIMPLE
Carex flava L.,Carex flava,Carex flava L.,Plantae Tracheophyta Liliopsida Poales Cyperaceae Carex flava,EXACT_MATCH_PRIMARY_SOURCE_ACCEPTED_AUTHOR_DISAMBIGUATION
Carex floridana Schwein.,Carex floridana,Carex floridana Schwein.,Plantae Tracheophyta Liliopsida Poales Cyperaceae Carex floridana,EXACT_MATCH_PRIMARY_SOURCE_ACCEPTED_SIMPLE
Carex folliculata L.,Carex folliculata,Carex folliculata L.,Plantae Tracheophyta Liliopsida Poales Cyperaceae Carex folliculata,EXACT_MATCH_PRIMARY_SOURCE_ACCEPTED_AMONG_SYNONYMS_SIMPLE
Carex frankii Kunth,Carex frankii,Carex frankii Kunth,Plantae Tracheophyta Liliopsida Poales Cyperaceae Carex frankii,EXACT_MATCH_PRIMARY_SOURCE_ACCEPTED_AUTHOR_DISAMBIGUATION
Carex gigantea Rudge,Carex gigantea,Carex gigantea Rudge,Plantae Tracheophyta Liliopsida Poales Cyperaceae Carex gigantea,EXACT_MATCH_PRIMARY_SOURCE_ACCEPTED_SIMPLE
Carex glaucescens Elliott,Carex glaucescens,Carex glaucescens Elliott,Plantae Tracheophyta Liliopsida Poales Cyperaceae Carex glaucescens,EXACT_MATCH_PRIMARY_SOURCE_ACCEPTED_SIMPLE
Carex glaucodea Tuck. ex Olney,Carex glaucodea,Carex glaucodea Tuck. ex Olney,Plantae Tracheophyta Liliopsida Poales Cyperaceae Carex glaucodea,EXACT_MATCH_PRIMARY_SOURCE_ACCEPTED_AMONG_SYNONYMS_SIMPLE
Carex gracillima Schwein.,Carex gracillima,Carex gracillima Schwein.,Plantae Tracheophyta Liliopsida Poales Cyperaceae Carex gracillima,EXACT_MATCH_PRIMARY_SOURCE_ACCEPTED_AUTHOR_DISAMBIGUATION
Carex granularis Muhl. ex Willd.,Carex granularis,Carex granularis Muhl. ex Willd.,Plantae Tracheophyta Liliopsida Poales Cyperaceae Carex granularis,EXACT_MATCH_PRIMARY_SOURCE_ACCEPTED_AUTHOR_DISAMBIGUATION
Carex gravida L.H. Bailey,Carex gravida,Carex gravida L.H. Bailey,Plantae Tracheophyta Liliopsida Poales Cyperaceae Carex gravida,EXACT_MATCH_PRIMARY_SOURCE_ACCEPTED_SIMPLE
Carex grayi Carey,Carex grayi,Carex grayi Carey,Plantae Tracheophyta Liliopsida Poales Cyperaceae Carex grayi,EXACT_MATCH_PRIMARY_SOURCE_ACCEPTED_SIMPLE
Carex grisea Wahlenb.,Carex grisea,Carex grisea Wahlenb.,Plantae Tracheophyta Liliopsida Poales Cyperaceae Carex grisea,EXACT_MATCH_PRIMARY_SOURCE_ACCEPTED_AMONG_SYNONYMS_SIMPLE
Carex gynandra Schwein.,Carex gynandra,Carex gynandra Schwein.,Plantae Tracheophyta Liliopsida Poales Cyperaceae Carex gynandra,EXACT_MATCH_PRIMARY_SOURCE_ACCEPTED_AMONG_SYNONYMS_SIMPLE
Carex hirsutella Mack.,Carex hirsutella,Carex hirsutella Mack.,Plantae Tracheophyta Liliopsida Poales Cyperaceae Carex hirsutella,EXACT_MATCH_PRIMARY_SOURCE_ACCEPTED_SIMPLE
Carex hirta L.,Carex hirta,Carex hirta L.,Plantae Tracheophyta Liliopsida Poales Cyperaceae Carex hirta,EXACT_MATCH_PRIMARY_SOURCE_ACCEPTED_AUTHOR_DISAMBIGUATION
Carex hirtifolia Mack.,Carex hirtifolia,Carex hirtifolia Mack.,Plantae Tracheophyta Liliopsida Poales Cyperaceae Carex hirtifolia,EXACT_MATCH_PRIMARY_SOURCE_ACCEPTED_SIMPLE
Carex hitchcockiana Dewey,Carex hitchcockiana,Carex hitchcockiana Dewey,Plantae Tracheophyta Liliopsida Poales Cyperaceae Carex hitchcockiana,EXACT_MATCH_PRIMARY_SOURCE_ACCEPTED_SIMPLE
Carex hormathodes Fernald,Carex hormathodes,Carex hormathodes Fernald,Plantae Tracheophyta Liliopsida Poales Cyperaceae Carex hormathodes,EXACT_MATCH_PRIMARY_SOURCE_ACCEPTED_SIMPLE
Carex hyalinolepis Steud.,Carex hyalinolepis,Carex hyalinolepis Steud.,Plantae Tracheophyta Liliopsida Poales Cyperaceae Carex hyalinolepis,EXACT_MATCH_PRIMARY_SOURCE_ACCEPTED_SIMPLE
Carex hystericina Muhl. ex Willd.,Carex hystericina,Carex hystericina Muhl. ex Willd.,Plantae Tracheophyta Liliopsida Poales Cyperaceae Carex hystericina,EXACT_MATCH_PRIMARY_SOURCE_ACCEPTED_AUTHOR_DISAMBIGUATION
Carex interior L.H. Bailey,Carex interior,Carex interior L.H. Bailey,Plantae Tracheophyta Liliopsida Poales Cyperaceae Carex interior,EXACT_MATCH_PRIMARY_SOURCE_ACCEPTED_SIMPLE
Carex intumescens Rudge,Carex intumescens,Carex intumescens Rudge,Plantae Tracheophyta Liliopsida Poales Cyperaceae Carex intumescens,EXACT_MATCH_PRIMARY_SOURCE_ACCEPTED_SIMPLE
Carex jamesii Schwein.,Carex jamesii,Carex jamesii Schwein.,Plantae Tracheophyta Liliopsida Poales Cyperaceae Carex jamesii,EXACT_MATCH_PRIMARY_SOURCE_ACCEPTED_AMONG_SYNONYMS_SIMPLE
Carex joorii L.H. Bailey,Carex joorii,Carex joorii L.H. Bailey,Plantae Tracheophyta Liliopsida Poales Cyperaceae Carex joorii,EXACT_MATCH_PRIMARY_SOURCE_ACCEPTED_SIMPLE
"Carex juniperorum Catling, Reznicek & Crins",Carex juniperorum,"Carex juniperorum Catling, Reznicek & Crins",Plantae Tracheophyta Liliopsida Poales Cyperaceae Carex juniperorum,EXACT_MATCH_PRIMARY_SOURCE_ACCEPTED_SIMPLE
Carex kobomugi Ohwi,Carex kobomugi,Carex kobomugi Ohwi,Plantae Tracheophyta Liliopsida Poales Cyperaceae Carex kobomugi,EXACT_MATCH_PRIMARY_SOURCE_ACCEPTED_SIMPLE
Carex kraliana Naczi & Bryson,Carex kraliana,Carex kraliana Naczi & Bryson,Plantae Tracheophyta Liliopsida Poales Cyperaceae Carex kraliana,EXACT_MATCH_PRIMARY_SOURCE_ACCEPTED_SIMPLE
Carex lacustris Willd.,Carex lacustris,Carex lacustris Willd.,Plantae Tracheophyta Liliopsida Poales Cyperaceae Carex lacustris,EXACT_MATCH_PRIMARY_SOURCE_ACCEPTED_AUTHOR_DISAMBIGUATION
Carex laevivaginata (Kük.) Mack.,Carex laevivaginata,Carex laevivaginata (Kük.) Mack.,Plantae Tracheophyta Liliopsida Poales Cyperaceae Carex laevivaginata,EXACT_MATCH_PRIMARY_SOURCE_ACCEPTED_SIMPLE
Carex lasiocarpa Ehrh.,Carex lasiocarpa,Carex lasiocarpa Ehrh.,Plantae Tracheophyta Liliopsida Poales Cyperaceae Carex lasiocarpa,EXACT_MATCH_PRIMARY_SOURCE_ACCEPTED_SIMPLE
Carex laxiculmis Schwein.,Carex laxiculmis,Carex laxiculmis Schwein.,Plantae Tracheophyta Liliopsida Poales Cyperaceae Carex laxiculmis,EXACT_MATCH_PRIMARY_SOURCE_ACCEPTED_SIMPLE
Carex laxiflora Lam.,Carex laxiflora,Carex laxiflora Lam.,Plantae Tracheophyta Liliopsida Poales Cyperaceae Carex laxiflora,EXACT_MATCH_PRIMARY_SOURCE_ACCEPTED_AMONG_SYNONYMS_SIMPLE
Carex leavenworthii Dewey,Carex leavenworthii,Carex leavenworthii Dewey,Plantae Tracheophyta Liliopsida Poales Cyperaceae Carex leavenworthii,EXACT_MATCH_PRIMARY_SOURCE_ACCEPTED_SIMPLE
Carex leptalea Wahlenb.,Carex leptalea,Carex leptalea Wahlenb.,Plantae Tracheophyta Liliopsida Poales Cyperaceae Carex leptalea,EXACT_MATCH_PRIMARY_SOURCE_ACCEPTED_SIMPLE
Carex leptonervia (Fernald) Fernald,Carex leptonervia,Carex leptonervia (Fernald) Fernald,Plantae Tracheophyta Liliopsida Poales Cyperaceae Carex leptonervia,EXACT_MATCH_PRIMARY_SOURCE_ACCEPTED_SIMPLE
Carex lonchocarpa Willd.,Carex lonchocarpa,Carex lonchocarpa Willd.,Plantae Tracheophyta Liliopsida Poales Cyperaceae Carex lonchocarpa,EXACT_MATCH_PRIMARY_SOURCE_ACCEPTED_AUTHOR_DISAMBIGUATION
Carex longii Mack.,Carex longii,Carex longii Mack.,Plantae Tracheophyta Liliopsida Poales Cyperaceae Carex longii,EXACT_MATCH_PRIMARY_SOURCE_ACCEPTED_AMONG_SYNONYMS_SIMPLE
Carex louisianica L.H. Bailey,Carex louisianica,Carex louisianica L.H. Bailey,Plantae Tracheophyta Liliopsida Poales Cyperaceae Carex louisianica,EXACT_MATCH_PRIMARY_SOURCE_ACCEPTED_SIMPLE
Carex lucorum Willd. ex Link,Carex lucorum,Carex lucorum Willd. ex Link,Plantae Tracheophyta Liliopsida Poales Cyperaceae Carex lucorum,EXACT_MATCH_PRIMARY_SOURCE_ACCEPTED_AMONG_SYNONYMS_SIMPLE
Carex lucorum Willd. ex Link var. austrolucorum J. Rettig,Carex austrolucorum,Carex lucorum Willd. ex Link var. austrolucorum J. Rettig,Plantae Tracheophyta Liliopsida Poales Cyperaceae Carex austrolucorum,MULTI_EXACT_MATCH_PRIMARY_SOURCE_SYNONYMS_INFRASPECIFIC_SCORE
Carex lupuliformis Sartwell ex Dewey,Carex lupuliformis,Carex lupuliformis Sartwell ex Dewey,Plantae Tracheophyta Liliopsida Poales Cyperaceae Carex lupuliformis,EXACT_MATCH_PRIMARY_SOURCE_ACCEPTED_AMONG_SYNONYMS_SIMPLE
Carex lupulina Muhl. ex Willd.,Carex lupulina,Carex lupulina Muhl. ex Willd.,Plantae Tracheophyta Liliopsida Poales Cyperaceae Carex lupulina,EXACT_MATCH_PRIMARY_SOURCE_ACCEPTED_AUTHOR_DISAMBIGUATION
Carex lurida Wahlenb.,Carex lurida,Carex lurida Wahlenb.,Plantae Tracheophyta Liliopsida Poales Cyperaceae Carex lurida,EXACT_MATCH_PRIMARY_SOURCE_ACCEPTED_AMONG_SYNONYMS_SIMPLE
Carex manhartii Bryson,Carex manhartii,Carex manhartii Bryson,Plantae Tracheophyta Liliopsida Poales Cyperaceae Carex manhartii,EXACT_MATCH_PRIMARY_SOURCE_ACCEPTED_SIMPLE
Carex meadii Dewey,Carex meadii,Carex meadii Dewey,Plantae Tracheophyta Liliopsida Poales Cyperaceae Carex meadii,EXACT_MATCH_PRIMARY_SOURCE_ACCEPTED_AMONG_SYNONYMS_SIMPLE
Carex mesochorea Mack.,Carex mesochorea,Carex mesochorea Mack.,Plantae Tracheophyta Liliopsida Poales Cyperaceae Carex mesochorea,EXACT_MATCH_PRIMARY_SOURCE_ACCEPTED_SIMPLE
Carex mitchelliana M.A. Curtis,Carex mitchelliana,Carex mitchelliana M.A. Curtis,Plantae Tracheophyta Liliopsida Poales Cyperaceae Carex mitchelliana,EXACT_MATCH_PRIMARY_SOURCE_ACCEPTED_SIMPLE
Carex molesta Mack. ex Bright,Carex molesta,Carex molesta Mack. ex Bright,Plantae Tracheophyta Liliopsida Poales Cyperaceae Carex molesta,EXACT_MATCH_PRIMARY_SOURCE_MULT_ACCEPTED
Carex muehlenbergii Schkuhr ex Willd.,Carex muehlenbergii,Carex muehlenbergii Schkuhr ex Willd.,Plantae Tracheophyta Liliopsida Poales Cyperaceae Carex muehlenbergii,EXACT_MATCH_PRIMARY_SOURCE_MULT_ACCEPTED
Carex nigromarginata Schwein.,Carex nigromarginata,Carex nigromarginata Schwein.,Plantae Tracheophyta Liliopsida Poales Cyperaceae Carex nigromarginata,EXACT_MATCH_PRIMARY_SOURCE_ACCEPTED_SIMPLE
Carex normalis Mack.,Carex normalis,Carex normalis Mack.,Plantae Tracheophyta Liliopsida Poales Cyperaceae Carex normalis,EXACT_MATCH_PRIMARY_SOURCE_ACCEPTED_SIMPLE
Carex oklahomensis Mack.,Carex oklahomensis,Carex oklahomensis Mack.,Plantae Tracheophyta Liliopsida Poales Cyperaceae Carex oklahomensis,EXACT_MATCH_PRIMARY_SOURCE_ACCEPTED_SIMPLE
Carex oligocarpa Schkuhr ex Willd.,Carex oligocarpa,Carex oligocarpa Schkuhr ex Willd.,Plantae Tracheophyta Liliopsida Poales Cyperaceae Carex oligocarpa,EXACT_MATCH_PRIMARY_SOURCE_MULT_ACCEPTED
Carex ormostachya Wiegand,Carex ormostachya,Carex ormostachya Wiegand,Plantae Tracheophyta Liliopsida Poales Cyperaceae Carex ormostachya,EXACT_MATCH_PRIMARY_SOURCE_ACCEPTED_SIMPLE
Carex oxylepis Torr. & Hook.,Carex oxylepis,Carex oxylepis Torr. & Hook.,Plantae Tracheophyta Liliopsida Poales Cyperaceae Carex oxylepis,EXACT_MATCH_PRIMARY_SOURCE_ACCEPTED_SIMPLE
Carex pallescens L.,Carex pallescens,Carex pallescens L.,Plantae Tracheophyta Liliopsida Poales Cyperaceae Carex pallescens,EXACT_MATCH_PRIMARY_SOURCE_ACCEPTED_SIMPLE
Carex peckii Howe,Carex peckii,Carex peckii Howe,Plantae Tracheophyta Liliopsida Poales Cyperaceae Carex peckii,EXACT_MATCH_PRIMARY_SOURCE_ACCEPTED_SIMPLE
Carex pedunculata Muhl. ex Willd.,Carex pedunculata,Carex pedunculata Muhl. ex Willd.,Plantae Tracheophyta Liliopsida Poales Cyperaceae Carex pedunculata,EXACT_MATCH_PRIMARY_SOURCE_ACCEPTED_AUTHOR_DISAMBIGUATION
Carex pellita Muhl. ex Willd.,Carex pellita,Carex pellita Muhl. ex Willd.,Plantae Tracheophyta Liliopsida Poales Cyperaceae Carex pellita,EXACT_MATCH_PRIMARY_SOURCE_ACCEPTED_AUTHOR_DISAMBIGUATION
Carex pendula Huds.,Carex pendula,Carex pendula Huds.,Plantae Tracheophyta Liliopsida Poales Cyperaceae Carex pendula,EXACT_MATCH_PRIMARY_SOURCE_ACCEPTED_AMONG_SYNONYMS_SIMPLE
Carex pensylvanica Lam.,Carex pensylvanica,Carex pensylvanica Lam.,Plantae Tracheophyta Liliopsida Poales Cyperaceae Carex pensylvanica,EXACT_MATCH_PRIMARY_SOURCE_ACCEPTED_AMONG_SYNONYMS_SIMPLE
Carex pigra Naczi,Carex pigra,Carex pigra Naczi,Plantae Tracheophyta Liliopsida Poales Cyperaceae Carex pigra,EXACT_MATCH_PRIMARY_SOURCE_ACCEPTED_SIMPLE
Carex planispicata Naczi,Carex planispicata,Carex planispicata Naczi,Plantae Tracheophyta Liliopsida Poales Cyperaceae Carex planispicata,EXACT_MATCH_PRIMARY_SOURCE_ACCEPTED_SIMPLE
Carex plantaginea Lam.,Carex plantaginea,Carex plantaginea Lam.,Plantae Tracheophyta Liliopsida Poales Cyperaceae Carex plantaginea,EXACT_MATCH_PRIMARY_SOURCE_ACCEPTED_AMONG_SYNONYMS_SIMPLE
Carex platyphylla Carey,Carex platyphylla,Carex platyphylla Carey,Plantae Tracheophyta Liliopsida Poales Cyperaceae Carex platyphylla,EXACT_MATCH_PRIMARY_SOURCE_ACCEPTED_AMONG_SYNONYMS_SIMPLE
Carex polymorpha Muhl.,Carex polymorpha,Carex polymorpha Muhl.,Plantae Tracheophyta Liliopsida Poales Cyperaceae Carex polymorpha,EXACT_MATCH_PRIMARY_SOURCE_ACCEPTED_AUTHOR_DISAMBIGUATION
Carex praegracilis W. Boott,Carex praegracilis,Carex praegracilis W. Boott,Plantae Tracheophyta Liliopsida Poales Cyperaceae Carex praegracilis,EXACT_MATCH_PRIMARY_SOURCE_ACCEPTED_SIMPLE
Carex prairea Dewey ex Alph. Wood,Carex prairea,Carex prairea Dewey ex Alph. Wood,Plantae Tracheophyta Liliopsida Poales Cyperaceae Carex prairea,EXACT_MATCH_PRIMARY_SOURCE_ACCEPTED_AMONG_SYNONYMS_SIMPLE
Carex prasina Wahlenb.,Carex prasina,Carex prasina Wahlenb.,Plantae Tracheophyta Liliopsida Poales Cyperaceae Carex prasina,EXACT_MATCH_PRIMARY_SOURCE_ACCEPTED_SIMPLE
Carex projecta Mack.,Carex projecta,Carex projecta Mack.,Plantae Tracheophyta Liliopsida Poales Cyperaceae Carex projecta,EXACT_MATCH_PRIMARY_SOURCE_ACCEPTED_SIMPLE
Carex purpurifera Mack.,Carex purpurifera,Carex purpurifera Mack.,Plantae Tracheophyta Liliopsida Poales Cyperaceae Carex purpurifera,EXACT_MATCH_PRIMARY_SOURCE_ACCEPTED_SIMPLE
Carex radiata (Wahlenb.) Small,Carex radiata,Carex radiata (Wahlenb.) Small,Plantae Tracheophyta Liliopsida Poales Cyperaceae Carex radiata,EXACT_MATCH_PRIMARY_SOURCE_ACCEPTED_SIMPLE
Carex reniformis (L.H. Bailey) Small,Carex reniformis,Carex reniformis (L.H. Bailey) Small,Plantae Tracheophyta Liliopsida Poales Cyperaceae Carex reniformis,EXACT_MATCH_PRIMARY_SOURCE_ACCEPTED_SIMPLE
Carex retroflexa Muhl. ex Willd.,Carex retroflexa,Carex retroflexa Muhl. ex Willd.,Plantae Tracheophyta Liliopsida Poales Cyperaceae Carex retroflexa,EXACT_MATCH_PRIMARY_SOURCE_ACCEPTED_AUTHOR_DISAMBIGUATION
Carex reznicekii Werier,Carex reznicekii,Carex reznicekii Werier,Plantae Tracheophyta Liliopsida Poales Cyperaceae Carex reznicekii,EXACT_MATCH_PRIMARY_SOURCE_ACCEPTED_SIMPLE
Carex roanensis F.J. Herm.,Carex roanensis,Carex roanensis F.J. Herm.,Plantae Tracheophyta Liliopsida Poales Cyperaceae Carex roanensis,EXACT_MATCH_PRIMARY_SOURCE_ACCEPTED_SIMPLE
Carex rosea Schkuhr ex Willd.,Carex rosea,Carex rosea Schkuhr ex Willd.,Plantae Tracheophyta Liliopsida Poales Cyperaceae Carex rosea,EXACT_MATCH_PRIMARY_SOURCE_MULT_ACCEPTED
Carex ruthii Mack.,Carex ruthii,Carex ruthii Mack.,Plantae Tracheophyta Liliopsida Poales Cyperaceae Carex ruthii,EXACT_MATCH_PRIMARY_SOURCE_ACCEPTED_SIMPLE
Carex scabrata Schwein.,Carex scabrata,Carex scabrata Schwein.,Plantae Tracheophyta Liliopsida Poales Cyperaceae Carex scabrata,EXACT_MATCH_PRIMARY_SOURCE_ACCEPTED_SIMPLE
Carex schweinitzii Dewey ex Schwein.,Carex schweinitzii,Carex schweinitzii Dewey ex Schwein.,Plantae Tracheophyta Liliopsida Poales Cyperaceae Carex schweinitzii,EXACT_MATCH_PRIMARY_SOURCE_ACCEPTED_AUTHOR_DISAMBIGUATION
Carex scoparia Schkuhr ex Willd.,Carex scoparia,Carex scoparia Schkuhr ex Willd.,Plantae Tracheophyta Liliopsida Poales Cyperaceae Carex scoparia,EXACT_MATCH_PRIMARY_SOURCE_ACCEPTED_AUTHOR_DISAMBIGUATION
Carex seorsa Howe,Carex seorsa,Carex seorsa Howe,Plantae Tracheophyta Liliopsida Poales Cyperaceae Carex seorsa,EXACT_MATCH_PRIMARY_SOURCE_ACCEPTED_SIMPLE
Carex shortiana Dewey,Carex shortiana,Carex shortiana Dewey,Plantae Tracheophyta Liliopsida Poales Cyperaceae Carex shortiana,EXACT_MATCH_PRIMARY_SOURCE_ACCEPTED_SIMPLE
Carex siccata Dewey,Carex siccata,Carex siccata Dewey,Plantae Tracheophyta Liliopsida Poales Cyperaceae Carex siccata,EXACT_MATCH_PRIMARY_SOURCE_ACCEPTED_SIMPLE
Carex silicea Olney,Carex silicea,Carex silicea Olney,Plantae Tracheophyta Liliopsida Poales Cyperaceae Carex silicea,EXACT_MATCH_PRIMARY_SOURCE_ACCEPTED_SIMPLE
Carex sparganioides Muhl. ex Willd.,Carex sparganioides,Carex sparganioides Muhl. ex Willd.,Plantae Tracheophyta Liliopsida Poales Cyperaceae Carex sparganioides,EXACT_MATCH_PRIMARY_SOURCE_ACCEPTED_AUTHOR_DISAMBIGUATION
Carex spicata Huds.,Carex spicata,Carex spicata Huds.,Plantae Tracheophyta Liliopsida Poales Cyperaceae Carex spicata,EXACT_MATCH_PRIMARY_SOURCE_ACCEPTED_AMONG_SYNONYMS_SIMPLE
Carex squarrosa L.,Carex squarrosa,Carex squarrosa L.,Plantae Tracheophyta Liliopsida Poales Cyperaceae Carex squarrosa,EXACT_MATCH_PRIMARY_SOURCE_ACCEPTED_SIMPLE
Carex sterilis Willd.,Carex sterilis,Carex sterilis Willd.,Plantae Tracheophyta Liliopsida Poales Cyperaceae Carex sterilis,EXACT_MATCH_PRIMARY_SOURCE_ACCEPTED_AUTHOR_DISAMBIGUATION
Carex stipata Muhl. ex Willd.,Carex stipata,Carex stipata Muhl. ex Willd.,Plantae Tracheophyta Liliopsida Poales Cyperaceae Carex stipata,EXACT_MATCH_PRIMARY_SOURCE_ACCEPTED_AUTHOR_DISAMBIGUATION
Carex straminea Willd. ex Schkuhr,Carex straminea,Carex straminea Willd. ex Schkuhr,Plantae Tracheophyta Liliopsida Poales Cyperaceae Carex straminea,EXACT_MATCH_PRIMARY_SOURCE_ACCEPTED_AUTHOR_DISAMBIGUATION
Carex striata Michx.,Carex striata,Carex striata Michx.,Plantae Tracheophyta Liliopsida Poales Cyperaceae Carex striata,EXACT_MATCH_PRIMARY_SOURCE_ACCEPTED_AUTHOR_DISAMBIGUATION
Carex striatula Michx.,Carex striatula,Carex striatula Michx.,Plantae Tracheophyta Liliopsida Poales Cyperaceae Carex striatula,EXACT_MATCH_PRIMARY_SOURCE_ACCEPTED_SIMPLE
Carex stricta Lam.,Carex stricta,Carex stricta Lam.,Plantae Tracheophyta Liliopsida Poales Cyperaceae Carex stricta,EXACT_MATCH_PRIMARY_SOURCE_ACCEPTED_AMONG_SYNONYMS_SIMPLE
Carex styloflexa Buckley,Carex styloflexa,Carex styloflexa Buckley,Plantae Tracheophyta Liliopsida Poales Cyperaceae Carex styloflexa,EXACT_MATCH_PRIMARY_SOURCE_ACCEPTED_SIMPLE
Carex suberecta (Olney) Britton,Carex suberecta,Carex suberecta (Olney) Britton,Plantae Tracheophyta Liliopsida Poales Cyperaceae Carex suberecta,EXACT_MATCH_PRIMARY_SOURCE_ACCEPTED_SIMPLE
"Carex superata Naczi, Reznicek & B.A. Ford",Carex superata,"Carex superata Naczi, Reznicek & B.A. Ford",Plantae Tracheophyta Liliopsida Poales Cyperaceae Carex superata,EXACT_MATCH_PRIMARY_SOURCE_ACCEPTED_SIMPLE
Carex swanii (Fernald) Mack.,Carex swanii,Carex swanii (Fernald) Mack.,Plantae Tracheophyta Liliopsida Poales Cyperaceae Carex swanii,EXACT_MATCH_PRIMARY_SOURCE_ACCEPTED_SIMPLE
Carex tenera Dewey,Carex tenera,Carex tenera Dewey,Plantae Tracheophyta Liliopsida Poales Cyperaceae Carex tenera,EXACT_MATCH_PRIMARY_SOURCE_ACCEPTED_SIMPLE
Carex tetanica Schkuhr,Carex tetanica,Carex tetanica Schkuhr,Plantae Tracheophyta Liliopsida Poales Cyperaceae Carex tetanica,EXACT_MATCH_PRIMARY_SOURCE_ACCEPTED_AUTHOR_DISAMBIGUATION
Carex texensis (Torr.) L.H. Bailey,Carex texensis,Carex texensis (Torr.) L.H. Bailey,Plantae Tracheophyta Liliopsida Poales Cyperaceae Carex texensis,EXACT_MATCH_PRIMARY_SOURCE_ACCEPTED_SIMPLE
Carex tonsa (Fernald) E.P. Bicknell,Carex tonsa,Carex tonsa (Fernald) E.P. Bicknell,Plantae Tracheophyta Liliopsida Poales Cyperaceae Carex tonsa,EXACT_MATCH_PRIMARY_SOURCE_ACCEPTED_SIMPLE
Carex torta Boott ex Tuck.,Carex torta,Carex torta Boott ex Tuck.,Plantae Tracheophyta Liliopsida Poales Cyperaceae Carex torta,EXACT_MATCH_PRIMARY_SOURCE_ACCEPTED_AUTHOR_DISAMBIGUATION
Carex tribuloides Wahlenb.,Carex tribuloides,Carex tribuloides Wahlenb.,Plantae Tracheophyta Liliopsida Poales Cyperaceae Carex tribuloides,EXACT_MATCH_PRIMARY_SOURCE_ACCEPTED_SIMPLE
Carex trichocarpa Muhl. ex Willd.,Carex trichocarpa,Carex trichocarpa Muhl. ex Willd.,Plantae Tracheophyta Liliopsida Poales Cyperaceae Carex trichocarpa,EXACT_MATCH_PRIMARY_SOURCE_ACCEPTED_AUTHOR_DISAMBIGUATION
Carex trisperma Dewey,Carex trisperma,Carex trisperma Dewey,Plantae Tracheophyta Liliopsida Poales Cyperaceae Carex trisperma,EXACT_MATCH_PRIMARY_SOURCE_ACCEPTED_AMONG_SYNONYMS_SIMPLE
Carex typhina Michx.,Carex typhina,Carex typhina Michx.,Plantae Tracheophyta Liliopsida Poales Cyperaceae Carex typhina,EXACT_MATCH_PRIMARY_SOURCE_ACCEPTED_SIMPLE
Carex umbellata Schkuhr ex Willd.,Carex umbellata,Carex umbellata Schkuhr ex Willd.,Plantae Tracheophyta Liliopsida Poales Cyperaceae Carex umbellata,EXACT_MATCH_PRIMARY_SOURCE_MULT_ACCEPTED
Carex utriculata Boott,Carex utriculata,Carex utriculata Boott,Plantae Tracheophyta Liliopsida Poales Cyperaceae Carex utriculata,EXACT_MATCH_PRIMARY_SOURCE_ACCEPTED_SIMPLE
Carex venusta Dewey,Carex venusta,Carex venusta Dewey,Plantae Tracheophyta Liliopsida Poales Cyperaceae Carex venusta,EXACT_MATCH_PRIMARY_SOURCE_ACCEPTED_SIMPLE
Carex verrucosa Muhl.,Carex verrucosa,Carex verrucosa Muhl.,Plantae Tracheophyta Liliopsida Poales Cyperaceae Carex verrucosa,EXACT_MATCH_PRIMARY_SOURCE_ACCEPTED_AMONG_SYNONYMS_SIMPLE
Carex vestita Willd.,Carex vestita,Carex vestita Willd.,Plantae Tracheophyta Liliopsida Poales Cyperaceae Carex vestita,EXACT_MATCH_PRIMARY_SOURCE_ACCEPTED_SIMPLE
Carex virescens Muhl. ex Willd.,Carex virescens,Carex virescens Muhl. ex Willd.,Plantae Tracheophyta Liliopsida Poales Cyperaceae Carex virescens,EXACT_MATCH_PRIMARY_SOURCE_ACCEPTED_AUTHOR_DISAMBIGUATION
Carex vulpinoidea Michx.,Carex vulpinoidea,Carex vulpinoidea Michx.,Plantae Tracheophyta Liliopsida Poales Cyperaceae Carex vulpinoidea,EXACT_MATCH_PRIMARY_SOURCE_ACCEPTED_AUTHOR_DISAMBIGUATION
Carex willdenowii Schkuhr ex Willd.,Carex willdenowii,Carex willdenowii Schkuhr ex Willd.,Plantae Tracheophyta Liliopsida Poales Cyperaceae Carex willdenowii,EXACT_MATCH_PRIMARY_SOURCE_MULT_ACCEPTED
Carex woodii Dewey,Carex woodii,Carex woodii Dewey,Plantae Tracheophyta Liliopsida Poales Cyperaceae Carex woodii,EXACT_MATCH_PRIMARY_SOURCE_ACCEPTED_SIMPLE
Carex ×aestivaliformis Mack. [aestivalis × gracillima],Carex aestivaliformis,Carex ×aestivaliformis Mack. [aestivalis × gracillima],Plantae Tracheophyta Liliopsida Poales Cyperaceae Carex aestivaliformis,EXACT_MATCH_PRIMARY_SOURCE_ACCEPTED_SIMPLE
Carex ×sullivantii Boott [gracillima × hirtifolia],Carex sullivantii,Carex ×sullivantii Boott [gracillima × hirtifolia],Plantae Tracheophyta Liliopsida Poales Cyperaceae Carex sullivantii,EXACT_MATCH_PRIMARY_SOURCE_ACCEPTED_SIMPLE
Carphephorus Cass.,Carphephorus ,Carphephorus Cass.,Plantae Tracheophyta Magnoliopsida Asterales Asteraceae Carphephorus,EXACT_MATCH_PRIMARY_SOURCE_ACCEPTED_SIMPLE
Carphephorus bellidifolius (Michx.) Torr. & A. Gray,Carphephorus bellidifolius,Carphephorus bellidifolius (Michx.) Torr. & A. Gray,Plantae Tracheophyta Magnoliopsida Asterales Asteraceae Carphephorus bellidifolius,EXACT_MATCH_PRIMARY_SOURCE_ACCEPTED_SIMPLE
Carphephorus tomentosus (Michx.) Torr. & A. Gray,Carphephorus tomentosus,Carphephorus tomentosus (Michx.) Torr. & A. Gray,Plantae Tracheophyta Magnoliopsida Asterales Asteraceae Carphephorus tomentosus,EXACT_MATCH_PRIMARY_SOURCE_ACCEPTED_SIMPLE
Carpinus L.,Carpinus ,Carpinus L.,Plantae Tracheophyta Magnoliopsida Fagales Betulaceae Carpinus,EXACT_MATCH_PRIMARY_SOURCE_ACCEPTED_SIMPLE
Carpinus caroliniana Walter,Carpinus caroliniana,Carpinus caroliniana Walter,Plantae Tracheophyta Magnoliopsida Fagales Betulaceae Carpinus caroliniana,EXACT_MATCH_PRIMARY_SOURCE_ACCEPTED_SIMPLE
Carum L.,Carum ,Carum L.,Plantae Tracheophyta Magnoliopsida Apiales Apiaceae Carum,EXACT_MATCH_PRIMARY_SOURCE_ACCEPTED_SIMPLE
Carum carvi L.,Carum carvi,Carum carvi L.,Plantae Tracheophyta Magnoliopsida Apiales Apiaceae Carum carvi,EXACT_MATCH_PRIMARY_SOURCE_ACCEPTED_SIMPLE
Carya Nutt.,Carya ,Carya Nutt.,Plantae Tracheophyta Magnoliopsida Fagales Juglandaceae Carya,EXACT_MATCH_PRIMARY_SOURCE_ACCEPTED_SIMPLE
Carya aquatica (Michx. f.) Nutt.,Carya aquatica,Carya aquatica (Michx. f.) Nutt.,Plantae Tracheophyta Magnoliopsida Fagales Juglandaceae Carya aquatica,EXACT_MATCH_PRIMARY_SOURCE_ACCEPTED_AMONG_SYNONYMS_SIMPLE
Carya carolinae-septentrionalis (Ashe) Engl. & Graebn.,Carya carolinae-septentrionalis,Carya carolinae-septentrionalis (Ashe) Engl. & Graebn.,Plantae Tracheophyta Magnoliopsida Fagales Juglandaceae Carya carolinae-septentrionalis,EXACT_MATCH_PRIMARY_SOURCE_ACCEPTED_AMONG_SYNONYMS_SIMPLE
Carya cordiformis (Wangenh.) K. Koch,Carya cordiformis,Carya cordiformis (Wangenh.) K. Koch,Plantae Tracheophyta Magnoliopsida Fagales Juglandaceae Carya cordiformis,EXACT_MATCH_PRIMARY_SOURCE_MULT_ACCEPTED
Carya glabra (Mill.) Sweet,Carya glabra,Carya glabra (Mill.) Sweet,Plantae Tracheophyta Magnoliopsida Fagales Juglandaceae Carya glabra,EXACT_MATCH_PRIMARY_SOURCE_ACCEPTED_SIMPLE
Carya illinoinensis (Wangenh.) K. Koch,Carya illinoinensis,Carya illinoinensis (Wangenh.) K. Koch,Plantae Tracheophyta Magnoliopsida Fagales Juglandaceae Carya illinoinensis,EXACT_MATCH_PRIMARY_SOURCE_ACCEPTED_SIMPLE
Carya laciniosa (Michx. f.) G. Don,Carya laciniosa,Carya laciniosa (Michx. f.) G. Don,Plantae Tracheophyta Magnoliopsida Fagales Juglandaceae Carya laciniosa,EXACT_MATCH_PRIMARY_SOURCE_ACCEPTED_AMONG_SYNONYMS_SIMPLE
Carya ovalis (Wangenh.) Sarg.,Carya ovalis,Carya ovalis (Wangenh.) Sarg.,Plantae Tracheophyta Magnoliopsida Fagales Juglandaceae Carya ovalis,EXACT_MATCH_PRIMARY_SOURCE_ACCEPTED_SIMPLE
Carya ovata (Mill.) K. Koch,Carya ovata,Carya ovata (Mill.) K. Koch,Plantae Tracheophyta Magnoliopsida Fagales Juglandaceae Carya ovata,EXACT_MATCH_PRIMARY_SOURCE_MULT_ACCEPTED
Carya pallida (Ashe) Engl. & Graebn.,Carya pallida,Carya pallida (Ashe) Engl. & Graebn.,Plantae Tracheophyta Magnoliopsida Fagales Juglandaceae Carya pallida,EXACT_MATCH_PRIMARY_SOURCE_ACCEPTED_AUTHOR_DISAMBIGUATION
Carya tomentosa (Lam.) Nutt.,Carya alba,Carya tomentosa (Lam.) Nutt.,Plantae Tracheophyta Magnoliopsida Fagales Juglandaceae Carya alba,EXACT_MATCH_PRIMARY_SOURCE_SYNONYM_SIMPLE
Castanea Mill.,Castanea ,Castanea Mill.,Plantae Tracheophyta Magnoliopsida Fagales Fagaceae Castanea,EXACT_MATCH_PRIMARY_SOURCE_ACCEPTED_AUTHOR_DISAMBIGUATION
Castanea dentata (Marshall) Borkh.,Castanea dentata,Castanea dentata (Marshall) Borkh.,Plantae Tracheophyta Magnoliopsida Fagales Fagaceae Castanea dentata,EXACT_MATCH_PRIMARY_SOURCE_ACCEPTED_AUTHOR_DISAMBIGUATION
Castanea mollissima Blume,Castanea mollissima,Castanea mollissima Blume,Plantae Tracheophyta Magnoliopsida Fagales Fagaceae Castanea mollissima,EXACT_MATCH_PRIMARY_SOURCE_ACCEPTED_SIMPLE
Castanea pumila (L.) Mill.,Castanea pumila,Castanea pumila (L.) Mill.,Plantae Tracheophyta Magnoliopsida Fagales Fagaceae Castanea pumila,EXACT_MATCH_PRIMARY_SOURCE_ACCEPTED_AUTHOR_DISAMBIGUATION
Castanea ×neglecta Dode (pro sp.) [dentata × pumila],Castanea neglecta,Castanea ×neglecta Dode (pro sp.) [dentata × pumila],Plantae Tracheophyta Magnoliopsida Fagales Fagaceae Castanea neglecta,EXACT_MATCH_PRIMARY_SOURCE_ACCEPTED_SIMPLE
Castilleja Mutis ex L. f.,Castilleja ,Castilleja Mutis ex L. f.,Plantae Tracheophyta Magnoliopsida Lamiales Orobanchaceae Castilleja,EXACT_MATCH_PRIMARY_SOURCE_ACCEPTED_SIMPLE
Castilleja coccinea (L.) Spreng.,Castilleja coccinea,Castilleja coccinea (L.) Spreng.,Plantae Tracheophyta Magnoliopsida Lamiales Orobanchaceae Castilleja coccinea,EXACT_MATCH_PRIMARY_SOURCE_ACCEPTED_AMONG_SYNONYMS_SIMPLE
Catalpa Scop.,Catalpa ,Catalpa Scop.,Plantae Tracheophyta Magnoliopsida Lamiales Bignoniaceae Catalpa,EXACT_MATCH_PRIMARY_SOURCE_ACCEPTED_SIMPLE
Catalpa bignonioides Walter,Catalpa bignonioides,Catalpa bignonioides Walter,Plantae Tracheophyta Magnoliopsida Lamiales Bignoniaceae Catalpa bignonioides,EXACT_MATCH_PRIMARY_SOURCE_ACCEPTED_SIMPLE
Catalpa speciosa (Warder) Warder ex Engelm.,Catalpa speciosa,Catalpa speciosa (Warder) Warder ex Engelm.,Plantae Tracheophyta Magnoliopsida Lamiales Bignoniaceae Catalpa speciosa,EXACT_MATCH_PRIMARY_SOURCE_MULT_ACCEPTED
Caulophyllum Michx.,Caulophyllum ,Caulophyllum Michx.,Plantae Tracheophyta Magnoliopsida Ranunculales Berberidaceae Caulophyllum,EXACT_MATCH_PRIMARY_SOURCE_ACCEPTED_AUTHOR_DISAMBIGUATION
Caulophyllum giganteum (Farw.) Loconte & Blackwell,Caulophyllum giganteum,Caulophyllum giganteum (Farw.) Loconte & Blackwell,Plantae Tracheophyta Magnoliopsida Ranunculales Berberidaceae Caulophyllum giganteum,EXACT_MATCH_PRIMARY_SOURCE_ACCEPTED_SIMPLE
Caulophyllum thalictroides (L.) Michx.,Caulophyllum thalictroides,Caulophyllum thalictroides (L.) Michx.,Plantae Tracheophyta Magnoliopsida Ranunculales Berberidaceae Caulophyllum thalictroides,EXACT_MATCH_PRIMARY_SOURCE_ACCEPTED_AMONG_SYNONYMS_SIMPLE
Ceanothus L.,Ceanothus ,Ceanothus L.,Plantae Tracheophyta Magnoliopsida Rosales Rhamnaceae Ceanothus,EXACT_MATCH_PRIMARY_SOURCE_ACCEPTED_SIMPLE
Ceanothus americanus L.,Ceanothus americanus,Ceanothus americanus L.,Plantae Tracheophyta Magnoliopsida Rosales Rhamnaceae Ceanothus americanus,EXACT_MATCH_PRIMARY_SOURCE_ACCEPTED_AUTHOR_DISAMBIGUATION
Ceanothus herbaceus Raf.,Ceanothus herbaceus,Ceanothus herbaceus Raf.,Plantae Tracheophyta Magnoliopsida Rosales Rhamnaceae Ceanothus herbaceus,EXACT_MATCH_PRIMARY_SOURCE_ACCEPTED_SIMPLE
Celastrus L.,Celastrus ,Celastrus L.,Plantae Tracheophyta Magnoliopsida Celastrales Celastraceae Celastrus,EXACT_MATCH_PRIMARY_SOURCE_ACCEPTED_SIMPLE
Celastrus orbiculatus Thunb.,Celastrus orbiculatus,Celastrus orbiculatus Thunb.,Plantae Tracheophyta Magnoliopsida Celastrales Celastraceae Celastrus orbiculatus,EXACT_MATCH_PRIMARY_SOURCE_ACCEPTED_AUTHOR_DISAMBIGUATION
Celastrus scandens L.,Celastrus scandens,Celastrus scandens L.,Plantae Tracheophyta Magnoliopsida Celastrales Celastraceae Celastrus scandens,EXACT_MATCH_PRIMARY_SOURCE_ACCEPTED_AMONG_SYNONYMS_SIMPLE
Celosia L.,Celosia ,Celosia L.,Plantae Tracheophyta Magnoliopsida Caryophyllales Amaranthaceae Celosia,EXACT_MATCH_PRIMARY_SOURCE_ACCEPTED_SIMPLE
Celosia argentea L.,Celosia argentea,Celosia argentea L.,Plantae Tracheophyta Magnoliopsida Caryophyllales Amaranthaceae Celosia argentea,EXACT_MATCH_PRIMARY_SOURCE_ACCEPTED_SIMPLE
Celtis L.,Celtis ,Celtis L.,Plantae Tracheophyta Magnoliopsida Rosales Cannabaceae Celtis,EXACT_MATCH_PRIMARY_SOURCE_ACCEPTED_SIMPLE
Celtis laevigata Willd.,Celtis laevigata,Celtis laevigata Willd.,Plantae Tracheophyta Magnoliopsida Rosales Cannabaceae Celtis laevigata,EXACT_MATCH_PRIMARY_SOURCE_ACCEPTED_AMONG_SYNONYMS_SIMPLE
Celtis occidentalis L.,Celtis occidentalis,Celtis occidentalis L.,Plantae Tracheophyta Magnoliopsida Rosales Cannabaceae Celtis occidentalis,EXACT_MATCH_PRIMARY_SOURCE_ACCEPTED_AUTHOR_DISAMBIGUATION
Cenchrus L.,Cenchrus ,Cenchrus L.,Plantae Tracheophyta Liliopsida Poales Poaceae Cenchrus,EXACT_MATCH_PRIMARY_SOURCE_ACCEPTED_SIMPLE
Cenchrus echinatus L.,Cenchrus echinatus,Cenchrus echinatus L.,Plantae Tracheophyta Liliopsida Poales Poaceae Cenchrus echinatus,EXACT_MATCH_PRIMARY_SOURCE_ACCEPTED_AUTHOR_DISAMBIGUATION
Cenchrus longispinus (Hack.) Fernald,Cenchrus longispinus,Cenchrus longispinus (Hack.) Fernald,Plantae Tracheophyta Liliopsida Poales Poaceae Cenchrus longispinus,EXACT_MATCH_PRIMARY_SOURCE_ACCEPTED_SIMPLE
Cenchrus spinifex Cav.,Cenchrus spinifex,Cenchrus spinifex Cav.,Plantae Tracheophyta Liliopsida Poales Poaceae Cenchrus spinifex,EXACT_MATCH_PRIMARY_SOURCE_ACCEPTED_SIMPLE
Cenchrus tribuloides L.,Cenchrus tribuloides,Cenchrus tribuloides L.,Plantae Tracheophyta Liliopsida Poales Poaceae Cenchrus tribuloides,EXACT_MATCH_PRIMARY_SOURCE_ACCEPTED_SIMPLE
Centaurea L.,Centaurea ,Centaurea L.,Plantae Tracheophyta Magnoliopsida Asterales Asteraceae Centaurea,EXACT_MATCH_PRIMARY_SOURCE_ACCEPTED_AUTHOR_DISAMBIGUATION
Centaurea calcitrapa L.,Centaurea calcitrapa,Centaurea calcitrapa L.,Plantae Tracheophyta Magnoliopsida Asterales Asteraceae Centaurea calcitrapa,EXACT_MATCH_PRIMARY_SOURCE_ACCEPTED_AMONG_SYNONYMS_SIMPLE
Centaurea cyanus L.,Centaurea cyanus,Centaurea cyanus L.,Plantae Tracheophyta Magnoliopsida Asterales Asteraceae Centaurea cyanus,EXACT_MATCH_PRIMARY_SOURCE_ACCEPTED_SIMPLE
Centaurea jacea L.,Centaurea jacea,Centaurea jacea L.,Plantae Tracheophyta Magnoliopsida Asterales Asteraceae Centaurea jacea,EXACT_MATCH_PRIMARY_SOURCE_ACCEPTED_SIMPLE
Centaurea nigra L.,Centaurea nigra,Centaurea nigra L.,Plantae Tracheophyta Magnoliopsida Asterales Asteraceae Centaurea nigra,EXACT_MATCH_PRIMARY_SOURCE_ACCEPTED_AUTHOR_DISAMBIGUATION
Centaurea nigrescens Willd.,Centaurea nigrescens,Centaurea nigrescens Willd.,Plantae Tracheophyta Magnoliopsida Asterales Asteraceae Centaurea nigrescens,EXACT_MATCH_PRIMARY_SOURCE_ACCEPTED_AMONG_SYNONYMS_SIMPLE
Centaurea solstitialis L.,Centaurea solstitialis,Centaurea solstitialis L.,Plantae Tracheophyta Magnoliopsida Asterales Asteraceae Centaurea solstitialis,EXACT_MATCH_PRIMARY_SOURCE_ACCEPTED_AUTHOR_DISAMBIGUATION
Centaurea stoebe L.,Centaurea stoebe,Centaurea stoebe L.,Plantae Tracheophyta Magnoliopsida Asterales Asteraceae Centaurea stoebe,EXACT_MATCH_PRIMARY_SOURCE_ACCEPTED_AMONG_SYNONYMS_SIMPLE
Centaurium Hill,Centaurium ,Centaurium Hill,Plantae Tracheophyta Magnoliopsida Gentianales Gentianaceae Centaurium,EXACT_MATCH_PRIMARY_SOURCE_ACCEPTED_AUTHOR_DISAMBIGUATION
Centaurium erythraea Rafn,Centaurium erythraea,Centaurium erythraea Rafn,Plantae Tracheophyta Magnoliopsida Gentianales Gentianaceae Centaurium erythraea,EXACT_MATCH_PRIMARY_SOURCE_ACCEPTED_AUTHOR_DISAMBIGUATION
Centaurium pulchellum (Sw.) Druce,Centaurium pulchellum,Centaurium pulchellum (Sw.) Druce,Plantae Tracheophyta Magnoliopsida Gentianales Gentianaceae Centaurium pulchellum,EXACT_MATCH_PRIMARY_SOURCE_ACCEPTED_AUTHOR_DISAMBIGUATION
Centaurium spicatum (L.) Fritsch,Schenkia spicata,Centaurium spicatum (L.) Fritsch,Plantae Tracheophyta Magnoliopsida Gentianales Gentianaceae Schenkia spicata,MULTI_EXACT_MATCH_PRIMARY_SOURCE_SYNONYMS_INFRASPECIFIC_SCORE
Centella L.,Centella ,Centella L.,Plantae Tracheophyta Magnoliopsida Apiales Apiaceae Centella,EXACT_MATCH_PRIMARY_SOURCE_ACCEPTED_SIMPLE
Centella erecta (L. f.) Fernald,Centella erecta,Centella erecta (L. f.) Fernald,Plantae Tracheophyta Magnoliopsida Apiales Apiaceae Centella erecta,EXACT_MATCH_PRIMARY_SOURCE_ACCEPTED_SIMPLE
Centrosema (DC.) Benth.,Centrosema ,Centrosema (DC.) Benth.,Plantae Tracheophyta Magnoliopsida Fabales Fabaceae Centrosema,EXACT_MATCH_PRIMARY_SOURCE_ACCEPTED_SIMPLE
Centrosema virginianum (L.) Benth.,Centrosema virginianum,Centrosema virginianum (L.) Benth.,Plantae Tracheophyta Magnoliopsida Fabales Fabaceae Centrosema virginianum,EXACT_MATCH_PRIMARY_SOURCE_ACCEPTED_AUTHOR_DISAMBIGUATION
Cephalanthus L.,Cephalanthus ,Cephalanthus L.,Plantae Tracheophyta Magnoliopsida Gentianales Rubiaceae Cephalanthus,EXACT_MATCH_PRIMARY_SOURCE_ACCEPTED_SIMPLE
Cephalanthus occidentalis L.,Cephalanthus occidentalis,Cephalanthus occidentalis L.,Plantae Tracheophyta Magnoliopsida Gentianales Rubiaceae Cephalanthus occidentalis,EXACT_MATCH_PRIMARY_SOURCE_ACCEPTED_AMONG_SYNONYMS_SIMPLE
Cerastium L.,Cerastium ,Cerastium L.,Plantae Tracheophyta Magnoliopsida Caryophyllales Caryophyllaceae Cerastium,EXACT_MATCH_PRIMARY_SOURCE_ACCEPTED_AUTHOR_DISAMBIGUATION
Cerastium arvense L.,Cerastium arvense,Cerastium arvense L.,Plantae Tracheophyta Magnoliopsida Caryophyllales Caryophyllaceae Cerastium arvense,EXACT_MATCH_PRIMARY_SOURCE_ACCEPTED_AMONG_SYNONYMS_SIMPLE
Cerastium arvense L. ssp. velutinum (Raf.) Ugborogho,Cerastium velutinum,Cerastium arvense L. ssp. velutinum (Raf.) Ugborogho,Plantae Tracheophyta Magnoliopsida Caryophyllales Caryophyllaceae Cerastium velutinum,MULTI_EXACT_MATCH_PRIMARY_SOURCE_SYNONYMS_INFRASPECIFIC_SCORE
Cerastium brachypetalum Pers.,Cerastium brachypetalum,Cerastium brachypetalum Pers.,Plantae Tracheophyta Magnoliopsida Caryophyllales Caryophyllaceae Cerastium brachypetalum,EXACT_MATCH_PRIMARY_SOURCE_ACCEPTED_AMONG_SYNONYMS_SIMPLE
Cerastium brachypodum (Engelm. ex A. Gray) B.L. Rob.,Cerastium brachypodum,Cerastium brachypodum (Engelm. ex A. Gray) B.L. Rob.,Plantae Tracheophyta Magnoliopsida Caryophyllales Caryophyllaceae Cerastium brachypodum,EXACT_MATCH_PRIMARY_SOURCE_ACCEPTED_AMONG_SYNONYMS_SIMPLE
Cerastium fontanum Baumg.,Cerastium fontanum,Cerastium fontanum Baumg.,Plantae Tracheophyta Magnoliopsida Caryophyllales Caryophyllaceae Cerastium fontanum,EXACT_MATCH_PRIMARY_SOURCE_ACCEPTED_SIMPLE
Cerastium fontanum Baumg. ssp. vulgare (Hartm.) Greuter & Burdet,Cerastium holosteoides,Cerastium fontanum Baumg. ssp. vulgare (Hartm.) Greuter & Burdet,Plantae Tracheophyta Magnoliopsida Caryophyllales Caryophyllaceae Cerastium holosteoides,MULTI_EXACT_MATCH_PRIMARY_SOURCE_SYNONYMS_INFRASPECIFIC_SCORE
Cerastium glomeratum Thuill.,Cerastium glomeratum,Cerastium glomeratum Thuill.,Plantae Tracheophyta Magnoliopsida Caryophyllales Caryophyllaceae Cerastium glomeratum,EXACT_MATCH_PRIMARY_SOURCE_ACCEPTED_SIMPLE
Cerastium nutans Raf.,Cerastium nutans,Cerastium nutans Raf.,Plantae Tracheophyta Magnoliopsida Caryophyllales Caryophyllaceae Cerastium nutans,EXACT_MATCH_PRIMARY_SOURCE_ACCEPTED_SIMPLE
Cerastium pumilum W. Curtis,Cerastium pumilum,Cerastium pumilum W. Curtis,Plantae Tracheophyta Magnoliopsida Caryophyllales Caryophyllaceae Cerastium pumilum,EXACT_MATCH_PRIMARY_SOURCE_ACCEPTED_AMONG_SYNONYMS_SIMPLE
Cerastium semidecandrum L.,Cerastium semidecandrum,Cerastium semidecandrum L.,Plantae Tracheophyta Magnoliopsida Caryophyllales Caryophyllaceae Cerastium semidecandrum,EXACT_MATCH_PRIMARY_SOURCE_ACCEPTED_AUTHOR_DISAMBIGUATION
Ceratophyllum L.,Ceratophyllum ,Ceratophyllum L.,Plantae Tracheophyta Magnoliopsida Ceratophyllales Ceratophyllaceae Ceratophyllum,EXACT_MATCH_PRIMARY_SOURCE_ACCEPTED_AUTHOR_DISAMBIGUATION
Ceratophyllum demersum L.,Ceratophyllum demersum,Ceratophyllum demersum L.,Plantae Tracheophyta Magnoliopsida Ceratophyllales Ceratophyllaceae Ceratophyllum demersum,EXACT_MATCH_PRIMARY_SOURCE_ACCEPTED_AUTHOR_DISAMBIGUATION
Ceratophyllum echinatum A. Gray,Ceratophyllum echinatum,Ceratophyllum echinatum A. Gray,Plantae Tracheophyta Magnoliopsida Ceratophyllales Ceratophyllaceae Ceratophyllum echinatum,EXACT_MATCH_PRIMARY_SOURCE_ACCEPTED_SIMPLE
Cercis L.,Cercis ,Cercis L.,Plantae Tracheophyta Magnoliopsida Fabales Fabaceae Cercis,EXACT_MATCH_PRIMARY_SOURCE_ACCEPTED_AUTHOR_DISAMBIGUATION
Cercis canadensis L.,Cercis canadensis,Cercis canadensis L.,Plantae Tracheophyta Magnoliopsida Fabales Fabaceae Cercis canadensis,EXACT_MATCH_PRIMARY_SOURCE_ACCEPTED_AUTHOR_DISAMBIGUATION
Chaenomeles Lindl.,Chaenomeles ,Chaenomeles Lindl.,Plantae Tracheophyta Magnoliopsida Rosales Rosaceae Chaenomeles,EXACT_MATCH_PRIMARY_SOURCE_ACCEPTED_AUTHOR_DISAMBIGUATION
Chaenomeles speciosa (Sweet) Nakai,Chaenomeles speciosa,Chaenomeles speciosa (Sweet) Nakai,Plantae Tracheophyta Magnoliopsida Rosales Rosaceae Chaenomeles speciosa,EXACT_MATCH_PRIMARY_SOURCE_ACCEPTED_SIMPLE
Chaenorhinum (DC.) Rchb.,Chaenorhinum ,Chaenorhinum (DC.) Rchb.,Plantae Tracheophyta Magnoliopsida Lamiales Plantaginaceae Chaenorhinum,EXACT_MATCH_PRIMARY_SOURCE_ACCEPTED_AUTHOR_DISAMBIGUATION
Chaenorhinum minus (L.) Lange,Chaenorhinum minus,Chaenorhinum minus (L.) Lange,Plantae Tracheophyta Magnoliopsida Lamiales Plantaginaceae Chaenorhinum minus,EXACT_MATCH_PRIMARY_SOURCE_ACCEPTED_SIMPLE
Chaerophyllum L.,Chaerophyllum ,Chaerophyllum L.,Plantae Tracheophyta Magnoliopsida Apiales Apiaceae Chaerophyllum,EXACT_MATCH_PRIMARY_SOURCE_ACCEPTED_SIMPLE
Chaerophyllum procumbens (L.) Crantz,Chaerophyllum procumbens,Chaerophyllum procumbens (L.) Crantz,Plantae Tracheophyta Magnoliopsida Apiales Apiaceae Chaerophyllum procumbens,EXACT_MATCH_PRIMARY_SOURCE_ACCEPTED_SIMPLE
Chaerophyllum tainturieri Hook.,Chaerophyllum tainturieri,Chaerophyllum tainturieri Hook.,Plantae Tracheophyta Magnoliopsida Apiales Apiaceae Chaerophyllum tainturieri,EXACT_MATCH_PRIMARY_SOURCE_ACCEPTED_SIMPLE
Chaiturus Willd.,Chaiturus ,Chaiturus Willd.,Plantae Tracheophyta Magnoliopsida Lamiales Lamiaceae Chaiturus,EXACT_MATCH_PRIMARY_SOURCE_ACCEPTED_SIMPLE
Chaiturus marrubiastrum (L.) Rchb.,Chaiturus marrubiastrum,Chaiturus marrubiastrum (L.) Rchb.,Plantae Tracheophyta Magnoliopsida Lamiales Lamiaceae Chaiturus marrubiastrum,EXACT_MATCH_PRIMARY_SOURCE_ACCEPTED_AMONG_SYNONYMS_SIMPLE
Chamaecrista (L.) Moench,Chamaecrista ,Chamaecrista (L.) Moench,Plantae Tracheophyta Magnoliopsida Fabales Fabaceae Chamaecrista,EXACT_MATCH_PRIMARY_SOURCE_MULT_ACCEPTED
Chamaecrista fasciculata (Michx.) Greene,Chamaecrista fasciculata,Chamaecrista fasciculata (Michx.) Greene,Plantae Tracheophyta Magnoliopsida Fabales Fabaceae Chamaecrista fasciculata,EXACT_MATCH_PRIMARY_SOURCE_ACCEPTED_AMONG_SYNONYMS_SIMPLE
Chamaecrista nictitans (L.) Moench,Chamaecrista nictitans,Chamaecrista nictitans (L.) Moench,Plantae Tracheophyta Magnoliopsida Fabales Fabaceae Chamaecrista nictitans,EXACT_MATCH_PRIMARY_SOURCE_ACCEPTED_SIMPLE
Chamaecyparis Spach,Chamaecyparis ,Chamaecyparis Spach,Plantae Tracheophyta Pinopsida Pinales Cupressaceae Chamaecyparis,EXACT_MATCH_PRIMARY_SOURCE_ACCEPTED_SIMPLE
"Chamaecyparis thyoides (L.) Britton, Sterns & Poggenb.",Chamaecyparis thyoides,"Chamaecyparis thyoides (L.) Britton, Sterns & Poggenb.",Plantae Tracheophyta Pinopsida Pinales Cupressaceae Chamaecyparis thyoides,EXACT_MATCH_PRIMARY_SOURCE_ACCEPTED_AUTHOR_DISAMBIGUATION
Chamaelirium Willd.,Chamaelirium ,Chamaelirium Willd.,Plantae Tracheophyta Liliopsida Liliales Melanthiaceae Chamaelirium,EXACT_MATCH_PRIMARY_SOURCE_ACCEPTED_SIMPLE
Chamaelirium luteum (L.) A. Gray,Chamaelirium luteum,Chamaelirium luteum (L.) A. Gray,Plantae Tracheophyta Liliopsida Liliales Melanthiaceae Chamaelirium luteum,EXACT_MATCH_PRIMARY_SOURCE_ACCEPTED_AMONG_SYNONYMS_SIMPLE
Chamaesyce Gray,Chamaesyce ,Chamaesyce Gray,Plantae Tracheophyta Magnoliopsida Malpighiales Euphorbiaceae Chamaesyce,EXACT_MATCH_PRIMARY_SOURCE_ACCEPTED_AMONG_SYNONYMS_SIMPLE
Chamaesyce bombensis (Jacq.) Dugand,Euphorbia bombensis,Chamaesyce bombensis (Jacq.) Dugand,Plantae Tracheophyta Magnoliopsida Malpighiales Euphorbiaceae Euphorbia bombensis,EXACT_MATCH_PRIMARY_SOURCE_SYNONYM_SIMPLE
Chamaesyce humistrata (Engelm. ex A. Gray) Small,Euphorbia humistrata,Chamaesyce humistrata (Engelm. ex A. Gray) Small,Plantae Tracheophyta Magnoliopsida Malpighiales Euphorbiaceae Euphorbia humistrata,EXACT_MATCH_PRIMARY_SOURCE_SYNONYM_SIMPLE
Chamaesyce maculata (L.) Small,Euphorbia maculata,Chamaesyce maculata (L.) Small,Plantae Tracheophyta Magnoliopsida Malpighiales Euphorbiaceae Euphorbia maculata,EXACT_MATCH_PRIMARY_SOURCE_SYNONYM_SIMPLE
Chamaesyce nutans (Lag.) Small,Euphorbia nutans,Chamaesyce nutans (Lag.) Small,Plantae Tracheophyta Magnoliopsida Malpighiales Euphorbiaceae Euphorbia nutans,MULTI_EXACT_MATCH_PRIMARY_SOURCE_SYNONYMS_INFRASPECIFIC_SCORE
Chamaesyce polygonifolia (L.) Small,Euphorbia polygonifolia,Chamaesyce polygonifolia (L.) Small,Plantae Tracheophyta Magnoliopsida Malpighiales Euphorbiaceae Euphorbia polygonifolia,EXACT_MATCH_PRIMARY_SOURCE_SYNONYM_SIMPLE
Chamaesyce prostrata (Aiton) Small,Euphorbia prostrata,Chamaesyce prostrata (Aiton) Small,Plantae Tracheophyta Magnoliopsida Malpighiales Euphorbiaceae Euphorbia prostrata,EXACT_MATCH_PRIMARY_SOURCE_SYNONYM_SIMPLE
Chamaesyce vermiculata (Raf.) House,Euphorbia vermiculata,Chamaesyce vermiculata (Raf.) House,Plantae Tracheophyta Magnoliopsida Malpighiales Euphorbiaceae Euphorbia vermiculata,EXACT_MATCH_PRIMARY_SOURCE_SYNONYM_SIMPLE
Chamerion Raf. ex Holub,Chamerion ,Chamerion Raf. ex Holub,Plantae Tracheophyta Magnoliopsida Myrtales Onagraceae Chamerion,EXACT_MATCH_PRIMARY_SOURCE_ACCEPTED_AMONG_SYNONYMS_SIMPLE
Chamerion angustifolium (L.) Holub,Chamaenerion angustifolium,Chamerion angustifolium (L.) Holub,Plantae Tracheophyta Magnoliopsida Myrtales Onagraceae Chamaenerion angustifolium,EXACT_MATCH_PRIMARY_SOURCE_SYNONYM_SIMPLE
Chasmanthium Link,Chasmanthium ,Chasmanthium Link,Plantae Tracheophyta Liliopsida Poales Poaceae Chasmanthium,EXACT_MATCH_PRIMARY_SOURCE_ACCEPTED_SIMPLE
Chasmanthium latifolium (Michx.) Yates,Chasmanthium latifolium,Chasmanthium latifolium (Michx.) Yates,Plantae Tracheophyta Liliopsida Poales Poaceae Chasmanthium latifolium,EXACT_MATCH_PRIMARY_SOURCE_ACCEPTED_AMONG_SYNONYMS_SIMPLE
Chasmanthium laxum (L.) Yates,Chasmanthium laxum,Chasmanthium laxum (L.) Yates,Plantae Tracheophyta Liliopsida Poales Poaceae Chasmanthium laxum,EXACT_MATCH_PRIMARY_SOURCE_ACCEPTED_SIMPLE
Cheilanthes Sw.,Cheilanthes ,Cheilanthes Sw.,Plantae Tracheophyta Polypodiopsida Polypodiales Pteridaceae Cheilanthes,EXACT_MATCH_PRIMARY_SOURCE_ACCEPTED_SIMPLE
Cheilanthes alabamensis (Buckley) Kunze,Myriopteris alabamensis,Cheilanthes alabamensis (Buckley) Kunze,Plantae Tracheophyta Polypodiopsida Polypodiales Pteridaceae Myriopteris alabamensis,MULTI_EXACT_MATCH_PRIMARY_SOURCE_SYNONYMS_INFRASPECIFIC_SCORE
Cheilanthes eatonii Baker,Myriopteris rufa,Cheilanthes eatonii Baker,Plantae Tracheophyta Polypodiopsida Polypodiales Pteridaceae Myriopteris rufa,EXACT_MATCH_PRIMARY_SOURCE_SYNONYM_SIMPLE
Cheilanthes feei T. Moore,Myriopteris gracilis,Cheilanthes feei T. Moore,Plantae Tracheophyta Polypodiopsida Polypodiales Pteridaceae Myriopteris gracilis,EXACT_MATCH_PRIMARY_SOURCE_SYNONYM_SIMPLE
Cheilanthes tomentosa Link,Myriopteris tomentosa,Cheilanthes tomentosa Link,Plantae Tracheophyta Polypodiopsida Polypodiales Pteridaceae Myriopteris tomentosa,EXACT_MATCH_PRIMARY_SOURCE_SYNONYM_SIMPLE
Chelidonium L.,Chelidonium ,Chelidonium L.,Plantae Tracheophyta Magnoliopsida Ranunculales Papaveraceae Chelidonium,EXACT_MATCH_PRIMARY_SOURCE_ACCEPTED_AUTHOR_DISAMBIGUATION
Chelidonium majus L.,Chelidonium majus,Chelidonium majus L.,Plantae Tracheophyta Magnoliopsida Ranunculales Papaveraceae Chelidonium majus,EXACT_MATCH_PRIMARY_SOURCE_ACCEPTED_AUTHOR_DISAMBIGUATION
Chelone L.,Chelone ,Chelone L.,Plantae Tracheophyta Magnoliopsida Lamiales Plantaginaceae Chelone,EXACT_MATCH_PRIMARY_SOURCE_ACCEPTED_AUTHOR_DISAMBIGUATION
Chelone cuthbertii Small,Chelone cuthbertii,Chelone cuthbertii Small,Plantae Tracheophyta Magnoliopsida Lamiales Plantaginaceae Chelone cuthbertii,EXACT_MATCH_PRIMARY_SOURCE_ACCEPTED_SIMPLE
Chelone glabra L.,Chelone glabra,Chelone glabra L.,Plantae Tracheophyta Magnoliopsida Lamiales Plantaginaceae Chelone glabra,EXACT_MATCH_PRIMARY_SOURCE_ACCEPTED_SIMPLE
Chelone lyonii Pursh,Chelone lyonii,Chelone lyonii Pursh,Plantae Tracheophyta Magnoliopsida Lamiales Plantaginaceae Chelone lyonii,EXACT_MATCH_PRIMARY_SOURCE_ACCEPTED_SIMPLE
Chelone obliqua L.,Chelone obliqua,Chelone obliqua L.,Plantae Tracheophyta Magnoliopsida Lamiales Plantaginaceae Chelone obliqua,EXACT_MATCH_PRIMARY_SOURCE_ACCEPTED_AUTHOR_DISAMBIGUATION
Chenopodium L.,Chenopodium ,Chenopodium L.,Plantae Tracheophyta Magnoliopsida Caryophyllales Amaranthaceae Chenopodium,EXACT_MATCH_PRIMARY_SOURCE_ACCEPTED_AUTHOR_DISAMBIGUATION
Chenopodium album L.,Chenopodium album,Chenopodium album L.,Plantae Tracheophyta Magnoliopsida Caryophyllales Amaranthaceae Chenopodium album,EXACT_MATCH_PRIMARY_SOURCE_ACCEPTED_AMONG_SYNONYMS_SIMPLE
Chenopodium berlandieri Moq.,Chenopodium berlandieri,Chenopodium berlandieri Moq.,Plantae Tracheophyta Magnoliopsida Caryophyllales Amaranthaceae Chenopodium berlandieri,EXACT_MATCH_PRIMARY_SOURCE_ACCEPTED_SIMPLE
Chenopodium foggii Wahl,Chenopodium foggii,Chenopodium foggii Wahl,Plantae Tracheophyta Magnoliopsida Caryophyllales Amaranthaceae Chenopodium foggii,EXACT_MATCH_PRIMARY_SOURCE_ACCEPTED_SIMPLE
Chenopodium glaucum L.,Oxybasis glauca,Chenopodium glaucum L.,Plantae Tracheophyta Magnoliopsida Caryophyllales Amaranthaceae Oxybasis glauca,EXACT_MATCH_PRIMARY_SOURCE_SYNONYM_SIMPLE
Chenopodium murale L.,Chenopodiastrum murale,Chenopodium murale L.,Plantae Tracheophyta Magnoliopsida Caryophyllales Amaranthaceae Chenopodiastrum murale,EXACT_MATCH_PRIMARY_SOURCE_SYNONYM_SIMPLE
Chenopodium pratericola Rydb.,Chenopodium pratericola,Chenopodium pratericola Rydb.,Plantae Tracheophyta Magnoliopsida Caryophyllales Amaranthaceae Chenopodium pratericola,EXACT_MATCH_PRIMARY_SOURCE_ACCEPTED_AMONG_SYNONYMS_SIMPLE
Chenopodium salinum Standl.,Oxybasis salina,Chenopodium salinum Standl.,Plantae Tracheophyta Magnoliopsida Caryophyllales Amaranthaceae Oxybasis salina,EXACT_MATCH_PRIMARY_SOURCE_SYNONYM_SIMPLE
Chenopodium simplex (Torr.) Raf.,Chenopodiastrum simplex,Chenopodium simplex (Torr.) Raf.,Plantae Tracheophyta Magnoliopsida Caryophyllales Amaranthaceae Chenopodiastrum simplex,EXACT_MATCH_PRIMARY_SOURCE_SYNONYM_SIMPLE
Chenopodium standleyanum Aellen,Chenopodiastrum standleyanum,Chenopodium standleyanum Aellen,Plantae Tracheophyta Magnoliopsida Caryophyllales Amaranthaceae Chenopodiastrum standleyanum,EXACT_MATCH_PRIMARY_SOURCE_SYNONYM_SIMPLE
Chimaphila Pursh,Chimaphila ,Chimaphila Pursh,Plantae Tracheophyta Magnoliopsida Ericales Ericaceae Chimaphila,EXACT_MATCH_PRIMARY_SOURCE_ACCEPTED_AUTHOR_DISAMBIGUATION
Chimaphila maculata (L.) Pursh,Chimaphila maculata,Chimaphila maculata (L.) Pursh,Plantae Tracheophyta Magnoliopsida Ericales Ericaceae Chimaphila maculata,EXACT_MATCH_PRIMARY_SOURCE_ACCEPTED_SIMPLE
Chimaphila umbellata (L.) W.P.C. Barton,Chimaphila umbellata,Chimaphila umbellata (L.) W.P.C. Barton,Plantae Tracheophyta Magnoliopsida Ericales Ericaceae Chimaphila umbellata,EXACT_MATCH_PRIMARY_SOURCE_ACCEPTED_AMONG_SYNONYMS_SIMPLE
Chionanthus L.,Chionanthus ,Chionanthus L.,Plantae Tracheophyta Magnoliopsida Lamiales Oleaceae Chionanthus,EXACT_MATCH_PRIMARY_SOURCE_ACCEPTED_AUTHOR_DISAMBIGUATION
Chionanthus virginicus L.,Chionanthus virginicus,Chionanthus virginicus L.,Plantae Tracheophyta Magnoliopsida Lamiales Oleaceae Chionanthus virginicus,EXACT_MATCH_PRIMARY_SOURCE_ACCEPTED_SIMPLE
Chloris Sw.,Chloris ,Chloris Sw.,Plantae Tracheophyta Liliopsida Poales Poaceae Chloris,EXACT_MATCH_PRIMARY_SOURCE_ACCEPTED_AUTHOR_DISAMBIGUATION
Chloris gayana Kunth,Chloris gayana,Chloris gayana Kunth,Plantae Tracheophyta Liliopsida Poales Poaceae Chloris gayana,EXACT_MATCH_PRIMARY_SOURCE_ACCEPTED_SIMPLE
Chloris ventricosa R. Br.,Chloris ventricosa,Chloris ventricosa R. Br.,Plantae Tracheophyta Liliopsida Poales Poaceae Chloris ventricosa,EXACT_MATCH_PRIMARY_SOURCE_ACCEPTED_SIMPLE
Chloris verticillata Nutt.,Chloris verticillata,Chloris verticillata Nutt.,Plantae Tracheophyta Liliopsida Poales Poaceae Chloris verticillata,EXACT_MATCH_PRIMARY_SOURCE_ACCEPTED_SIMPLE
Chondrilla L.,Chondrilla ,Chondrilla L.,Plantae Tracheophyta Magnoliopsida Asterales Asteraceae Chondrilla,EXACT_MATCH_PRIMARY_SOURCE_ACCEPTED_AUTHOR_DISAMBIGUATION
Chondrilla juncea L.,Chondrilla juncea,Chondrilla juncea L.,Plantae Tracheophyta Magnoliopsida Asterales Asteraceae Chondrilla juncea,EXACT_MATCH_PRIMARY_SOURCE_ACCEPTED_AMONG_SYNONYMS_SIMPLE
Chrysogonum L.,Chrysogonum ,Chrysogonum L.,Plantae Tracheophyta Magnoliopsida Asterales Asteraceae Chrysogonum,EXACT_MATCH_PRIMARY_SOURCE_ACCEPTED_SIMPLE
Chrysogonum virginianum L.,Chrysogonum virginianum,Chrysogonum virginianum L.,Plantae Tracheophyta Magnoliopsida Asterales Asteraceae Chrysogonum virginianum,EXACT_MATCH_PRIMARY_SOURCE_ACCEPTED_SIMPLE
Chrysopsis (Nutt.) Elliott,Chrysopsis ,Chrysopsis (Nutt.) Elliott,Plantae Tracheophyta Magnoliopsida Asterales Asteraceae Chrysopsis,EXACT_MATCH_PRIMARY_SOURCE_ACCEPTED_AMONG_SYNONYMS_SIMPLE
Chrysopsis gossypina (Michx.) Elliott,Chrysopsis gossypina,Chrysopsis gossypina (Michx.) Elliott,Plantae Tracheophyta Magnoliopsida Asterales Asteraceae Chrysopsis gossypina,EXACT_MATCH_PRIMARY_SOURCE_ACCEPTED_AUTHOR_DISAMBIGUATION
Chrysopsis mariana (L.) Elliott,Chrysopsis mariana,Chrysopsis mariana (L.) Elliott,Plantae Tracheophyta Magnoliopsida Asterales Asteraceae Chrysopsis mariana,EXACT_MATCH_PRIMARY_SOURCE_ACCEPTED_SIMPLE
Chrysosplenium L.,Chrysosplenium ,Chrysosplenium L.,Plantae Tracheophyta Magnoliopsida Saxifragales Saxifragaceae Chrysosplenium,EXACT_MATCH_PRIMARY_SOURCE_ACCEPTED_AMONG_SYNONYMS_SIMPLE
Chrysosplenium americanum Schwein. ex Hook.,Chrysosplenium americanum,Chrysosplenium americanum Schwein. ex Hook.,Plantae Tracheophyta Magnoliopsida Saxifragales Saxifragaceae Chrysosplenium americanum,EXACT_MATCH_PRIMARY_SOURCE_ACCEPTED_AMONG_SYNONYMS_SIMPLE
Cichorium L.,Cichorium ,Cichorium L.,Plantae Tracheophyta Magnoliopsida Asterales Asteraceae Cichorium,EXACT_MATCH_PRIMARY_SOURCE_ACCEPTED_SIMPLE
Cichorium intybus L.,Cichorium intybus,Cichorium intybus L.,Plantae Tracheophyta Magnoliopsida Asterales Asteraceae Cichorium intybus,EXACT_MATCH_PRIMARY_SOURCE_ACCEPTED_SIMPLE
Cicuta L.,Cicuta ,Cicuta L.,Plantae Tracheophyta Magnoliopsida Apiales Apiaceae Cicuta,EXACT_MATCH_PRIMARY_SOURCE_ACCEPTED_AUTHOR_DISAMBIGUATION
Cicuta bulbifera L.,Cicuta bulbifera,Cicuta bulbifera L.,Plantae Tracheophyta Magnoliopsida Apiales Apiaceae Cicuta bulbifera,EXACT_MATCH_PRIMARY_SOURCE_ACCEPTED_SIMPLE
Cicuta maculata L.,Cicuta maculata,Cicuta maculata L.,Plantae Tracheophyta Magnoliopsida Apiales Apiaceae Cicuta maculata,EXACT_MATCH_PRIMARY_SOURCE_ACCEPTED_AMONG_SYNONYMS_SIMPLE
Cinna L.,Cinna ,Cinna L.,Plantae Tracheophyta Liliopsida Poales Poaceae Cinna,EXACT_MATCH_PRIMARY_SOURCE_ACCEPTED_SIMPLE
Cinna arundinacea L.,Cinna arundinacea,Cinna arundinacea L.,Plantae Tracheophyta Liliopsida Poales Poaceae Cinna arundinacea,EXACT_MATCH_PRIMARY_SOURCE_ACCEPTED_AMONG_SYNONYMS_SIMPLE
Cinna latifolia (Trevis. ex Goepp.) Griseb.,Cinna latifolia,Cinna latifolia (Trevis. ex Goepp.) Griseb.,Plantae Tracheophyta Liliopsida Poales Poaceae Cinna latifolia,EXACT_MATCH_PRIMARY_SOURCE_ACCEPTED_SIMPLE
Circaea L.,Circaea ,Circaea L.,Plantae Tracheophyta Magnoliopsida Myrtales Onagraceae Circaea,EXACT_MATCH_PRIMARY_SOURCE_ACCEPTED_SIMPLE
Circaea alpina L.,Circaea alpina,Circaea alpina L.,Plantae Tracheophyta Magnoliopsida Myrtales Onagraceae Circaea alpina,EXACT_MATCH_PRIMARY_SOURCE_ACCEPTED_SIMPLE
Circaea lutetiana L.,Circaea lutetiana,Circaea lutetiana L.,Plantae Tracheophyta Magnoliopsida Myrtales Onagraceae Circaea lutetiana,EXACT_MATCH_PRIMARY_SOURCE_ACCEPTED_AUTHOR_DISAMBIGUATION
Circaea lutetiana L. ssp. canadensis (L.) Asch. & Magnus,Circaea canadensis,Circaea lutetiana L. ssp. canadensis (L.) Asch. & Magnus,Plantae Tracheophyta Magnoliopsida Myrtales Onagraceae Circaea canadensis,MULTI_EXACT_MATCH_PRIMARY_SOURCE_SYNONYMS_INFRASPECIFIC_SCORE
Circaea ×intermedia Ehrh. (pro sp.) [alpina × lutetiana],Circaea intermedia,Circaea ×intermedia Ehrh. (pro sp.) [alpina × lutetiana],Plantae Tracheophyta Magnoliopsida Myrtales Onagraceae Circaea intermedia,EXACT_MATCH_PRIMARY_SOURCE_MULT_ACCEPTED
Cirsium Mill.,Cirsium ,Cirsium Mill.,Plantae Tracheophyta Magnoliopsida Asterales Asteraceae Cirsium,EXACT_MATCH_PRIMARY_SOURCE_ACCEPTED_AUTHOR_DISAMBIGUATION
Cirsium altissimum (L.) Hill,Cirsium altissimum,Cirsium altissimum (L.) Hill,Plantae Tracheophyta Magnoliopsida Asterales Asteraceae Cirsium altissimum,EXACT_MATCH_PRIMARY_SOURCE_ACCEPTED_AMONG_SYNONYMS_SIMPLE
Cirsium arvense (L.) Scop.,Cirsium arvense,Cirsium arvense (L.) Scop.,Plantae Tracheophyta Magnoliopsida Asterales Asteraceae Cirsium arvense,EXACT_MATCH_PRIMARY_SOURCE_ACCEPTED_AUTHOR_DISAMBIGUATION
Cirsium carolinianum (Walter) Fernald & B.G. Schub.,Cirsium carolinianum,Cirsium carolinianum (Walter) Fernald & B.G. Schub.,Plantae Tracheophyta Magnoliopsida Asterales Asteraceae Cirsium carolinianum,EXACT_MATCH_PRIMARY_SOURCE_ACCEPTED_SIMPLE
Cirsium discolor (Muhl. ex Willd.) Spreng.,Cirsium discolor,Cirsium discolor (Muhl. ex Willd.) Spreng.,Plantae Tracheophyta Magnoliopsida Asterales Asteraceae Cirsium discolor,EXACT_MATCH_PRIMARY_SOURCE_ACCEPTED_AUTHOR_DISAMBIGUATION
Cirsium horridulum Michx.,Cirsium horridulum,Cirsium horridulum Michx.,Plantae Tracheophyta Magnoliopsida Asterales Asteraceae Cirsium horridulum,EXACT_MATCH_PRIMARY_SOURCE_ACCEPTED_AUTHOR_DISAMBIGUATION
Cirsium muticum Michx.,Cirsium muticum,Cirsium muticum Michx.,Plantae Tracheophyta Magnoliopsida Asterales Asteraceae Cirsium muticum,EXACT_MATCH_PRIMARY_SOURCE_ACCEPTED_SIMPLE
Cirsium nuttallii DC.,Cirsium nuttalii,Cirsium nuttallii DC.,Plantae Tracheophyta Magnoliopsida Asterales Asteraceae Cirsium nuttalii,FUZZY_MATCH_PRIMARY_SOURCE_ACCEPTED
Cirsium pumilum Spreng.,Cirsium pumilum,Cirsium pumilum Spreng.,Plantae Tracheophyta Magnoliopsida Asterales Asteraceae Cirsium pumilum,EXACT_MATCH_PRIMARY_SOURCE_ACCEPTED_SIMPLE
Cirsium repandum Michx.,Cirsium repandum,Cirsium repandum Michx.,Plantae Tracheophyta Magnoliopsida Asterales Asteraceae Cirsium repandum,EXACT_MATCH_PRIMARY_SOURCE_ACCEPTED_SIMPLE
Cirsium virginianum (L.) Michx.,Cirsium virginianum,Cirsium virginianum (L.) Michx.,Plantae Tracheophyta Magnoliopsida Asterales Asteraceae Cirsium virginianum,EXACT_MATCH_PRIMARY_SOURCE_ACCEPTED_AMONG_SYNONYMS_SIMPLE
Cirsium vulgare (Savi) Ten.,Cirsium vulgare,Cirsium vulgare (Savi) Ten.,Plantae Tracheophyta Magnoliopsida Asterales Asteraceae Cirsium vulgare,EXACT_MATCH_PRIMARY_SOURCE_ACCEPTED_AMONG_SYNONYMS_SIMPLE
Citrullus Schrad.,Citrullus ,Citrullus Schrad.,Plantae Tracheophyta Magnoliopsida Cucurbitales Cucurbitaceae Citrullus,EXACT_MATCH_PRIMARY_SOURCE_ACCEPTED_AUTHOR_DISAMBIGUATION
Citrullus lanatus (Thunb.) Matsum. & Nakai,Citrullus lanatus,Citrullus lanatus (Thunb.) Matsum. & Nakai,Plantae Tracheophyta Magnoliopsida Cucurbitales Cucurbitaceae Citrullus lanatus,EXACT_MATCH_PRIMARY_SOURCE_ACCEPTED_AMONG_SYNONYMS_SIMPLE
Cladina (Nyl.) Nyl.,Cladina ,Cladina (Nyl.) Nyl.,Fungi Ascomycota Lecanoromycetes Lecanorales Cladoniaceae Cladina,EXACT_MATCH_PRIMARY_SOURCE_ACCEPTED_SIMPLE
Cladina subtenuis (Abbayes) Hale & W.L. Culb.,Cladonia subtenuis,Cladina subtenuis (Abbayes) Hale & W.L. Culb.,Fungi Ascomycota Lecanoromycetes Lecanorales Cladoniaceae Cladonia subtenuis,EXACT_MATCH_PRIMARY_SOURCE_SYNONYM_SIMPLE
Cladium P. Br.,Cladium ,Cladium P. Br.,Plantae Tracheophyta Liliopsida Poales Cyperaceae Cladium,EXACT_MATCH_PRIMARY_SOURCE_ACCEPTED_SIMPLE
Cladium mariscoides (Muhl.) Torr.,Cladium mariscoides,Cladium mariscoides (Muhl.) Torr.,Plantae Tracheophyta Liliopsida Poales Cyperaceae Cladium mariscoides,EXACT_MATCH_PRIMARY_SOURCE_ACCEPTED_AMONG_SYNONYMS_SIMPLE
Cladium mariscus (L.) Pohl,Cladium mariscus,Cladium mariscus (L.) Pohl,Plantae Tracheophyta Liliopsida Poales Cyperaceae Cladium mariscus,EXACT_MATCH_PRIMARY_SOURCE_ACCEPTED_AUTHOR_DISAMBIGUATION
Cladonia P. Browne,Cladonia ,Cladonia P. Browne,Fungi Ascomycota Lecanoromycetes Lecanorales Cladoniaceae Cladonia,EXACT_MATCH_PRIMARY_SOURCE_ACCEPTED_SIMPLE
Cladonia cristatella Tuck.,Cladonia cristatella,Cladonia cristatella Tuck.,Fungi Ascomycota Lecanoromycetes Lecanorales Cladoniaceae Cladonia cristatella,EXACT_MATCH_PRIMARY_SOURCE_ACCEPTED_SIMPLE
Cladrastis Raf.,Cladrastis ,Cladrastis Raf.,Plantae Tracheophyta Magnoliopsida Fabales Fabaceae Cladrastis,EXACT_MATCH_PRIMARY_SOURCE_ACCEPTED_SIMPLE
Cladrastis kentukea (Dum. Cours.) Rudd,Cladrastis kentukea,Cladrastis kentukea (Dum. Cours.) Rudd,Plantae Tracheophyta Magnoliopsida Fabales Fabaceae Cladrastis kentukea,EXACT_MATCH_PRIMARY_SOURCE_MULT_ACCEPTED
Claytonia L.,Claytonia ,Claytonia L.,Plantae Tracheophyta Magnoliopsida Caryophyllales Montiaceae Claytonia,EXACT_MATCH_PRIMARY_SOURCE_ACCEPTED_AUTHOR_DISAMBIGUATION
Claytonia caroliniana Michx.,Claytonia caroliniana,Claytonia caroliniana Michx.,Plantae Tracheophyta Magnoliopsida Caryophyllales Montiaceae Claytonia caroliniana,EXACT_MATCH_PRIMARY_SOURCE_ACCEPTED_SIMPLE
Claytonia rubra (Howell) Tidestr.,Claytonia rubra,Claytonia rubra (Howell) Tidestr.,Plantae Tracheophyta Magnoliopsida Caryophyllales Montiaceae Claytonia rubra,EXACT_MATCH_PRIMARY_SOURCE_ACCEPTED_SIMPLE
Claytonia virginica L.,Claytonia virginica,Claytonia virginica L.,Plantae Tracheophyta Magnoliopsida Caryophyllales Montiaceae Claytonia virginica,EXACT_MATCH_PRIMARY_SOURCE_ACCEPTED_SIMPLE
Cleistes Rich. ex Lindl.,Cleistes ,Cleistes Rich. ex Lindl.,Plantae Tracheophyta Liliopsida Asparagales Orchidaceae Cleistes,EXACT_MATCH_PRIMARY_SOURCE_ACCEPTED_AUTHOR_DISAMBIGUATION
Cleistes bifaria (Fernald) Catling & Gregg,Cleistesiopsis bifaria,Cleistes bifaria (Fernald) Catling & Gregg,Plantae Tracheophyta Liliopsida Asparagales Orchidaceae Cleistesiopsis bifaria,EXACT_MATCH_PRIMARY_SOURCE_SYNONYM_SIMPLE
Cleistes divaricata (L.) Ames,Cleistesiopsis divaricata,Cleistes divaricata (L.) Ames,Plantae Tracheophyta Liliopsida Asparagales Orchidaceae Cleistesiopsis divaricata,EXACT_MATCH_PRIMARY_SOURCE_SYNONYM_SIMPLE
Clematis L.,Clematis ,Clematis L.,Plantae Tracheophyta Magnoliopsida Ranunculales Ranunculaceae Clematis,EXACT_MATCH_PRIMARY_SOURCE_ACCEPTED_AUTHOR_DISAMBIGUATION
Clematis addisonii Britton,Clematis addisonii,Clematis addisonii Britton,Plantae Tracheophyta Magnoliopsida Ranunculales Ranunculaceae Clematis addisonii,EXACT_MATCH_PRIMARY_SOURCE_ACCEPTED_AMONG_SYNONYMS_SIMPLE
Clematis albicoma Wherry,Clematis albicoma,Clematis albicoma Wherry,Plantae Tracheophyta Magnoliopsida Ranunculales Ranunculaceae Clematis albicoma,EXACT_MATCH_PRIMARY_SOURCE_ACCEPTED_SIMPLE
Clematis catesbyana Pursh,Clematis catesbyana,Clematis catesbyana Pursh,Plantae Tracheophyta Magnoliopsida Ranunculales Ranunculaceae Clematis catesbyana,EXACT_MATCH_PRIMARY_SOURCE_ACCEPTED_SIMPLE
Clematis coactilis (Fernald) Keener,Clematis coactilis,Clematis coactilis (Fernald) Keener,Plantae Tracheophyta Magnoliopsida Ranunculales Ranunculaceae Clematis coactilis,EXACT_MATCH_PRIMARY_SOURCE_ACCEPTED_SIMPLE
Clematis crispa L.,Clematis crispa,Clematis crispa L.,Plantae Tracheophyta Magnoliopsida Ranunculales Ranunculaceae Clematis crispa,EXACT_MATCH_PRIMARY_SOURCE_ACCEPTED_AUTHOR_DISAMBIGUATION
Clematis glaucophylla Small,Clematis glaucophylla,Clematis glaucophylla Small,Plantae Tracheophyta Magnoliopsida Ranunculales Ranunculaceae Clematis glaucophylla,EXACT_MATCH_PRIMARY_SOURCE_ACCEPTED_SIMPLE
Clematis occidentalis (Hornem.) DC.,Clematis occidentalis,Clematis occidentalis (Hornem.) DC.,Plantae Tracheophyta Magnoliopsida Ranunculales Ranunculaceae Clematis occidentalis,EXACT_MATCH_PRIMARY_SOURCE_ACCEPTED_AMONG_SYNONYMS_SIMPLE
Clematis ochroleuca Aiton,Clematis ochroleuca,Clematis ochroleuca Aiton,Plantae Tracheophyta Magnoliopsida Ranunculales Ranunculaceae Clematis ochroleuca,EXACT_MATCH_PRIMARY_SOURCE_ACCEPTED_SIMPLE
Clematis terniflora DC.,Clematis terniflora,Clematis terniflora DC.,Plantae Tracheophyta Magnoliopsida Ranunculales Ranunculaceae Clematis terniflora,EXACT_MATCH_PRIMARY_SOURCE_ACCEPTED_SIMPLE
Clematis viorna L.,Clematis viorna,Clematis viorna L.,Plantae Tracheophyta Magnoliopsida Ranunculales Ranunculaceae Clematis viorna,EXACT_MATCH_PRIMARY_SOURCE_ACCEPTED_AMONG_SYNONYMS_SIMPLE
Clematis virginiana L.,Clematis virginiana,Clematis virginiana L.,Plantae Tracheophyta Magnoliopsida Ranunculales Ranunculaceae Clematis virginiana,EXACT_MATCH_PRIMARY_SOURCE_ACCEPTED_AMONG_SYNONYMS_SIMPLE
Clematis viticaulis Steele,Clematis viticaulis,Clematis viticaulis Steele,Plantae Tracheophyta Magnoliopsida Ranunculales Ranunculaceae Clematis viticaulis,EXACT_MATCH_PRIMARY_SOURCE_ACCEPTED_SIMPLE
Cleome L.,Cleome ,Cleome L.,Plantae Tracheophyta Magnoliopsida Brassicales Cleomaceae Cleome,EXACT_MATCH_PRIMARY_SOURCE_ACCEPTED_SIMPLE
Cleome hassleriana Chod.,Tarenaya houtteana,Cleome hassleriana Chod.,Plantae Tracheophyta Magnoliopsida Brassicales Cleomaceae Tarenaya houtteana,EXACT_MATCH_PRIMARY_SOURCE_SYNONYM_SIMPLE
Cleome viscosa L.,Arivela viscosa,Cleome viscosa L.,Plantae Tracheophyta Magnoliopsida Brassicales Cleomaceae Arivela viscosa,EXACT_MATCH_PRIMARY_SOURCE_SYNONYM_SIMPLE
Clethra L.,Clethra ,Clethra L.,Plantae Tracheophyta Magnoliopsida Ericales Clethraceae Clethra,EXACT_MATCH_PRIMARY_SOURCE_ACCEPTED_SIMPLE
Clethra acuminata Michx.,Clethra acuminata,Clethra acuminata Michx.,Plantae Tracheophyta Magnoliopsida Ericales Clethraceae Clethra acuminata,EXACT_MATCH_PRIMARY_SOURCE_ACCEPTED_SIMPLE
Clethra alnifolia L.,Clethra alnifolia,Clethra alnifolia L.,Plantae Tracheophyta Magnoliopsida Ericales Clethraceae Clethra alnifolia,EXACT_MATCH_PRIMARY_SOURCE_ACCEPTED_AUTHOR_DISAMBIGUATION
Clinopodium L.,Clinopodium ,Clinopodium L.,Plantae Tracheophyta Magnoliopsida Lamiales Lamiaceae Clinopodium,EXACT_MATCH_PRIMARY_SOURCE_ACCEPTED_SIMPLE
Clinopodium arkansanum (Nutt.) House,Clinopodium arkansanum,Clinopodium arkansanum (Nutt.) House,Plantae Tracheophyta Magnoliopsida Lamiales Lamiaceae Clinopodium arkansanum,EXACT_MATCH_PRIMARY_SOURCE_ACCEPTED_AMONG_SYNONYMS_SIMPLE
Clinopodium glabellum (Michx.) Kuntze,Clinopodium glabellum,Clinopodium glabellum (Michx.) Kuntze,Plantae Tracheophyta Magnoliopsida Lamiales Lamiaceae Clinopodium glabellum,EXACT_MATCH_PRIMARY_SOURCE_ACCEPTED_SIMPLE
Clinopodium vulgare L.,Clinopodium vulgare,Clinopodium vulgare L.,Plantae Tracheophyta Magnoliopsida Lamiales Lamiaceae Clinopodium vulgare,EXACT_MATCH_PRIMARY_SOURCE_ACCEPTED_SIMPLE
Clintonia Raf.,Clintonia ,Clintonia Raf.,Plantae Tracheophyta Liliopsida Liliales Liliaceae Clintonia,EXACT_MATCH_PRIMARY_SOURCE_ACCEPTED_AUTHOR_DISAMBIGUATION
Clintonia borealis (Aiton) Raf.,Clintonia borealis,Clintonia borealis (Aiton) Raf.,Plantae Tracheophyta Liliopsida Liliales Liliaceae Clintonia borealis,EXACT_MATCH_PRIMARY_SOURCE_ACCEPTED_SIMPLE
Clintonia umbellulata (Michx.) Morong,Clintonia umbellulata,Clintonia umbellulata (Michx.) Morong,Plantae Tracheophyta Liliopsida Liliales Liliaceae Clintonia umbellulata,EXACT_MATCH_PRIMARY_SOURCE_ACCEPTED_AUTHOR_DISAMBIGUATION
Clitoria L.,Clitoria ,Clitoria L.,Plantae Tracheophyta Magnoliopsida Fabales Fabaceae Clitoria,EXACT_MATCH_PRIMARY_SOURCE_ACCEPTED_SIMPLE
Clitoria mariana L.,Clitoria mariana,Clitoria mariana L.,Plantae Tracheophyta Magnoliopsida Fabales Fabaceae Clitoria mariana,EXACT_MATCH_PRIMARY_SOURCE_ACCEPTED_AUTHOR_DISAMBIGUATION
Cnicus benedictus L.,Centaurea benedicta,Cnicus benedictus L.,Plantae Tracheophyta Magnoliopsida Asterales Asteraceae Centaurea benedicta,EXACT_MATCH_PRIMARY_SOURCE_SYNONYM_SIMPLE
Cnidoscolus Pohl,Cnidoscolus ,Cnidoscolus Pohl,Plantae Tracheophyta Magnoliopsida Malpighiales Euphorbiaceae Cnidoscolus,EXACT_MATCH_PRIMARY_SOURCE_ACCEPTED_SIMPLE
Cnidoscolus urens (L.) Arthur,Cnidoscolus urens,Cnidoscolus urens (L.) Arthur,Plantae Tracheophyta Magnoliopsida Malpighiales Euphorbiaceae Cnidoscolus urens,EXACT_MATCH_PRIMARY_SOURCE_ACCEPTED_SIMPLE
Cocculus DC.,Cocculus ,Cocculus DC.,Plantae Tracheophyta Magnoliopsida Ranunculales Menispermaceae Cocculus,EXACT_MATCH_PRIMARY_SOURCE_ACCEPTED_AUTHOR_DISAMBIGUATION
Cocculus carolinus (L.) DC.,Cocculus carolinus,Cocculus carolinus (L.) DC.,Plantae Tracheophyta Magnoliopsida Ranunculales Menispermaceae Cocculus carolinus,EXACT_MATCH_PRIMARY_SOURCE_ACCEPTED_SIMPLE
Coelorachis Brongn.,Rottboellia ,Coelorachis Brongn.,Plantae Tracheophyta Liliopsida Poales Poaceae Rottboellia,EXACT_MATCH_PRIMARY_SOURCE_SYNONYM_SIMPLE
Coelorachis rugosa (Nutt.) Nash,Rottboellia rugosa,Coelorachis rugosa (Nutt.) Nash,Plantae Tracheophyta Liliopsida Poales Poaceae Rottboellia rugosa,EXACT_MATCH_PRIMARY_SOURCE_SYNONYM_SIMPLE
Collinsia Nutt.,Collinsia ,Collinsia Nutt.,Plantae Tracheophyta Magnoliopsida Lamiales Plantaginaceae Collinsia,EXACT_MATCH_PRIMARY_SOURCE_ACCEPTED_AUTHOR_DISAMBIGUATION
Collinsia verna Nutt.,Collinsia verna,Collinsia verna Nutt.,Plantae Tracheophyta Magnoliopsida Lamiales Plantaginaceae Collinsia verna,EXACT_MATCH_PRIMARY_SOURCE_ACCEPTED_SIMPLE
Collinsonia L.,Collinsonia ,Collinsonia L.,Plantae Tracheophyta Magnoliopsida Lamiales Lamiaceae Collinsonia,EXACT_MATCH_PRIMARY_SOURCE_ACCEPTED_SIMPLE
Collinsonia canadensis L.,Collinsonia canadensis,Collinsonia canadensis L.,Plantae Tracheophyta Magnoliopsida Lamiales Lamiaceae Collinsonia canadensis,EXACT_MATCH_PRIMARY_SOURCE_ACCEPTED_SIMPLE
Collinsonia verticillata Baldw.,Collinsonia verticillata,Collinsonia verticillata Baldw.,Plantae Tracheophyta Magnoliopsida Lamiales Lamiaceae Collinsonia verticillata,EXACT_MATCH_PRIMARY_SOURCE_ACCEPTED_AUTHOR_DISAMBIGUATION
Comandra Nutt.,Comandra ,Comandra Nutt.,Plantae Tracheophyta Magnoliopsida Santalales Comandraceae Comandra,EXACT_MATCH_PRIMARY_SOURCE_ACCEPTED_SIMPLE
Comandra umbellata (L.) Nutt.,Comandra umbellata,Comandra umbellata (L.) Nutt.,Plantae Tracheophyta Magnoliopsida Santalales Comandraceae Comandra umbellata,EXACT_MATCH_PRIMARY_SOURCE_ACCEPTED_SIMPLE
Commelina L.,Commelina ,Commelina L.,Plantae Tracheophyta Liliopsida Commelinales Commelinaceae Commelina,EXACT_MATCH_PRIMARY_SOURCE_ACCEPTED_SIMPLE
Commelina benghalensis L.,Commelina benghalensis,Commelina benghalensis L.,Plantae Tracheophyta Liliopsida Commelinales Commelinaceae Commelina benghalensis,EXACT_MATCH_PRIMARY_SOURCE_ACCEPTED_AUTHOR_DISAMBIGUATION
Commelina communis L.,Commelina communis,Commelina communis L.,Plantae Tracheophyta Liliopsida Commelinales Commelinaceae Commelina communis,EXACT_MATCH_PRIMARY_SOURCE_ACCEPTED_AUTHOR_DISAMBIGUATION
Commelina diffusa Burm. f.,Commelina diffusa,Commelina diffusa Burm. f.,Plantae Tracheophyta Liliopsida Commelinales Commelinaceae Commelina diffusa,EXACT_MATCH_PRIMARY_SOURCE_ACCEPTED_AMONG_SYNONYMS_SIMPLE
Commelina erecta L.,Commelina erecta,Commelina erecta L.,Plantae Tracheophyta Liliopsida Commelinales Commelinaceae Commelina erecta,EXACT_MATCH_PRIMARY_SOURCE_ACCEPTED_AUTHOR_DISAMBIGUATION
Commelina virginica L.,Commelina virginica,Commelina virginica L.,Plantae Tracheophyta Liliopsida Commelinales Commelinaceae Commelina virginica,EXACT_MATCH_PRIMARY_SOURCE_ACCEPTED_AUTHOR_DISAMBIGUATION
Comptonia L'Hér. ex Aiton,Comptonia ,Comptonia L'Hér. ex Aiton,Plantae Tracheophyta Magnoliopsida Fagales Myricaceae Comptonia,EXACT_MATCH_PRIMARY_SOURCE_ACCEPTED_AUTHOR_DISAMBIGUATION
Comptonia peregrina (L.) J.M. Coult.,Comptonia peregrina,Comptonia peregrina (L.) J.M. Coult.,Plantae Tracheophyta Magnoliopsida Fagales Myricaceae Comptonia peregrina,EXACT_MATCH_PRIMARY_SOURCE_ACCEPTED_SIMPLE
"Conioselinum chinense (L.) Britton, Sterns & Poggenb.",Kreidion chinensis,"Conioselinum chinense (L.) Britton, Sterns & Poggenb.",Plantae Tracheophyta Magnoliopsida Apiales Apiaceae Kreidion chinensis,EXACT_MATCH_PRIMARY_SOURCE_SYNONYM_SIMPLE
Conium L.,Conium ,Conium L.,Plantae Tracheophyta Magnoliopsida Apiales Apiaceae Conium,EXACT_MATCH_PRIMARY_SOURCE_ACCEPTED_SIMPLE
Conium maculatum L.,Conium maculatum,Conium maculatum L.,Plantae Tracheophyta Magnoliopsida Apiales Apiaceae Conium maculatum,EXACT_MATCH_PRIMARY_SOURCE_ACCEPTED_SIMPLE
Conoclinium DC.,Conoclinium ,Conoclinium DC.,Plantae Tracheophyta Magnoliopsida Asterales Asteraceae Conoclinium,EXACT_MATCH_PRIMARY_SOURCE_ACCEPTED_SIMPLE
Conoclinium coelestinum (L.) DC.,Conoclinium coelestinum,Conoclinium coelestinum (L.) DC.,Plantae Tracheophyta Magnoliopsida Asterales Asteraceae Conoclinium coelestinum,EXACT_MATCH_PRIMARY_SOURCE_ACCEPTED_SIMPLE
Conopholis Wallr.,Conopholis ,Conopholis Wallr.,Plantae Tracheophyta Magnoliopsida Lamiales Orobanchaceae Conopholis,EXACT_MATCH_PRIMARY_SOURCE_ACCEPTED_SIMPLE
Conopholis americana (L.) Wallr.,Conopholis americana,Conopholis americana (L.) Wallr.,Plantae Tracheophyta Magnoliopsida Lamiales Orobanchaceae Conopholis americana,EXACT_MATCH_PRIMARY_SOURCE_ACCEPTED_AMONG_SYNONYMS_SIMPLE
Conringia Heist. ex Fabr.,Conringia ,Conringia Heist. ex Fabr.,Plantae Tracheophyta Magnoliopsida Brassicales Brassicaceae Conringia,EXACT_MATCH_PRIMARY_SOURCE_ACCEPTED_SIMPLE
Conringia orientalis (L.) Dumort.,Conringia orientalis,Conringia orientalis (L.) Dumort.,Plantae Tracheophyta Magnoliopsida Brassicales Brassicaceae Conringia orientalis,EXACT_MATCH_PRIMARY_SOURCE_ACCEPTED_AMONG_SYNONYMS_SIMPLE
Consolida ajacis (L.) Schur,Delphinium ajacis,Consolida ajacis (L.) Schur,Plantae Tracheophyta Magnoliopsida Ranunculales Ranunculaceae Delphinium ajacis,MULTI_EXACT_MATCH_PRIMARY_SOURCE_SYNONYMS_INFRASPECIFIC_SCORE
Convallaria L.,Convallaria ,Convallaria L.,Plantae Tracheophyta Liliopsida Asparagales Asparagaceae Convallaria,EXACT_MATCH_PRIMARY_SOURCE_ACCEPTED_SIMPLE
Convallaria majalis L.,Convallaria majalis,Convallaria majalis L.,Plantae Tracheophyta Liliopsida Asparagales Asparagaceae Convallaria majalis,EXACT_MATCH_PRIMARY_SOURCE_ACCEPTED_SIMPLE
Convallaria majuscula Greene,Convallaria pseudomajalis,Convallaria majuscula Greene,Plantae Tracheophyta Liliopsida Asparagales Asparagaceae Convallaria pseudomajalis,EXACT_MATCH_PRIMARY_SOURCE_SYNONYM_SIMPLE
Convolvulus L.,Convolvulus ,Convolvulus L.,Plantae Tracheophyta Magnoliopsida Solanales Convolvulaceae Convolvulus,EXACT_MATCH_PRIMARY_SOURCE_ACCEPTED_AUTHOR_DISAMBIGUATION
Convolvulus arvensis L.,Convolvulus arvensis,Convolvulus arvensis L.,Plantae Tracheophyta Magnoliopsida Solanales Convolvulaceae Convolvulus arvensis,EXACT_MATCH_PRIMARY_SOURCE_ACCEPTED_SIMPLE
Conyza Less.,Conyza ,Conyza Less.,Plantae Tracheophyta Magnoliopsida Asterales Asteraceae Conyza,EXACT_MATCH_PRIMARY_SOURCE_MULT_ACCEPTED
Conyza bonariensis (L.) Cronquist,Erigeron bonariensis,Conyza bonariensis (L.) Cronquist,Plantae Tracheophyta Magnoliopsida Asterales Asteraceae Erigeron bonariensis,MULTI_EXACT_MATCH_PRIMARY_SOURCE_SYNONYMS_INFRASPECIFIC_SCORE
Conyza canadensis (L.) Cronquist,Erigeron canadensis,Conyza canadensis (L.) Cronquist,Plantae Tracheophyta Magnoliopsida Asterales Asteraceae Erigeron canadensis,EXACT_MATCH_PRIMARY_SOURCE_SYNONYM_SIMPLE
Coptis Salisb.,Coptis ,Coptis Salisb.,Plantae Tracheophyta Magnoliopsida Ranunculales Ranunculaceae Coptis,EXACT_MATCH_PRIMARY_SOURCE_ACCEPTED_SIMPLE
Coptis trifolia (L.) Salisb.,Coptis trifolia,Coptis trifolia (L.) Salisb.,Plantae Tracheophyta Magnoliopsida Ranunculales Ranunculaceae Coptis trifolia,EXACT_MATCH_PRIMARY_SOURCE_ACCEPTED_SIMPLE
"Corallorhiza Gagnebin, orth. cons.",Corallorhiza ,"Corallorhiza Gagnebin, orth. cons.",Plantae Tracheophyta Liliopsida Asparagales Orchidaceae Corallorhiza,EXACT_MATCH_PRIMARY_SOURCE_MULT_ACCEPTED
Corallorhiza bentleyi Freudenstein,Corallorhiza bentleyi,Corallorhiza bentleyi Freudenstein,Plantae Tracheophyta Liliopsida Asparagales Orchidaceae Corallorhiza bentleyi,EXACT_MATCH_PRIMARY_SOURCE_ACCEPTED_SIMPLE
Corallorhiza maculata (Raf.) Raf.,Corallorhiza maculata,Corallorhiza maculata (Raf.) Raf.,Plantae Tracheophyta Liliopsida Asparagales Orchidaceae Corallorhiza maculata,EXACT_MATCH_PRIMARY_SOURCE_MULT_ACCEPTED
Corallorhiza odontorhiza (Willd.) Poir.,Corallorhiza odontorhiza,Corallorhiza odontorhiza (Willd.) Poir.,Plantae Tracheophyta Liliopsida Asparagales Orchidaceae Corallorhiza odontorhiza,EXACT_MATCH_PRIMARY_SOURCE_ACCEPTED_AMONG_SYNONYMS_SIMPLE
Corallorhiza wisteriana Conrad,Corallorhiza wisteriana,Corallorhiza wisteriana Conrad,Plantae Tracheophyta Liliopsida Asparagales Orchidaceae Corallorhiza wisteriana,EXACT_MATCH_PRIMARY_SOURCE_ACCEPTED_SIMPLE
Coreopsis L.,Coreopsis ,Coreopsis L.,Plantae Tracheophyta Magnoliopsida Asterales Asteraceae Coreopsis,EXACT_MATCH_PRIMARY_SOURCE_ACCEPTED_AMONG_SYNONYMS_SIMPLE
Coreopsis auriculata L.,Coreopsis auriculata,Coreopsis auriculata L.,Plantae Tracheophyta Magnoliopsida Asterales Asteraceae Coreopsis auriculata,EXACT_MATCH_PRIMARY_SOURCE_ACCEPTED_AMONG_SYNONYMS_SIMPLE
Coreopsis delphiniifolia Lam.,Coreopsis delphiniifolia,Coreopsis delphiniifolia Lam.,Plantae Tracheophyta Magnoliopsida Asterales Asteraceae Coreopsis delphiniifolia,EXACT_MATCH_PRIMARY_SOURCE_ACCEPTED_SIMPLE
Coreopsis falcata Boynt.,Coreopsis gladiata,Coreopsis falcata Boynt.,Plantae Tracheophyta Magnoliopsida Asterales Asteraceae Coreopsis gladiata,EXACT_MATCH_PRIMARY_SOURCE_SYNONYM_SIMPLE
Coreopsis grandiflora Hogg ex Sweet,Coreopsis grandiflora,Coreopsis grandiflora Hogg ex Sweet,Plantae Tracheophyta Magnoliopsida Asterales Asteraceae Coreopsis grandiflora,EXACT_MATCH_PRIMARY_SOURCE_ACCEPTED_AUTHOR_DISAMBIGUATION
Coreopsis lanceolata L.,Coreopsis lanceolata,Coreopsis lanceolata L.,Plantae Tracheophyta Magnoliopsida Asterales Asteraceae Coreopsis lanceolata,EXACT_MATCH_PRIMARY_SOURCE_ACCEPTED_SIMPLE
Coreopsis major Walter,Coreopsis major,Coreopsis major Walter,Plantae Tracheophyta Magnoliopsida Asterales Asteraceae Coreopsis major,EXACT_MATCH_PRIMARY_SOURCE_ACCEPTED_SIMPLE
Coreopsis pubescens Elliott,Coreopsis pubescens,Coreopsis pubescens Elliott,Plantae Tracheophyta Magnoliopsida Asterales Asteraceae Coreopsis pubescens,EXACT_MATCH_PRIMARY_SOURCE_ACCEPTED_SIMPLE
Coreopsis tinctoria Nutt.,Coreopsis tinctoria,Coreopsis tinctoria Nutt.,Plantae Tracheophyta Magnoliopsida Asterales Asteraceae Coreopsis tinctoria,EXACT_MATCH_PRIMARY_SOURCE_ACCEPTED_SIMPLE
Coreopsis tripteris L.,Coreopsis tripteris,Coreopsis tripteris L.,Plantae Tracheophyta Magnoliopsida Asterales Asteraceae Coreopsis tripteris,EXACT_MATCH_PRIMARY_SOURCE_ACCEPTED_SIMPLE
Coreopsis verticillata L.,Coreopsis verticillata,Coreopsis verticillata L.,Plantae Tracheophyta Magnoliopsida Asterales Asteraceae Coreopsis verticillata,EXACT_MATCH_PRIMARY_SOURCE_ACCEPTED_AUTHOR_DISAMBIGUATION
Coriandrum L.,Coriandrum ,Coriandrum L.,Plantae Tracheophyta Magnoliopsida Apiales Apiaceae Coriandrum,EXACT_MATCH_PRIMARY_SOURCE_ACCEPTED_SIMPLE
Coriandrum sativum L.,Coriandrum sativum,Coriandrum sativum L.,Plantae Tracheophyta Magnoliopsida Apiales Apiaceae Coriandrum sativum,EXACT_MATCH_PRIMARY_SOURCE_ACCEPTED_SIMPLE
Cornus L.,Cornus ,Cornus L.,Plantae Tracheophyta Magnoliopsida Cornales Cornaceae Cornus,EXACT_MATCH_PRIMARY_SOURCE_ACCEPTED_SIMPLE
Cornus alternifolia L. f.,Cornus alternifolia,Cornus alternifolia L. f.,Plantae Tracheophyta Magnoliopsida Cornales Cornaceae Cornus alternifolia,EXACT_MATCH_PRIMARY_SOURCE_MULT_ACCEPTED
Cornus amomum Mill.,Cornus amomum,Cornus amomum Mill.,Plantae Tracheophyta Magnoliopsida Cornales Cornaceae Cornus amomum,EXACT_MATCH_PRIMARY_SOURCE_ACCEPTED_SIMPLE
Cornus canadensis L.,Cornus canadensis,Cornus canadensis L.,Plantae Tracheophyta Magnoliopsida Cornales Cornaceae Cornus canadensis,EXACT_MATCH_PRIMARY_SOURCE_ACCEPTED_AUTHOR_DISAMBIGUATION
Cornus florida L.,Cornus florida,Cornus florida L.,Plantae Tracheophyta Magnoliopsida Cornales Cornaceae Cornus florida,EXACT_MATCH_PRIMARY_SOURCE_ACCEPTED_AUTHOR_DISAMBIGUATION
Cornus foemina Mill.,Cornus foemina,Cornus foemina Mill.,Plantae Tracheophyta Magnoliopsida Cornales Cornaceae Cornus foemina,EXACT_MATCH_PRIMARY_SOURCE_ACCEPTED_SIMPLE
Cornus obliqua Raf.,Cornus obliqua,Cornus obliqua Raf.,Plantae Tracheophyta Magnoliopsida Cornales Cornaceae Cornus obliqua,EXACT_MATCH_PRIMARY_SOURCE_ACCEPTED_SIMPLE
Cornus racemosa Lam.,Cornus racemosa,Cornus racemosa Lam.,Plantae Tracheophyta Magnoliopsida Cornales Cornaceae Cornus racemosa,EXACT_MATCH_PRIMARY_SOURCE_ACCEPTED_SIMPLE
Cornus rugosa Lam.,Cornus rugosa,Cornus rugosa Lam.,Plantae Tracheophyta Magnoliopsida Cornales Cornaceae Cornus rugosa,EXACT_MATCH_PRIMARY_SOURCE_ACCEPTED_SIMPLE
Cornus sericea L.,Cornus sericea,Cornus sericea L.,Plantae Tracheophyta Magnoliopsida Cornales Cornaceae Cornus sericea,EXACT_MATCH_PRIMARY_SOURCE_ACCEPTED_SIMPLE
Coronopus Zinn,Coronopus ,Coronopus Zinn,Plantae Tracheophyta Magnoliopsida Brassicales Brassicaceae Coronopus,EXACT_MATCH_PRIMARY_SOURCE_ACCEPTED_AMONG_SYNONYMS_SIMPLE
Coronopus didymus (L.) Sm.,Lepidium didymum,Coronopus didymus (L.) Sm.,Plantae Tracheophyta Magnoliopsida Brassicales Brassicaceae Lepidium didymum,EXACT_MATCH_PRIMARY_SOURCE_SYNONYM_SIMPLE
Cortaderia Stapf,Cortaderia ,Cortaderia Stapf,Plantae Tracheophyta Liliopsida Poales Poaceae Cortaderia,EXACT_MATCH_PRIMARY_SOURCE_ACCEPTED_SIMPLE
Cortaderia selloana (Schult. & Schult. f.) Asch. & Graebn.,Cortaderia selloana,Cortaderia selloana (Schult. & Schult. f.) Asch. & Graebn.,Plantae Tracheophyta Liliopsida Poales Poaceae Cortaderia selloana,EXACT_MATCH_PRIMARY_SOURCE_ACCEPTED_SIMPLE
Corydalis DC.,Corydalis ,Corydalis DC.,Plantae Tracheophyta Magnoliopsida Ranunculales Papaveraceae Corydalis,EXACT_MATCH_PRIMARY_SOURCE_ACCEPTED_AUTHOR_DISAMBIGUATION
Corydalis flavula (Raf.) DC.,Corydalis flavula,Corydalis flavula (Raf.) DC.,Plantae Tracheophyta Magnoliopsida Ranunculales Papaveraceae Corydalis flavula,EXACT_MATCH_PRIMARY_SOURCE_ACCEPTED_SIMPLE
Corydalis sempervirens (L.) Pers.,Capnoides sempervirens,Corydalis sempervirens (L.) Pers.,Plantae Tracheophyta Magnoliopsida Ranunculales Papaveraceae Capnoides sempervirens,EXACT_MATCH_PRIMARY_SOURCE_SYNONYM_SIMPLE
Corylus L.,Corylus ,Corylus L.,Plantae Tracheophyta Magnoliopsida Fagales Betulaceae Corylus,EXACT_MATCH_PRIMARY_SOURCE_ACCEPTED_SIMPLE
Corylus americana Walter,Corylus americana,Corylus americana Walter,Plantae Tracheophyta Magnoliopsida Fagales Betulaceae Corylus americana,EXACT_MATCH_PRIMARY_SOURCE_ACCEPTED_AUTHOR_DISAMBIGUATION
Corylus cornuta Marshall,Corylus cornuta,Corylus cornuta Marshall,Plantae Tracheophyta Magnoliopsida Fagales Betulaceae Corylus cornuta,EXACT_MATCH_PRIMARY_SOURCE_ACCEPTED_AMONG_SYNONYMS_SIMPLE
Cosmos Cav.,Cosmos ,Cosmos Cav.,Plantae Tracheophyta Magnoliopsida Asterales Asteraceae Cosmos,EXACT_MATCH_PRIMARY_SOURCE_ACCEPTED_SIMPLE
Cosmos bipinnatus Cav.,Cosmos bipinnatus,Cosmos bipinnatus Cav.,Plantae Tracheophyta Magnoliopsida Asterales Asteraceae Cosmos bipinnatus,EXACT_MATCH_PRIMARY_SOURCE_ACCEPTED_SIMPLE
Cosmos sulphureus Cav.,Cosmos sulphureus,Cosmos sulphureus Cav.,Plantae Tracheophyta Magnoliopsida Asterales Asteraceae Cosmos sulphureus,EXACT_MATCH_PRIMARY_SOURCE_ACCEPTED_SIMPLE
Crataegus L.,Crataegus ,Crataegus L.,Plantae Tracheophyta Magnoliopsida Rosales Rosaceae Crataegus,EXACT_MATCH_PRIMARY_SOURCE_ACCEPTED_SIMPLE
Crataegus aestivalis (Walter) Torr. & A. Gray,Crataegus aestivalis,Crataegus aestivalis (Walter) Torr. & A. Gray,Plantae Tracheophyta Magnoliopsida Rosales Rosaceae Crataegus aestivalis,EXACT_MATCH_PRIMARY_SOURCE_ACCEPTED_AMONG_SYNONYMS_SIMPLE
Crataegus brainerdii Sarg.,Crataegus scabrida,Crataegus brainerdii Sarg.,Plantae Tracheophyta Magnoliopsida Rosales Rosaceae Crataegus scabrida,EXACT_MATCH_PRIMARY_SOURCE_SYNONYM_SIMPLE
Crataegus calpodendron (Ehrh.) Medik.,Crataegus calpodendron,Crataegus calpodendron (Ehrh.) Medik.,Plantae Tracheophyta Magnoliopsida Rosales Rosaceae Crataegus calpodendron,EXACT_MATCH_PRIMARY_SOURCE_ACCEPTED_AMONG_SYNONYMS_SIMPLE
Crataegus chrysocarpa Ashe,Crataegus chrysocarpa,Crataegus chrysocarpa Ashe,Plantae Tracheophyta Magnoliopsida Rosales Rosaceae Crataegus chrysocarpa,EXACT_MATCH_PRIMARY_SOURCE_ACCEPTED_SIMPLE
Crataegus crus-galli L.,Crataegus crus-galli,Crataegus crus-galli L.,Plantae Tracheophyta Magnoliopsida Rosales Rosaceae Crataegus crus-galli,EXACT_MATCH_PRIMARY_SOURCE_ACCEPTED_AUTHOR_DISAMBIGUATION
Crataegus disperma Ashe,Crataegus disperma,Crataegus disperma Ashe,Plantae Tracheophyta Magnoliopsida Rosales Rosaceae Crataegus disperma,EXACT_MATCH_PRIMARY_SOURCE_ACCEPTED_SIMPLE
Crataegus dodgei Ashe,Crataegus dodgei,Crataegus dodgei Ashe,Plantae Tracheophyta Magnoliopsida Rosales Rosaceae Crataegus dodgei,EXACT_MATCH_PRIMARY_SOURCE_ACCEPTED_SIMPLE
Crataegus engelmannii Sarg.,Crataegus berberifolia,Crataegus engelmannii Sarg.,Plantae Tracheophyta Magnoliopsida Rosales Rosaceae Crataegus berberifolia,EXACT_MATCH_PRIMARY_SOURCE_SYNONYM_SIMPLE
Crataegus flabellata (Bosc ex Spach) K. Koch,Crataegus flabellata,Crataegus flabellata (Bosc ex Spach) K. Koch,Plantae Tracheophyta Magnoliopsida Rosales Rosaceae Crataegus flabellata,EXACT_MATCH_PRIMARY_SOURCE_ACCEPTED_AMONG_SYNONYMS_SIMPLE
Crataegus flava Aiton,Crataegus flava,Crataegus flava Aiton,Plantae Tracheophyta Magnoliopsida Rosales Rosaceae Crataegus flava,EXACT_MATCH_PRIMARY_SOURCE_ACCEPTED_AUTHOR_DISAMBIGUATION
Crataegus intricata Lange,Crataegus intricata,Crataegus intricata Lange,Plantae Tracheophyta Magnoliopsida Rosales Rosaceae Crataegus intricata,EXACT_MATCH_PRIMARY_SOURCE_ACCEPTED_SIMPLE
Crataegus iracunda Beadle,Crataegus iracunda,Crataegus iracunda Beadle,Plantae Tracheophyta Magnoliopsida Rosales Rosaceae Crataegus iracunda,EXACT_MATCH_PRIMARY_SOURCE_ACCEPTED_SIMPLE
Crataegus lucorum Sarg.,Crataegus lucorum,Crataegus lucorum Sarg.,Plantae Tracheophyta Magnoliopsida Rosales Rosaceae Crataegus lucorum,EXACT_MATCH_PRIMARY_SOURCE_ACCEPTED_SIMPLE
Crataegus macrosperma Ashe,Crataegus macrosperma,Crataegus macrosperma Ashe,Plantae Tracheophyta Magnoliopsida Rosales Rosaceae Crataegus macrosperma,EXACT_MATCH_PRIMARY_SOURCE_ACCEPTED_SIMPLE
Crataegus margarettiae Ashe,Crataegus margarettae,Crataegus margarettiae Ashe,Plantae Tracheophyta Magnoliopsida Rosales Rosaceae Crataegus margarettae,EXACT_MATCH_PRIMARY_SOURCE_SYNONYM_SIMPLE
Crataegus marshallii Eggl.,Crataegus marshallii,Crataegus marshallii Eggl.,Plantae Tracheophyta Magnoliopsida Rosales Rosaceae Crataegus marshallii,EXACT_MATCH_PRIMARY_SOURCE_ACCEPTED_SIMPLE
Crataegus mollis Scheele,Crataegus mollis,Crataegus mollis Scheele,Plantae Tracheophyta Magnoliopsida Rosales Rosaceae Crataegus mollis,EXACT_MATCH_PRIMARY_SOURCE_ACCEPTED_AMONG_SYNONYMS_SIMPLE
Crataegus monogyna Jacq.,Crataegus monogyna,Crataegus monogyna Jacq.,Plantae Tracheophyta Magnoliopsida Rosales Rosaceae Crataegus monogyna,EXACT_MATCH_PRIMARY_SOURCE_ACCEPTED_AUTHOR_DISAMBIGUATION
Crataegus pedicellata Sarg.,Crataegus coccinea,Crataegus pedicellata Sarg.,Plantae Tracheophyta Magnoliopsida Rosales Rosaceae Crataegus coccinea,EXACT_MATCH_PRIMARY_SOURCE_SYNONYM_SIMPLE
Crataegus phaenopyrum (L. f.) Medik.,Crataegus phaenopyrum,Crataegus phaenopyrum (L. f.) Medik.,Plantae Tracheophyta Magnoliopsida Rosales Rosaceae Crataegus phaenopyrum,EXACT_MATCH_PRIMARY_SOURCE_ACCEPTED_AMONG_SYNONYMS_SIMPLE
Crataegus pruinosa (Wendl. f.) K. Koch,Crataegus pruinosa,Crataegus pruinosa (Wendl. f.) K. Koch,Plantae Tracheophyta Magnoliopsida Rosales Rosaceae Crataegus pruinosa,EXACT_MATCH_PRIMARY_SOURCE_ACCEPTED_AMONG_SYNONYMS_SIMPLE
Crataegus punctata Jacq.,Crataegus punctata,Crataegus punctata Jacq.,Plantae Tracheophyta Magnoliopsida Rosales Rosaceae Crataegus punctata,EXACT_MATCH_PRIMARY_SOURCE_ACCEPTED_AUTHOR_DISAMBIGUATION
Crataegus putata Sarg.,Crataegus putata,Crataegus putata Sarg.,Plantae Tracheophyta Magnoliopsida Rosales Rosaceae Crataegus putata,EXACT_MATCH_PRIMARY_SOURCE_ACCEPTED_SIMPLE
Crataegus schuettei Ashe,Crataegus schuettei,Crataegus schuettei Ashe,Plantae Tracheophyta Magnoliopsida Rosales Rosaceae Crataegus schuettei,EXACT_MATCH_PRIMARY_SOURCE_ACCEPTED_SIMPLE
Crataegus spathulata Michx.,Crataegus spathulata,Crataegus spathulata Michx.,Plantae Tracheophyta Magnoliopsida Rosales Rosaceae Crataegus spathulata,EXACT_MATCH_PRIMARY_SOURCE_ACCEPTED_AMONG_SYNONYMS_SIMPLE
Crataegus succulenta Schrad. ex Link,Crataegus succulenta,Crataegus succulenta Schrad. ex Link,Plantae Tracheophyta Magnoliopsida Rosales Rosaceae Crataegus succulenta,EXACT_MATCH_PRIMARY_SOURCE_ACCEPTED_AMONG_SYNONYMS_SIMPLE
Crataegus uniflora Münchh.,Crataegus uniflora,Crataegus uniflora Münchh.,Plantae Tracheophyta Magnoliopsida Rosales Rosaceae Crataegus uniflora,EXACT_MATCH_PRIMARY_SOURCE_ACCEPTED_AMONG_SYNONYMS_SIMPLE
Crataegus vailiae Britton,Crataegus vailiae,Crataegus vailiae Britton,Plantae Tracheophyta Magnoliopsida Rosales Rosaceae Crataegus vailiae,EXACT_MATCH_PRIMARY_SOURCE_ACCEPTED_SIMPLE
Crataegus viridis L.,Crataegus viridis,Crataegus viridis L.,Plantae Tracheophyta Magnoliopsida Rosales Rosaceae Crataegus viridis,EXACT_MATCH_PRIMARY_SOURCE_ACCEPTED_AMONG_SYNONYMS_SIMPLE
Crepis L.,Crepis ,Crepis L.,Plantae Tracheophyta Magnoliopsida Asterales Asteraceae Crepis,EXACT_MATCH_PRIMARY_SOURCE_ACCEPTED_AUTHOR_DISAMBIGUATION
Crepis capillaris (L.) Wallr.,Crepis capillaris,Crepis capillaris (L.) Wallr.,Plantae Tracheophyta Magnoliopsida Asterales Asteraceae Crepis capillaris,EXACT_MATCH_PRIMARY_SOURCE_ACCEPTED_SIMPLE
Crepis pulchra L.,Crepis pulchra,Crepis pulchra L.,Plantae Tracheophyta Magnoliopsida Asterales Asteraceae Crepis pulchra,EXACT_MATCH_PRIMARY_SOURCE_ACCEPTED_AMONG_SYNONYMS_SIMPLE
Crocus L.,Crocus ,Crocus L.,Plantae Tracheophyta Liliopsida Asparagales Iridaceae Crocus,EXACT_MATCH_PRIMARY_SOURCE_ACCEPTED_SIMPLE
Crocus vernus (L.) Hill,Crocus vernus,Crocus vernus (L.) Hill,Plantae Tracheophyta Liliopsida Asparagales Iridaceae Crocus vernus,EXACT_MATCH_PRIMARY_SOURCE_ACCEPTED_AUTHOR_DISAMBIGUATION
Croptilon Raf.,Croptilon ,Croptilon Raf.,Plantae Tracheophyta Magnoliopsida Asterales Asteraceae Croptilon,EXACT_MATCH_PRIMARY_SOURCE_ACCEPTED_SIMPLE
Croptilon divaricatum (Nutt.) Raf.,Croptilon divaricatum,Croptilon divaricatum (Nutt.) Raf.,Plantae Tracheophyta Magnoliopsida Asterales Asteraceae Croptilon divaricatum,EXACT_MATCH_PRIMARY_SOURCE_ACCEPTED_SIMPLE
Crotalaria L.,Crotalaria ,Crotalaria L.,Plantae Tracheophyta Magnoliopsida Fabales Fabaceae Crotalaria,EXACT_MATCH_PRIMARY_SOURCE_ACCEPTED_AUTHOR_DISAMBIGUATION
Crotalaria biflora L.,Crotalaria biflora,Crotalaria biflora L.,Plantae Tracheophyta Magnoliopsida Fabales Fabaceae Crotalaria biflora,EXACT_MATCH_PRIMARY_SOURCE_ACCEPTED_AMONG_SYNONYMS_SIMPLE
Crotalaria purshii DC.,Crotalaria purshii,Crotalaria purshii DC.,Plantae Tracheophyta Magnoliopsida Fabales Fabaceae Crotalaria purshii,EXACT_MATCH_PRIMARY_SOURCE_ACCEPTED_SIMPLE
Crotalaria rotundifolia Walter ex J.F. Gmel.,Crotalaria rotundifolia,Crotalaria rotundifolia Walter ex J.F. Gmel.,Plantae Tracheophyta Magnoliopsida Fabales Fabaceae Crotalaria rotundifolia,EXACT_MATCH_PRIMARY_SOURCE_ACCEPTED_AMONG_SYNONYMS_SIMPLE
Crotalaria sagittalis L.,Crotalaria sagittalis,Crotalaria sagittalis L.,Plantae Tracheophyta Magnoliopsida Fabales Fabaceae Crotalaria sagittalis,EXACT_MATCH_PRIMARY_SOURCE_ACCEPTED_AUTHOR_DISAMBIGUATION
Crotalaria spectabilis Roth,Crotalaria spectabilis,Crotalaria spectabilis Roth,Plantae Tracheophyta Magnoliopsida Fabales Fabaceae Crotalaria spectabilis,EXACT_MATCH_PRIMARY_SOURCE_ACCEPTED_SIMPLE
Croton L.,Croton ,Croton L.,Plantae Tracheophyta Magnoliopsida Malpighiales Euphorbiaceae Croton,EXACT_MATCH_PRIMARY_SOURCE_ACCEPTED_AUTHOR_DISAMBIGUATION
Croton bonplandianus Baill.,Croton bonplandianus,Croton bonplandianus Baill.,Plantae Tracheophyta Magnoliopsida Malpighiales Euphorbiaceae Croton bonplandianus,EXACT_MATCH_PRIMARY_SOURCE_ACCEPTED_SIMPLE
Croton capitatus Michx.,Croton capitatus,Croton capitatus Michx.,Plantae Tracheophyta Magnoliopsida Malpighiales Euphorbiaceae Croton capitatus,EXACT_MATCH_PRIMARY_SOURCE_ACCEPTED_SIMPLE
Croton glandulosus L.,Croton glandulosus,Croton glandulosus L.,Plantae Tracheophyta Magnoliopsida Malpighiales Euphorbiaceae Croton glandulosus,EXACT_MATCH_PRIMARY_SOURCE_ACCEPTED_AMONG_SYNONYMS_SIMPLE
Croton michauxii G.L. Webster,Croton michauxii,Croton michauxii G.L. Webster,Plantae Tracheophyta Magnoliopsida Malpighiales Euphorbiaceae Croton michauxii,EXACT_MATCH_PRIMARY_SOURCE_ACCEPTED_SIMPLE
Croton monanthogynus Michx.,Croton monanthogynus,Croton monanthogynus Michx.,Plantae Tracheophyta Magnoliopsida Malpighiales Euphorbiaceae Croton monanthogynus,EXACT_MATCH_PRIMARY_SOURCE_ACCEPTED_SIMPLE
Cruciata Mill.,Cruciata ,Cruciata Mill.,Plantae Tracheophyta Magnoliopsida Gentianales Rubiaceae Cruciata,EXACT_MATCH_PRIMARY_SOURCE_ACCEPTED_AUTHOR_DISAMBIGUATION
Cruciata pedemontana (Bellardi) Ehrend.,Cruciata pedemontana,Cruciata pedemontana (Bellardi) Ehrend.,Plantae Tracheophyta Magnoliopsida Gentianales Rubiaceae Cruciata pedemontana,EXACT_MATCH_PRIMARY_SOURCE_ACCEPTED_SIMPLE
Cryptotaenia DC.,Cryptotaenia ,Cryptotaenia DC.,Plantae Tracheophyta Magnoliopsida Apiales Apiaceae Cryptotaenia,EXACT_MATCH_PRIMARY_SOURCE_ACCEPTED_SIMPLE
Cryptotaenia canadensis (L.) DC.,Cryptotaenia canadensis,Cryptotaenia canadensis (L.) DC.,Plantae Tracheophyta Magnoliopsida Apiales Apiaceae Cryptotaenia canadensis,EXACT_MATCH_PRIMARY_SOURCE_ACCEPTED_SIMPLE
Ctenium Panzer,Ctenium ,Ctenium Panzer,Plantae Tracheophyta Liliopsida Poales Poaceae Ctenium,EXACT_MATCH_PRIMARY_SOURCE_ACCEPTED_AMONG_SYNONYMS_SIMPLE
Ctenium aromaticum (Walter) Alph. Wood,Ctenium aromaticum,Ctenium aromaticum (Walter) Alph. Wood,Plantae Tracheophyta Liliopsida Poales Poaceae Ctenium aromaticum,EXACT_MATCH_PRIMARY_SOURCE_ACCEPTED_AMONG_SYNONYMS_SIMPLE
Cucumis L.,Cucumis ,Cucumis L.,Plantae Tracheophyta Magnoliopsida Cucurbitales Cucurbitaceae Cucumis,EXACT_MATCH_PRIMARY_SOURCE_ACCEPTED_AMONG_SYNONYMS_SIMPLE
Cucumis melo L.,Cucumis melo,Cucumis melo L.,Plantae Tracheophyta Magnoliopsida Cucurbitales Cucurbitaceae Cucumis melo,EXACT_MATCH_PRIMARY_SOURCE_ACCEPTED_AMONG_SYNONYMS_SIMPLE
Cucumis sativus L.,Cucumis sativus,Cucumis sativus L.,Plantae Tracheophyta Magnoliopsida Cucurbitales Cucurbitaceae Cucumis sativus,EXACT_MATCH_PRIMARY_SOURCE_ACCEPTED_SIMPLE
Cucurbita L.,Cucurbita ,Cucurbita L.,Plantae Tracheophyta Magnoliopsida Cucurbitales Cucurbitaceae Cucurbita,EXACT_MATCH_PRIMARY_SOURCE_ACCEPTED_AUTHOR_DISAMBIGUATION
Cucurbita foetidissima Kunth,Cucurbita foetidissima,Cucurbita foetidissima Kunth,Plantae Tracheophyta Magnoliopsida Cucurbitales Cucurbitaceae Cucurbita foetidissima,EXACT_MATCH_PRIMARY_SOURCE_ACCEPTED_SIMPLE
Cucurbita maxima Duchesne,Cucurbita maxima,Cucurbita maxima Duchesne,Plantae Tracheophyta Magnoliopsida Cucurbitales Cucurbitaceae Cucurbita maxima,EXACT_MATCH_PRIMARY_SOURCE_ACCEPTED_AUTHOR_DISAMBIGUATION
Cucurbita moschata Duchesne,Cucurbita moschata,Cucurbita moschata Duchesne,Plantae Tracheophyta Magnoliopsida Cucurbitales Cucurbitaceae Cucurbita moschata,EXACT_MATCH_PRIMARY_SOURCE_ACCEPTED_AMONG_SYNONYMS_SIMPLE
Cucurbita pepo L.,Cucurbita pepo,Cucurbita pepo L.,Plantae Tracheophyta Magnoliopsida Cucurbitales Cucurbitaceae Cucurbita pepo,EXACT_MATCH_PRIMARY_SOURCE_ACCEPTED_AUTHOR_DISAMBIGUATION
Cunila D. Royen ex L.,Cunila ,Cunila D. Royen ex L.,Plantae Tracheophyta Magnoliopsida Lamiales Lamiaceae Cunila,EXACT_MATCH_PRIMARY_SOURCE_MULT_ACCEPTED
Cunila origanoides (L.) Britton,Cunila origanoides,Cunila origanoides (L.) Britton,Plantae Tracheophyta Magnoliopsida Lamiales Lamiaceae Cunila origanoides,EXACT_MATCH_PRIMARY_SOURCE_ACCEPTED_SIMPLE
Cuphea carthagenensis (Jacq.) J.F. Macbr.,Cuphea carthagenensis,Cuphea carthagenensis (Jacq.) J.F. Macbr.,Plantae Tracheophyta Magnoliopsida Myrtales Lythraceae Cuphea carthagenensis,EXACT_MATCH_PRIMARY_SOURCE_ACCEPTED_SIMPLE
Cuphea viscosissima Jacq.,Cuphea viscosissima,Cuphea viscosissima Jacq.,Plantae Tracheophyta Magnoliopsida Myrtales Lythraceae Cuphea viscosissima,EXACT_MATCH_PRIMARY_SOURCE_ACCEPTED_AMONG_SYNONYMS_SIMPLE
Cuscuta L.,Cuscuta ,Cuscuta L.,Plantae Tracheophyta Magnoliopsida Solanales Convolvulaceae Cuscuta,EXACT_MATCH_PRIMARY_SOURCE_ACCEPTED_SIMPLE
Cuscuta cephalanthi Engelm.,Cuscuta cephalanthi,Cuscuta cephalanthi Engelm.,Plantae Tracheophyta Magnoliopsida Solanales Convolvulaceae Cuscuta cephalanthi,EXACT_MATCH_PRIMARY_SOURCE_ACCEPTED_SIMPLE
Cuscuta compacta Juss. ex Choisy,Cuscuta compacta,Cuscuta compacta Juss. ex Choisy,Plantae Tracheophyta Magnoliopsida Solanales Convolvulaceae Cuscuta compacta,EXACT_MATCH_PRIMARY_SOURCE_ACCEPTED_AMONG_SYNONYMS_SIMPLE
Cuscuta coryli Engelm.,Cuscuta coryli,Cuscuta coryli Engelm.,Plantae Tracheophyta Magnoliopsida Solanales Convolvulaceae Cuscuta coryli,EXACT_MATCH_PRIMARY_SOURCE_ACCEPTED_AMONG_SYNONYMS_SIMPLE
Cuscuta epithymum (L.) L.,Cuscuta epithymum,Cuscuta epithymum (L.) L.,Plantae Tracheophyta Magnoliopsida Solanales Convolvulaceae Cuscuta epithymum,EXACT_MATCH_PRIMARY_SOURCE_ACCEPTED_AUTHOR_DISAMBIGUATION
Cuscuta gronovii Willd. ex Schult.,Cuscuta gronovii,Cuscuta gronovii Willd. ex Schult.,Plantae Tracheophyta Magnoliopsida Solanales Convolvulaceae Cuscuta gronovii,EXACT_MATCH_PRIMARY_SOURCE_ACCEPTED_AMONG_SYNONYMS_SIMPLE
Cuscuta indecora Choisy,Cuscuta indecora,Cuscuta indecora Choisy,Plantae Tracheophyta Magnoliopsida Solanales Convolvulaceae Cuscuta indecora,EXACT_MATCH_PRIMARY_SOURCE_ACCEPTED_SIMPLE
Cuscuta pentagona Engelm.,Cuscuta pentagona,Cuscuta pentagona Engelm.,Plantae Tracheophyta Magnoliopsida Solanales Convolvulaceae Cuscuta pentagona,EXACT_MATCH_PRIMARY_SOURCE_ACCEPTED_SIMPLE
Cuscuta polygonorum Engelm.,Cuscuta polygonorum,Cuscuta polygonorum Engelm.,Plantae Tracheophyta Magnoliopsida Solanales Convolvulaceae Cuscuta polygonorum,EXACT_MATCH_PRIMARY_SOURCE_ACCEPTED_AMONG_SYNONYMS_SIMPLE
Cuscuta rostrata Shuttlw. ex Engelm. & A. Gray,Cuscuta rostrata,Cuscuta rostrata Shuttlw. ex Engelm. & A. Gray,Plantae Tracheophyta Magnoliopsida Solanales Convolvulaceae Cuscuta rostrata,EXACT_MATCH_PRIMARY_SOURCE_ACCEPTED_AMONG_SYNONYMS_SIMPLE
Cyclachaena Fresen.,Cyclachaena ,Cyclachaena Fresen.,Plantae Tracheophyta Magnoliopsida Asterales Asteraceae Cyclachaena,EXACT_MATCH_PRIMARY_SOURCE_ACCEPTED_AMONG_SYNONYMS_SIMPLE
Cyclachaena xanthiifolia (Nutt.) Fresen.,Cyclachaena xanthiifolia,Cyclachaena xanthiifolia (Nutt.) Fresen.,Plantae Tracheophyta Magnoliopsida Asterales Asteraceae Cyclachaena xanthiifolia,EXACT_MATCH_PRIMARY_SOURCE_ACCEPTED_SIMPLE
Cycloloma Moq.,Dysphania ,Cycloloma Moq.,Plantae Tracheophyta Magnoliopsida Caryophyllales Amaranthaceae Dysphania,MULTI_EXACT_MATCH_PRIMARY_SOURCE_SYNONYMS_INFRASPECIFIC_SCORE
Cycloloma atriplicifolium (Spreng.) J.M. Coult.,Dysphania atriplicifolia,Cycloloma atriplicifolium (Spreng.) J.M. Coult.,Plantae Tracheophyta Magnoliopsida Caryophyllales Amaranthaceae Dysphania atriplicifolia,EXACT_MATCH_PRIMARY_SOURCE_SYNONYM_SIMPLE
Cyclospermum Lag.,Cyclospermum ,Cyclospermum Lag.,Plantae Tracheophyta Magnoliopsida Apiales Apiaceae Cyclospermum,EXACT_MATCH_PRIMARY_SOURCE_ACCEPTED_AUTHOR_DISAMBIGUATION
Cyclospermum leptophyllum (Pers.) Sprague ex Britton & P. Wilson,Cyclospermum leptophyllum,Cyclospermum leptophyllum (Pers.) Sprague ex Britton & P. Wilson,Plantae Tracheophyta Magnoliopsida Apiales Apiaceae Cyclospermum leptophyllum,EXACT_MATCH_PRIMARY_SOURCE_ACCEPTED_AMONG_SYNONYMS_SIMPLE
Cymbalaria Hill,Cymbalaria ,Cymbalaria Hill,Plantae Tracheophyta Magnoliopsida Lamiales Plantaginaceae Cymbalaria,EXACT_MATCH_PRIMARY_SOURCE_ACCEPTED_AUTHOR_DISAMBIGUATION
"Cymbalaria muralis G. Gaertn., B. Mey. & Scherb.",Cymbalaria muralis,"Cymbalaria muralis G. Gaertn., B. Mey. & Scherb.",Plantae Tracheophyta Magnoliopsida Lamiales Plantaginaceae Cymbalaria muralis,EXACT_MATCH_PRIMARY_SOURCE_ACCEPTED_SIMPLE
Cymophyllus Mack. ex Britton,Cymophyllus ,Cymophyllus Mack. ex Britton,Plantae Tracheophyta Liliopsida Poales Cyperaceae Cymophyllus,EXACT_MATCH_PRIMARY_SOURCE_ACCEPTED_AMONG_SYNONYMS_SIMPLE
Cymophyllus fraserianus (Ker Gawl.) Kartesz & Gandhi,Carex fraseriana,Cymophyllus fraserianus (Ker Gawl.) Kartesz & Gandhi,Plantae Tracheophyta Liliopsida Poales Cyperaceae Carex fraseriana,EXACT_MATCH_PRIMARY_SOURCE_SYNONYM_SIMPLE
Cynanchum L.,Cynanchum ,Cynanchum L.,Plantae Tracheophyta Magnoliopsida Gentianales Apocynaceae Cynanchum,EXACT_MATCH_PRIMARY_SOURCE_ACCEPTED_AUTHOR_DISAMBIGUATION
Cynanchum laeve (Michx.) Pers.,Cynanchum laeve,Cynanchum laeve (Michx.) Pers.,Plantae Tracheophyta Magnoliopsida Gentianales Apocynaceae Cynanchum laeve,EXACT_MATCH_PRIMARY_SOURCE_ACCEPTED_AMONG_SYNONYMS_SIMPLE
Cynodon Rich.,Cynodon ,Cynodon Rich.,Plantae Tracheophyta Liliopsida Poales Poaceae Cynodon,EXACT_MATCH_PRIMARY_SOURCE_ACCEPTED_AUTHOR_DISAMBIGUATION
Cynodon dactylon (L.) Pers.,Cynodon dactylon,Cynodon dactylon (L.) Pers.,Plantae Tracheophyta Liliopsida Poales Poaceae Cynodon dactylon,EXACT_MATCH_PRIMARY_SOURCE_ACCEPTED_SIMPLE
Cynoglossum L.,Cynoglossum ,Cynoglossum L.,Plantae Tracheophyta Magnoliopsida Boraginales Boraginaceae Cynoglossum,EXACT_MATCH_PRIMARY_SOURCE_ACCEPTED_SIMPLE
Cynoglossum officinale L.,Cynoglossum officinale,Cynoglossum officinale L.,Plantae Tracheophyta Magnoliopsida Boraginales Boraginaceae Cynoglossum officinale,EXACT_MATCH_PRIMARY_SOURCE_ACCEPTED_AUTHOR_DISAMBIGUATION
Cynoglossum virginianum L.,Andersonglossum virginianum,Cynoglossum virginianum L.,Plantae Tracheophyta Magnoliopsida Boraginales Boraginaceae Andersonglossum virginianum,EXACT_MATCH_PRIMARY_SOURCE_SYNONYM_SIMPLE
Cynosurus L.,Cynosurus ,Cynosurus L.,Plantae Tracheophyta Liliopsida Poales Poaceae Cynosurus,EXACT_MATCH_PRIMARY_SOURCE_ACCEPTED_SIMPLE
Cynosurus cristatus L.,Cynosurus cristatus,Cynosurus cristatus L.,Plantae Tracheophyta Liliopsida Poales Poaceae Cynosurus cristatus,EXACT_MATCH_PRIMARY_SOURCE_ACCEPTED_SIMPLE
Cynosurus echinatus L.,Cynosurus echinatus,Cynosurus echinatus L.,Plantae Tracheophyta Liliopsida Poales Poaceae Cynosurus echinatus,EXACT_MATCH_PRIMARY_SOURCE_ACCEPTED_SIMPLE
Cyperus L.,Cyperus ,Cyperus L.,Plantae Tracheophyta Liliopsida Poales Cyperaceae Cyperus,EXACT_MATCH_PRIMARY_SOURCE_ACCEPTED_AUTHOR_DISAMBIGUATION
Cyperus acuminatus Torr. & Hook. ex Torr.,Cyperus acuminatus,Cyperus acuminatus Torr. & Hook. ex Torr.,Plantae Tracheophyta Liliopsida Poales Cyperaceae Cyperus acuminatus,EXACT_MATCH_PRIMARY_SOURCE_ACCEPTED_AMONG_SYNONYMS_SIMPLE
Cyperus bipartitus Torr.,Cyperus bipartitus,Cyperus bipartitus Torr.,Plantae Tracheophyta Liliopsida Poales Cyperaceae Cyperus bipartitus,EXACT_MATCH_PRIMARY_SOURCE_ACCEPTED_SIMPLE
Cyperus compressus L.,Cyperus compressus,Cyperus compressus L.,Plantae Tracheophyta Liliopsida Poales Cyperaceae Cyperus compressus,EXACT_MATCH_PRIMARY_SOURCE_ACCEPTED_AUTHOR_DISAMBIGUATION
Cyperus croceus Vahl,Cyperus croceus,Cyperus croceus Vahl,Plantae Tracheophyta Liliopsida Poales Cyperaceae Cyperus croceus,EXACT_MATCH_PRIMARY_SOURCE_ACCEPTED_SIMPLE
Cyperus dentatus Torr.,Cyperus dentatus,Cyperus dentatus Torr.,Plantae Tracheophyta Liliopsida Poales Cyperaceae Cyperus dentatus,EXACT_MATCH_PRIMARY_SOURCE_ACCEPTED_SIMPLE
Cyperus diandrus Torr.,Cyperus diandrus,Cyperus diandrus Torr.,Plantae Tracheophyta Liliopsida Poales Cyperaceae Cyperus diandrus,EXACT_MATCH_PRIMARY_SOURCE_ACCEPTED_AMONG_SYNONYMS_SIMPLE
Cyperus difformis L.,Cyperus difformis,Cyperus difformis L.,Plantae Tracheophyta Liliopsida Poales Cyperaceae Cyperus difformis,EXACT_MATCH_PRIMARY_SOURCE_ACCEPTED_AUTHOR_DISAMBIGUATION
Cyperus echinatus (L.) Alph. Wood,Cyperus echinatus,Cyperus echinatus (L.) Alph. Wood,Plantae Tracheophyta Liliopsida Poales Cyperaceae Cyperus echinatus,EXACT_MATCH_PRIMARY_SOURCE_MULT_ACCEPTED
Cyperus esculentus L.,Cyperus esculentus,Cyperus esculentus L.,Plantae Tracheophyta Liliopsida Poales Cyperaceae Cyperus esculentus,EXACT_MATCH_PRIMARY_SOURCE_ACCEPTED_AUTHOR_DISAMBIGUATION
Cyperus filicinus Vahl,Cyperus filicinus,Cyperus filicinus Vahl,Plantae Tracheophyta Liliopsida Poales Cyperaceae Cyperus filicinus,EXACT_MATCH_PRIMARY_SOURCE_ACCEPTED_AUTHOR_DISAMBIGUATION
Cyperus flavescens L.,Cyperus flavescens,Cyperus flavescens L.,Plantae Tracheophyta Liliopsida Poales Cyperaceae Cyperus flavescens,EXACT_MATCH_PRIMARY_SOURCE_ACCEPTED_AUTHOR_DISAMBIGUATION
Cyperus flavicomus Michx.,Cyperus flavicomus,Cyperus flavicomus Michx.,Plantae Tracheophyta Liliopsida Poales Cyperaceae Cyperus flavicomus,EXACT_MATCH_PRIMARY_SOURCE_MULT_ACCEPTED
Cyperus fuscus L.,Cyperus fuscus,Cyperus fuscus L.,Plantae Tracheophyta Liliopsida Poales Cyperaceae Cyperus fuscus,EXACT_MATCH_PRIMARY_SOURCE_ACCEPTED_SIMPLE
Cyperus granitophilus McVaugh,Cyperus granitophilus,Cyperus granitophilus McVaugh,Plantae Tracheophyta Liliopsida Poales Cyperaceae Cyperus granitophilus,EXACT_MATCH_PRIMARY_SOURCE_ACCEPTED_SIMPLE
Cyperus grayi Torr.,Cyperus grayi,Cyperus grayi Torr.,Plantae Tracheophyta Liliopsida Poales Cyperaceae Cyperus grayi,EXACT_MATCH_PRIMARY_SOURCE_ACCEPTED_SIMPLE
Cyperus haspan L.,Cyperus haspan,Cyperus haspan L.,Plantae Tracheophyta Liliopsida Poales Cyperaceae Cyperus haspan,EXACT_MATCH_PRIMARY_SOURCE_ACCEPTED_AUTHOR_DISAMBIGUATION
Cyperus houghtonii Torr.,Cyperus houghtonii,Cyperus houghtonii Torr.,Plantae Tracheophyta Liliopsida Poales Cyperaceae Cyperus houghtonii,EXACT_MATCH_PRIMARY_SOURCE_ACCEPTED_SIMPLE
Cyperus hystricinus Fernald,Cyperus hystricinus,Cyperus hystricinus Fernald,Plantae Tracheophyta Liliopsida Poales Cyperaceae Cyperus hystricinus,EXACT_MATCH_PRIMARY_SOURCE_ACCEPTED_SIMPLE
Cyperus iria L.,Cyperus iria,Cyperus iria L.,Plantae Tracheophyta Liliopsida Poales Cyperaceae Cyperus iria,EXACT_MATCH_PRIMARY_SOURCE_ACCEPTED_SIMPLE
Cyperus lancastriensis Porter ex A. Gray,Cyperus lancastriensis,Cyperus lancastriensis Porter ex A. Gray,Plantae Tracheophyta Liliopsida Poales Cyperaceae Cyperus lancastriensis,EXACT_MATCH_PRIMARY_SOURCE_ACCEPTED_SIMPLE
Cyperus lupulinus (Spreng.) Marcks,Cyperus lupulinus,Cyperus lupulinus (Spreng.) Marcks,Plantae Tracheophyta Liliopsida Poales Cyperaceae Cyperus lupulinus,EXACT_MATCH_PRIMARY_SOURCE_ACCEPTED_SIMPLE
Cyperus odoratus L.,Cyperus odoratus,Cyperus odoratus L.,Plantae Tracheophyta Liliopsida Poales Cyperaceae Cyperus odoratus,EXACT_MATCH_PRIMARY_SOURCE_ACCEPTED_AUTHOR_DISAMBIGUATION
Cyperus plukenetii Fernald,Cyperus plukenetii,Cyperus plukenetii Fernald,Plantae Tracheophyta Liliopsida Poales Cyperaceae Cyperus plukenetii,EXACT_MATCH_PRIMARY_SOURCE_ACCEPTED_SIMPLE
Cyperus pseudovegetus Steud.,Cyperus pseudovegetus,Cyperus pseudovegetus Steud.,Plantae Tracheophyta Liliopsida Poales Cyperaceae Cyperus pseudovegetus,EXACT_MATCH_PRIMARY_SOURCE_ACCEPTED_SIMPLE
Cyperus refractus Engelm. ex Boeckeler,Cyperus refractus,Cyperus refractus Engelm. ex Boeckeler,Plantae Tracheophyta Liliopsida Poales Cyperaceae Cyperus refractus,EXACT_MATCH_PRIMARY_SOURCE_ACCEPTED_AMONG_SYNONYMS_SIMPLE
Cyperus retrofractus (L.) Torr.,Cyperus retrofractus,Cyperus retrofractus (L.) Torr.,Plantae Tracheophyta Liliopsida Poales Cyperaceae Cyperus retrofractus,EXACT_MATCH_PRIMARY_SOURCE_ACCEPTED_AUTHOR_DISAMBIGUATION
Cyperus retrorsus Chapm.,Cyperus retrorsus,Cyperus retrorsus Chapm.,Plantae Tracheophyta Liliopsida Poales Cyperaceae Cyperus retrorsus,EXACT_MATCH_PRIMARY_SOURCE_ACCEPTED_AUTHOR_DISAMBIGUATION
Cyperus rotundus L.,Cyperus rotundus,Cyperus rotundus L.,Plantae Tracheophyta Liliopsida Poales Cyperaceae Cyperus rotundus,EXACT_MATCH_PRIMARY_SOURCE_ACCEPTED_AUTHOR_DISAMBIGUATION
Cyperus squarrosus L.,Cyperus squarrosus,Cyperus squarrosus L.,Plantae Tracheophyta Liliopsida Poales Cyperaceae Cyperus squarrosus,EXACT_MATCH_PRIMARY_SOURCE_ACCEPTED_AUTHOR_DISAMBIGUATION
Cyperus strigosus L.,Cyperus strigosus,Cyperus strigosus L.,Plantae Tracheophyta Liliopsida Poales Cyperaceae Cyperus strigosus,EXACT_MATCH_PRIMARY_SOURCE_ACCEPTED_AUTHOR_DISAMBIGUATION
Cypripedium L.,Cypripedium ,Cypripedium L.,Plantae Tracheophyta Liliopsida Asparagales Orchidaceae Cypripedium,EXACT_MATCH_PRIMARY_SOURCE_ACCEPTED_AUTHOR_DISAMBIGUATION
Cypripedium acaule Aiton,Cypripedium acaule,Cypripedium acaule Aiton,Plantae Tracheophyta Liliopsida Asparagales Orchidaceae Cypripedium acaule,EXACT_MATCH_PRIMARY_SOURCE_ACCEPTED_SIMPLE
Cypripedium candidum Muhl. ex Willd.,Cypripedium candidum,Cypripedium candidum Muhl. ex Willd.,Plantae Tracheophyta Liliopsida Asparagales Orchidaceae Cypripedium candidum,EXACT_MATCH_PRIMARY_SOURCE_ACCEPTED_AMONG_SYNONYMS_SIMPLE
Cypripedium kentuckiense C.F. Reed,Cypripedium kentuckiense,Cypripedium kentuckiense C.F. Reed,Plantae Tracheophyta Liliopsida Asparagales Orchidaceae Cypripedium kentuckiense,EXACT_MATCH_PRIMARY_SOURCE_ACCEPTED_SIMPLE
Cypripedium parviflorum Salisb.,Cypripedium parviflorum,Cypripedium parviflorum Salisb.,Plantae Tracheophyta Liliopsida Asparagales Orchidaceae Cypripedium parviflorum,EXACT_MATCH_PRIMARY_SOURCE_ACCEPTED_AUTHOR_DISAMBIGUATION
Cypripedium reginae Walter,Cypripedium reginae,Cypripedium reginae Walter,Plantae Tracheophyta Liliopsida Asparagales Orchidaceae Cypripedium reginae,EXACT_MATCH_PRIMARY_SOURCE_ACCEPTED_SIMPLE
Cyrilla racemiflora L.,Cyrilla racemiflora,Cyrilla racemiflora L.,Plantae Tracheophyta Magnoliopsida Ericales Cyrillaceae Cyrilla racemiflora,EXACT_MATCH_PRIMARY_SOURCE_ACCEPTED_SIMPLE
Cyrtomium C. Presl,Cyrtomium ,Cyrtomium C. Presl,Plantae Tracheophyta Polypodiopsida Polypodiales Dryopteridaceae Cyrtomium,EXACT_MATCH_PRIMARY_SOURCE_MULT_ACCEPTED
Cyrtomium falcatum (L. f.) C. Presl,Cyrtomium falcatum,Cyrtomium falcatum (L. f.) C. Presl,Plantae Tracheophyta Polypodiopsida Polypodiales Dryopteridaceae Cyrtomium falcatum,EXACT_MATCH_PRIMARY_SOURCE_MULT_ACCEPTED
Cystopteris Bernh.,Cystopteris ,Cystopteris Bernh.,Plantae Tracheophyta Polypodiopsida Polypodiales Cystopteridaceae Cystopteris,EXACT_MATCH_PRIMARY_SOURCE_ACCEPTED_SIMPLE
Cystopteris bulbifera (L.) Bernh.,Cystopteris bulbifera,Cystopteris bulbifera (L.) Bernh.,Plantae Tracheophyta Polypodiopsida Polypodiales Cystopteridaceae Cystopteris bulbifera,EXACT_MATCH_PRIMARY_SOURCE_ACCEPTED_SIMPLE
Cystopteris fragilis (L.) Bernh.,Cystopteris fragilis,Cystopteris fragilis (L.) Bernh.,Plantae Tracheophyta Polypodiopsida Polypodiales Cystopteridaceae Cystopteris fragilis,EXACT_MATCH_PRIMARY_SOURCE_ACCEPTED_AUTHOR_DISAMBIGUATION
Cystopteris protrusa (Weath.) Blasdell,Cystopteris protrusa,Cystopteris protrusa (Weath.) Blasdell,Plantae Tracheophyta Polypodiopsida Polypodiales Cystopteridaceae Cystopteris protrusa,EXACT_MATCH_PRIMARY_SOURCE_ACCEPTED_SIMPLE
Cystopteris tennesseensis Shaver,Cystopteris tennesseensis,Cystopteris tennesseensis Shaver,Plantae Tracheophyta Polypodiopsida Polypodiales Cystopteridaceae Cystopteris tennesseensis,EXACT_MATCH_PRIMARY_SOURCE_ACCEPTED_SIMPLE
Cystopteris tenuis (Michx.) Desv.,Cystopteris tenuis,Cystopteris tenuis (Michx.) Desv.,Plantae Tracheophyta Polypodiopsida Polypodiales Cystopteridaceae Cystopteris tenuis,EXACT_MATCH_PRIMARY_SOURCE_ACCEPTED_SIMPLE
Cytisus Desf.,Cytisus ,Cytisus Desf.,Plantae Tracheophyta Magnoliopsida Fabales Fabaceae Cytisus,EXACT_MATCH_PRIMARY_SOURCE_ACCEPTED_AMONG_SYNONYMS_SIMPLE
Cytisus scoparius (L.) Link,Cytisus scoparius,Cytisus scoparius (L.) Link,Plantae Tracheophyta Magnoliopsida Fabales Fabaceae Cytisus scoparius,EXACT_MATCH_PRIMARY_SOURCE_ACCEPTED_SIMPLE
Dactylis L.,Dactylis ,Dactylis L.,Plantae Tracheophyta Liliopsida Poales Poaceae Dactylis,EXACT_MATCH_PRIMARY_SOURCE_ACCEPTED_SIMPLE
Dactylis glomerata L.,Dactylis glomerata,Dactylis glomerata L.,Plantae Tracheophyta Liliopsida Poales Poaceae Dactylis glomerata,EXACT_MATCH_PRIMARY_SOURCE_ACCEPTED_SIMPLE
Dactyloctenium Willd.,Dactyloctenium ,Dactyloctenium Willd.,Plantae Tracheophyta Liliopsida Poales Poaceae Dactyloctenium,EXACT_MATCH_PRIMARY_SOURCE_ACCEPTED_SIMPLE
Dactyloctenium aegyptium (L.) Willd.,Dactyloctenium aegyptium,Dactyloctenium aegyptium (L.) Willd.,Plantae Tracheophyta Liliopsida Poales Poaceae Dactyloctenium aegyptium,EXACT_MATCH_PRIMARY_SOURCE_ACCEPTED_AMONG_SYNONYMS_SIMPLE
Dactylorhiza Neck. ex Nevski,Dactylorhiza ,Dactylorhiza Neck. ex Nevski,Plantae Tracheophyta Liliopsida Asparagales Orchidaceae Dactylorhiza,EXACT_MATCH_PRIMARY_SOURCE_ACCEPTED_AUTHOR_DISAMBIGUATION
"Dactylorhiza viridis (L.) R.M. Bateman, A.M. Pridgeon & M.W. Chase",Dactylorhiza viridis,"Dactylorhiza viridis (L.) R.M. Bateman, A.M. Pridgeon & M.W. Chase",Plantae Tracheophyta Liliopsida Asparagales Orchidaceae Dactylorhiza viridis,EXACT_MATCH_PRIMARY_SOURCE_ACCEPTED_AMONG_SYNONYMS_SIMPLE
Dalea L.,Dalea ,Dalea L.,Plantae Tracheophyta Magnoliopsida Fabales Fabaceae Dalea,EXACT_MATCH_PRIMARY_SOURCE_ACCEPTED_AUTHOR_DISAMBIGUATION
Dalea leporina (Aiton) Bullock,Dalea leporina,Dalea leporina (Aiton) Bullock,Plantae Tracheophyta Magnoliopsida Fabales Fabaceae Dalea leporina,EXACT_MATCH_PRIMARY_SOURCE_ACCEPTED_AUTHOR_DISAMBIGUATION
Dalibarda L.,Dalibarda ,Dalibarda L.,Plantae Tracheophyta Magnoliopsida Rosales Rosaceae Dalibarda,EXACT_MATCH_PRIMARY_SOURCE_ACCEPTED_AUTHOR_DISAMBIGUATION
Dalibarda repens L.,Dalibarda repens,Dalibarda repens L.,Plantae Tracheophyta Magnoliopsida Rosales Rosaceae Dalibarda repens,EXACT_MATCH_PRIMARY_SOURCE_ACCEPTED_SIMPLE
Danthonia DC.,Danthonia ,Danthonia DC.,Plantae Tracheophyta Liliopsida Poales Poaceae Danthonia,EXACT_MATCH_PRIMARY_SOURCE_ACCEPTED_SIMPLE
Danthonia compressa Austin,Danthonia compressa,Danthonia compressa Austin,Plantae Tracheophyta Liliopsida Poales Poaceae Danthonia compressa,EXACT_MATCH_PRIMARY_SOURCE_ACCEPTED_SIMPLE
Danthonia epilis Scribn.,Danthonia sericea,Danthonia epilis Scribn.,Plantae Tracheophyta Liliopsida Poales Poaceae Danthonia sericea,EXACT_MATCH_PRIMARY_SOURCE_SYNONYM_SIMPLE
Danthonia spicata (L.) P. Beauv. ex Roem. & Schult.,Danthonia spicata,Danthonia spicata (L.) P. Beauv. ex Roem. & Schult.,Plantae Tracheophyta Liliopsida Poales Poaceae Danthonia spicata,EXACT_MATCH_PRIMARY_SOURCE_ACCEPTED_SIMPLE
Dasistoma Raf.,Dasistoma ,Dasistoma Raf.,Plantae Tracheophyta Magnoliopsida Lamiales Orobanchaceae Dasistoma,EXACT_MATCH_PRIMARY_SOURCE_ACCEPTED_SIMPLE
Dasistoma macrophylla (Nutt.) Raf.,Dasistoma macrophyllum,Dasistoma macrophylla (Nutt.) Raf.,Plantae Tracheophyta Magnoliopsida Lamiales Orobanchaceae Dasistoma macrophyllum,FUZZY_MATCH_PRIMARY_SOURCE_ACCEPTED
Datura L.,Datura ,Datura L.,Plantae Tracheophyta Magnoliopsida Solanales Solanaceae Datura,EXACT_MATCH_PRIMARY_SOURCE_ACCEPTED_SIMPLE
Datura stramonium L.,Datura stramonium,Datura stramonium L.,Plantae Tracheophyta Magnoliopsida Solanales Solanaceae Datura stramonium,EXACT_MATCH_PRIMARY_SOURCE_ACCEPTED_AUTHOR_DISAMBIGUATION
Datura wrightii Regel,Datura wrightii,Datura wrightii Regel,Plantae Tracheophyta Magnoliopsida Solanales Solanaceae Datura wrightii,EXACT_MATCH_PRIMARY_SOURCE_ACCEPTED_SIMPLE
Daucus L.,Daucus ,Daucus L.,Plantae Tracheophyta Magnoliopsida Apiales Apiaceae Daucus,EXACT_MATCH_PRIMARY_SOURCE_ACCEPTED_AUTHOR_DISAMBIGUATION
Daucus carota L.,Daucus carota,Daucus carota L.,Plantae Tracheophyta Magnoliopsida Apiales Apiaceae Daucus carota,EXACT_MATCH_PRIMARY_SOURCE_ACCEPTED_AMONG_SYNONYMS_SIMPLE
Daucus pusillus Michx.,Daucus pusillus,Daucus pusillus Michx.,Plantae Tracheophyta Magnoliopsida Apiales Apiaceae Daucus pusillus,EXACT_MATCH_PRIMARY_SOURCE_ACCEPTED_SIMPLE
Decodon J.F. Gmel.,Decodon ,Decodon J.F. Gmel.,Plantae Tracheophyta Magnoliopsida Myrtales Lythraceae Decodon,MULTI_EXACT_MATCH_PRIMARY_SOURCE_ACCEPTED_HOMONYM
Decodon verticillatus (L.) Elliott,Decodon verticillatus,Decodon verticillatus (L.) Elliott,Plantae Tracheophyta Magnoliopsida Myrtales Lythraceae Decodon verticillatus,EXACT_MATCH_PRIMARY_SOURCE_ACCEPTED_SIMPLE
Decumaria L.,Hydrangea ,Decumaria L.,Plantae Tracheophyta Magnoliopsida Cornales Hydrangeaceae Hydrangea,EXACT_MATCH_PRIMARY_SOURCE_SYNONYM_SIMPLE
Decumaria barbara L.,Hydrangea barbara,Decumaria barbara L.,Plantae Tracheophyta Magnoliopsida Cornales Hydrangeaceae Hydrangea barbara,EXACT_MATCH_PRIMARY_SOURCE_SYNONYM_SIMPLE
Delphinium L.,Delphinium ,Delphinium L.,Plantae Tracheophyta Magnoliopsida Ranunculales Ranunculaceae Delphinium,EXACT_MATCH_PRIMARY_SOURCE_ACCEPTED_SIMPLE
Delphinium exaltatum Aiton,Delphinium exaltatum,Delphinium exaltatum Aiton,Plantae Tracheophyta Magnoliopsida Ranunculales Ranunculaceae Delphinium exaltatum,EXACT_MATCH_PRIMARY_SOURCE_ACCEPTED_AMONG_SYNONYMS_SIMPLE
Delphinium tricorne Michx.,Delphinium tricorne,Delphinium tricorne Michx.,Plantae Tracheophyta Magnoliopsida Ranunculales Ranunculaceae Delphinium tricorne,EXACT_MATCH_PRIMARY_SOURCE_ACCEPTED_SIMPLE
Dennstaedtia Bernh.,Dennstaedtia ,Dennstaedtia Bernh.,Plantae Tracheophyta Polypodiopsida Polypodiales Dennstaedtiaceae Dennstaedtia,EXACT_MATCH_PRIMARY_SOURCE_ACCEPTED_AUTHOR_DISAMBIGUATION
Dennstaedtia punctilobula (Michx.) T. Moore,Sitobolium punctilobum,Dennstaedtia punctilobula (Michx.) T. Moore,Plantae Tracheophyta Polypodiopsida Polypodiales Dennstaedtiaceae Sitobolium punctilobum,EXACT_MATCH_PRIMARY_SOURCE_SYNONYM_SIMPLE
Deparia Hook. & Grev.,Deparia ,Deparia Hook. & Grev.,Plantae Tracheophyta Polypodiopsida Polypodiales Athyriaceae Deparia,EXACT_MATCH_PRIMARY_SOURCE_ACCEPTED_SIMPLE
Deparia acrostichoides (Sw.) M. Kato,Deparia acrostichoides,Deparia acrostichoides (Sw.) M. Kato,Plantae Tracheophyta Polypodiopsida Polypodiales Athyriaceae Deparia acrostichoides,EXACT_MATCH_PRIMARY_SOURCE_ACCEPTED_SIMPLE
Deschampsia cespitosa (L.) P. Beauv.,Deschampsia cespitosa,Deschampsia cespitosa (L.) P. Beauv.,Plantae Tracheophyta Liliopsida Poales Poaceae Deschampsia cespitosa,EXACT_MATCH_PRIMARY_SOURCE_ACCEPTED_SIMPLE
Deschampsia flexuosa (L.) Trin.,Avenella flexuosa,Deschampsia flexuosa (L.) Trin.,Plantae Tracheophyta Liliopsida Poales Poaceae Avenella flexuosa,MULTI_EXACT_MATCH_PRIMARY_SOURCE_SYNONYMS_INFRASPECIFIC_SCORE
Descurainia Webb & Bethel.,Descurainia ,Descurainia Webb & Bethel.,Plantae Tracheophyta Magnoliopsida Brassicales Brassicaceae Descurainia,EXACT_MATCH_PRIMARY_SOURCE_ACCEPTED_SIMPLE
Descurainia pinnata (Walter) Britton,Descurainia pinnata,Descurainia pinnata (Walter) Britton,Plantae Tracheophyta Magnoliopsida Brassicales Brassicaceae Descurainia pinnata,EXACT_MATCH_PRIMARY_SOURCE_ACCEPTED_SIMPLE
Descurainia sophia (L.) Webb ex Prantl,Descurainia sophia,Descurainia sophia (L.) Webb ex Prantl,Plantae Tracheophyta Magnoliopsida Brassicales Brassicaceae Descurainia sophia,EXACT_MATCH_PRIMARY_SOURCE_ACCEPTED_AMONG_SYNONYMS_SIMPLE
Desmanthus Willd.,Desmanthus ,Desmanthus Willd.,Plantae Tracheophyta Magnoliopsida Fabales Fabaceae Desmanthus,EXACT_MATCH_PRIMARY_SOURCE_ACCEPTED_AUTHOR_DISAMBIGUATION
Desmanthus illinoensis (Michx.) MacMill. ex B.L. Rob. & Fernald,Desmanthus illinoensis,Desmanthus illinoensis (Michx.) MacMill. ex B.L. Rob. & Fernald,Plantae Tracheophyta Magnoliopsida Fabales Fabaceae Desmanthus illinoensis,EXACT_MATCH_PRIMARY_SOURCE_ACCEPTED_AMONG_SYNONYMS_SIMPLE
Desmodium Desv.,Desmodium ,Desmodium Desv.,Plantae Tracheophyta Magnoliopsida Fabales Fabaceae Desmodium,EXACT_MATCH_PRIMARY_SOURCE_ACCEPTED_AUTHOR_DISAMBIGUATION
Desmodium canadense (L.) DC.,Desmodium canadense,Desmodium canadense (L.) DC.,Plantae Tracheophyta Magnoliopsida Fabales Fabaceae Desmodium canadense,EXACT_MATCH_PRIMARY_SOURCE_ACCEPTED_SIMPLE
Desmodium canescens (L.) DC.,Desmodium canescens,Desmodium canescens (L.) DC.,Plantae Tracheophyta Magnoliopsida Fabales Fabaceae Desmodium canescens,EXACT_MATCH_PRIMARY_SOURCE_ACCEPTED_AUTHOR_DISAMBIGUATION
Desmodium ciliare (Muhl. ex Willd.) DC.,Desmodium ciliare,Desmodium ciliare (Muhl. ex Willd.) DC.,Plantae Tracheophyta Magnoliopsida Fabales Fabaceae Desmodium ciliare,EXACT_MATCH_PRIMARY_SOURCE_ACCEPTED_SIMPLE
Desmodium cuspidatum (Muhl. ex Willd.) DC. ex D. Don,Desmodium cuspidatum,Desmodium cuspidatum (Muhl. ex Willd.) DC. ex D. Don,Plantae Tracheophyta Magnoliopsida Fabales Fabaceae Desmodium cuspidatum,EXACT_MATCH_PRIMARY_SOURCE_MULT_ACCEPTED
Desmodium fernaldii B.G. Schub.,Desmodium fernaldii,Desmodium fernaldii B.G. Schub.,Plantae Tracheophyta Magnoliopsida Fabales Fabaceae Desmodium fernaldii,EXACT_MATCH_PRIMARY_SOURCE_ACCEPTED_SIMPLE
Desmodium glabellum (Michx.) DC.,Desmodium glabellum,Desmodium glabellum (Michx.) DC.,Plantae Tracheophyta Magnoliopsida Fabales Fabaceae Desmodium glabellum,EXACT_MATCH_PRIMARY_SOURCE_ACCEPTED_SIMPLE
Desmodium glutinosum (Muhl. ex Willd.) Alph. Wood,Hylodesmum glutinosum,Desmodium glutinosum (Muhl. ex Willd.) Alph. Wood,Plantae Tracheophyta Magnoliopsida Fabales Fabaceae Hylodesmum glutinosum,MULTI_EXACT_MATCH_PRIMARY_SOURCE_SYNONYMS_INFRASPECIFIC_SCORE
Desmodium laevigatum (Nutt.) DC.,Desmodium laevigatum,Desmodium laevigatum (Nutt.) DC.,Plantae Tracheophyta Magnoliopsida Fabales Fabaceae Desmodium laevigatum,EXACT_MATCH_PRIMARY_SOURCE_ACCEPTED_SIMPLE
Desmodium lineatum DC.,Desmodium lineatum,Desmodium lineatum DC.,Plantae Tracheophyta Magnoliopsida Fabales Fabaceae Desmodium lineatum,EXACT_MATCH_PRIMARY_SOURCE_ACCEPTED_AMONG_SYNONYMS_SIMPLE
Desmodium marilandicum (L.) DC.,Desmodium marilandicum,Desmodium marilandicum (L.) DC.,Plantae Tracheophyta Magnoliopsida Fabales Fabaceae Desmodium marilandicum,EXACT_MATCH_PRIMARY_SOURCE_ACCEPTED_AUTHOR_DISAMBIGUATION
Desmodium nudiflorum (L.) DC.,Hylodesmum nudiflorum,Desmodium nudiflorum (L.) DC.,Plantae Tracheophyta Magnoliopsida Fabales Fabaceae Hylodesmum nudiflorum,EXACT_MATCH_PRIMARY_SOURCE_SYNONYM_SIMPLE
Desmodium nuttallii (Schindl.) B.G. Schub.,Desmodium nuttallii,Desmodium nuttallii (Schindl.) B.G. Schub.,Plantae Tracheophyta Magnoliopsida Fabales Fabaceae Desmodium nuttallii,EXACT_MATCH_PRIMARY_SOURCE_ACCEPTED_SIMPLE
Desmodium obtusum (Muhl. ex Willd.) DC.,Desmodium obtusum,Desmodium obtusum (Muhl. ex Willd.) DC.,Plantae Tracheophyta Magnoliopsida Fabales Fabaceae Desmodium obtusum,EXACT_MATCH_PRIMARY_SOURCE_ACCEPTED_SIMPLE
Desmodium ochroleucum M.A. Curtis ex Canby,Desmodium ochroleucum,Desmodium ochroleucum M.A. Curtis ex Canby,Plantae Tracheophyta Magnoliopsida Fabales Fabaceae Desmodium ochroleucum,EXACT_MATCH_PRIMARY_SOURCE_ACCEPTED_AMONG_SYNONYMS_SIMPLE
Desmodium paniculatum (L.) DC.,Desmodium paniculatum,Desmodium paniculatum (L.) DC.,Plantae Tracheophyta Magnoliopsida Fabales Fabaceae Desmodium paniculatum,EXACT_MATCH_PRIMARY_SOURCE_ACCEPTED_SIMPLE
Desmodium pauciflorum (Nutt.) DC.,Hylodesmum pauciflorum,Desmodium pauciflorum (Nutt.) DC.,Plantae Tracheophyta Magnoliopsida Fabales Fabaceae Hylodesmum pauciflorum,EXACT_MATCH_PRIMARY_SOURCE_SYNONYM_SIMPLE
Desmodium perplexum B.G. Schub.,Desmodium perplexum,Desmodium perplexum B.G. Schub.,Plantae Tracheophyta Magnoliopsida Fabales Fabaceae Desmodium perplexum,EXACT_MATCH_PRIMARY_SOURCE_ACCEPTED_SIMPLE
Desmodium rotundifolium DC.,Desmodium rotundifolium,Desmodium rotundifolium DC.,Plantae Tracheophyta Magnoliopsida Fabales Fabaceae Desmodium rotundifolium,EXACT_MATCH_PRIMARY_SOURCE_ACCEPTED_AMONG_SYNONYMS_SIMPLE
Desmodium sessilifolium (Torr.) Torr. & A. Gray,Desmodium sessilifolium,Desmodium sessilifolium (Torr.) Torr. & A. Gray,Plantae Tracheophyta Magnoliopsida Fabales Fabaceae Desmodium sessilifolium,EXACT_MATCH_PRIMARY_SOURCE_ACCEPTED_SIMPLE
Desmodium strictum (Pursh) DC.,Desmodium strictum,Desmodium strictum (Pursh) DC.,Plantae Tracheophyta Magnoliopsida Fabales Fabaceae Desmodium strictum,EXACT_MATCH_PRIMARY_SOURCE_ACCEPTED_SIMPLE
Desmodium tenuifolium Torr. & A. Gray,Desmodium tenuifolium,Desmodium tenuifolium Torr. & A. Gray,Plantae Tracheophyta Magnoliopsida Fabales Fabaceae Desmodium tenuifolium,EXACT_MATCH_PRIMARY_SOURCE_ACCEPTED_SIMPLE
Desmodium viridiflorum (L.) DC.,Desmodium viridiflorum,Desmodium viridiflorum (L.) DC.,Plantae Tracheophyta Magnoliopsida Fabales Fabaceae Desmodium viridiflorum,EXACT_MATCH_PRIMARY_SOURCE_ACCEPTED_AMONG_SYNONYMS_SIMPLE
Deutzia Thunb.,Deutzia ,Deutzia Thunb.,Plantae Tracheophyta Magnoliopsida Cornales Hydrangeaceae Deutzia,EXACT_MATCH_PRIMARY_SOURCE_ACCEPTED_SIMPLE
Deutzia scabra Thunb.,Deutzia scabra,Deutzia scabra Thunb.,Plantae Tracheophyta Magnoliopsida Cornales Hydrangeaceae Deutzia scabra,EXACT_MATCH_PRIMARY_SOURCE_ACCEPTED_AUTHOR_DISAMBIGUATION
Diamorpha Nutt.,Sedum ,Diamorpha Nutt.,Plantae Tracheophyta Magnoliopsida Saxifragales Crassulaceae Sedum,EXACT_MATCH_PRIMARY_SOURCE_SYNONYM_SIMPLE
Diamorpha smallii Britton ex Small,Sedum smallii,Diamorpha smallii Britton ex Small,Plantae Tracheophyta Magnoliopsida Saxifragales Crassulaceae Sedum smallii,EXACT_MATCH_PRIMARY_SOURCE_ACCEPTED_AMONG_SYNONYMS_SIMPLE
Dianthus L.,Dianthus ,Dianthus L.,Plantae Tracheophyta Magnoliopsida Caryophyllales Caryophyllaceae Dianthus,EXACT_MATCH_PRIMARY_SOURCE_ACCEPTED_SIMPLE
Dianthus armeria L.,Dianthus armeria,Dianthus armeria L.,Plantae Tracheophyta Magnoliopsida Caryophyllales Caryophyllaceae Dianthus armeria,EXACT_MATCH_PRIMARY_SOURCE_ACCEPTED_SIMPLE
Dianthus barbatus L.,Dianthus barbatus,Dianthus barbatus L.,Plantae Tracheophyta Magnoliopsida Caryophyllales Caryophyllaceae Dianthus barbatus,EXACT_MATCH_PRIMARY_SOURCE_ACCEPTED_AMONG_SYNONYMS_SIMPLE
Dianthus deltoides L.,Dianthus deltoides,Dianthus deltoides L.,Plantae Tracheophyta Magnoliopsida Caryophyllales Caryophyllaceae Dianthus deltoides,EXACT_MATCH_PRIMARY_SOURCE_ACCEPTED_AUTHOR_DISAMBIGUATION
Diarrhena P. Beauv.,Diarrhena ,Diarrhena P. Beauv.,Plantae Tracheophyta Liliopsida Poales Poaceae Diarrhena,EXACT_MATCH_PRIMARY_SOURCE_ACCEPTED_SIMPLE
Diarrhena americana P. Beauv.,Diarrhena americana,Diarrhena americana P. Beauv.,Plantae Tracheophyta Liliopsida Poales Poaceae Diarrhena americana,EXACT_MATCH_PRIMARY_SOURCE_ACCEPTED_SIMPLE
Diarrhena obovata (Gleason) Brandenburg,Diarrhena obovata,Diarrhena obovata (Gleason) Brandenburg,Plantae Tracheophyta Liliopsida Poales Poaceae Diarrhena obovata,EXACT_MATCH_PRIMARY_SOURCE_ACCEPTED_SIMPLE
Dicentra Bernh.,Dicentra ,Dicentra Bernh.,Plantae Tracheophyta Magnoliopsida Ranunculales Papaveraceae Dicentra,EXACT_MATCH_PRIMARY_SOURCE_ACCEPTED_AUTHOR_DISAMBIGUATION
Dicentra canadensis (Goldie) Walp.,Dicentra canadensis,Dicentra canadensis (Goldie) Walp.,Plantae Tracheophyta Magnoliopsida Ranunculales Papaveraceae Dicentra canadensis,EXACT_MATCH_PRIMARY_SOURCE_ACCEPTED_SIMPLE
Dicentra cucullaria (L.) Bernh.,Dicentra cucullaria,Dicentra cucullaria (L.) Bernh.,Plantae Tracheophyta Magnoliopsida Ranunculales Papaveraceae Dicentra cucullaria,EXACT_MATCH_PRIMARY_SOURCE_ACCEPTED_SIMPLE
Dicentra eximia (Ker Gawl.) Torr.,Dicentra eximia,Dicentra eximia (Ker Gawl.) Torr.,Plantae Tracheophyta Magnoliopsida Ranunculales Papaveraceae Dicentra eximia,EXACT_MATCH_PRIMARY_SOURCE_ACCEPTED_SIMPLE
Dichanthelium (Hitchc. & Chase) Gould,Dichanthelium ,Dichanthelium (Hitchc. & Chase) Gould,Plantae Tracheophyta Liliopsida Poales Poaceae Dichanthelium,EXACT_MATCH_PRIMARY_SOURCE_ACCEPTED_SIMPLE
Dichanthelium aciculare (Desv. ex Poir.) Gould & C.A. Clark,Dichanthelium aciculare,Dichanthelium aciculare (Desv. ex Poir.) Gould & C.A. Clark,Plantae Tracheophyta Liliopsida Poales Poaceae Dichanthelium aciculare,EXACT_MATCH_PRIMARY_SOURCE_ACCEPTED_SIMPLE
Dichanthelium acuminatum (Sw.) Gould & C.A. Clark,Dichanthelium acuminatum,Dichanthelium acuminatum (Sw.) Gould & C.A. Clark,Plantae Tracheophyta Liliopsida Poales Poaceae Dichanthelium acuminatum,EXACT_MATCH_PRIMARY_SOURCE_ACCEPTED_SIMPLE
Dichanthelium acuminatum (Sw.) Gould & C.A. Clark var. fasciculatum (Torr.) Freckmann,Dichanthelium lanuginosum,Dichanthelium acuminatum (Sw.) Gould & C.A. Clark var. fasciculatum (Torr.) Freckmann,Plantae Tracheophyta Liliopsida Poales Poaceae Dichanthelium lanuginosum,MULTI_EXACT_MATCH_PRIMARY_SOURCE_SYNONYMS_INFRASPECIFIC_SCORE
Dichanthelium acuminatum (Sw.) Gould & C.A. Clark var. lindheimeri (Nash) Gould & C.A. Clark,Dichanthelium lindheimeri,Dichanthelium acuminatum (Sw.) Gould & C.A. Clark var. lindheimeri (Nash) Gould & C.A. Clark,Plantae Tracheophyta Liliopsida Poales Poaceae Dichanthelium lindheimeri,MULTI_EXACT_MATCH_PRIMARY_SOURCE_SYNONYMS_INFRASPECIFIC_SCORE
Dichanthelium boreale (Nash) Freckmann,Dichanthelium boreale,Dichanthelium boreale (Nash) Freckmann,Plantae Tracheophyta Liliopsida Poales Poaceae Dichanthelium boreale,EXACT_MATCH_PRIMARY_SOURCE_ACCEPTED_SIMPLE
Dichanthelium boscii (Poir.) Gould & C.A. Clark,Dichanthelium boscii,Dichanthelium boscii (Poir.) Gould & C.A. Clark,Plantae Tracheophyta Liliopsida Poales Poaceae Dichanthelium boscii,EXACT_MATCH_PRIMARY_SOURCE_ACCEPTED_SIMPLE
Dichanthelium clandestinum (L.) Gould,Dichanthelium clandestinum,Dichanthelium clandestinum (L.) Gould,Plantae Tracheophyta Liliopsida Poales Poaceae Dichanthelium clandestinum,EXACT_MATCH_PRIMARY_SOURCE_ACCEPTED_SIMPLE
Dichanthelium commutatum (Schult.) Gould,Dichanthelium commutatum,Dichanthelium commutatum (Schult.) Gould,Plantae Tracheophyta Liliopsida Poales Poaceae Dichanthelium commutatum,EXACT_MATCH_PRIMARY_SOURCE_ACCEPTED_SIMPLE
Dichanthelium consanguineum (Kunth) Gould & C.A. Clark,Dichanthelium consanguineum,Dichanthelium consanguineum (Kunth) Gould & C.A. Clark,Plantae Tracheophyta Liliopsida Poales Poaceae Dichanthelium consanguineum,EXACT_MATCH_PRIMARY_SOURCE_ACCEPTED_SIMPLE
Dichanthelium depauperatum (Muhl.) Gould,Dichanthelium depauperatum,Dichanthelium depauperatum (Muhl.) Gould,Plantae Tracheophyta Liliopsida Poales Poaceae Dichanthelium depauperatum,EXACT_MATCH_PRIMARY_SOURCE_ACCEPTED_SIMPLE
Dichanthelium dichotomum (L.) Gould,Dichanthelium dichotomum,Dichanthelium dichotomum (L.) Gould,Plantae Tracheophyta Liliopsida Poales Poaceae Dichanthelium dichotomum,EXACT_MATCH_PRIMARY_SOURCE_ACCEPTED_SIMPLE
Dichanthelium latifolium (L.) Gould & C.A. Clark,Dichanthelium latifolium,Dichanthelium latifolium (L.) Gould & C.A. Clark,Plantae Tracheophyta Liliopsida Poales Poaceae Dichanthelium latifolium,EXACT_MATCH_PRIMARY_SOURCE_ACCEPTED_AMONG_SYNONYMS_SIMPLE
Dichanthelium laxiflorum (Lam.) Gould,Dichanthelium laxiflorum,Dichanthelium laxiflorum (Lam.) Gould,Plantae Tracheophyta Liliopsida Poales Poaceae Dichanthelium laxiflorum,EXACT_MATCH_PRIMARY_SOURCE_ACCEPTED_SIMPLE
Dichanthelium leucothrix (Nash) Freckmann,Dichanthelium leucothrix,Dichanthelium leucothrix (Nash) Freckmann,Plantae Tracheophyta Liliopsida Poales Poaceae Dichanthelium leucothrix,EXACT_MATCH_PRIMARY_SOURCE_ACCEPTED_SIMPLE
Dichanthelium linearifolium (Scribn. ex Nash) Gould,Dichanthelium linearifolium,Dichanthelium linearifolium (Scribn. ex Nash) Gould,Plantae Tracheophyta Liliopsida Poales Poaceae Dichanthelium linearifolium,EXACT_MATCH_PRIMARY_SOURCE_ACCEPTED_SIMPLE
Dichanthelium longiligulatum (Nash) Freckmann,Dichanthelium longiligulatum,Dichanthelium longiligulatum (Nash) Freckmann,Plantae Tracheophyta Liliopsida Poales Poaceae Dichanthelium longiligulatum,EXACT_MATCH_PRIMARY_SOURCE_ACCEPTED_SIMPLE
Dichanthelium meridionale (Ashe) Freckmann,Dichanthelium meridionale,Dichanthelium meridionale (Ashe) Freckmann,Plantae Tracheophyta Liliopsida Poales Poaceae Dichanthelium meridionale,EXACT_MATCH_PRIMARY_SOURCE_ACCEPTED_SIMPLE
Dichanthelium oligosanthes (Schult.) Gould,Dichanthelium oligosanthes,Dichanthelium oligosanthes (Schult.) Gould,Plantae Tracheophyta Liliopsida Poales Poaceae Dichanthelium oligosanthes,EXACT_MATCH_PRIMARY_SOURCE_ACCEPTED_SIMPLE
Dichanthelium oligosanthes (Schult.) Gould var. scribnerianum (Nash) Gould,Dichanthelium scribnerianum,Dichanthelium oligosanthes (Schult.) Gould var. scribnerianum (Nash) Gould,Plantae Tracheophyta Liliopsida Poales Poaceae Dichanthelium scribnerianum,MULTI_EXACT_MATCH_PRIMARY_SOURCE_SYNONYMS_INFRASPECIFIC_SCORE
Dichanthelium ovale (Elliott) Gould & C.A. Clark,Dichanthelium ovale,Dichanthelium ovale (Elliott) Gould & C.A. Clark,Plantae Tracheophyta Liliopsida Poales Poaceae Dichanthelium ovale,EXACT_MATCH_PRIMARY_SOURCE_ACCEPTED_SIMPLE
Dichanthelium ravenelii (Scribn. & Merr.) Gould,Dichanthelium ravenelii,Dichanthelium ravenelii (Scribn. & Merr.) Gould,Plantae Tracheophyta Liliopsida Poales Poaceae Dichanthelium ravenelii,EXACT_MATCH_PRIMARY_SOURCE_ACCEPTED_SIMPLE
Dichanthelium sabulorum (Lam.) Gould & C.A. Clark,Dichanthelium sabulorum,Dichanthelium sabulorum (Lam.) Gould & C.A. Clark,Plantae Tracheophyta Liliopsida Poales Poaceae Dichanthelium sabulorum,EXACT_MATCH_PRIMARY_SOURCE_ACCEPTED_SIMPLE
Dichanthelium scabriusculum (Elliott) Gould & C.A. Clark,Dichanthelium scabriusculum,Dichanthelium scabriusculum (Elliott) Gould & C.A. Clark,Plantae Tracheophyta Liliopsida Poales Poaceae Dichanthelium scabriusculum,EXACT_MATCH_PRIMARY_SOURCE_ACCEPTED_SIMPLE
Dichanthelium scoparium (Lam.) Gould,Dichanthelium scoparium,Dichanthelium scoparium (Lam.) Gould,Plantae Tracheophyta Liliopsida Poales Poaceae Dichanthelium scoparium,EXACT_MATCH_PRIMARY_SOURCE_ACCEPTED_SIMPLE
Dichanthelium sphaerocarpon (Elliott) Gould,Dichanthelium sphaerocarpon,Dichanthelium sphaerocarpon (Elliott) Gould,Plantae Tracheophyta Liliopsida Poales Poaceae Dichanthelium sphaerocarpon,EXACT_MATCH_PRIMARY_SOURCE_ACCEPTED_SIMPLE
Dichanthelium spretum (Schult.) Freckmann,Dichanthelium spretum,Dichanthelium spretum (Schult.) Freckmann,Plantae Tracheophyta Liliopsida Poales Poaceae Dichanthelium spretum,EXACT_MATCH_PRIMARY_SOURCE_ACCEPTED_SIMPLE
Dichanthelium strigosum (Muhl. ex Elliott) Freckmann,Dichanthelium strigosum,Dichanthelium strigosum (Muhl. ex Elliott) Freckmann,Plantae Tracheophyta Liliopsida Poales Poaceae Dichanthelium strigosum,EXACT_MATCH_PRIMARY_SOURCE_ACCEPTED_SIMPLE
Dichanthelium villosissimum (Nash) Freckmann,Dichanthelium villosissimum,Dichanthelium villosissimum (Nash) Freckmann,Plantae Tracheophyta Liliopsida Poales Poaceae Dichanthelium villosissimum,EXACT_MATCH_PRIMARY_SOURCE_ACCEPTED_SIMPLE
Dichanthelium wrightianum (Scribn.) Freckmann,Dichanthelium wrightianum,Dichanthelium wrightianum (Scribn.) Freckmann,Plantae Tracheophyta Liliopsida Poales Poaceae Dichanthelium wrightianum,EXACT_MATCH_PRIMARY_SOURCE_ACCEPTED_SIMPLE
Dichondra J.R. Forst. & G. Forst.,Dichondra ,Dichondra J.R. Forst. & G. Forst.,Plantae Tracheophyta Magnoliopsida Solanales Convolvulaceae Dichondra,EXACT_MATCH_PRIMARY_SOURCE_ACCEPTED_SIMPLE
Dichondra carolinensis Michx.,Dichondra carolinensis,Dichondra carolinensis Michx.,Plantae Tracheophyta Magnoliopsida Solanales Convolvulaceae Dichondra carolinensis,EXACT_MATCH_PRIMARY_SOURCE_ACCEPTED_SIMPLE
Dicliptera Juss.,Dicliptera ,Dicliptera Juss.,Plantae Tracheophyta Magnoliopsida Lamiales Acanthaceae Dicliptera,EXACT_MATCH_PRIMARY_SOURCE_ACCEPTED_SIMPLE
Dicliptera brachiata (Pursh) Spreng.,Dicliptera brachiata,Dicliptera brachiata (Pursh) Spreng.,Plantae Tracheophyta Magnoliopsida Lamiales Acanthaceae Dicliptera brachiata,EXACT_MATCH_PRIMARY_SOURCE_ACCEPTED_AMONG_SYNONYMS_SIMPLE
Didiplis Raf.,Didiplis ,Didiplis Raf.,Plantae Tracheophyta Magnoliopsida Myrtales Lythraceae Didiplis,EXACT_MATCH_PRIMARY_SOURCE_ACCEPTED_SIMPLE
Didiplis diandra (Nutt. ex DC.) Alph. Wood,Didiplis diandra,Didiplis diandra (Nutt. ex DC.) Alph. Wood,Plantae Tracheophyta Magnoliopsida Myrtales Lythraceae Didiplis diandra,EXACT_MATCH_PRIMARY_SOURCE_ACCEPTED_SIMPLE
Diervilla Mill.,Diervilla ,Diervilla Mill.,Plantae Tracheophyta Magnoliopsida Dipsacales Caprifoliaceae Diervilla,EXACT_MATCH_PRIMARY_SOURCE_ACCEPTED_SIMPLE
Diervilla lonicera Mill.,Diervilla lonicera,Diervilla lonicera Mill.,Plantae Tracheophyta Magnoliopsida Dipsacales Caprifoliaceae Diervilla lonicera,EXACT_MATCH_PRIMARY_SOURCE_ACCEPTED_SIMPLE
Digitaria Haller,Digitaria ,Digitaria Haller,Plantae Tracheophyta Liliopsida Poales Poaceae Digitaria,EXACT_MATCH_PRIMARY_SOURCE_ACCEPTED_AUTHOR_DISAMBIGUATION
Digitaria bicornis (Lam.) Roem. & Schult.,Digitaria bicornis,Digitaria bicornis (Lam.) Roem. & Schult.,Plantae Tracheophyta Liliopsida Poales Poaceae Digitaria bicornis,EXACT_MATCH_PRIMARY_SOURCE_ACCEPTED_AUTHOR_DISAMBIGUATION
Digitaria ciliaris (Retz.) Koeler,Digitaria ciliaris,Digitaria ciliaris (Retz.) Koeler,Plantae Tracheophyta Liliopsida Poales Poaceae Digitaria ciliaris,EXACT_MATCH_PRIMARY_SOURCE_ACCEPTED_AMONG_SYNONYMS_SIMPLE
Digitaria filiformis (L.) Koeler,Digitaria filiformis,Digitaria filiformis (L.) Koeler,Plantae Tracheophyta Liliopsida Poales Poaceae Digitaria filiformis,EXACT_MATCH_PRIMARY_SOURCE_ACCEPTED_SIMPLE
Digitaria ischaemum (Schreb.) Schreb. ex Muhl.,Digitaria ischaemum,Digitaria ischaemum (Schreb.) Schreb. ex Muhl.,Plantae Tracheophyta Liliopsida Poales Poaceae Digitaria ischaemum,EXACT_MATCH_PRIMARY_SOURCE_ACCEPTED_AMONG_SYNONYMS_SIMPLE
Digitaria serotina (Walter) Michx.,Digitaria serotina,Digitaria serotina (Walter) Michx.,Plantae Tracheophyta Liliopsida Poales Poaceae Digitaria serotina,EXACT_MATCH_PRIMARY_SOURCE_ACCEPTED_SIMPLE
Digitaria villosa (Walter) Pers.,Digitaria villosa,Digitaria villosa (Walter) Pers.,Plantae Tracheophyta Liliopsida Poales Poaceae Digitaria villosa,EXACT_MATCH_PRIMARY_SOURCE_ACCEPTED_AMONG_SYNONYMS_SIMPLE
Diodia L.,Diodia ,Diodia L.,Plantae Tracheophyta Magnoliopsida Gentianales Rubiaceae Diodia,EXACT_MATCH_PRIMARY_SOURCE_ACCEPTED_AUTHOR_DISAMBIGUATION
Diodia radula Cham. & Schltdl.,Hexasepalum radulum,Diodia radula Cham. & Schltdl.,Plantae Tracheophyta Magnoliopsida Gentianales Rubiaceae Hexasepalum radulum,EXACT_MATCH_PRIMARY_SOURCE_SYNONYM_SIMPLE
Diodia teres Walter,Hexasepalum teres,Diodia teres Walter,Plantae Tracheophyta Magnoliopsida Gentianales Rubiaceae Hexasepalum teres,EXACT_MATCH_PRIMARY_SOURCE_SYNONYM_SIMPLE
Diodia virginiana L.,Diodia virginiana,Diodia virginiana L.,Plantae Tracheophyta Magnoliopsida Gentianales Rubiaceae Diodia virginiana,EXACT_MATCH_PRIMARY_SOURCE_ACCEPTED_SIMPLE
Dioscorea L.,Dioscorea ,Dioscorea L.,Plantae Tracheophyta Liliopsida Dioscoreales Dioscoreaceae Dioscorea,EXACT_MATCH_PRIMARY_SOURCE_ACCEPTED_SIMPLE
Dioscorea oppositifolia L.,Dioscorea oppositifolia,Dioscorea oppositifolia L.,Plantae Tracheophyta Liliopsida Dioscoreales Dioscoreaceae Dioscorea oppositifolia,EXACT_MATCH_PRIMARY_SOURCE_ACCEPTED_SIMPLE
Dioscorea quaternata J.F. Gmel.,Dioscorea quaternata,Dioscorea quaternata J.F. Gmel.,Plantae Tracheophyta Liliopsida Dioscoreales Dioscoreaceae Dioscorea quaternata,EXACT_MATCH_PRIMARY_SOURCE_ACCEPTED_AMONG_SYNONYMS_SIMPLE
Dioscorea villosa L.,Dioscorea villosa,Dioscorea villosa L.,Plantae Tracheophyta Liliopsida Dioscoreales Dioscoreaceae Dioscorea villosa,EXACT_MATCH_PRIMARY_SOURCE_ACCEPTED_AUTHOR_DISAMBIGUATION
Diospyros L.,Diospyros ,Diospyros L.,Plantae Tracheophyta Magnoliopsida Ericales Ebenaceae Diospyros,EXACT_MATCH_PRIMARY_SOURCE_ACCEPTED_SIMPLE
Diospyros virginiana L.,Diospyros virginiana,Diospyros virginiana L.,Plantae Tracheophyta Magnoliopsida Ericales Ebenaceae Diospyros virginiana,EXACT_MATCH_PRIMARY_SOURCE_ACCEPTED_SIMPLE
Diphylleia Michx.,Diphylleia ,Diphylleia Michx.,Plantae Tracheophyta Magnoliopsida Ranunculales Berberidaceae Diphylleia,EXACT_MATCH_PRIMARY_SOURCE_ACCEPTED_AUTHOR_DISAMBIGUATION
Diphylleia cymosa Michx.,Diphylleia cymosa,Diphylleia cymosa Michx.,Plantae Tracheophyta Magnoliopsida Ranunculales Berberidaceae Diphylleia cymosa,EXACT_MATCH_PRIMARY_SOURCE_ACCEPTED_SIMPLE
Diplazium Sw.,Diplazium ,Diplazium Sw.,Plantae Tracheophyta Polypodiopsida Polypodiales Athyriaceae Diplazium,EXACT_MATCH_PRIMARY_SOURCE_ACCEPTED_AUTHOR_DISAMBIGUATION
Diplazium pycnocarpon (Spreng.) Broun,Homalosorus pycnocarpos,Diplazium pycnocarpon (Spreng.) Broun,Plantae Tracheophyta Polypodiopsida Polypodiales Diplaziopsidaceae Homalosorus pycnocarpos,EXACT_MATCH_PRIMARY_SOURCE_SYNONYM_SIMPLE
Diplotaxis DC.,Diplotaxis ,Diplotaxis DC.,Plantae Tracheophyta Magnoliopsida Brassicales Brassicaceae Diplotaxis,EXACT_MATCH_PRIMARY_SOURCE_ACCEPTED_AUTHOR_DISAMBIGUATION
Diplotaxis muralis (L.) DC.,Diplotaxis muralis,Diplotaxis muralis (L.) DC.,Plantae Tracheophyta Magnoliopsida Brassicales Brassicaceae Diplotaxis muralis,EXACT_MATCH_PRIMARY_SOURCE_ACCEPTED_AUTHOR_DISAMBIGUATION
Diplotaxis tenuifolia (L.) DC.,Diplotaxis tenuifolia,Diplotaxis tenuifolia (L.) DC.,Plantae Tracheophyta Magnoliopsida Brassicales Brassicaceae Diplotaxis tenuifolia,EXACT_MATCH_PRIMARY_SOURCE_ACCEPTED_SIMPLE
Dipsacus L.,Dipsacus ,Dipsacus L.,Plantae Tracheophyta Magnoliopsida Dipsacales Caprifoliaceae Dipsacus,EXACT_MATCH_PRIMARY_SOURCE_ACCEPTED_SIMPLE
Dipsacus fullonum L.,Dipsacus fullonum,Dipsacus fullonum L.,Plantae Tracheophyta Magnoliopsida Dipsacales Caprifoliaceae Dipsacus fullonum,EXACT_MATCH_PRIMARY_SOURCE_ACCEPTED_AMONG_SYNONYMS_SIMPLE
Dipsacus laciniatus L.,Dipsacus laciniatus,Dipsacus laciniatus L.,Plantae Tracheophyta Magnoliopsida Dipsacales Caprifoliaceae Dipsacus laciniatus,EXACT_MATCH_PRIMARY_SOURCE_ACCEPTED_AUTHOR_DISAMBIGUATION
Dipsacus sativus (L.) Honck.,Dipsacus sativus,Dipsacus sativus (L.) Honck.,Plantae Tracheophyta Magnoliopsida Dipsacales Caprifoliaceae Dipsacus sativus,EXACT_MATCH_PRIMARY_SOURCE_ACCEPTED_AUTHOR_DISAMBIGUATION
Dirca L.,Dirca ,Dirca L.,Plantae Tracheophyta Magnoliopsida Malvales Thymelaeaceae Dirca,EXACT_MATCH_PRIMARY_SOURCE_ACCEPTED_SIMPLE
Dirca palustris L.,Dirca palustris,Dirca palustris L.,Plantae Tracheophyta Magnoliopsida Malvales Thymelaeaceae Dirca palustris,EXACT_MATCH_PRIMARY_SOURCE_ACCEPTED_SIMPLE
Distichlis Raf.,Distichlis ,Distichlis Raf.,Plantae Tracheophyta Liliopsida Poales Poaceae Distichlis,EXACT_MATCH_PRIMARY_SOURCE_ACCEPTED_SIMPLE
Distichlis spicata (L.) Greene,Distichlis spicata,Distichlis spicata (L.) Greene,Plantae Tracheophyta Liliopsida Poales Poaceae Distichlis spicata,EXACT_MATCH_PRIMARY_SOURCE_ACCEPTED_AUTHOR_DISAMBIGUATION
Dodecatheon L.,Dodecatheon ,Dodecatheon L.,Plantae Tracheophyta Magnoliopsida Ericales Primulaceae Dodecatheon,EXACT_MATCH_PRIMARY_SOURCE_ACCEPTED_SIMPLE
Dodecatheon meadia L.,Dodecatheon meadia,Dodecatheon meadia L.,Plantae Tracheophyta Magnoliopsida Ericales Primulaceae Dodecatheon meadia,EXACT_MATCH_PRIMARY_SOURCE_ACCEPTED_AMONG_SYNONYMS_SIMPLE
Doellingeria Nees,Doellingeria ,Doellingeria Nees,Plantae Tracheophyta Magnoliopsida Asterales Asteraceae Doellingeria,EXACT_MATCH_PRIMARY_SOURCE_ACCEPTED_SIMPLE
Doellingeria infirma (Michx.) Greene,Doellingeria infirma,Doellingeria infirma (Michx.) Greene,Plantae Tracheophyta Magnoliopsida Asterales Asteraceae Doellingeria infirma,EXACT_MATCH_PRIMARY_SOURCE_ACCEPTED_SIMPLE
Doellingeria umbellata (Mill.) Nees,Doellingeria umbellata,Doellingeria umbellata (Mill.) Nees,Plantae Tracheophyta Magnoliopsida Asterales Asteraceae Doellingeria umbellata,EXACT_MATCH_PRIMARY_SOURCE_ACCEPTED_SIMPLE
Draba L.,Draba ,Draba L.,Plantae Tracheophyta Magnoliopsida Brassicales Brassicaceae Draba,EXACT_MATCH_PRIMARY_SOURCE_ACCEPTED_SIMPLE
Draba brachycarpa Nutt. ex Torr. & A. Gray,Draba brachycarpa,Draba brachycarpa Nutt. ex Torr. & A. Gray,Plantae Tracheophyta Magnoliopsida Brassicales Brassicaceae Draba brachycarpa,EXACT_MATCH_PRIMARY_SOURCE_ACCEPTED_AMONG_SYNONYMS_SIMPLE
Draba ramosissima Desv.,Draba ramosissima,Draba ramosissima Desv.,Plantae Tracheophyta Magnoliopsida Brassicales Brassicaceae Draba ramosissima,EXACT_MATCH_PRIMARY_SOURCE_ACCEPTED_SIMPLE
Draba verna L.,Draba verna,Draba verna L.,Plantae Tracheophyta Magnoliopsida Brassicales Brassicaceae Draba verna,EXACT_MATCH_PRIMARY_SOURCE_ACCEPTED_SIMPLE
Drosera L.,Drosera ,Drosera L.,Plantae Tracheophyta Magnoliopsida Caryophyllales Droseraceae Drosera,EXACT_MATCH_PRIMARY_SOURCE_ACCEPTED_SIMPLE
Drosera brevifolia Pursh,Drosera brevifolia,Drosera brevifolia Pursh,Plantae Tracheophyta Magnoliopsida Caryophyllales Droseraceae Drosera brevifolia,EXACT_MATCH_PRIMARY_SOURCE_ACCEPTED_SIMPLE
Drosera capillaris Poir.,Drosera capillaris,Drosera capillaris Poir.,Plantae Tracheophyta Magnoliopsida Caryophyllales Droseraceae Drosera capillaris,EXACT_MATCH_PRIMARY_SOURCE_ACCEPTED_SIMPLE
Drosera intermedia Hayne,Drosera intermedia,Drosera intermedia Hayne,Plantae Tracheophyta Magnoliopsida Caryophyllales Droseraceae Drosera intermedia,EXACT_MATCH_PRIMARY_SOURCE_ACCEPTED_AUTHOR_DISAMBIGUATION
Drosera rotundifolia L.,Drosera rotundifolia,Drosera rotundifolia L.,Plantae Tracheophyta Magnoliopsida Caryophyllales Droseraceae Drosera rotundifolia,EXACT_MATCH_PRIMARY_SOURCE_ACCEPTED_AUTHOR_DISAMBIGUATION
Dryopteris Adans.,Dryopteris ,Dryopteris Adans.,Plantae Tracheophyta Polypodiopsida Polypodiales Dryopteridaceae Dryopteris,EXACT_MATCH_PRIMARY_SOURCE_ACCEPTED_AUTHOR_DISAMBIGUATION
Dryopteris campyloptera Clarkson,Dryopteris campyloptera,Dryopteris campyloptera Clarkson,Plantae Tracheophyta Polypodiopsida Polypodiales Dryopteridaceae Dryopteris campyloptera,EXACT_MATCH_PRIMARY_SOURCE_ACCEPTED_SIMPLE
Dryopteris carthusiana (Vill.) H.P. Fuchs,Dryopteris carthusiana,Dryopteris carthusiana (Vill.) H.P. Fuchs,Plantae Tracheophyta Polypodiopsida Polypodiales Dryopteridaceae Dryopteris carthusiana,EXACT_MATCH_PRIMARY_SOURCE_ACCEPTED_SIMPLE
"Dryopteris celsa (Wm. Palmer) Knowlt., Palmer & Pollard ex Small",Dryopteris celsa,"Dryopteris celsa (Wm. Palmer) Knowlt., Palmer & Pollard ex Small",Plantae Tracheophyta Polypodiopsida Polypodiales Dryopteridaceae Dryopteris celsa,EXACT_MATCH_PRIMARY_SOURCE_MULT_ACCEPTED
Dryopteris cristata (L.) A. Gray,Dryopteris cristata,Dryopteris cristata (L.) A. Gray,Plantae Tracheophyta Polypodiopsida Polypodiales Dryopteridaceae Dryopteris cristata,EXACT_MATCH_PRIMARY_SOURCE_ACCEPTED_SIMPLE
Dryopteris goldieana (Hook. ex Goldie) A. Gray,Dryopteris goldieana,Dryopteris goldieana (Hook. ex Goldie) A. Gray,Plantae Tracheophyta Polypodiopsida Polypodiales Dryopteridaceae Dryopteris goldieana,EXACT_MATCH_PRIMARY_SOURCE_ACCEPTED_SIMPLE
Dryopteris intermedia (Muhl. ex Willd.) A. Gray,Dryopteris intermedia,Dryopteris intermedia (Muhl. ex Willd.) A. Gray,Plantae Tracheophyta Polypodiopsida Polypodiales Dryopteridaceae Dryopteris intermedia,EXACT_MATCH_PRIMARY_SOURCE_ACCEPTED_AMONG_SYNONYMS_SIMPLE
Dryopteris marginalis (L.) A. Gray,Dryopteris marginalis,Dryopteris marginalis (L.) A. Gray,Plantae Tracheophyta Polypodiopsida Polypodiales Dryopteridaceae Dryopteris marginalis,EXACT_MATCH_PRIMARY_SOURCE_ACCEPTED_SIMPLE
Dryopteris ×australis (Wherry) Small (pro sp.) [celsa × ludoviciana],Dryopteris australis,Dryopteris ×australis (Wherry) Small (pro sp.) [celsa × ludoviciana],Plantae Tracheophyta Polypodiopsida Polypodiales Dryopteridaceae Dryopteris australis,EXACT_MATCH_PRIMARY_SOURCE_ACCEPTED_SIMPLE
Dryopteris ×boottii (Tuck.) Underw. (pro sp.) [cristata × intermedia],Dryopteris boottii,Dryopteris ×boottii (Tuck.) Underw. (pro sp.) [cristata × intermedia],Plantae Tracheophyta Polypodiopsida Polypodiales Dryopteridaceae Dryopteris boottii,EXACT_MATCH_PRIMARY_SOURCE_ACCEPTED_SIMPLE
Dryopteris ×leedsii Wherry [celsa × marginalis],Dryopteris leedsii,Dryopteris ×leedsii Wherry [celsa × marginalis],Plantae Tracheophyta Polypodiopsida Polypodiales Dryopteridaceae Dryopteris leedsii,EXACT_MATCH_PRIMARY_SOURCE_ACCEPTED_SIMPLE
Dryopteris ×neowherryi W.H. Wagner [goldiana × marginalis],Dryopteris neowherryi,Dryopteris ×neowherryi W.H. Wagner [goldiana × marginalis],Plantae Tracheophyta Polypodiopsida Polypodiales Dryopteridaceae Dryopteris neowherryi,EXACT_MATCH_PRIMARY_SOURCE_ACCEPTED_SIMPLE
Dryopteris ×pittsfordensis Slosson [carthusiana × marginalis],Dryopteris pittsfordensis,Dryopteris ×pittsfordensis Slosson [carthusiana × marginalis],Plantae Tracheophyta Polypodiopsida Polypodiales Dryopteridaceae Dryopteris pittsfordensis,EXACT_MATCH_PRIMARY_SOURCE_ACCEPTED_SIMPLE
Dryopteris ×separabilis Small (pro sp.) [celsa × intermedia],Dryopteris separabilis,Dryopteris ×separabilis Small (pro sp.) [celsa × intermedia],Plantae Tracheophyta Polypodiopsida Polypodiales Dryopteridaceae Dryopteris separabilis,EXACT_MATCH_PRIMARY_SOURCE_ACCEPTED_SIMPLE
Dryopteris ×slossoniae Wherry ex Lellinger [cristata × marginalis],Dryopteris slossoniae,Dryopteris ×slossoniae Wherry ex Lellinger [cristata × marginalis],Plantae Tracheophyta Polypodiopsida Polypodiales Dryopteridaceae Dryopteris slossoniae,EXACT_MATCH_PRIMARY_SOURCE_ACCEPTED_AMONG_SYNONYMS_SIMPLE
Dryopteris ×triploidea Wherry [carthusiana × intermedia],Dryopteris triploidea,Dryopteris ×triploidea Wherry [carthusiana × intermedia],Plantae Tracheophyta Polypodiopsida Polypodiales Dryopteridaceae Dryopteris triploidea,EXACT_MATCH_PRIMARY_SOURCE_ACCEPTED_SIMPLE
Dryopteris ×uliginosa (A. Braun ex Dowell) Druce [carthusiana × cristata],Dryopteris uliginosa,Dryopteris ×uliginosa (A. Braun ex Dowell) Druce [carthusiana × cristata],Plantae Tracheophyta Polypodiopsida Polypodiales Dryopteridaceae Dryopteris uliginosa,EXACT_MATCH_PRIMARY_SOURCE_ACCEPTED_AMONG_SYNONYMS_SIMPLE
Duchesnea Sm.,Duchesnea ,Duchesnea Sm.,Plantae Tracheophyta Magnoliopsida Rosales Rosaceae Duchesnea,EXACT_MATCH_PRIMARY_SOURCE_ACCEPTED_AMONG_SYNONYMS_SIMPLE
Duchesnea indica (Andrews) Teschem.,Potentilla indica,Duchesnea indica (Andrews) Teschem.,Plantae Tracheophyta Magnoliopsida Rosales Rosaceae Potentilla indica,MULTI_EXACT_MATCH_PRIMARY_SOURCE_SYNONYMS_INFRASPECIFIC_SCORE
Dulichium Pers.,Dulichium ,Dulichium Pers.,Plantae Tracheophyta Liliopsida Poales Cyperaceae Dulichium,EXACT_MATCH_PRIMARY_SOURCE_ACCEPTED_AUTHOR_DISAMBIGUATION
Dulichium arundinaceum (L.) Britton,Dulichium arundinaceum,Dulichium arundinaceum (L.) Britton,Plantae Tracheophyta Liliopsida Poales Cyperaceae Dulichium arundinaceum,EXACT_MATCH_PRIMARY_SOURCE_ACCEPTED_AUTHOR_DISAMBIGUATION
Dysphania ambrosioides (L.) Mosyakin & Clemants,Dysphania ambrosioides,Dysphania ambrosioides (L.) Mosyakin & Clemants,Plantae Tracheophyta Magnoliopsida Caryophyllales Amaranthaceae Dysphania ambrosioides,EXACT_MATCH_PRIMARY_SOURCE_ACCEPTED_SIMPLE
Dysphania anthelmintica (L.) Mosyakin & Clemants,Dysphania anthelmintica,Dysphania anthelmintica (L.) Mosyakin & Clemants,Plantae Tracheophyta Magnoliopsida Caryophyllales Amaranthaceae Dysphania anthelmintica,EXACT_MATCH_PRIMARY_SOURCE_ACCEPTED_SIMPLE
Dysphania botrys (L.) Mosyakin & Clemants,Dysphania botrys,Dysphania botrys (L.) Mosyakin & Clemants,Plantae Tracheophyta Magnoliopsida Caryophyllales Amaranthaceae Dysphania botrys,EXACT_MATCH_PRIMARY_SOURCE_ACCEPTED_SIMPLE
Dysphania multifida (L.) Mosyakin & Clemants,Dysphania multifida,Dysphania multifida (L.) Mosyakin & Clemants,Plantae Tracheophyta Magnoliopsida Caryophyllales Amaranthaceae Dysphania multifida,EXACT_MATCH_PRIMARY_SOURCE_ACCEPTED_SIMPLE
Dysphania pumilio (R. Br.) Mosyakin & Clemants,Dysphania pumilio,Dysphania pumilio (R. Br.) Mosyakin & Clemants,Plantae Tracheophyta Magnoliopsida Caryophyllales Amaranthaceae Dysphania pumilio,EXACT_MATCH_PRIMARY_SOURCE_ACCEPTED_SIMPLE
Echinacea Moench,Echinacea ,Echinacea Moench,Plantae Tracheophyta Magnoliopsida Asterales Asteraceae Echinacea,EXACT_MATCH_PRIMARY_SOURCE_ACCEPTED_SIMPLE
Echinacea laevigata (C.L. Boynt. & Beadle) S.F. Blake,Echinacea laevigata,Echinacea laevigata (C.L. Boynt. & Beadle) S.F. Blake,Plantae Tracheophyta Magnoliopsida Asterales Asteraceae Echinacea laevigata,EXACT_MATCH_PRIMARY_SOURCE_ACCEPTED_SIMPLE
Echinacea pallida (Nutt.) Nutt.,Echinacea pallida,Echinacea pallida (Nutt.) Nutt.,Plantae Tracheophyta Magnoliopsida Asterales Asteraceae Echinacea pallida,EXACT_MATCH_PRIMARY_SOURCE_ACCEPTED_AUTHOR_DISAMBIGUATION
Echinacea purpurea (L.) Moench,Echinacea purpurea,Echinacea purpurea (L.) Moench,Plantae Tracheophyta Magnoliopsida Asterales Asteraceae Echinacea purpurea,EXACT_MATCH_PRIMARY_SOURCE_ACCEPTED_SIMPLE
Echinacea simulata R.L. McGregor,Echinacea simulata,Echinacea simulata R.L. McGregor,Plantae Tracheophyta Magnoliopsida Asterales Asteraceae Echinacea simulata,EXACT_MATCH_PRIMARY_SOURCE_ACCEPTED_AMONG_SYNONYMS_SIMPLE
Echinochloa P. Beauv.,Echinochloa ,Echinochloa P. Beauv.,Plantae Tracheophyta Liliopsida Poales Poaceae Echinochloa,EXACT_MATCH_PRIMARY_SOURCE_ACCEPTED_SIMPLE
Echinochloa colona (L.) Link,Echinochloa colonum,Echinochloa colona (L.) Link,Plantae Tracheophyta Liliopsida Poales Poaceae Echinochloa colonum,FUZZY_MATCH_PRIMARY_SOURCE_ACCEPTED
Echinochloa frumentacea Link,Echinochloa frumentacea,Echinochloa frumentacea Link,Plantae Tracheophyta Liliopsida Poales Poaceae Echinochloa frumentacea,EXACT_MATCH_PRIMARY_SOURCE_ACCEPTED_SIMPLE
Echinochloa muricata (P. Beauv.) Fernald,Echinochloa muricata,Echinochloa muricata (P. Beauv.) Fernald,Plantae Tracheophyta Liliopsida Poales Poaceae Echinochloa muricata,EXACT_MATCH_PRIMARY_SOURCE_ACCEPTED_SIMPLE
Echinochloa walteri (Pursh) A. Heller,Echinochloa walteri,Echinochloa walteri (Pursh) A. Heller,Plantae Tracheophyta Liliopsida Poales Poaceae Echinochloa walteri,EXACT_MATCH_PRIMARY_SOURCE_ACCEPTED_AMONG_SYNONYMS_SIMPLE
Echinocystis Torr. & A. Gray,Echinocystis ,Echinocystis Torr. & A. Gray,Plantae Tracheophyta Magnoliopsida Cucurbitales Cucurbitaceae Echinocystis,MULTI_EXACT_MATCH_PRIMARY_SOURCE_ACCEPTED_HOMONYM
Echinocystis lobata (Michx.) Torr. & A. Gray,Echinocystis lobata,Echinocystis lobata (Michx.) Torr. & A. Gray,Plantae Tracheophyta Magnoliopsida Cucurbitales Cucurbitaceae Echinocystis lobata,EXACT_MATCH_PRIMARY_SOURCE_ACCEPTED_SIMPLE
Echinodorus Rich. ex Engelm.,Echinodorus ,Echinodorus Rich. ex Engelm.,Plantae Tracheophyta Liliopsida Alismatales Alismataceae Echinodorus,EXACT_MATCH_PRIMARY_SOURCE_ACCEPTED_AUTHOR_DISAMBIGUATION
Echinodorus cordifolius (L.) Griseb.,Aquarius cordifolius,Echinodorus cordifolius (L.) Griseb.,Plantae Tracheophyta Liliopsida Alismatales Alismataceae Aquarius cordifolius,EXACT_MATCH_PRIMARY_SOURCE_SYNONYM_SIMPLE
Echinodorus tenellus (Mart. ex Schult. f.) Buchenau,Helanthium tenellum,Echinodorus tenellus (Mart. ex Schult. f.) Buchenau,Plantae Tracheophyta Liliopsida Alismatales Alismataceae Helanthium tenellum,EXACT_MATCH_PRIMARY_SOURCE_SYNONYM_SIMPLE
Echinops L.,Echinops ,Echinops L.,Plantae Tracheophyta Magnoliopsida Asterales Asteraceae Echinops,EXACT_MATCH_PRIMARY_SOURCE_ACCEPTED_AUTHOR_DISAMBIGUATION
Echinops sphaerocephalus L.,Echinops sphaerocephalus,Echinops sphaerocephalus L.,Plantae Tracheophyta Magnoliopsida Asterales Asteraceae Echinops sphaerocephalus,EXACT_MATCH_PRIMARY_SOURCE_ACCEPTED_AMONG_SYNONYMS_SIMPLE
Echium L.,Echium ,Echium L.,Plantae Tracheophyta Magnoliopsida Boraginales Boraginaceae Echium,EXACT_MATCH_PRIMARY_SOURCE_ACCEPTED_SIMPLE
Echium vulgare L.,Echium vulgare,Echium vulgare L.,Plantae Tracheophyta Magnoliopsida Boraginales Boraginaceae Echium vulgare,EXACT_MATCH_PRIMARY_SOURCE_ACCEPTED_AMONG_SYNONYMS_SIMPLE
Eclipta L.,Eclipta ,Eclipta L.,Plantae Tracheophyta Magnoliopsida Asterales Asteraceae Eclipta,EXACT_MATCH_PRIMARY_SOURCE_ACCEPTED_AUTHOR_DISAMBIGUATION
Eclipta prostrata (L.) L.,Eclipta prostrata,Eclipta prostrata (L.) L.,Plantae Tracheophyta Magnoliopsida Asterales Asteraceae Eclipta prostrata,EXACT_MATCH_PRIMARY_SOURCE_ACCEPTED_AMONG_SYNONYMS_SIMPLE
Egeria densa Planch.,Elodea densa,Egeria densa Planch.,Plantae Tracheophyta Liliopsida Alismatales Hydrocharitaceae Elodea densa,EXACT_MATCH_PRIMARY_SOURCE_SYNONYM_SIMPLE
Eichhornia Kunth,Pontederia ,Eichhornia Kunth,Plantae Tracheophyta Liliopsida Commelinales Pontederiaceae Pontederia,EXACT_MATCH_PRIMARY_SOURCE_SYNONYM_SIMPLE
Eichhornia crassipes (Mart.) Solms,Pontederia crassipes,Eichhornia crassipes (Mart.) Solms,Plantae Tracheophyta Liliopsida Commelinales Pontederiaceae Pontederia crassipes,EXACT_MATCH_PRIMARY_SOURCE_SYNONYM_SIMPLE
Elaeagnus L.,Elaeagnus ,Elaeagnus L.,Plantae Tracheophyta Magnoliopsida Rosales Elaeagnaceae Elaeagnus,EXACT_MATCH_PRIMARY_SOURCE_ACCEPTED_AUTHOR_DISAMBIGUATION
Elaeagnus angustifolia L.,Elaeagnus angustifolia,Elaeagnus angustifolia L.,Plantae Tracheophyta Magnoliopsida Rosales Elaeagnaceae Elaeagnus angustifolia,EXACT_MATCH_PRIMARY_SOURCE_ACCEPTED_AMONG_SYNONYMS_SIMPLE
Elaeagnus multiflora Thunb.,Elaeagnus multiflora,Elaeagnus multiflora Thunb.,Plantae Tracheophyta Magnoliopsida Rosales Elaeagnaceae Elaeagnus multiflora,EXACT_MATCH_PRIMARY_SOURCE_ACCEPTED_AMONG_SYNONYMS_SIMPLE
Elaeagnus pungens Thunb.,Elaeagnus pungens,Elaeagnus pungens Thunb.,Plantae Tracheophyta Magnoliopsida Rosales Elaeagnaceae Elaeagnus pungens,EXACT_MATCH_PRIMARY_SOURCE_ACCEPTED_AUTHOR_DISAMBIGUATION
Elaeagnus umbellata Thunb.,Elaeagnus umbellata,Elaeagnus umbellata Thunb.,Plantae Tracheophyta Magnoliopsida Rosales Elaeagnaceae Elaeagnus umbellata,EXACT_MATCH_PRIMARY_SOURCE_ACCEPTED_AUTHOR_DISAMBIGUATION
Elatine L.,Elatine ,Elatine L.,Plantae Tracheophyta Magnoliopsida Malpighiales Elatinaceae Elatine,EXACT_MATCH_PRIMARY_SOURCE_ACCEPTED_AMONG_SYNONYMS_SIMPLE
Elatine americana (Pursh) Arn.,Elatine americana,Elatine americana (Pursh) Arn.,Plantae Tracheophyta Magnoliopsida Malpighiales Elatinaceae Elatine americana,EXACT_MATCH_PRIMARY_SOURCE_ACCEPTED_AMONG_SYNONYMS_SIMPLE
Elatine minima (Nutt.) Fisch. & C.A. Mey.,Elatine minima,Elatine minima (Nutt.) Fisch. & C.A. Mey.,Plantae Tracheophyta Magnoliopsida Malpighiales Elatinaceae Elatine minima,EXACT_MATCH_PRIMARY_SOURCE_ACCEPTED_SIMPLE
Eleocharis R. Br.,Eleocharis ,Eleocharis R. Br.,Plantae Tracheophyta Liliopsida Poales Cyperaceae Eleocharis,EXACT_MATCH_PRIMARY_SOURCE_ACCEPTED_AMONG_SYNONYMS_SIMPLE
Eleocharis acicularis (L.) Roem. & Schult.,Eleocharis acicularis,Eleocharis acicularis (L.) Roem. & Schult.,Plantae Tracheophyta Liliopsida Poales Cyperaceae Eleocharis acicularis,EXACT_MATCH_PRIMARY_SOURCE_ACCEPTED_AUTHOR_DISAMBIGUATION
Eleocharis albida Torr.,Eleocharis albida,Eleocharis albida Torr.,Plantae Tracheophyta Liliopsida Poales Cyperaceae Eleocharis albida,EXACT_MATCH_PRIMARY_SOURCE_ACCEPTED_SIMPLE
Eleocharis atropurpurea (Retz.) J. Presl & C. Presl,Eleocharis atropurpurea,Eleocharis atropurpurea (Retz.) J. Presl & C. Presl,Plantae Tracheophyta Liliopsida Poales Cyperaceae Eleocharis atropurpurea,EXACT_MATCH_PRIMARY_SOURCE_MULT_ACCEPTED
Eleocharis baldwinii (Torr.) Chapm.,Eleocharis baldwinii,Eleocharis baldwinii (Torr.) Chapm.,Plantae Tracheophyta Liliopsida Poales Cyperaceae Eleocharis baldwinii,EXACT_MATCH_PRIMARY_SOURCE_ACCEPTED_AUTHOR_DISAMBIGUATION
Eleocharis compressa Sull.,Eleocharis compressa,Eleocharis compressa Sull.,Plantae Tracheophyta Liliopsida Poales Cyperaceae Eleocharis compressa,EXACT_MATCH_PRIMARY_SOURCE_ACCEPTED_AMONG_SYNONYMS_SIMPLE
Eleocharis diandra C. Wright,Eleocharis diandra,Eleocharis diandra C. Wright,Plantae Tracheophyta Liliopsida Poales Cyperaceae Eleocharis diandra,EXACT_MATCH_PRIMARY_SOURCE_ACCEPTED_AMONG_SYNONYMS_SIMPLE
Eleocharis engelmannii Steud.,Eleocharis engelmannii,Eleocharis engelmannii Steud.,Plantae Tracheophyta Liliopsida Poales Cyperaceae Eleocharis engelmannii,EXACT_MATCH_PRIMARY_SOURCE_ACCEPTED_SIMPLE
Eleocharis equisetoides (Elliott) Torr.,Eleocharis equisetoides,Eleocharis equisetoides (Elliott) Torr.,Plantae Tracheophyta Liliopsida Poales Cyperaceae Eleocharis equisetoides,EXACT_MATCH_PRIMARY_SOURCE_ACCEPTED_SIMPLE
Eleocharis erythropoda Steud.,Eleocharis erythropoda,Eleocharis erythropoda Steud.,Plantae Tracheophyta Liliopsida Poales Cyperaceae Eleocharis erythropoda,EXACT_MATCH_PRIMARY_SOURCE_ACCEPTED_SIMPLE
Eleocharis fallax Weath.,Eleocharis fallax,Eleocharis fallax Weath.,Plantae Tracheophyta Liliopsida Poales Cyperaceae Eleocharis fallax,EXACT_MATCH_PRIMARY_SOURCE_ACCEPTED_SIMPLE
Eleocharis flavescens (Poir.) Urb.,Eleocharis flavescens,Eleocharis flavescens (Poir.) Urb.,Plantae Tracheophyta Liliopsida Poales Cyperaceae Eleocharis flavescens,EXACT_MATCH_PRIMARY_SOURCE_ACCEPTED_SIMPLE
Eleocharis halophila (Fernald & Brack.) Fernald & Brack.,Eleocharis uniglumis,Eleocharis halophila (Fernald & Brack.) Fernald & Brack.,Plantae Tracheophyta Liliopsida Poales Cyperaceae Eleocharis uniglumis,EXACT_MATCH_PRIMARY_SOURCE_SYNONYM_SIMPLE
Eleocharis intermedia Schult.,Eleocharis intermedia,Eleocharis intermedia Schult.,Plantae Tracheophyta Liliopsida Poales Cyperaceae Eleocharis intermedia,EXACT_MATCH_PRIMARY_SOURCE_ACCEPTED_AMONG_SYNONYMS_SIMPLE
Eleocharis melanocarpa Torr.,Eleocharis melanocarpa,Eleocharis melanocarpa Torr.,Plantae Tracheophyta Liliopsida Poales Cyperaceae Eleocharis melanocarpa,EXACT_MATCH_PRIMARY_SOURCE_ACCEPTED_AMONG_SYNONYMS_SIMPLE
Eleocharis microcarpa Torr.,Eleocharis microcarpa,Eleocharis microcarpa Torr.,Plantae Tracheophyta Liliopsida Poales Cyperaceae Eleocharis microcarpa,EXACT_MATCH_PRIMARY_SOURCE_ACCEPTED_SIMPLE
Eleocharis obtusa (Willd.) Schult.,Eleocharis obtusa,Eleocharis obtusa (Willd.) Schult.,Plantae Tracheophyta Liliopsida Poales Cyperaceae Eleocharis obtusa,EXACT_MATCH_PRIMARY_SOURCE_ACCEPTED_SIMPLE
Eleocharis olivacea Torr.,Eleocharis olivacea,Eleocharis olivacea Torr.,Plantae Tracheophyta Liliopsida Poales Cyperaceae Eleocharis olivacea,EXACT_MATCH_PRIMARY_SOURCE_ACCEPTED_AMONG_SYNONYMS_SIMPLE
Eleocharis palustris (L.) Roem. & Schult.,Eleocharis palustris,Eleocharis palustris (L.) Roem. & Schult.,Plantae Tracheophyta Liliopsida Poales Cyperaceae Eleocharis palustris,EXACT_MATCH_PRIMARY_SOURCE_ACCEPTED_AUTHOR_DISAMBIGUATION
"Eleocharis parvula (Roem. & Schult.) Link ex Bluff, Nees & Schauer",Eleocharis parvula,"Eleocharis parvula (Roem. & Schult.) Link ex Bluff, Nees & Schauer",Plantae Tracheophyta Liliopsida Poales Cyperaceae Eleocharis parvula,EXACT_MATCH_PRIMARY_SOURCE_ACCEPTED_AMONG_SYNONYMS_SIMPLE
Eleocharis quadrangulata (Michx.) Roem. & Schult.,Eleocharis quadrangulata,Eleocharis quadrangulata (Michx.) Roem. & Schult.,Plantae Tracheophyta Liliopsida Poales Cyperaceae Eleocharis quadrangulata,EXACT_MATCH_PRIMARY_SOURCE_ACCEPTED_AUTHOR_DISAMBIGUATION
Eleocharis radicans (A. Dietr.) Kunth,Eleocharis exigua,Eleocharis radicans (A. Dietr.) Kunth,Plantae Tracheophyta Liliopsida Poales Cyperaceae Eleocharis exigua,EXACT_MATCH_PRIMARY_SOURCE_SYNONYM_SIMPLE
Eleocharis robbinsii Oakes,Eleocharis robbinsii,Eleocharis robbinsii Oakes,Plantae Tracheophyta Liliopsida Poales Cyperaceae Eleocharis robbinsii,EXACT_MATCH_PRIMARY_SOURCE_ACCEPTED_SIMPLE
Eleocharis rostellata (Torr.) Torr.,Eleocharis rostellata,Eleocharis rostellata (Torr.) Torr.,Plantae Tracheophyta Liliopsida Poales Cyperaceae Eleocharis rostellata,EXACT_MATCH_PRIMARY_SOURCE_ACCEPTED_AUTHOR_DISAMBIGUATION
Eleocharis tenuis (Willd.) Schult.,Eleocharis tenuis,Eleocharis tenuis (Willd.) Schult.,Plantae Tracheophyta Liliopsida Poales Cyperaceae Eleocharis tenuis,EXACT_MATCH_PRIMARY_SOURCE_ACCEPTED_SIMPLE
Eleocharis tortilis (Link) Schult.,Eleocharis tortilis,Eleocharis tortilis (Link) Schult.,Plantae Tracheophyta Liliopsida Poales Cyperaceae Eleocharis tortilis,EXACT_MATCH_PRIMARY_SOURCE_ACCEPTED_SIMPLE
Eleocharis tricostata Torr.,Eleocharis tricostata,Eleocharis tricostata Torr.,Plantae Tracheophyta Liliopsida Poales Cyperaceae Eleocharis tricostata,EXACT_MATCH_PRIMARY_SOURCE_ACCEPTED_SIMPLE
Eleocharis tuberculosa (Michx.) Roem. & Schult.,Eleocharis tuberculosa,Eleocharis tuberculosa (Michx.) Roem. & Schult.,Plantae Tracheophyta Liliopsida Poales Cyperaceae Eleocharis tuberculosa,EXACT_MATCH_PRIMARY_SOURCE_ACCEPTED_AUTHOR_DISAMBIGUATION
Elephantopus L.,Elephantopus ,Elephantopus L.,Plantae Tracheophyta Magnoliopsida Asterales Asteraceae Elephantopus,EXACT_MATCH_PRIMARY_SOURCE_ACCEPTED_AMONG_SYNONYMS_SIMPLE
Elephantopus carolinianus Raeusch.,Elephantopus carolinianus,Elephantopus carolinianus Raeusch.,Plantae Tracheophyta Magnoliopsida Asterales Asteraceae Elephantopus carolinianus,EXACT_MATCH_PRIMARY_SOURCE_ACCEPTED_AMONG_SYNONYMS_SIMPLE
Elephantopus nudatus A. Gray,Elephantopus nudatus,Elephantopus nudatus A. Gray,Plantae Tracheophyta Magnoliopsida Asterales Asteraceae Elephantopus nudatus,EXACT_MATCH_PRIMARY_SOURCE_ACCEPTED_SIMPLE
Elephantopus tomentosus L.,Elephantopus tomentosus,Elephantopus tomentosus L.,Plantae Tracheophyta Magnoliopsida Asterales Asteraceae Elephantopus tomentosus,EXACT_MATCH_PRIMARY_SOURCE_ACCEPTED_SIMPLE
Eleusine Gaertn.,Eleusine ,Eleusine Gaertn.,Plantae Tracheophyta Liliopsida Poales Poaceae Eleusine,EXACT_MATCH_PRIMARY_SOURCE_ACCEPTED_SIMPLE
Eleusine indica (L.) Gaertn.,Eleusine indica,Eleusine indica (L.) Gaertn.,Plantae Tracheophyta Liliopsida Poales Poaceae Eleusine indica,EXACT_MATCH_PRIMARY_SOURCE_ACCEPTED_AUTHOR_DISAMBIGUATION
Eleusine tristachya (Lam.) Lam.,Eleusine tristachya,Eleusine tristachya (Lam.) Lam.,Plantae Tracheophyta Liliopsida Poales Poaceae Eleusine tristachya,EXACT_MATCH_PRIMARY_SOURCE_ACCEPTED_AMONG_SYNONYMS_SIMPLE
Ellisia L.,Ellisia ,Ellisia L.,Plantae Tracheophyta Magnoliopsida Boraginales Hydrophyllaceae Ellisia,EXACT_MATCH_PRIMARY_SOURCE_ACCEPTED_AUTHOR_DISAMBIGUATION
Ellisia nyctelea (L.) L.,Ellisia nyctelea,Ellisia nyctelea (L.) L.,Plantae Tracheophyta Magnoliopsida Boraginales Hydrophyllaceae Ellisia nyctelea,EXACT_MATCH_PRIMARY_SOURCE_ACCEPTED_SIMPLE
Elodea Michx.,Elodea ,Elodea Michx.,Plantae Tracheophyta Liliopsida Alismatales Hydrocharitaceae Elodea,EXACT_MATCH_PRIMARY_SOURCE_ACCEPTED_AMONG_SYNONYMS_SIMPLE
Elodea canadensis Michx.,Elodea canadensis,Elodea canadensis Michx.,Plantae Tracheophyta Liliopsida Alismatales Hydrocharitaceae Elodea canadensis,EXACT_MATCH_PRIMARY_SOURCE_ACCEPTED_AMONG_SYNONYMS_SIMPLE
Elodea nuttallii (Planch.) H. St. John,Elodea nuttallii,Elodea nuttallii (Planch.) H. St. John,Plantae Tracheophyta Liliopsida Alismatales Hydrocharitaceae Elodea nuttallii,EXACT_MATCH_PRIMARY_SOURCE_ACCEPTED_SIMPLE
Elymus L.,Elymus ,Elymus L.,Plantae Tracheophyta Liliopsida Poales Poaceae Elymus,EXACT_MATCH_PRIMARY_SOURCE_ACCEPTED_AMONG_SYNONYMS_SIMPLE
Elymus canadensis L.,Elymus canadensis,Elymus canadensis L.,Plantae Tracheophyta Liliopsida Poales Poaceae Elymus canadensis,EXACT_MATCH_PRIMARY_SOURCE_ACCEPTED_SIMPLE
Elymus glabriflorus (Vasey ex L.H. Dewey) Scribn. & C.R. Ball,Elymus virginicus,Elymus glabriflorus (Vasey ex L.H. Dewey) Scribn. & C.R. Ball,Plantae Tracheophyta Liliopsida Poales Poaceae Elymus virginicus,EXACT_MATCH_PRIMARY_SOURCE_SYNONYM_SIMPLE
Elymus hystrix L.,Elymus hystrix,Elymus hystrix L.,Plantae Tracheophyta Liliopsida Poales Poaceae Elymus hystrix,EXACT_MATCH_PRIMARY_SOURCE_ACCEPTED_AMONG_SYNONYMS_SIMPLE
Elymus macgregorii R. Brooks & J.J.N. Campb.,Elymus macgregorii,Elymus macgregorii R. Brooks & J.J.N. Campb.,Plantae Tracheophyta Liliopsida Poales Poaceae Elymus macgregorii,EXACT_MATCH_PRIMARY_SOURCE_ACCEPTED_SIMPLE
Elymus repens (L.) Gould,Elymus repens,Elymus repens (L.) Gould,Plantae Tracheophyta Liliopsida Poales Poaceae Elymus repens,EXACT_MATCH_PRIMARY_SOURCE_ACCEPTED_SIMPLE
Elymus riparius Wiegand,Elymus riparius,Elymus riparius Wiegand,Plantae Tracheophyta Liliopsida Poales Poaceae Elymus riparius,EXACT_MATCH_PRIMARY_SOURCE_ACCEPTED_AMONG_SYNONYMS_SIMPLE
Elymus trachycaulus (Link) Gould ex Shinners,Zizania trachycaulus,Elymus trachycaulus (Link) Gould ex Shinners,Plantae Tracheophyta Liliopsida Poales Poaceae Zizania trachycaulus,EXACT_MATCH_PRIMARY_SOURCE_ACCEPTED_AMONG_SYNONYMS_SIMPLE
Elymus trachycaulus (Link) Gould ex Shinners ssp. trachycaulus,Elymus violaceus,Elymus trachycaulus (Link) Gould ex Shinners ssp. trachycaulus,Plantae Tracheophyta Liliopsida Poales Poaceae Elymus violaceus,MULTI_EXACT_MATCH_PRIMARY_SOURCE_SYNONYMS_INFRASPECIFIC_SCORE
Elymus villosus Muhl. ex Willd.,Elymus villosus,Elymus villosus Muhl. ex Willd.,Plantae Tracheophyta Liliopsida Poales Poaceae Elymus villosus,EXACT_MATCH_PRIMARY_SOURCE_ACCEPTED_AMONG_SYNONYMS_SIMPLE
Enemion Raf.,Enemion ,Enemion Raf.,Plantae Tracheophyta Magnoliopsida Ranunculales Ranunculaceae Enemion,EXACT_MATCH_PRIMARY_SOURCE_ACCEPTED_SIMPLE
Enemion biternatum Raf.,Enemion biternatum,Enemion biternatum Raf.,Plantae Tracheophyta Magnoliopsida Ranunculales Ranunculaceae Enemion biternatum,EXACT_MATCH_PRIMARY_SOURCE_ACCEPTED_SIMPLE
Epifagus Nutt.,Epifagus ,Epifagus Nutt.,Plantae Tracheophyta Magnoliopsida Lamiales Orobanchaceae Epifagus,EXACT_MATCH_PRIMARY_SOURCE_ACCEPTED_SIMPLE
Epifagus virginiana (L.) W.P.C. Barton,Epifagus virginiana,Epifagus virginiana (L.) W.P.C. Barton,Plantae Tracheophyta Magnoliopsida Lamiales Orobanchaceae Epifagus virginiana,EXACT_MATCH_PRIMARY_SOURCE_ACCEPTED_SIMPLE
Epigaea L.,Epigaea ,Epigaea L.,Plantae Tracheophyta Magnoliopsida Ericales Ericaceae Epigaea,EXACT_MATCH_PRIMARY_SOURCE_ACCEPTED_SIMPLE
Epigaea repens L.,Epigaea repens,Epigaea repens L.,Plantae Tracheophyta Magnoliopsida Ericales Ericaceae Epigaea repens,EXACT_MATCH_PRIMARY_SOURCE_ACCEPTED_SIMPLE
Epilobium L.,Epilobium ,Epilobium L.,Plantae Tracheophyta Magnoliopsida Myrtales Onagraceae Epilobium,EXACT_MATCH_PRIMARY_SOURCE_ACCEPTED_AUTHOR_DISAMBIGUATION
Epilobium ciliatum Raf.,Epilobium ciliatum,Epilobium ciliatum Raf.,Plantae Tracheophyta Magnoliopsida Myrtales Onagraceae Epilobium ciliatum,EXACT_MATCH_PRIMARY_SOURCE_ACCEPTED_SIMPLE
Epilobium coloratum Biehler,Epilobium coloratum,Epilobium coloratum Biehler,Plantae Tracheophyta Magnoliopsida Myrtales Onagraceae Epilobium coloratum,EXACT_MATCH_PRIMARY_SOURCE_ACCEPTED_AUTHOR_DISAMBIGUATION
Epilobium leptophyllum Raf.,Epilobium leptophyllum,Epilobium leptophyllum Raf.,Plantae Tracheophyta Magnoliopsida Myrtales Onagraceae Epilobium leptophyllum,EXACT_MATCH_PRIMARY_SOURCE_ACCEPTED_AUTHOR_DISAMBIGUATION
Epilobium strictum Muhl. ex Spreng.,Epilobium strictum,Epilobium strictum Muhl. ex Spreng.,Plantae Tracheophyta Magnoliopsida Myrtales Onagraceae Epilobium strictum,EXACT_MATCH_PRIMARY_SOURCE_ACCEPTED_AMONG_SYNONYMS_SIMPLE
Epipactis Zinn,Epipactis ,Epipactis Zinn,Plantae Tracheophyta Liliopsida Asparagales Orchidaceae Epipactis,EXACT_MATCH_PRIMARY_SOURCE_ACCEPTED_AUTHOR_DISAMBIGUATION
Epipactis helleborine (L.) Crantz,Epipactis helleborine,Epipactis helleborine (L.) Crantz,Plantae Tracheophyta Liliopsida Asparagales Orchidaceae Epipactis helleborine,EXACT_MATCH_PRIMARY_SOURCE_ACCEPTED_SIMPLE
Equisetum L.,Equisetum ,Equisetum L.,Plantae Tracheophyta Polypodiopsida Equisetales Equisetaceae Equisetum,EXACT_MATCH_PRIMARY_SOURCE_ACCEPTED_SIMPLE
Equisetum arvense L.,Equisetum arvense,Equisetum arvense L.,Plantae Tracheophyta Polypodiopsida Equisetales Equisetaceae Equisetum arvense,EXACT_MATCH_PRIMARY_SOURCE_ACCEPTED_SIMPLE
Equisetum fluviatile L.,Equisetum fluviatile,Equisetum fluviatile L.,Plantae Tracheophyta Polypodiopsida Equisetales Equisetaceae Equisetum fluviatile,EXACT_MATCH_PRIMARY_SOURCE_ACCEPTED_SIMPLE
Equisetum hyemale L.,Equisetum hyemale,Equisetum hyemale L.,Plantae Tracheophyta Polypodiopsida Equisetales Equisetaceae Equisetum hyemale,EXACT_MATCH_PRIMARY_SOURCE_ACCEPTED_SIMPLE
Equisetum hyemale L. var. affine (Engelm.) A.A. Eaton,Equisetum praealtum,Equisetum hyemale L. var. affine (Engelm.) A.A. Eaton,Plantae Tracheophyta Polypodiopsida Equisetales Equisetaceae Equisetum praealtum,MULTI_EXACT_MATCH_PRIMARY_SOURCE_SYNONYMS_INFRASPECIFIC_SCORE
Equisetum sylvaticum L.,Equisetum sylvaticum,Equisetum sylvaticum L.,Plantae Tracheophyta Polypodiopsida Equisetales Equisetaceae Equisetum sylvaticum,EXACT_MATCH_PRIMARY_SOURCE_ACCEPTED_SIMPLE
Equisetum ×ferrissii Clute (pro sp.) [hyemale × laevigatum],Equisetum ferrissii,Equisetum ×ferrissii Clute (pro sp.) [hyemale × laevigatum],Plantae Tracheophyta Polypodiopsida Equisetales Equisetaceae Equisetum ferrissii,EXACT_MATCH_PRIMARY_SOURCE_ACCEPTED_SIMPLE
Equisetum ×litorale Kühlewein ex Rupr. (pro sp.) [arvense × fluviatile],Equisetum litorale,Equisetum ×litorale Kühlewein ex Rupr. (pro sp.) [arvense × fluviatile],Plantae Tracheophyta Polypodiopsida Equisetales Equisetaceae Equisetum litorale,EXACT_MATCH_PRIMARY_SOURCE_ACCEPTED_AMONG_SYNONYMS_SIMPLE
Eragrostis capillaris (L.) Nees,Eragrostis capillaris,Eragrostis capillaris (L.) Nees,Plantae Tracheophyta Liliopsida Poales Poaceae Eragrostis capillaris,EXACT_MATCH_PRIMARY_SOURCE_ACCEPTED_AUTHOR_DISAMBIGUATION
Eragrostis cilianensis (All.) Vign. ex Janchen,Eragrostis cilianensis,Eragrostis cilianensis (All.) Vign. ex Janchen,Plantae Tracheophyta Liliopsida Poales Poaceae Eragrostis cilianensis,EXACT_MATCH_PRIMARY_SOURCE_ACCEPTED_AMONG_SYNONYMS_SIMPLE
Eragrostis curvula (Schrad.) Nees,Eragrostis curvula,Eragrostis curvula (Schrad.) Nees,Plantae Tracheophyta Liliopsida Poales Poaceae Eragrostis curvula,EXACT_MATCH_PRIMARY_SOURCE_ACCEPTED_SIMPLE
Eragrostis frankii C.A. Mey. ex Steud.,Eragrostis frankii,Eragrostis frankii C.A. Mey. ex Steud.,Plantae Tracheophyta Liliopsida Poales Poaceae Eragrostis frankii,EXACT_MATCH_PRIMARY_SOURCE_ACCEPTED_AMONG_SYNONYMS_SIMPLE
Eragrostis hirsuta (Michx.) Nees,Eragrostis hirsuta,Eragrostis hirsuta (Michx.) Nees,Plantae Tracheophyta Liliopsida Poales Poaceae Eragrostis hirsuta,EXACT_MATCH_PRIMARY_SOURCE_ACCEPTED_AUTHOR_DISAMBIGUATION
"Eragrostis hypnoides (Lam.) Britton, Sterns & Poggenb.",Eragrostis hypnoides,"Eragrostis hypnoides (Lam.) Britton, Sterns & Poggenb.",Plantae Tracheophyta Liliopsida Poales Poaceae Eragrostis hypnoides,EXACT_MATCH_PRIMARY_SOURCE_ACCEPTED_SIMPLE
Eragrostis intermedia Hitchc.,Eragrostis intermedia,Eragrostis intermedia Hitchc.,Plantae Tracheophyta Liliopsida Poales Poaceae Eragrostis intermedia,EXACT_MATCH_PRIMARY_SOURCE_ACCEPTED_SIMPLE
Eragrostis minor Host,Eragrostis minor,Eragrostis minor Host,Plantae Tracheophyta Liliopsida Poales Poaceae Eragrostis minor,EXACT_MATCH_PRIMARY_SOURCE_ACCEPTED_AMONG_SYNONYMS_SIMPLE
Eragrostis pectinacea (Michx.) Nees ex Steud.,Eragrostis pectinacea,Eragrostis pectinacea (Michx.) Nees ex Steud.,Plantae Tracheophyta Liliopsida Poales Poaceae Eragrostis pectinacea,EXACT_MATCH_PRIMARY_SOURCE_ACCEPTED_AMONG_SYNONYMS_SIMPLE
Eragrostis pilosa (L.) P. Beauv.,Eragrostis pilosa,Eragrostis pilosa (L.) P. Beauv.,Plantae Tracheophyta Liliopsida Poales Poaceae Eragrostis pilosa,EXACT_MATCH_PRIMARY_SOURCE_ACCEPTED_AMONG_SYNONYMS_SIMPLE
Eragrostis refracta (Muhl.) Scribn.,Eragrostis refracta,Eragrostis refracta (Muhl.) Scribn.,Plantae Tracheophyta Liliopsida Poales Poaceae Eragrostis refracta,EXACT_MATCH_PRIMARY_SOURCE_ACCEPTED_SIMPLE
Eragrostis secundiflora J. Presl,Eragrostis secundiflora,Eragrostis secundiflora J. Presl,Plantae Tracheophyta Liliopsida Poales Poaceae Eragrostis secundiflora,EXACT_MATCH_PRIMARY_SOURCE_ACCEPTED_SIMPLE
Eragrostis spectabilis (Pursh) Steud.,Eragrostis spectabilis,Eragrostis spectabilis (Pursh) Steud.,Plantae Tracheophyta Liliopsida Poales Poaceae Eragrostis spectabilis,EXACT_MATCH_PRIMARY_SOURCE_ACCEPTED_SIMPLE
Eragrostis trichodes (Nutt.) Alph. Wood,Eragrostis trichodes,Eragrostis trichodes (Nutt.) Alph. Wood,Plantae Tracheophyta Liliopsida Poales Poaceae Eragrostis trichodes,EXACT_MATCH_PRIMARY_SOURCE_ACCEPTED_AMONG_SYNONYMS_SIMPLE
Eranthis Salisb.,Eranthis ,Eranthis Salisb.,Plantae Tracheophyta Magnoliopsida Ranunculales Ranunculaceae Eranthis,EXACT_MATCH_PRIMARY_SOURCE_ACCEPTED_SIMPLE
Eranthis hyemalis (L.) Salisb.,Eranthis hyemalis,Eranthis hyemalis (L.) Salisb.,Plantae Tracheophyta Magnoliopsida Ranunculales Ranunculaceae Eranthis hyemalis,EXACT_MATCH_PRIMARY_SOURCE_ACCEPTED_SIMPLE
Erechtites Raf.,Erechtites ,Erechtites Raf.,Plantae Tracheophyta Magnoliopsida Asterales Asteraceae Erechtites,EXACT_MATCH_PRIMARY_SOURCE_ACCEPTED_SIMPLE
Erechtites hieraciifolius (L.) Raf. ex DC.,Erechtites hieraciifolius,Erechtites hieraciifolius (L.) Raf. ex DC.,Plantae Tracheophyta Magnoliopsida Asterales Asteraceae Erechtites hieraciifolius,EXACT_MATCH_PRIMARY_SOURCE_ACCEPTED_AMONG_SYNONYMS_SIMPLE
Eremochloa Büse,Eremochloa ,Eremochloa Büse,Plantae Tracheophyta Liliopsida Poales Poaceae Eremochloa,EXACT_MATCH_PRIMARY_SOURCE_ACCEPTED_SIMPLE
Eremochloa ophiuroides (Munro) Hack.,Eremochloa ophiuroides,Eremochloa ophiuroides (Munro) Hack.,Plantae Tracheophyta Liliopsida Poales Poaceae Eremochloa ophiuroides,EXACT_MATCH_PRIMARY_SOURCE_ACCEPTED_SIMPLE
Erigenia Nutt.,Erigenia ,Erigenia Nutt.,Plantae Tracheophyta Magnoliopsida Apiales Apiaceae Erigenia,EXACT_MATCH_PRIMARY_SOURCE_ACCEPTED_SIMPLE
Erigenia bulbosa (Michx.) Nutt.,Erigenia bulbosa,Erigenia bulbosa (Michx.) Nutt.,Plantae Tracheophyta Magnoliopsida Apiales Apiaceae Erigenia bulbosa,EXACT_MATCH_PRIMARY_SOURCE_ACCEPTED_SIMPLE
Erigeron L.,Erigeron ,Erigeron L.,Plantae Tracheophyta Magnoliopsida Asterales Asteraceae Erigeron,EXACT_MATCH_PRIMARY_SOURCE_ACCEPTED_AUTHOR_DISAMBIGUATION
Erigeron annuus (L.) Pers.,Erigeron annuus,Erigeron annuus (L.) Pers.,Plantae Tracheophyta Magnoliopsida Asterales Asteraceae Erigeron annuus,EXACT_MATCH_PRIMARY_SOURCE_ACCEPTED_AMONG_SYNONYMS_SIMPLE
Erigeron philadelphicus L.,Erigeron philadelphicus,Erigeron philadelphicus L.,Plantae Tracheophyta Magnoliopsida Asterales Asteraceae Erigeron philadelphicus,EXACT_MATCH_PRIMARY_SOURCE_ACCEPTED_AUTHOR_DISAMBIGUATION
Erigeron pulchellus Michx.,Erigeron pulchellus,Erigeron pulchellus Michx.,Plantae Tracheophyta Magnoliopsida Asterales Asteraceae Erigeron pulchellus,EXACT_MATCH_PRIMARY_SOURCE_ACCEPTED_AMONG_SYNONYMS_SIMPLE
Erigeron quercifolius Lam.,Erigeron quercifolius,Erigeron quercifolius Lam.,Plantae Tracheophyta Magnoliopsida Asterales Asteraceae Erigeron quercifolius,EXACT_MATCH_PRIMARY_SOURCE_ACCEPTED_AMONG_SYNONYMS_SIMPLE
Erigeron strigosus Muhl. ex Willd.,Erigeron strigosus,Erigeron strigosus Muhl. ex Willd.,Plantae Tracheophyta Magnoliopsida Asterales Asteraceae Erigeron strigosus,EXACT_MATCH_PRIMARY_SOURCE_ACCEPTED_AMONG_SYNONYMS_SIMPLE
Erigeron vernus (L.) Torr. & A. Gray,Erigeron vernus,Erigeron vernus (L.) Torr. & A. Gray,Plantae Tracheophyta Magnoliopsida Asterales Asteraceae Erigeron vernus,EXACT_MATCH_PRIMARY_SOURCE_ACCEPTED_SIMPLE
Eriocaulon L.,Eriocaulon ,Eriocaulon L.,Plantae Tracheophyta Liliopsida Poales Eriocaulaceae Eriocaulon,EXACT_MATCH_PRIMARY_SOURCE_ACCEPTED_SIMPLE
Eriocaulon aquaticum (Hill) Druce,Eriocaulon aquaticum,Eriocaulon aquaticum (Hill) Druce,Plantae Tracheophyta Liliopsida Poales Eriocaulaceae Eriocaulon aquaticum,EXACT_MATCH_PRIMARY_SOURCE_ACCEPTED_AMONG_SYNONYMS_SIMPLE
Eriocaulon compressum Lam.,Eriocaulon compressum,Eriocaulon compressum Lam.,Plantae Tracheophyta Liliopsida Poales Eriocaulaceae Eriocaulon compressum,EXACT_MATCH_PRIMARY_SOURCE_ACCEPTED_SIMPLE
Eriocaulon decangulare L.,Eriocaulon decangulare,Eriocaulon decangulare L.,Plantae Tracheophyta Liliopsida Poales Eriocaulaceae Eriocaulon decangulare,EXACT_MATCH_PRIMARY_SOURCE_ACCEPTED_AUTHOR_DISAMBIGUATION
Eriocaulon parkeri B.L. Rob.,Eriocaulon parkeri,Eriocaulon parkeri B.L. Rob.,Plantae Tracheophyta Liliopsida Poales Eriocaulaceae Eriocaulon parkeri,EXACT_MATCH_PRIMARY_SOURCE_ACCEPTED_SIMPLE
Eriochloa Kunth,Eriochloa ,Eriochloa Kunth,Plantae Tracheophyta Liliopsida Poales Poaceae Eriochloa,EXACT_MATCH_PRIMARY_SOURCE_ACCEPTED_SIMPLE
Eriochloa acuminata (J. Presl) Kunth,Eriochloa acuminata,Eriochloa acuminata (J. Presl) Kunth,Plantae Tracheophyta Liliopsida Poales Poaceae Eriochloa acuminata,EXACT_MATCH_PRIMARY_SOURCE_ACCEPTED_SIMPLE
Eriochloa contracta Hitchc.,Eriochloa contracta,Eriochloa contracta Hitchc.,Plantae Tracheophyta Liliopsida Poales Poaceae Eriochloa contracta,EXACT_MATCH_PRIMARY_SOURCE_ACCEPTED_SIMPLE
Eriochloa villosa (Thunb.) Kunth,Eriochloa villosa,Eriochloa villosa (Thunb.) Kunth,Plantae Tracheophyta Liliopsida Poales Poaceae Eriochloa villosa,EXACT_MATCH_PRIMARY_SOURCE_ACCEPTED_SIMPLE
Eriogonum Michx.,Eriogonum ,Eriogonum Michx.,Plantae Tracheophyta Magnoliopsida Caryophyllales Polygonaceae Eriogonum,EXACT_MATCH_PRIMARY_SOURCE_ACCEPTED_AUTHOR_DISAMBIGUATION
Eriogonum allenii S. Watson,Eriogonum allenii,Eriogonum allenii S. Watson,Plantae Tracheophyta Magnoliopsida Caryophyllales Polygonaceae Eriogonum allenii,EXACT_MATCH_PRIMARY_SOURCE_ACCEPTED_SIMPLE
Eriophorum L.,Eriophorum ,Eriophorum L.,Plantae Tracheophyta Liliopsida Poales Cyperaceae Eriophorum,EXACT_MATCH_PRIMARY_SOURCE_ACCEPTED_SIMPLE
Eriophorum virginicum L.,Eriophorum virginicum,Eriophorum virginicum L.,Plantae Tracheophyta Liliopsida Poales Cyperaceae Eriophorum virginicum,EXACT_MATCH_PRIMARY_SOURCE_ACCEPTED_SIMPLE
Erodium L'Hér. ex Aiton,Erodium ,Erodium L'Hér. ex Aiton,Plantae Tracheophyta Magnoliopsida Geraniales Geraniaceae Erodium,EXACT_MATCH_PRIMARY_SOURCE_ACCEPTED_AUTHOR_DISAMBIGUATION
Erodium cicutarium (L.) L'Hér. ex Aiton,Erodium cicutarium,Erodium cicutarium (L.) L'Hér. ex Aiton,Plantae Tracheophyta Magnoliopsida Geraniales Geraniaceae Erodium cicutarium,EXACT_MATCH_PRIMARY_SOURCE_ACCEPTED_AUTHOR_DISAMBIGUATION
Erucastrum C. Presl,Erucastrum ,Erucastrum C. Presl,Plantae Tracheophyta Magnoliopsida Brassicales Brassicaceae Erucastrum,EXACT_MATCH_PRIMARY_SOURCE_MULT_ACCEPTED
Erucastrum gallicum (Willd.) O.E. Schulz,Erucastrum gallicum,Erucastrum gallicum (Willd.) O.E. Schulz,Plantae Tracheophyta Magnoliopsida Brassicales Brassicaceae Erucastrum gallicum,EXACT_MATCH_PRIMARY_SOURCE_ACCEPTED_SIMPLE
Eryngium L.,Eryngium ,Eryngium L.,Plantae Tracheophyta Magnoliopsida Apiales Apiaceae Eryngium,EXACT_MATCH_PRIMARY_SOURCE_ACCEPTED_SIMPLE
Eryngium aquaticum L.,Eryngium aquaticum,Eryngium aquaticum L.,Plantae Tracheophyta Magnoliopsida Apiales Apiaceae Eryngium aquaticum,EXACT_MATCH_PRIMARY_SOURCE_ACCEPTED_AMONG_SYNONYMS_SIMPLE
Eryngium integrifolium Walter,Eryngium integrifolium,Eryngium integrifolium Walter,Plantae Tracheophyta Magnoliopsida Apiales Apiaceae Eryngium integrifolium,EXACT_MATCH_PRIMARY_SOURCE_ACCEPTED_SIMPLE
Eryngium maritimum L.,Eryngium maritimum,Eryngium maritimum L.,Plantae Tracheophyta Magnoliopsida Apiales Apiaceae Eryngium maritimum,EXACT_MATCH_PRIMARY_SOURCE_ACCEPTED_SIMPLE
Eryngium prostratum Nutt. ex DC.,Eryngium prostratum,Eryngium prostratum Nutt. ex DC.,Plantae Tracheophyta Magnoliopsida Apiales Apiaceae Eryngium prostratum,EXACT_MATCH_PRIMARY_SOURCE_ACCEPTED_AMONG_SYNONYMS_SIMPLE
Eryngium yuccifolium Michx.,Eryngium yuccifolium,Eryngium yuccifolium Michx.,Plantae Tracheophyta Magnoliopsida Apiales Apiaceae Eryngium yuccifolium,EXACT_MATCH_PRIMARY_SOURCE_ACCEPTED_SIMPLE
Erysimum L.,Erysimum ,Erysimum L.,Plantae Tracheophyta Magnoliopsida Brassicales Brassicaceae Erysimum,EXACT_MATCH_PRIMARY_SOURCE_MULT_ACCEPTED
Erysimum capitatum (Douglas ex Hook.) Greene,Erysimum capitatum,Erysimum capitatum (Douglas ex Hook.) Greene,Plantae Tracheophyta Magnoliopsida Brassicales Brassicaceae Erysimum capitatum,EXACT_MATCH_PRIMARY_SOURCE_ACCEPTED_SIMPLE
Erysimum cheiranthoides L.,Erysimum cheiranthoides,Erysimum cheiranthoides L.,Plantae Tracheophyta Magnoliopsida Brassicales Brassicaceae Erysimum cheiranthoides,EXACT_MATCH_PRIMARY_SOURCE_ACCEPTED_AUTHOR_DISAMBIGUATION
Erysimum repandum L.,Erysimum repandum,Erysimum repandum L.,Plantae Tracheophyta Magnoliopsida Brassicales Brassicaceae Erysimum repandum,EXACT_MATCH_PRIMARY_SOURCE_ACCEPTED_AUTHOR_DISAMBIGUATION
Erythronium L.,Erythronium ,Erythronium L.,Plantae Tracheophyta Liliopsida Liliales Liliaceae Erythronium,EXACT_MATCH_PRIMARY_SOURCE_ACCEPTED_SIMPLE
Erythronium albidum Nutt.,Erythronium albidum,Erythronium albidum Nutt.,Plantae Tracheophyta Liliopsida Liliales Liliaceae Erythronium albidum,EXACT_MATCH_PRIMARY_SOURCE_ACCEPTED_SIMPLE
Erythronium americanum Ker Gawl.,Erythronium americanum,Erythronium americanum Ker Gawl.,Plantae Tracheophyta Liliopsida Liliales Liliaceae Erythronium americanum,EXACT_MATCH_PRIMARY_SOURCE_ACCEPTED_AUTHOR_DISAMBIGUATION
Erythronium umbilicatum Parks & Hardin,Erythronium umbilicatum,Erythronium umbilicatum Parks & Hardin,Plantae Tracheophyta Liliopsida Liliales Liliaceae Erythronium umbilicatum,EXACT_MATCH_PRIMARY_SOURCE_ACCEPTED_SIMPLE
Eubotrys Nutt.,Eubotrys ,Eubotrys Nutt.,Plantae Tracheophyta Magnoliopsida Ericales Ericaceae Eubotrys,EXACT_MATCH_PRIMARY_SOURCE_ACCEPTED_AMONG_SYNONYMS_SIMPLE
Eubotrys racemosus (L.) Nutt.,Eubotrys racemosa,Eubotrys racemosus (L.) Nutt.,Plantae Tracheophyta Magnoliopsida Ericales Ericaceae Eubotrys racemosa,FUZZY_MATCH_PRIMARY_SOURCE_ACCEPTED
Eubotrys recurvus (Buckley) Britton,Eubotrys recurva,Eubotrys recurvus (Buckley) Britton,Plantae Tracheophyta Magnoliopsida Ericales Ericaceae Eubotrys recurva,FUZZY_MATCH_PRIMARY_SOURCE_ACCEPTED
Euonymus L.,Euonymus ,Euonymus L.,Plantae Tracheophyta Magnoliopsida Celastrales Celastraceae Euonymus,EXACT_MATCH_PRIMARY_SOURCE_ACCEPTED_SIMPLE
Euonymus alatus (Thunb.) Siebold,Euonymus alatus,Euonymus alatus (Thunb.) Siebold,Plantae Tracheophyta Magnoliopsida Celastrales Celastraceae Euonymus alatus,EXACT_MATCH_PRIMARY_SOURCE_ACCEPTED_AMONG_SYNONYMS_SIMPLE
Euonymus americanus L.,Euonymus americanus,Euonymus americanus L.,Plantae Tracheophyta Magnoliopsida Celastrales Celastraceae Euonymus americanus,EXACT_MATCH_PRIMARY_SOURCE_ACCEPTED_SIMPLE
Euonymus atropurpureus Jacq.,Euonymus atropurpureus,Euonymus atropurpureus Jacq.,Plantae Tracheophyta Magnoliopsida Celastrales Celastraceae Euonymus atropurpureus,EXACT_MATCH_PRIMARY_SOURCE_ACCEPTED_AMONG_SYNONYMS_SIMPLE
Euonymus europaeus L.,Euonymus europaeus,Euonymus europaeus L.,Plantae Tracheophyta Magnoliopsida Celastrales Celastraceae Euonymus europaeus,EXACT_MATCH_PRIMARY_SOURCE_ACCEPTED_SIMPLE
Euonymus fortunei (Turcz.) Hand.-Maz.,Euonymus fortunei,Euonymus fortunei (Turcz.) Hand.-Maz.,Plantae Tracheophyta Magnoliopsida Celastrales Celastraceae Euonymus fortunei,EXACT_MATCH_PRIMARY_SOURCE_ACCEPTED_AMONG_SYNONYMS_SIMPLE
Euonymus japonicus Thunb.,Euonymus japonicus,Euonymus japonicus Thunb.,Plantae Tracheophyta Magnoliopsida Celastrales Celastraceae Euonymus japonicus,EXACT_MATCH_PRIMARY_SOURCE_ACCEPTED_AMONG_SYNONYMS_SIMPLE
Eupatorium L.,Eupatorium ,Eupatorium L.,Plantae Tracheophyta Magnoliopsida Asterales Asteraceae Eupatorium,EXACT_MATCH_PRIMARY_SOURCE_ACCEPTED_AMONG_SYNONYMS_SIMPLE
Eupatorium album L.,Eupatorium album,Eupatorium album L.,Plantae Tracheophyta Magnoliopsida Asterales Asteraceae Eupatorium album,EXACT_MATCH_PRIMARY_SOURCE_ACCEPTED_AUTHOR_DISAMBIGUATION
Eupatorium altissimum L.,Eupatorium altissimum,Eupatorium altissimum L.,Plantae Tracheophyta Magnoliopsida Asterales Asteraceae Eupatorium altissimum,EXACT_MATCH_PRIMARY_SOURCE_ACCEPTED_AMONG_SYNONYMS_SIMPLE
Eupatorium cannabinum L.,Eupatorium cannabinum,Eupatorium cannabinum L.,Plantae Tracheophyta Magnoliopsida Asterales Asteraceae Eupatorium cannabinum,EXACT_MATCH_PRIMARY_SOURCE_ACCEPTED_SIMPLE
Eupatorium capillifolium (Lam.) Small,Eupatorium capillifolium,Eupatorium capillifolium (Lam.) Small,Plantae Tracheophyta Magnoliopsida Asterales Asteraceae Eupatorium capillifolium,EXACT_MATCH_PRIMARY_SOURCE_ACCEPTED_AMONG_SYNONYMS_SIMPLE
Eupatorium compositifolium Walter,Eupatorium compositifolium,Eupatorium compositifolium Walter,Plantae Tracheophyta Magnoliopsida Asterales Asteraceae Eupatorium compositifolium,EXACT_MATCH_PRIMARY_SOURCE_ACCEPTED_SIMPLE
Eupatorium glaucescens Elliott,Eupatorium linearifolium,Eupatorium glaucescens Elliott,Plantae Tracheophyta Magnoliopsida Asterales Asteraceae Eupatorium linearifolium,EXACT_MATCH_PRIMARY_SOURCE_SYNONYM_SIMPLE
Eupatorium godfreyanum Cronquist,Eupatorium godfreyanum,Eupatorium godfreyanum Cronquist,Plantae Tracheophyta Magnoliopsida Asterales Asteraceae Eupatorium godfreyanum,EXACT_MATCH_PRIMARY_SOURCE_ACCEPTED_SIMPLE
Eupatorium hyssopifolium L.,Eupatorium hyssopifolium,Eupatorium hyssopifolium L.,Plantae Tracheophyta Magnoliopsida Asterales Asteraceae Eupatorium hyssopifolium,EXACT_MATCH_PRIMARY_SOURCE_ACCEPTED_AUTHOR_DISAMBIGUATION
Eupatorium leucolepis (DC.) Torr. & A. Gray,Eupatorium leucolepis,Eupatorium leucolepis (DC.) Torr. & A. Gray,Plantae Tracheophyta Magnoliopsida Asterales Asteraceae Eupatorium leucolepis,EXACT_MATCH_PRIMARY_SOURCE_ACCEPTED_SIMPLE
Eupatorium mohrii Greene,Eupatorium mohrii,Eupatorium mohrii Greene,Plantae Tracheophyta Magnoliopsida Asterales Asteraceae Eupatorium mohrii,EXACT_MATCH_PRIMARY_SOURCE_ACCEPTED_SIMPLE
Eupatorium perfoliatum L.,Eupatorium perfoliatum,Eupatorium perfoliatum L.,Plantae Tracheophyta Magnoliopsida Asterales Asteraceae Eupatorium perfoliatum,EXACT_MATCH_PRIMARY_SOURCE_ACCEPTED_SIMPLE
Eupatorium pilosum Walter,Eupatorium pilosum,Eupatorium pilosum Walter,Plantae Tracheophyta Magnoliopsida Asterales Asteraceae Eupatorium pilosum,EXACT_MATCH_PRIMARY_SOURCE_ACCEPTED_SIMPLE
Eupatorium rotundifolium L.,Eupatorium rotundifolium,Eupatorium rotundifolium L.,Plantae Tracheophyta Magnoliopsida Asterales Asteraceae Eupatorium rotundifolium,EXACT_MATCH_PRIMARY_SOURCE_ACCEPTED_AMONG_SYNONYMS_SIMPLE
Eupatorium semiserratum DC.,Eupatorium semiserratum,Eupatorium semiserratum DC.,Plantae Tracheophyta Magnoliopsida Asterales Asteraceae Eupatorium semiserratum,EXACT_MATCH_PRIMARY_SOURCE_ACCEPTED_SIMPLE
Eupatorium serotinum Michx.,Eupatorium serotinum,Eupatorium serotinum Michx.,Plantae Tracheophyta Magnoliopsida Asterales Asteraceae Eupatorium serotinum,EXACT_MATCH_PRIMARY_SOURCE_ACCEPTED_SIMPLE
Eupatorium sessilifolium L.,Eupatorium sessilifolium,Eupatorium sessilifolium L.,Plantae Tracheophyta Magnoliopsida Asterales Asteraceae Eupatorium sessilifolium,EXACT_MATCH_PRIMARY_SOURCE_ACCEPTED_SIMPLE
Eupatorium ×pinnatifidum Elliott [capillifolium × perfoliatum],Eupatorium pinnatifidum,Eupatorium ×pinnatifidum Elliott [capillifolium × perfoliatum],Plantae Tracheophyta Magnoliopsida Asterales Asteraceae Eupatorium pinnatifidum,EXACT_MATCH_PRIMARY_SOURCE_ACCEPTED_AMONG_SYNONYMS_SIMPLE
Eupatorium ×truncatum Muhl. ex Willd. (pro sp.) [perfoliatum × serotinum],Eupatorium truncatum,Eupatorium ×truncatum Muhl. ex Willd. (pro sp.) [perfoliatum × serotinum],Plantae Tracheophyta Magnoliopsida Asterales Asteraceae Eupatorium truncatum,EXACT_MATCH_PRIMARY_SOURCE_ACCEPTED_AMONG_SYNONYMS_SIMPLE
Euphorbia L.,Euphorbia ,Euphorbia L.,Plantae Tracheophyta Magnoliopsida Malpighiales Euphorbiaceae Euphorbia,EXACT_MATCH_PRIMARY_SOURCE_ACCEPTED_AUTHOR_DISAMBIGUATION
Euphorbia commutata Engelm. ex A. Gray,Euphorbia commutata,Euphorbia commutata Engelm. ex A. Gray,Plantae Tracheophyta Magnoliopsida Malpighiales Euphorbiaceae Euphorbia commutata,EXACT_MATCH_PRIMARY_SOURCE_MULT_ACCEPTED
Euphorbia corollata L.,Euphorbia corollata,Euphorbia corollata L.,Plantae Tracheophyta Magnoliopsida Malpighiales Euphorbiaceae Euphorbia corollata,EXACT_MATCH_PRIMARY_SOURCE_ACCEPTED_SIMPLE
Euphorbia cyathophora Murray,Euphorbia heterophylla,Euphorbia cyathophora Murray,Plantae Tracheophyta Magnoliopsida Malpighiales Euphorbiaceae Euphorbia heterophylla,EXACT_MATCH_PRIMARY_SOURCE_SYNONYM_SIMPLE
Euphorbia cyparissias L.,Euphorbia cyparissias,Euphorbia cyparissias L.,Plantae Tracheophyta Magnoliopsida Malpighiales Euphorbiaceae Euphorbia cyparissias,EXACT_MATCH_PRIMARY_SOURCE_ACCEPTED_SIMPLE
Euphorbia davidii Subils,Euphorbia davidii,Euphorbia davidii Subils,Plantae Tracheophyta Magnoliopsida Malpighiales Euphorbiaceae Euphorbia davidii,EXACT_MATCH_PRIMARY_SOURCE_ACCEPTED_SIMPLE
Euphorbia dentata Michx.,Euphorbia dentata,Euphorbia dentata Michx.,Plantae Tracheophyta Magnoliopsida Malpighiales Euphorbiaceae Euphorbia dentata,EXACT_MATCH_PRIMARY_SOURCE_ACCEPTED_SIMPLE
Euphorbia esula L.,Euphorbia esula,Euphorbia esula L.,Plantae Tracheophyta Magnoliopsida Malpighiales Euphorbiaceae Euphorbia esula,EXACT_MATCH_PRIMARY_SOURCE_ACCEPTED_AUTHOR_DISAMBIGUATION
Euphorbia exserta (Small) Coker,Euphorbia exserta,Euphorbia exserta (Small) Coker,Plantae Tracheophyta Magnoliopsida Malpighiales Euphorbiaceae Euphorbia exserta,EXACT_MATCH_PRIMARY_SOURCE_ACCEPTED_AMONG_SYNONYMS_SIMPLE
Euphorbia falcata L.,Euphorbia falcata,Euphorbia falcata L.,Plantae Tracheophyta Magnoliopsida Malpighiales Euphorbiaceae Euphorbia falcata,EXACT_MATCH_PRIMARY_SOURCE_ACCEPTED_SIMPLE
Euphorbia helioscopia L.,Euphorbia helioscopia,Euphorbia helioscopia L.,Plantae Tracheophyta Magnoliopsida Malpighiales Euphorbiaceae Euphorbia helioscopia,EXACT_MATCH_PRIMARY_SOURCE_ACCEPTED_AUTHOR_DISAMBIGUATION
Euphorbia lathyris L.,Euphorbia lathyris,Euphorbia lathyris L.,Plantae Tracheophyta Magnoliopsida Malpighiales Euphorbiaceae Euphorbia lathyris,EXACT_MATCH_PRIMARY_SOURCE_ACCEPTED_AMONG_SYNONYMS_SIMPLE
Euphorbia marginata Pursh,Euphorbia marginata,Euphorbia marginata Pursh,Plantae Tracheophyta Magnoliopsida Malpighiales Euphorbiaceae Euphorbia marginata,EXACT_MATCH_PRIMARY_SOURCE_ACCEPTED_AMONG_SYNONYMS_SIMPLE
Euphorbia mercurialina Michx.,Euphorbia mercurialina,Euphorbia mercurialina Michx.,Plantae Tracheophyta Magnoliopsida Malpighiales Euphorbiaceae Euphorbia mercurialina,EXACT_MATCH_PRIMARY_SOURCE_ACCEPTED_SIMPLE
Euphorbia pubentissima Michx.,Euphorbia pubentissima,Euphorbia pubentissima Michx.,Plantae Tracheophyta Magnoliopsida Malpighiales Euphorbiaceae Euphorbia pubentissima,EXACT_MATCH_PRIMARY_SOURCE_ACCEPTED_SIMPLE
Euphorbia purpurea (Raf.) Fernald,Euphorbia purpurea,Euphorbia purpurea (Raf.) Fernald,Plantae Tracheophyta Magnoliopsida Malpighiales Euphorbiaceae Euphorbia purpurea,EXACT_MATCH_PRIMARY_SOURCE_ACCEPTED_SIMPLE
Euphorbia spathulata Lam.,Euphorbia spathulata,Euphorbia spathulata Lam.,Plantae Tracheophyta Magnoliopsida Malpighiales Euphorbiaceae Euphorbia spathulata,EXACT_MATCH_PRIMARY_SOURCE_ACCEPTED_SIMPLE
Eurybia (Cass.) Cass.,Eurybia ,Eurybia (Cass.) Cass.,Plantae Tracheophyta Magnoliopsida Asterales Asteraceae Eurybia,EXACT_MATCH_PRIMARY_SOURCE_ACCEPTED_AUTHOR_DISAMBIGUATION
Eurybia chlorolepis (Burgess) G.L. Nesom,Eurybia chlorolepis,Eurybia chlorolepis (Burgess) G.L. Nesom,Plantae Tracheophyta Magnoliopsida Asterales Asteraceae Eurybia chlorolepis,EXACT_MATCH_PRIMARY_SOURCE_ACCEPTED_SIMPLE
Eurybia compacta G.L. Nesom,Eurybia compacta,Eurybia compacta G.L. Nesom,Plantae Tracheophyta Magnoliopsida Asterales Asteraceae Eurybia compacta,EXACT_MATCH_PRIMARY_SOURCE_ACCEPTED_SIMPLE
Eurybia divaricata (L.) G.L. Nesom,Eurybia divaricata,Eurybia divaricata (L.) G.L. Nesom,Plantae Tracheophyta Magnoliopsida Asterales Asteraceae Eurybia divaricata,EXACT_MATCH_PRIMARY_SOURCE_ACCEPTED_SIMPLE
Eurybia macrophylla (L.) Cass.,Eurybia macrophylla,Eurybia macrophylla (L.) Cass.,Plantae Tracheophyta Magnoliopsida Asterales Asteraceae Eurybia macrophylla,EXACT_MATCH_PRIMARY_SOURCE_ACCEPTED_AUTHOR_DISAMBIGUATION
Eurybia radula (Aiton) G.L. Nesom,Eurybia radula,Eurybia radula (Aiton) G.L. Nesom,Plantae Tracheophyta Magnoliopsida Asterales Asteraceae Eurybia radula,EXACT_MATCH_PRIMARY_SOURCE_ACCEPTED_SIMPLE
Eurybia schreberi (Nees) Nees,Eurybia schreberi,Eurybia schreberi (Nees) Nees,Plantae Tracheophyta Magnoliopsida Asterales Asteraceae Eurybia schreberi,EXACT_MATCH_PRIMARY_SOURCE_ACCEPTED_SIMPLE
Eurybia spectabilis (Aiton) G.L. Nesom,Eurybia spectabilis,Eurybia spectabilis (Aiton) G.L. Nesom,Plantae Tracheophyta Magnoliopsida Asterales Asteraceae Eurybia spectabilis,EXACT_MATCH_PRIMARY_SOURCE_ACCEPTED_SIMPLE
Eurybia surculosa (Michx.) G.L. Nesom,Eurybia surculosa,Eurybia surculosa (Michx.) G.L. Nesom,Plantae Tracheophyta Magnoliopsida Asterales Asteraceae Eurybia surculosa,EXACT_MATCH_PRIMARY_SOURCE_ACCEPTED_SIMPLE
Euthamia Nutt. ex Cass.,Euthamia ,Euthamia Nutt. ex Cass.,Plantae Tracheophyta Magnoliopsida Asterales Asteraceae Euthamia,EXACT_MATCH_PRIMARY_SOURCE_MULT_ACCEPTED
Euthamia caroliniana (L.) Greene ex Porter & Britton,Euthamia caroliniana,Euthamia caroliniana (L.) Greene ex Porter & Britton,Plantae Tracheophyta Magnoliopsida Asterales Asteraceae Euthamia caroliniana,EXACT_MATCH_PRIMARY_SOURCE_ACCEPTED_AMONG_SYNONYMS_SIMPLE
Euthamia graminifolia (L.) Nutt.,Euthamia graminifolia,Euthamia graminifolia (L.) Nutt.,Plantae Tracheophyta Magnoliopsida Asterales Asteraceae Euthamia graminifolia,EXACT_MATCH_PRIMARY_SOURCE_ACCEPTED_AMONG_SYNONYMS_SIMPLE
Eutrochium Raf.,Eutrochium ,Eutrochium Raf.,Plantae Tracheophyta Magnoliopsida Asterales Asteraceae Eutrochium,EXACT_MATCH_PRIMARY_SOURCE_ACCEPTED_SIMPLE
Eutrochium dubium (Willd. ex Poir.) E.E. Lamont,Eutrochium dubium,Eutrochium dubium (Willd. ex Poir.) E.E. Lamont,Plantae Tracheophyta Magnoliopsida Asterales Asteraceae Eutrochium dubium,EXACT_MATCH_PRIMARY_SOURCE_ACCEPTED_SIMPLE
Eutrochium fistulosum (Barratt) E.E. Lamont,Eutrochium fistulosum,Eutrochium fistulosum (Barratt) E.E. Lamont,Plantae Tracheophyta Magnoliopsida Asterales Asteraceae Eutrochium fistulosum,EXACT_MATCH_PRIMARY_SOURCE_ACCEPTED_SIMPLE
Eutrochium maculatum (L.) E.E. Lamont,Eutrochium maculatum,Eutrochium maculatum (L.) E.E. Lamont,Plantae Tracheophyta Magnoliopsida Asterales Asteraceae Eutrochium maculatum,EXACT_MATCH_PRIMARY_SOURCE_ACCEPTED_SIMPLE
Eutrochium purpureum (L.) E.E. Lamont,Eutrochium purpureum,Eutrochium purpureum (L.) E.E. Lamont,Plantae Tracheophyta Magnoliopsida Asterales Asteraceae Eutrochium purpureum,EXACT_MATCH_PRIMARY_SOURCE_ACCEPTED_SIMPLE
Eutrochium steelei (E.E. Lamont) E.E. Lamont,Eutrochium steelei,Eutrochium steelei (E.E. Lamont) E.E. Lamont,Plantae Tracheophyta Magnoliopsida Asterales Asteraceae Eutrochium steelei,EXACT_MATCH_PRIMARY_SOURCE_ACCEPTED_SIMPLE
Exochorda Lindl.,Exochorda ,Exochorda Lindl.,Plantae Tracheophyta Magnoliopsida Rosales Rosaceae Exochorda,EXACT_MATCH_PRIMARY_SOURCE_ACCEPTED_SIMPLE
Exochorda racemosa (Lindl.) Rehder,Exochorda racemosa,Exochorda racemosa (Lindl.) Rehder,Plantae Tracheophyta Magnoliopsida Rosales Rosaceae Exochorda racemosa,EXACT_MATCH_PRIMARY_SOURCE_ACCEPTED_AMONG_SYNONYMS_SIMPLE
Facelis Cass.,Facelis ,Facelis Cass.,Plantae Tracheophyta Magnoliopsida Asterales Asteraceae Facelis,EXACT_MATCH_PRIMARY_SOURCE_ACCEPTED_SIMPLE
Facelis retusa (Lam.) Sch. Bip.,Facelis retusa,Facelis retusa (Lam.) Sch. Bip.,Plantae Tracheophyta Magnoliopsida Asterales Asteraceae Facelis retusa,EXACT_MATCH_PRIMARY_SOURCE_ACCEPTED_SIMPLE
Fagopyrum Mill.,Fagopyrum ,Fagopyrum Mill.,Plantae Tracheophyta Magnoliopsida Caryophyllales Polygonaceae Fagopyrum,EXACT_MATCH_PRIMARY_SOURCE_ACCEPTED_AUTHOR_DISAMBIGUATION
Fagopyrum esculentum Moench,Fagopyrum esculentum,Fagopyrum esculentum Moench,Plantae Tracheophyta Magnoliopsida Caryophyllales Polygonaceae Fagopyrum esculentum,EXACT_MATCH_PRIMARY_SOURCE_ACCEPTED_SIMPLE
Fagus L.,Fagus ,Fagus L.,Plantae Tracheophyta Magnoliopsida Fagales Fagaceae Fagus,EXACT_MATCH_PRIMARY_SOURCE_ACCEPTED_SIMPLE
Fagus grandifolia Ehrh.,Fagus grandifolia,Fagus grandifolia Ehrh.,Plantae Tracheophyta Magnoliopsida Fagales Fagaceae Fagus grandifolia,EXACT_MATCH_PRIMARY_SOURCE_ACCEPTED_SIMPLE
Falcaria Fabr.,Falcaria ,Falcaria Fabr.,Plantae Tracheophyta Magnoliopsida Apiales Apiaceae Falcaria,EXACT_MATCH_PRIMARY_SOURCE_ACCEPTED_AUTHOR_DISAMBIGUATION
Falcaria vulgaris Bernh.,Falcaria vulgaris,Falcaria vulgaris Bernh.,Plantae Tracheophyta Magnoliopsida Apiales Apiaceae Falcaria vulgaris,EXACT_MATCH_PRIMARY_SOURCE_ACCEPTED_SIMPLE
Fatoua Gaudich.,Fatoua ,Fatoua Gaudich.,Plantae Tracheophyta Magnoliopsida Rosales Moraceae Fatoua,EXACT_MATCH_PRIMARY_SOURCE_ACCEPTED_SIMPLE
Fatoua villosa (Thunb.) Nakai,Fatoua villosa,Fatoua villosa (Thunb.) Nakai,Plantae Tracheophyta Magnoliopsida Rosales Moraceae Fatoua villosa,EXACT_MATCH_PRIMARY_SOURCE_ACCEPTED_SIMPLE
Festuca L.,Festuca ,Festuca L.,Plantae Tracheophyta Liliopsida Poales Poaceae Festuca,EXACT_MATCH_PRIMARY_SOURCE_ACCEPTED_AMONG_SYNONYMS_SIMPLE
Festuca filiformis Pourr.,Festuca filiformis,Festuca filiformis Pourr.,Plantae Tracheophyta Liliopsida Poales Poaceae Festuca filiformis,EXACT_MATCH_PRIMARY_SOURCE_ACCEPTED_AMONG_SYNONYMS_SIMPLE
Festuca heterophylla Lam.,Festuca heterophylla,Festuca heterophylla Lam.,Plantae Tracheophyta Liliopsida Poales Poaceae Festuca heterophylla,EXACT_MATCH_PRIMARY_SOURCE_ACCEPTED_AMONG_SYNONYMS_SIMPLE
Festuca paradoxa Desv.,Festuca paradoxa,Festuca paradoxa Desv.,Plantae Tracheophyta Liliopsida Poales Poaceae Festuca paradoxa,EXACT_MATCH_PRIMARY_SOURCE_ACCEPTED_AMONG_SYNONYMS_SIMPLE
Festuca rubra L.,Festuca rubra,Festuca rubra L.,Plantae Tracheophyta Liliopsida Poales Poaceae Festuca rubra,EXACT_MATCH_PRIMARY_SOURCE_ACCEPTED_AUTHOR_DISAMBIGUATION
Festuca subverticillata (Pers.) Alexeev,Festuca subverticillata,Festuca subverticillata (Pers.) Alexeev,Plantae Tracheophyta Liliopsida Poales Poaceae Festuca subverticillata,EXACT_MATCH_PRIMARY_SOURCE_ACCEPTED_SIMPLE
Ficus L.,Ficus ,Ficus L.,Plantae Tracheophyta Magnoliopsida Rosales Moraceae Ficus,EXACT_MATCH_PRIMARY_SOURCE_ACCEPTED_AUTHOR_DISAMBIGUATION
Ficus carica L.,Ficus carica,Ficus carica L.,Plantae Tracheophyta Magnoliopsida Rosales Moraceae Ficus carica,EXACT_MATCH_PRIMARY_SOURCE_ACCEPTED_SIMPLE
Filago Loefl.,Filago ,Filago Loefl.,Plantae Tracheophyta Magnoliopsida Asterales Asteraceae Filago,EXACT_MATCH_PRIMARY_SOURCE_ACCEPTED_AUTHOR_DISAMBIGUATION
Filago vulgaris Lam.,Filago germanica,Filago vulgaris Lam.,Plantae Tracheophyta Magnoliopsida Asterales Asteraceae Filago germanica,EXACT_MATCH_PRIMARY_SOURCE_SYNONYM_SIMPLE
Filipendula Mill.,Filipendula ,Filipendula Mill.,Plantae Tracheophyta Magnoliopsida Rosales Rosaceae Filipendula,EXACT_MATCH_PRIMARY_SOURCE_ACCEPTED_SIMPLE
Filipendula rubra (Hill) B.L. Rob.,Filipendula rubra,Filipendula rubra (Hill) B.L. Rob.,Plantae Tracheophyta Magnoliopsida Rosales Rosaceae Filipendula rubra,EXACT_MATCH_PRIMARY_SOURCE_ACCEPTED_SIMPLE
Fimbristylis Vahl,Fimbristylis ,Fimbristylis Vahl,Plantae Tracheophyta Liliopsida Poales Cyperaceae Fimbristylis,EXACT_MATCH_PRIMARY_SOURCE_ACCEPTED_SIMPLE
Fimbristylis annua (All.) Roem. & Schult.,Fimbristylis annua,Fimbristylis annua (All.) Roem. & Schult.,Plantae Tracheophyta Liliopsida Poales Cyperaceae Fimbristylis annua,EXACT_MATCH_PRIMARY_SOURCE_ACCEPTED_AMONG_SYNONYMS_SIMPLE
Fimbristylis autumnalis (L.) Roem. & Schult.,Fimbristylis autumnalis,Fimbristylis autumnalis (L.) Roem. & Schult.,Plantae Tracheophyta Liliopsida Poales Cyperaceae Fimbristylis autumnalis,EXACT_MATCH_PRIMARY_SOURCE_ACCEPTED_SIMPLE
Fimbristylis caroliniana (Lam.) Fernald,Fimbristylis caroliniana,Fimbristylis caroliniana (Lam.) Fernald,Plantae Tracheophyta Liliopsida Poales Cyperaceae Fimbristylis caroliniana,EXACT_MATCH_PRIMARY_SOURCE_ACCEPTED_SIMPLE
Fimbristylis castanea (Michx.) Vahl,Fimbristylis spadicea,Fimbristylis castanea (Michx.) Vahl,Plantae Tracheophyta Liliopsida Poales Cyperaceae Fimbristylis spadicea,EXACT_MATCH_PRIMARY_SOURCE_SYNONYM_SIMPLE
Fimbristylis dichotoma (L.) Vahl,Fimbristylis dichotoma,Fimbristylis dichotoma (L.) Vahl,Plantae Tracheophyta Liliopsida Poales Cyperaceae Fimbristylis dichotoma,EXACT_MATCH_PRIMARY_SOURCE_ACCEPTED_AUTHOR_DISAMBIGUATION
Fimbristylis perpusilla Harper ex Small & Britton,Fimbristylis perpusilla,Fimbristylis perpusilla Harper ex Small & Britton,Plantae Tracheophyta Liliopsida Poales Cyperaceae Fimbristylis perpusilla,EXACT_MATCH_PRIMARY_SOURCE_MULT_ACCEPTED
Fimbristylis puberula (Michx.) Vahl,Fimbristylis puberula,Fimbristylis puberula (Michx.) Vahl,Plantae Tracheophyta Liliopsida Poales Cyperaceae Fimbristylis puberula,EXACT_MATCH_PRIMARY_SOURCE_ACCEPTED_SIMPLE
Firmiana Marsili,Firmiana ,Firmiana Marsili,Plantae Tracheophyta Magnoliopsida Malvales Malvaceae Firmiana,EXACT_MATCH_PRIMARY_SOURCE_ACCEPTED_SIMPLE
Firmiana simplex (L.) W. Wight,Firmiana simplex,Firmiana simplex (L.) W. Wight,Plantae Tracheophyta Magnoliopsida Malvales Malvaceae Firmiana simplex,EXACT_MATCH_PRIMARY_SOURCE_ACCEPTED_SIMPLE
Fissidens Hedw.,Fissidens ,Fissidens Hedw.,Plantae Bryophyta Bryopsida Dicranales Fissidentaceae Fissidens,EXACT_MATCH_PRIMARY_SOURCE_ACCEPTED_AMONG_SYNONYMS_SIMPLE
Flaveria Juss.,Flaveria ,Flaveria Juss.,Plantae Tracheophyta Magnoliopsida Asterales Asteraceae Flaveria,EXACT_MATCH_PRIMARY_SOURCE_ACCEPTED_SIMPLE
Flaveria trinervia (Spreng.) C. Mohr,Flaveria trinervia,Flaveria trinervia (Spreng.) C. Mohr,Plantae Tracheophyta Magnoliopsida Asterales Asteraceae Flaveria trinervia,EXACT_MATCH_PRIMARY_SOURCE_ACCEPTED_SIMPLE
Fleischmannia Sch. Bip.,Fleischmannia ,Fleischmannia Sch. Bip.,Plantae Tracheophyta Magnoliopsida Asterales Asteraceae Fleischmannia,MULTI_EXACT_MATCH_PRIMARY_SOURCE_ACCEPTED_HOMONYM
Fleischmannia incarnata (Walter) R.M. King & H. Rob.,Fleischmannia incarnata,Fleischmannia incarnata (Walter) R.M. King & H. Rob.,Plantae Tracheophyta Magnoliopsida Asterales Asteraceae Fleischmannia incarnata,EXACT_MATCH_PRIMARY_SOURCE_ACCEPTED_SIMPLE
Floerkea Willd.,Floerkea ,Floerkea Willd.,Plantae Tracheophyta Magnoliopsida Brassicales Limnanthaceae Floerkea,EXACT_MATCH_PRIMARY_SOURCE_ACCEPTED_AMONG_SYNONYMS_SIMPLE
Floerkea proserpinacoides Willd.,Floerkea proserpinacoides,Floerkea proserpinacoides Willd.,Plantae Tracheophyta Magnoliopsida Brassicales Limnanthaceae Floerkea proserpinacoides,EXACT_MATCH_PRIMARY_SOURCE_ACCEPTED_SIMPLE
Foeniculum Mill.,Foeniculum ,Foeniculum Mill.,Plantae Tracheophyta Magnoliopsida Apiales Apiaceae Foeniculum,EXACT_MATCH_PRIMARY_SOURCE_ACCEPTED_AUTHOR_DISAMBIGUATION
Foeniculum vulgare Mill.,Foeniculum vulgare,Foeniculum vulgare Mill.,Plantae Tracheophyta Magnoliopsida Apiales Apiaceae Foeniculum vulgare,EXACT_MATCH_PRIMARY_SOURCE_ACCEPTED_AUTHOR_DISAMBIGUATION
Forsythia Vahl,Forsythia ,Forsythia Vahl,Plantae Tracheophyta Magnoliopsida Lamiales Oleaceae Forsythia,EXACT_MATCH_PRIMARY_SOURCE_ACCEPTED_AUTHOR_DISAMBIGUATION
Forsythia suspensa (Thunb.) Vahl,Forsythia suspensa,Forsythia suspensa (Thunb.) Vahl,Plantae Tracheophyta Magnoliopsida Lamiales Oleaceae Forsythia suspensa,EXACT_MATCH_PRIMARY_SOURCE_ACCEPTED_SIMPLE
Forsythia viridissima Lindl.,Forsythia viridissima,Forsythia viridissima Lindl.,Plantae Tracheophyta Magnoliopsida Lamiales Oleaceae Forsythia viridissima,EXACT_MATCH_PRIMARY_SOURCE_ACCEPTED_SIMPLE
Forsythia ×intermedia Zabel [suspensa × viridissima],Forsythia intermedia,Forsythia ×intermedia Zabel [suspensa × viridissima],Plantae Tracheophyta Magnoliopsida Lamiales Oleaceae Forsythia intermedia,EXACT_MATCH_PRIMARY_SOURCE_ACCEPTED_SIMPLE
Fragaria L.,Fragaria ,Fragaria L.,Plantae Tracheophyta Magnoliopsida Rosales Rosaceae Fragaria,EXACT_MATCH_PRIMARY_SOURCE_ACCEPTED_SIMPLE
Fragaria vesca L.,Fragaria vesca,Fragaria vesca L.,Plantae Tracheophyta Magnoliopsida Rosales Rosaceae Fragaria vesca,EXACT_MATCH_PRIMARY_SOURCE_ACCEPTED_AUTHOR_DISAMBIGUATION
Fragaria virginiana Duchesne,Fragaria virginiana,Fragaria virginiana Duchesne,Plantae Tracheophyta Magnoliopsida Rosales Rosaceae Fragaria virginiana,EXACT_MATCH_PRIMARY_SOURCE_ACCEPTED_AUTHOR_DISAMBIGUATION
Fragaria ×ananassa (Weston) Duchesne ex Rozier ssp. ananassa,Fragaria ananassa,Fragaria ×ananassa (Weston) Duchesne ex Rozier ssp. ananassa,Plantae Tracheophyta Magnoliopsida Rosales Rosaceae Fragaria ananassa,EXACT_MATCH_PRIMARY_SOURCE_ACCEPTED_AMONG_SYNONYMS_SIMPLE
Frangula Mill.,Frangula ,Frangula Mill.,Plantae Tracheophyta Magnoliopsida Rosales Rhamnaceae Frangula,EXACT_MATCH_PRIMARY_SOURCE_ACCEPTED_AUTHOR_DISAMBIGUATION
Frangula caroliniana (Walter) A. Gray,Frangula caroliniana,Frangula caroliniana (Walter) A. Gray,Plantae Tracheophyta Magnoliopsida Rosales Rhamnaceae Frangula caroliniana,EXACT_MATCH_PRIMARY_SOURCE_ACCEPTED_SIMPLE
Frasera Walter,Frasera ,Frasera Walter,Plantae Tracheophyta Magnoliopsida Gentianales Gentianaceae Frasera,EXACT_MATCH_PRIMARY_SOURCE_ACCEPTED_SIMPLE
Frasera caroliniensis Walter,Frasera caroliniensis,Frasera caroliniensis Walter,Plantae Tracheophyta Magnoliopsida Gentianales Gentianaceae Frasera caroliniensis,EXACT_MATCH_PRIMARY_SOURCE_ACCEPTED_SIMPLE
Fraxinus L.,Fraxinus ,Fraxinus L.,Plantae Tracheophyta Magnoliopsida Lamiales Oleaceae Fraxinus,EXACT_MATCH_PRIMARY_SOURCE_ACCEPTED_SIMPLE
Fraxinus americana L.,Fraxinus americana,Fraxinus americana L.,Plantae Tracheophyta Magnoliopsida Lamiales Oleaceae Fraxinus americana,EXACT_MATCH_PRIMARY_SOURCE_ACCEPTED_AUTHOR_DISAMBIGUATION
Fraxinus caroliniana Mill.,Fraxinus caroliniana,Fraxinus caroliniana Mill.,Plantae Tracheophyta Magnoliopsida Lamiales Oleaceae Fraxinus caroliniana,EXACT_MATCH_PRIMARY_SOURCE_ACCEPTED_AUTHOR_DISAMBIGUATION
Fraxinus nigra Marshall,Fraxinus nigra,Fraxinus nigra Marshall,Plantae Tracheophyta Magnoliopsida Lamiales Oleaceae Fraxinus nigra,EXACT_MATCH_PRIMARY_SOURCE_ACCEPTED_AUTHOR_DISAMBIGUATION
Fraxinus pennsylvanica Marshall,Fraxinus pennsylvanica,Fraxinus pennsylvanica Marshall,Plantae Tracheophyta Magnoliopsida Lamiales Oleaceae Fraxinus pennsylvanica,EXACT_MATCH_PRIMARY_SOURCE_ACCEPTED_SIMPLE
Fraxinus profunda (Bush) Bush,Fraxinus profunda,Fraxinus profunda (Bush) Bush,Plantae Tracheophyta Magnoliopsida Lamiales Oleaceae Fraxinus profunda,EXACT_MATCH_PRIMARY_SOURCE_ACCEPTED_SIMPLE
Fraxinus quadrangulata Michx.,Fraxinus quadrangulata,Fraxinus quadrangulata Michx.,Plantae Tracheophyta Magnoliopsida Lamiales Oleaceae Fraxinus quadrangulata,EXACT_MATCH_PRIMARY_SOURCE_ACCEPTED_SIMPLE
Froelichia Moench,Froelichia ,Froelichia Moench,Plantae Tracheophyta Magnoliopsida Caryophyllales Amaranthaceae Froelichia,EXACT_MATCH_PRIMARY_SOURCE_ACCEPTED_AUTHOR_DISAMBIGUATION
Froelichia floridana (Nutt.) Moq.,Froelichia floridana,Froelichia floridana (Nutt.) Moq.,Plantae Tracheophyta Magnoliopsida Caryophyllales Amaranthaceae Froelichia floridana,EXACT_MATCH_PRIMARY_SOURCE_ACCEPTED_SIMPLE
Froelichia gracilis (Hook.) Moq.,Froelichia gracilis,Froelichia gracilis (Hook.) Moq.,Plantae Tracheophyta Magnoliopsida Caryophyllales Amaranthaceae Froelichia gracilis,EXACT_MATCH_PRIMARY_SOURCE_ACCEPTED_SIMPLE
Fuirena Rottb.,Fuirena ,Fuirena Rottb.,Plantae Tracheophyta Liliopsida Poales Cyperaceae Fuirena,EXACT_MATCH_PRIMARY_SOURCE_ACCEPTED_SIMPLE
Fuirena breviseta (Coville) Coville,Fuirena breviseta,Fuirena breviseta (Coville) Coville,Plantae Tracheophyta Liliopsida Poales Cyperaceae Fuirena breviseta,EXACT_MATCH_PRIMARY_SOURCE_ACCEPTED_SIMPLE
Fuirena coerulescens Steud.,Fuirena coerulescens,Fuirena coerulescens Steud.,Plantae Tracheophyta Liliopsida Poales Cyperaceae Fuirena coerulescens,EXACT_MATCH_PRIMARY_SOURCE_ACCEPTED_SIMPLE
Fuirena pumila (Torr.) Spreng.,Fuirena pumila,Fuirena pumila (Torr.) Spreng.,Plantae Tracheophyta Liliopsida Poales Cyperaceae Fuirena pumila,EXACT_MATCH_PRIMARY_SOURCE_ACCEPTED_AUTHOR_DISAMBIGUATION
Fuirena squarrosa Michx.,Fuirena squarrosa,Fuirena squarrosa Michx.,Plantae Tracheophyta Liliopsida Poales Cyperaceae Fuirena squarrosa,EXACT_MATCH_PRIMARY_SOURCE_ACCEPTED_SIMPLE
Fumaria L.,Fumaria ,Fumaria L.,Plantae Tracheophyta Magnoliopsida Ranunculales Papaveraceae Fumaria,EXACT_MATCH_PRIMARY_SOURCE_ACCEPTED_AMONG_SYNONYMS_SIMPLE
Fumaria officinalis L.,Fumaria officinalis,Fumaria officinalis L.,Plantae Tracheophyta Magnoliopsida Ranunculales Papaveraceae Fumaria officinalis,EXACT_MATCH_PRIMARY_SOURCE_ACCEPTED_AUTHOR_DISAMBIGUATION
Gaillardia Foug.,Gaillardia ,Gaillardia Foug.,Plantae Tracheophyta Magnoliopsida Asterales Asteraceae Gaillardia,EXACT_MATCH_PRIMARY_SOURCE_ACCEPTED_AUTHOR_DISAMBIGUATION
Gaillardia pulchella Foug.,Gaillardia pulchella,Gaillardia pulchella Foug.,Plantae Tracheophyta Magnoliopsida Asterales Asteraceae Gaillardia pulchella,EXACT_MATCH_PRIMARY_SOURCE_ACCEPTED_SIMPLE
Galactia P. Br.,Galactia ,Galactia P. Br.,Plantae Tracheophyta Magnoliopsida Fabales Fabaceae Galactia,EXACT_MATCH_PRIMARY_SOURCE_ACCEPTED_SIMPLE
"Galactia regularis (L.) Britton, Sterns & Poggenb.",Galactia regularis,"Galactia regularis (L.) Britton, Sterns & Poggenb.",Plantae Tracheophyta Magnoliopsida Fabales Fabaceae Galactia regularis,EXACT_MATCH_PRIMARY_SOURCE_ACCEPTED_AMONG_SYNONYMS_SIMPLE
Galactia volubilis (L.) Britton,Galactia volubilis,Galactia volubilis (L.) Britton,Plantae Tracheophyta Magnoliopsida Fabales Fabaceae Galactia volubilis,EXACT_MATCH_PRIMARY_SOURCE_ACCEPTED_SIMPLE
Galanthus L.,Galanthus ,Galanthus L.,Plantae Tracheophyta Liliopsida Asparagales Amaryllidaceae Galanthus,EXACT_MATCH_PRIMARY_SOURCE_ACCEPTED_SIMPLE
Galanthus nivalis L.,Galanthus nivalis,Galanthus nivalis L.,Plantae Tracheophyta Liliopsida Asparagales Amaryllidaceae Galanthus nivalis,EXACT_MATCH_PRIMARY_SOURCE_ACCEPTED_AUTHOR_DISAMBIGUATION
Galax Sims,Galax ,Galax Sims,Plantae Tracheophyta Magnoliopsida Ericales Diapensiaceae Galax,EXACT_MATCH_PRIMARY_SOURCE_ACCEPTED_AUTHOR_DISAMBIGUATION
Galax urceolata (Poir.) Brummitt,Galax urceolata,Galax urceolata (Poir.) Brummitt,Plantae Tracheophyta Magnoliopsida Ericales Diapensiaceae Galax urceolata,EXACT_MATCH_PRIMARY_SOURCE_ACCEPTED_SIMPLE
Galearis Raf.,Galearis ,Galearis Raf.,Plantae Tracheophyta Liliopsida Asparagales Orchidaceae Galearis,EXACT_MATCH_PRIMARY_SOURCE_ACCEPTED_SIMPLE
Galearis spectabilis (L.) Raf.,Galearis spectabilis,Galearis spectabilis (L.) Raf.,Plantae Tracheophyta Liliopsida Asparagales Orchidaceae Galearis spectabilis,EXACT_MATCH_PRIMARY_SOURCE_ACCEPTED_SIMPLE
Galeopsis L.,Galeopsis ,Galeopsis L.,Plantae Tracheophyta Magnoliopsida Lamiales Lamiaceae Galeopsis,EXACT_MATCH_PRIMARY_SOURCE_ACCEPTED_AUTHOR_DISAMBIGUATION
Galeopsis bifida Boenn.,Galeopsis bifida,Galeopsis bifida Boenn.,Plantae Tracheophyta Magnoliopsida Lamiales Lamiaceae Galeopsis bifida,EXACT_MATCH_PRIMARY_SOURCE_ACCEPTED_SIMPLE
Galinsoga Ruiz & Pav.,Galinsoga ,Galinsoga Ruiz & Pav.,Plantae Tracheophyta Magnoliopsida Asterales Asteraceae Galinsoga,EXACT_MATCH_PRIMARY_SOURCE_ACCEPTED_SIMPLE
Galinsoga parviflora Cav.,Galinsoga parviflora,Galinsoga parviflora Cav.,Plantae Tracheophyta Magnoliopsida Asterales Asteraceae Galinsoga parviflora,EXACT_MATCH_PRIMARY_SOURCE_ACCEPTED_SIMPLE
Galinsoga quadriradiata Cav.,Galinsoga quadriradiata,Galinsoga quadriradiata Cav.,Plantae Tracheophyta Magnoliopsida Asterales Asteraceae Galinsoga quadriradiata,EXACT_MATCH_PRIMARY_SOURCE_ACCEPTED_AUTHOR_DISAMBIGUATION
Galium L.,Galium ,Galium L.,Plantae Tracheophyta Magnoliopsida Gentianales Rubiaceae Galium,EXACT_MATCH_PRIMARY_SOURCE_ACCEPTED_AUTHOR_DISAMBIGUATION
Galium aparine L.,Galium aparine,Galium aparine L.,Plantae Tracheophyta Magnoliopsida Gentianales Rubiaceae Galium aparine,EXACT_MATCH_PRIMARY_SOURCE_ACCEPTED_SIMPLE
Galium asprellum Michx.,Galium asprellum,Galium asprellum Michx.,Plantae Tracheophyta Magnoliopsida Gentianales Rubiaceae Galium asprellum,EXACT_MATCH_PRIMARY_SOURCE_ACCEPTED_SIMPLE
Galium boreale L.,Galium boreale,Galium boreale L.,Plantae Tracheophyta Magnoliopsida Gentianales Rubiaceae Galium boreale,EXACT_MATCH_PRIMARY_SOURCE_ACCEPTED_AUTHOR_DISAMBIGUATION
Galium circaezans Michx.,Galium circaezans,Galium circaezans Michx.,Plantae Tracheophyta Magnoliopsida Gentianales Rubiaceae Galium circaezans,EXACT_MATCH_PRIMARY_SOURCE_ACCEPTED_SIMPLE
Galium concinnum Torr. & A. Gray,Galium concinnum,Galium concinnum Torr. & A. Gray,Plantae Tracheophyta Magnoliopsida Gentianales Rubiaceae Galium concinnum,EXACT_MATCH_PRIMARY_SOURCE_ACCEPTED_AMONG_SYNONYMS_SIMPLE
Galium divaricatum Pourr. ex Lam.,Galium divaricatum,Galium divaricatum Pourr. ex Lam.,Plantae Tracheophyta Magnoliopsida Gentianales Rubiaceae Galium divaricatum,EXACT_MATCH_PRIMARY_SOURCE_ACCEPTED_AMONG_SYNONYMS_SIMPLE
Galium hispidulum Michx.,Galium bermudense,Galium hispidulum Michx.,Plantae Tracheophyta Magnoliopsida Gentianales Rubiaceae Galium bermudense,EXACT_MATCH_PRIMARY_SOURCE_SYNONYM_SIMPLE
Galium lanceolatum Torr.,Galium lanceolatum,Galium lanceolatum Torr.,Plantae Tracheophyta Magnoliopsida Gentianales Rubiaceae Galium lanceolatum,EXACT_MATCH_PRIMARY_SOURCE_ACCEPTED_SIMPLE
Galium latifolium Michx.,Galium latifolium,Galium latifolium Michx.,Plantae Tracheophyta Magnoliopsida Gentianales Rubiaceae Galium latifolium,EXACT_MATCH_PRIMARY_SOURCE_ACCEPTED_AMONG_SYNONYMS_SIMPLE
Galium mollugo L.,Galium mollugo,Galium mollugo L.,Plantae Tracheophyta Magnoliopsida Gentianales Rubiaceae Galium mollugo,EXACT_MATCH_PRIMARY_SOURCE_ACCEPTED_SIMPLE
Galium obtusum Bigelow,Galium obtusum,Galium obtusum Bigelow,Plantae Tracheophyta Magnoliopsida Gentianales Rubiaceae Galium obtusum,EXACT_MATCH_PRIMARY_SOURCE_ACCEPTED_SIMPLE
Galium odoratum (L.) Scop.,Galium odoratum,Galium odoratum (L.) Scop.,Plantae Tracheophyta Magnoliopsida Gentianales Rubiaceae Galium odoratum,EXACT_MATCH_PRIMARY_SOURCE_ACCEPTED_SIMPLE
Galium orizabense Hemsl.,Galium orizabense,Galium orizabense Hemsl.,Plantae Tracheophyta Magnoliopsida Gentianales Rubiaceae Galium orizabense,EXACT_MATCH_PRIMARY_SOURCE_ACCEPTED_SIMPLE
Galium pilosum Aiton,Galium pilosum,Galium pilosum Aiton,Plantae Tracheophyta Magnoliopsida Gentianales Rubiaceae Galium pilosum,EXACT_MATCH_PRIMARY_SOURCE_ACCEPTED_SIMPLE
Galium tinctorium (L.) Scop.,Galium tinctorium,Galium tinctorium (L.) Scop.,Plantae Tracheophyta Magnoliopsida Gentianales Rubiaceae Galium tinctorium,EXACT_MATCH_PRIMARY_SOURCE_ACCEPTED_AMONG_SYNONYMS_SIMPLE
Galium trifidum L.,Galium trifidum,Galium trifidum L.,Plantae Tracheophyta Magnoliopsida Gentianales Rubiaceae Galium trifidum,EXACT_MATCH_PRIMARY_SOURCE_ACCEPTED_AMONG_SYNONYMS_SIMPLE
Galium triflorum Michx.,Galium triflorum,Galium triflorum Michx.,Plantae Tracheophyta Magnoliopsida Gentianales Rubiaceae Galium triflorum,EXACT_MATCH_PRIMARY_SOURCE_ACCEPTED_AUTHOR_DISAMBIGUATION
Galium uniflorum Michx.,Galium uniflorum,Galium uniflorum Michx.,Plantae Tracheophyta Magnoliopsida Gentianales Rubiaceae Galium uniflorum,EXACT_MATCH_PRIMARY_SOURCE_ACCEPTED_AMONG_SYNONYMS_SIMPLE
Galium verum L.,Galium verum,Galium verum L.,Plantae Tracheophyta Magnoliopsida Gentianales Rubiaceae Galium verum,EXACT_MATCH_PRIMARY_SOURCE_ACCEPTED_SIMPLE
Gamochaeta Weddell,Gamochaeta ,Gamochaeta Weddell,Plantae Tracheophyta Magnoliopsida Asterales Asteraceae Gamochaeta,EXACT_MATCH_PRIMARY_SOURCE_ACCEPTED_SIMPLE
Gamochaeta argyrinea G.L. Nesom,Gamochaeta argyrinea,Gamochaeta argyrinea G.L. Nesom,Plantae Tracheophyta Magnoliopsida Asterales Asteraceae Gamochaeta argyrinea,EXACT_MATCH_PRIMARY_SOURCE_ACCEPTED_SIMPLE
Gamochaeta coarctata (Willd.) Kerguélen,Gamochaeta americana,Gamochaeta coarctata (Willd.) Kerguélen,Plantae Tracheophyta Magnoliopsida Asterales Asteraceae Gamochaeta americana,EXACT_MATCH_PRIMARY_SOURCE_SYNONYM_SIMPLE
Gamochaeta falcata (Lam.) Cabrera,Gamochaeta falcata,Gamochaeta falcata (Lam.) Cabrera,Plantae Tracheophyta Magnoliopsida Asterales Asteraceae Gamochaeta falcata,EXACT_MATCH_PRIMARY_SOURCE_ACCEPTED_SIMPLE
Gamochaeta pensylvanica (Willd.) Cabrera,Gamochaeta pensylvanica,Gamochaeta pensylvanica (Willd.) Cabrera,Plantae Tracheophyta Magnoliopsida Asterales Asteraceae Gamochaeta pensylvanica,EXACT_MATCH_PRIMARY_SOURCE_ACCEPTED_SIMPLE
Gamochaeta purpurea (L.) Cabrera,Gamochaeta purpurea,Gamochaeta purpurea (L.) Cabrera,Plantae Tracheophyta Magnoliopsida Asterales Asteraceae Gamochaeta purpurea,EXACT_MATCH_PRIMARY_SOURCE_ACCEPTED_SIMPLE
Gaultheria L.,Gaultheria ,Gaultheria L.,Plantae Tracheophyta Magnoliopsida Ericales Ericaceae Gaultheria,EXACT_MATCH_PRIMARY_SOURCE_ACCEPTED_SIMPLE
Gaultheria procumbens L.,Gaultheria procumbens,Gaultheria procumbens L.,Plantae Tracheophyta Magnoliopsida Ericales Ericaceae Gaultheria procumbens,EXACT_MATCH_PRIMARY_SOURCE_ACCEPTED_SIMPLE
Gaylussacia Kunth,Gaylussacia ,Gaylussacia Kunth,Plantae Tracheophyta Magnoliopsida Ericales Ericaceae Gaylussacia,EXACT_MATCH_PRIMARY_SOURCE_ACCEPTED_SIMPLE
Gaylussacia baccata (Wangenh.) K. Koch,Gaylussacia baccata,Gaylussacia baccata (Wangenh.) K. Koch,Plantae Tracheophyta Magnoliopsida Ericales Ericaceae Gaylussacia baccata,EXACT_MATCH_PRIMARY_SOURCE_ACCEPTED_SIMPLE
Gaylussacia brachycera (Michx.) A. Gray,Gaylussacia brachycera,Gaylussacia brachycera (Michx.) A. Gray,Plantae Tracheophyta Magnoliopsida Ericales Ericaceae Gaylussacia brachycera,EXACT_MATCH_PRIMARY_SOURCE_ACCEPTED_SIMPLE
Gaylussacia dumosa (Andrews) Torr. & A. Gray,Gaylussacia dumosa,Gaylussacia dumosa (Andrews) Torr. & A. Gray,Plantae Tracheophyta Magnoliopsida Ericales Ericaceae Gaylussacia dumosa,EXACT_MATCH_PRIMARY_SOURCE_ACCEPTED_SIMPLE
Gaylussacia frondosa (L.) Torr. & A. Gray ex Torr.,Gaylussacia frondosa,Gaylussacia frondosa (L.) Torr. & A. Gray ex Torr.,Plantae Tracheophyta Magnoliopsida Ericales Ericaceae Gaylussacia frondosa,EXACT_MATCH_PRIMARY_SOURCE_ACCEPTED_SIMPLE
Gelsemium Juss.,Gelsemium ,Gelsemium Juss.,Plantae Tracheophyta Magnoliopsida Gentianales Gelsemiaceae Gelsemium,EXACT_MATCH_PRIMARY_SOURCE_ACCEPTED_SIMPLE
Gelsemium sempervirens (L.) W.T. Aiton,Gelsemium sempervirens,Gelsemium sempervirens (L.) W.T. Aiton,Plantae Tracheophyta Magnoliopsida Gentianales Gelsemiaceae Gelsemium sempervirens,EXACT_MATCH_PRIMARY_SOURCE_MULT_ACCEPTED
Genista L.,Genista ,Genista L.,Plantae Tracheophyta Magnoliopsida Fabales Fabaceae Genista,EXACT_MATCH_PRIMARY_SOURCE_ACCEPTED_AUTHOR_DISAMBIGUATION
Genista tinctoria L.,Genista tinctoria,Genista tinctoria L.,Plantae Tracheophyta Magnoliopsida Fabales Fabaceae Genista tinctoria,EXACT_MATCH_PRIMARY_SOURCE_ACCEPTED_SIMPLE
Gentiana L.,Gentiana ,Gentiana L.,Plantae Tracheophyta Magnoliopsida Gentianales Gentianaceae Gentiana,EXACT_MATCH_PRIMARY_SOURCE_ACCEPTED_SIMPLE
Gentiana andrewsii Griseb.,Gentiana andrewsii,Gentiana andrewsii Griseb.,Plantae Tracheophyta Magnoliopsida Gentianales Gentianaceae Gentiana andrewsii,EXACT_MATCH_PRIMARY_SOURCE_ACCEPTED_SIMPLE
Gentiana austromontana Pringle & Sharp,Gentiana austromontana,Gentiana austromontana Pringle & Sharp,Plantae Tracheophyta Magnoliopsida Gentianales Gentianaceae Gentiana austromontana,EXACT_MATCH_PRIMARY_SOURCE_ACCEPTED_SIMPLE
Gentiana autumnalis L.,Gentiana autumnalis,Gentiana autumnalis L.,Plantae Tracheophyta Magnoliopsida Gentianales Gentianaceae Gentiana autumnalis,EXACT_MATCH_PRIMARY_SOURCE_ACCEPTED_AMONG_SYNONYMS_SIMPLE
Gentiana catesbaei Walter,Gentiana catesbaei,Gentiana catesbaei Walter,Plantae Tracheophyta Magnoliopsida Gentianales Gentianaceae Gentiana catesbaei,EXACT_MATCH_PRIMARY_SOURCE_ACCEPTED_AMONG_SYNONYMS_SIMPLE
Gentiana clausa Raf.,Gentiana clausa,Gentiana clausa Raf.,Plantae Tracheophyta Magnoliopsida Gentianales Gentianaceae Gentiana clausa,EXACT_MATCH_PRIMARY_SOURCE_ACCEPTED_SIMPLE
Gentiana decora Pollard,Gentiana decora,Gentiana decora Pollard,Plantae Tracheophyta Magnoliopsida Gentianales Gentianaceae Gentiana decora,EXACT_MATCH_PRIMARY_SOURCE_ACCEPTED_SIMPLE
Gentiana linearis Froel.,Gentiana linearis,Gentiana linearis Froel.,Plantae Tracheophyta Magnoliopsida Gentianales Gentianaceae Gentiana linearis,EXACT_MATCH_PRIMARY_SOURCE_ACCEPTED_AMONG_SYNONYMS_SIMPLE
Gentiana saponaria L.,Gentiana saponaria,Gentiana saponaria L.,Plantae Tracheophyta Magnoliopsida Gentianales Gentianaceae Gentiana saponaria,EXACT_MATCH_PRIMARY_SOURCE_ACCEPTED_AMONG_SYNONYMS_SIMPLE
Gentiana villosa L.,Gentiana villosa,Gentiana villosa L.,Plantae Tracheophyta Magnoliopsida Gentianales Gentianaceae Gentiana villosa,EXACT_MATCH_PRIMARY_SOURCE_ACCEPTED_SIMPLE
Gentianella Moench,Gentianella ,Gentianella Moench,Plantae Tracheophyta Magnoliopsida Gentianales Gentianaceae Gentianella,EXACT_MATCH_PRIMARY_SOURCE_ACCEPTED_SIMPLE
Gentianella quinquefolia (L.) Small,Gentianella quinquefolia,Gentianella quinquefolia (L.) Small,Plantae Tracheophyta Magnoliopsida Gentianales Gentianaceae Gentianella quinquefolia,EXACT_MATCH_PRIMARY_SOURCE_ACCEPTED_SIMPLE
Gentianopsis Ma,Gentianopsis ,Gentianopsis Ma,Plantae Tracheophyta Magnoliopsida Gentianales Gentianaceae Gentianopsis,EXACT_MATCH_PRIMARY_SOURCE_ACCEPTED_SIMPLE
Gentianopsis crinita (Froel.) Ma,Gentianopsis crinita,Gentianopsis crinita (Froel.) Ma,Plantae Tracheophyta Magnoliopsida Gentianales Gentianaceae Gentianopsis crinita,EXACT_MATCH_PRIMARY_SOURCE_ACCEPTED_SIMPLE
Geranium L.,Geranium ,Geranium L.,Plantae Tracheophyta Magnoliopsida Geraniales Geraniaceae Geranium,EXACT_MATCH_PRIMARY_SOURCE_ACCEPTED_SIMPLE
Geranium bicknellii Britton,Geranium bicknellii,Geranium bicknellii Britton,Plantae Tracheophyta Magnoliopsida Geraniales Geraniaceae Geranium bicknellii,EXACT_MATCH_PRIMARY_SOURCE_ACCEPTED_SIMPLE
Geranium carolinianum L.,Geranium carolinianum,Geranium carolinianum L.,Plantae Tracheophyta Magnoliopsida Geraniales Geraniaceae Geranium carolinianum,EXACT_MATCH_PRIMARY_SOURCE_ACCEPTED_SIMPLE
Geranium columbinum L.,Geranium columbinum,Geranium columbinum L.,Plantae Tracheophyta Magnoliopsida Geraniales Geraniaceae Geranium columbinum,EXACT_MATCH_PRIMARY_SOURCE_ACCEPTED_AMONG_SYNONYMS_SIMPLE
Geranium dissectum L.,Geranium dissectum,Geranium dissectum L.,Plantae Tracheophyta Magnoliopsida Geraniales Geraniaceae Geranium dissectum,EXACT_MATCH_PRIMARY_SOURCE_ACCEPTED_SIMPLE
Geranium maculatum L.,Geranium maculatum,Geranium maculatum L.,Plantae Tracheophyta Magnoliopsida Geraniales Geraniaceae Geranium maculatum,EXACT_MATCH_PRIMARY_SOURCE_ACCEPTED_AUTHOR_DISAMBIGUATION
Geranium molle L.,Geranium molle,Geranium molle L.,Plantae Tracheophyta Magnoliopsida Geraniales Geraniaceae Geranium molle,EXACT_MATCH_PRIMARY_SOURCE_ACCEPTED_AMONG_SYNONYMS_SIMPLE
Geranium pusillum L.,Geranium pusillum,Geranium pusillum L.,Plantae Tracheophyta Magnoliopsida Geraniales Geraniaceae Geranium pusillum,EXACT_MATCH_PRIMARY_SOURCE_ACCEPTED_AMONG_SYNONYMS_SIMPLE
Geranium robertianum L.,Geranium robertianum,Geranium robertianum L.,Plantae Tracheophyta Magnoliopsida Geraniales Geraniaceae Geranium robertianum,EXACT_MATCH_PRIMARY_SOURCE_ACCEPTED_SIMPLE
Geum L.,Geum ,Geum L.,Plantae Tracheophyta Magnoliopsida Rosales Rosaceae Geum,EXACT_MATCH_PRIMARY_SOURCE_ACCEPTED_AUTHOR_DISAMBIGUATION
Geum aleppicum Jacq.,Geum aleppicum,Geum aleppicum Jacq.,Plantae Tracheophyta Magnoliopsida Rosales Rosaceae Geum aleppicum,EXACT_MATCH_PRIMARY_SOURCE_ACCEPTED_SIMPLE
Geum canadense Jacq.,Geum canadense,Geum canadense Jacq.,Plantae Tracheophyta Magnoliopsida Rosales Rosaceae Geum canadense,EXACT_MATCH_PRIMARY_SOURCE_ACCEPTED_AMONG_SYNONYMS_SIMPLE
Geum laciniatum Murray,Geum laciniatum,Geum laciniatum Murray,Plantae Tracheophyta Magnoliopsida Rosales Rosaceae Geum laciniatum,EXACT_MATCH_PRIMARY_SOURCE_ACCEPTED_SIMPLE
Geum vernum (Raf.) Torr. & A. Gray,Geum vernum,Geum vernum (Raf.) Torr. & A. Gray,Plantae Tracheophyta Magnoliopsida Rosales Rosaceae Geum vernum,EXACT_MATCH_PRIMARY_SOURCE_ACCEPTED_SIMPLE
Geum virginianum L.,Geum virginianum,Geum virginianum L.,Plantae Tracheophyta Magnoliopsida Rosales Rosaceae Geum virginianum,EXACT_MATCH_PRIMARY_SOURCE_ACCEPTED_AUTHOR_DISAMBIGUATION
Gillenia Moench,Gillenia ,Gillenia Moench,Plantae Tracheophyta Magnoliopsida Rosales Rosaceae Gillenia,EXACT_MATCH_PRIMARY_SOURCE_ACCEPTED_AUTHOR_DISAMBIGUATION
Gillenia stipulata (Muhl. ex Willd.) Baill.,Gillenia stipulata,Gillenia stipulata (Muhl. ex Willd.) Baill.,Plantae Tracheophyta Magnoliopsida Rosales Rosaceae Gillenia stipulata,EXACT_MATCH_PRIMARY_SOURCE_ACCEPTED_AMONG_SYNONYMS_SIMPLE
Gillenia trifoliata (L.) Moench,Gillenia trifoliata,Gillenia trifoliata (L.) Moench,Plantae Tracheophyta Magnoliopsida Rosales Rosaceae Gillenia trifoliata,EXACT_MATCH_PRIMARY_SOURCE_ACCEPTED_SIMPLE
Ginkgo L.,Ginkgo ,Ginkgo L.,Plantae Tracheophyta Ginkgoopsida Ginkgoales Ginkgoaceae Ginkgo,EXACT_MATCH_PRIMARY_SOURCE_ACCEPTED_SIMPLE
Ginkgo biloba L.,Ginkgo biloba,Ginkgo biloba L.,Plantae Tracheophyta Ginkgoopsida Ginkgoales Ginkgoaceae Ginkgo biloba,EXACT_MATCH_PRIMARY_SOURCE_ACCEPTED_SIMPLE
Gladiolus ×gandavensis Van Houtte [dalenii × oppositiflorus],Gladiolus gandavensis,Gladiolus ×gandavensis Van Houtte [dalenii × oppositiflorus],Plantae Tracheophyta Liliopsida Asparagales Iridaceae Gladiolus gandavensis,EXACT_MATCH_PRIMARY_SOURCE_ACCEPTED_SIMPLE
Glandularia canadensis (L.) Nutt.,Verbena canadensis,Glandularia canadensis (L.) Nutt.,Plantae Tracheophyta Magnoliopsida Lamiales Verbenaceae Verbena canadensis,MULTI_EXACT_MATCH_PRIMARY_SOURCE_SYNONYMS_INFRASPECIFIC_SCORE
Glaucium Mill.,Glaucium ,Glaucium Mill.,Plantae Tracheophyta Magnoliopsida Ranunculales Papaveraceae Glaucium,EXACT_MATCH_PRIMARY_SOURCE_ACCEPTED_AUTHOR_DISAMBIGUATION
Glaucium flavum Crantz,Glaucium flavum,Glaucium flavum Crantz,Plantae Tracheophyta Magnoliopsida Ranunculales Papaveraceae Glaucium flavum,EXACT_MATCH_PRIMARY_SOURCE_ACCEPTED_SIMPLE
Glaux L.,Glaux ,Glaux L.,Plantae Tracheophyta Magnoliopsida Fabales Fabaceae Glaux,MULTI_EXACT_MATCH_PRIMARY_SOURCE_ACCEPTED_HOMONYM
Glaux maritima L.,Lysimachia maritima,Glaux maritima L.,Plantae Tracheophyta Magnoliopsida Ericales Primulaceae Lysimachia maritima,EXACT_MATCH_PRIMARY_SOURCE_SYNONYM_SIMPLE
Glebionis Cass.,Glebionis ,Glebionis Cass.,Plantae Tracheophyta Magnoliopsida Asterales Asteraceae Glebionis,EXACT_MATCH_PRIMARY_SOURCE_ACCEPTED_SIMPLE
Glebionis segetum (L.) Fourr.,Glebionis segetum,Glebionis segetum (L.) Fourr.,Plantae Tracheophyta Magnoliopsida Asterales Asteraceae Glebionis segetum,EXACT_MATCH_PRIMARY_SOURCE_ACCEPTED_SIMPLE
Glechoma L.,Glechoma ,Glechoma L.,Plantae Tracheophyta Magnoliopsida Lamiales Lamiaceae Glechoma,EXACT_MATCH_PRIMARY_SOURCE_ACCEPTED_AUTHOR_DISAMBIGUATION
Glechoma hederacea L.,Glechoma hederacea,Glechoma hederacea L.,Plantae Tracheophyta Magnoliopsida Lamiales Lamiaceae Glechoma hederacea,EXACT_MATCH_PRIMARY_SOURCE_ACCEPTED_SIMPLE
Gleditsia L.,Gleditsia ,Gleditsia L.,Plantae Tracheophyta Magnoliopsida Fabales Fabaceae Gleditsia,EXACT_MATCH_PRIMARY_SOURCE_ACCEPTED_AUTHOR_DISAMBIGUATION
Gleditsia triacanthos L.,Gleditsia triacanthos,Gleditsia triacanthos L.,Plantae Tracheophyta Magnoliopsida Fabales Fabaceae Gleditsia triacanthos,EXACT_MATCH_PRIMARY_SOURCE_ACCEPTED_AMONG_SYNONYMS_SIMPLE
Glyceria R. Br.,Glyceria ,Glyceria R. Br.,Plantae Tracheophyta Liliopsida Poales Poaceae Glyceria,EXACT_MATCH_PRIMARY_SOURCE_MULT_ACCEPTED
Glyceria acutiflora Torr.,Glyceria acutiflora,Glyceria acutiflora Torr.,Plantae Tracheophyta Liliopsida Poales Poaceae Glyceria acutiflora,EXACT_MATCH_PRIMARY_SOURCE_ACCEPTED_SIMPLE
Glyceria arkansana Fernald,Glyceria arkansana,Glyceria arkansana Fernald,Plantae Tracheophyta Liliopsida Poales Poaceae Glyceria arkansana,EXACT_MATCH_PRIMARY_SOURCE_ACCEPTED_SIMPLE
Glyceria canadensis (Michx.) Trin.,Glyceria canadensis,Glyceria canadensis (Michx.) Trin.,Plantae Tracheophyta Liliopsida Poales Poaceae Glyceria canadensis,EXACT_MATCH_PRIMARY_SOURCE_ACCEPTED_SIMPLE
Glyceria grandis S. Watson,Glyceria grandis,Glyceria grandis S. Watson,Plantae Tracheophyta Liliopsida Poales Poaceae Glyceria grandis,EXACT_MATCH_PRIMARY_SOURCE_ACCEPTED_SIMPLE
Glyceria melicaria (Michx.) F.T. Hubbard,Glyceria melicaria,Glyceria melicaria (Michx.) F.T. Hubbard,Plantae Tracheophyta Liliopsida Poales Poaceae Glyceria melicaria,EXACT_MATCH_PRIMARY_SOURCE_ACCEPTED_SIMPLE
Glyceria obtusa (Muhl.) Trin.,Glyceria obtusa,Glyceria obtusa (Muhl.) Trin.,Plantae Tracheophyta Liliopsida Poales Poaceae Glyceria obtusa,EXACT_MATCH_PRIMARY_SOURCE_ACCEPTED_SIMPLE
Glyceria septentrionalis Hitchc.,Glyceria septentrionalis,Glyceria septentrionalis Hitchc.,Plantae Tracheophyta Liliopsida Poales Poaceae Glyceria septentrionalis,EXACT_MATCH_PRIMARY_SOURCE_ACCEPTED_SIMPLE
Glyceria striata (Lam.) Hitchc.,Glyceria striata,Glyceria striata (Lam.) Hitchc.,Plantae Tracheophyta Liliopsida Poales Poaceae Glyceria striata,EXACT_MATCH_PRIMARY_SOURCE_ACCEPTED_SIMPLE
Glycine Willd.,Glycine ,Glycine Willd.,Plantae Tracheophyta Magnoliopsida Fabales Fabaceae Glycine,EXACT_MATCH_PRIMARY_SOURCE_ACCEPTED_AMONG_SYNONYMS_SIMPLE
Glycine max (L.) Merr.,Glycine max,Glycine max (L.) Merr.,Plantae Tracheophyta Magnoliopsida Fabales Fabaceae Glycine max,EXACT_MATCH_PRIMARY_SOURCE_ACCEPTED_SIMPLE
Glycyrrhiza L.,Glycyrrhiza ,Glycyrrhiza L.,Plantae Tracheophyta Magnoliopsida Fabales Fabaceae Glycyrrhiza,EXACT_MATCH_PRIMARY_SOURCE_ACCEPTED_SIMPLE
Glycyrrhiza lepidota Pursh,Glycyrrhiza lepidota,Glycyrrhiza lepidota Pursh,Plantae Tracheophyta Magnoliopsida Fabales Fabaceae Glycyrrhiza lepidota,EXACT_MATCH_PRIMARY_SOURCE_ACCEPTED_AMONG_SYNONYMS_SIMPLE
Gnaphalium L.,Gnaphalium ,Gnaphalium L.,Plantae Tracheophyta Magnoliopsida Asterales Asteraceae Gnaphalium,EXACT_MATCH_PRIMARY_SOURCE_ACCEPTED_AUTHOR_DISAMBIGUATION
Gnaphalium uliginosum L.,Gnaphalium uliginosum,Gnaphalium uliginosum L.,Plantae Tracheophyta Magnoliopsida Asterales Asteraceae Gnaphalium uliginosum,EXACT_MATCH_PRIMARY_SOURCE_ACCEPTED_AMONG_SYNONYMS_SIMPLE
Gomphrena L.,Gomphrena ,Gomphrena L.,Plantae Tracheophyta Magnoliopsida Caryophyllales Amaranthaceae Gomphrena,EXACT_MATCH_PRIMARY_SOURCE_ACCEPTED_SIMPLE
Gomphrena globosa L.,Gomphrena globosa,Gomphrena globosa L.,Plantae Tracheophyta Magnoliopsida Caryophyllales Amaranthaceae Gomphrena globosa,EXACT_MATCH_PRIMARY_SOURCE_ACCEPTED_SIMPLE
Gomphrena serrata L.,Gomphrena serrata,Gomphrena serrata L.,Plantae Tracheophyta Magnoliopsida Caryophyllales Amaranthaceae Gomphrena serrata,EXACT_MATCH_PRIMARY_SOURCE_ACCEPTED_AUTHOR_DISAMBIGUATION
Goodyera R. Br.,Goodyera ,Goodyera R. Br.,Plantae Tracheophyta Liliopsida Asparagales Orchidaceae Goodyera,EXACT_MATCH_PRIMARY_SOURCE_ACCEPTED_SIMPLE
Goodyera pubescens (Willd.) R. Br.,Goodyera pubescens,Goodyera pubescens (Willd.) R. Br.,Plantae Tracheophyta Liliopsida Asparagales Orchidaceae Goodyera pubescens,EXACT_MATCH_PRIMARY_SOURCE_ACCEPTED_SIMPLE
Goodyera repens (L.) R. Br.,Goodyera repens,Goodyera repens (L.) R. Br.,Plantae Tracheophyta Liliopsida Asparagales Orchidaceae Goodyera repens,EXACT_MATCH_PRIMARY_SOURCE_ACCEPTED_SIMPLE
Gossypium L.,Gossypium ,Gossypium L.,Plantae Tracheophyta Magnoliopsida Malvales Malvaceae Gossypium,EXACT_MATCH_PRIMARY_SOURCE_ACCEPTED_SIMPLE
Gossypium hirsutum L.,Gossypium hirsutum,Gossypium hirsutum L.,Plantae Tracheophyta Magnoliopsida Malvales Malvaceae Gossypium hirsutum,EXACT_MATCH_PRIMARY_SOURCE_ACCEPTED_AMONG_SYNONYMS_SIMPLE
Gratiola L.,Gratiola ,Gratiola L.,Plantae Tracheophyta Magnoliopsida Lamiales Plantaginaceae Gratiola,EXACT_MATCH_PRIMARY_SOURCE_ACCEPTED_SIMPLE
Gratiola aurea Pursh,Gratiola lutea,Gratiola aurea Pursh,Plantae Tracheophyta Magnoliopsida Lamiales Plantaginaceae Gratiola lutea,MULTI_EXACT_MATCH_PRIMARY_SOURCE_SYNONYMS_INFRASPECIFIC_SCORE
Gratiola neglecta Torr.,Gratiola neglecta,Gratiola neglecta Torr.,Plantae Tracheophyta Magnoliopsida Lamiales Plantaginaceae Gratiola neglecta,EXACT_MATCH_PRIMARY_SOURCE_ACCEPTED_SIMPLE
Gratiola pilosa Michx.,Gratiola pilosa,Gratiola pilosa Michx.,Plantae Tracheophyta Magnoliopsida Lamiales Plantaginaceae Gratiola pilosa,EXACT_MATCH_PRIMARY_SOURCE_ACCEPTED_SIMPLE
Gratiola virginiana L.,Gratiola virginiana,Gratiola virginiana L.,Plantae Tracheophyta Magnoliopsida Lamiales Plantaginaceae Gratiola virginiana,EXACT_MATCH_PRIMARY_SOURCE_ACCEPTED_AMONG_SYNONYMS_SIMPLE
Gratiola viscidula Pennell,Gratiola viscidula,Gratiola viscidula Pennell,Plantae Tracheophyta Magnoliopsida Lamiales Plantaginaceae Gratiola viscidula,EXACT_MATCH_PRIMARY_SOURCE_ACCEPTED_SIMPLE
Grewia L.,Grewia ,Grewia L.,Plantae Tracheophyta Magnoliopsida Malvales Malvaceae Grewia,EXACT_MATCH_PRIMARY_SOURCE_ACCEPTED_SIMPLE
Grewia biloba G. Don,Grewia biloba,Grewia biloba G. Don,Plantae Tracheophyta Magnoliopsida Malvales Malvaceae Grewia biloba,EXACT_MATCH_PRIMARY_SOURCE_ACCEPTED_AMONG_SYNONYMS_SIMPLE
Grimmia Hedw.,Grimmia ,Grimmia Hedw.,Plantae Bryophyta Bryopsida Grimmiales Grimmiaceae Grimmia,EXACT_MATCH_PRIMARY_SOURCE_ACCEPTED_AMONG_SYNONYMS_SIMPLE
Grindelia Willd.,Grindelia ,Grindelia Willd.,Plantae Tracheophyta Magnoliopsida Asterales Asteraceae Grindelia,EXACT_MATCH_PRIMARY_SOURCE_ACCEPTED_SIMPLE
Grindelia lanceolata Nutt.,Grindelia lanceolata,Grindelia lanceolata Nutt.,Plantae Tracheophyta Magnoliopsida Asterales Asteraceae Grindelia lanceolata,EXACT_MATCH_PRIMARY_SOURCE_ACCEPTED_SIMPLE
Grindelia squarrosa (Pursh) Dunal,Grindelia squarrosa,Grindelia squarrosa (Pursh) Dunal,Plantae Tracheophyta Magnoliopsida Asterales Asteraceae Grindelia squarrosa,EXACT_MATCH_PRIMARY_SOURCE_ACCEPTED_SIMPLE
Guizotia Cass.,Guizotia ,Guizotia Cass.,Plantae Tracheophyta Magnoliopsida Asterales Asteraceae Guizotia,EXACT_MATCH_PRIMARY_SOURCE_ACCEPTED_SIMPLE
Guizotia abyssinica (L. f.) Cass.,Guizotia abyssinica,Guizotia abyssinica (L. f.) Cass.,Plantae Tracheophyta Magnoliopsida Asterales Asteraceae Guizotia abyssinica,EXACT_MATCH_PRIMARY_SOURCE_ACCEPTED_SIMPLE
Gymnocarpium Newman,Gymnocarpium ,Gymnocarpium Newman,Plantae Tracheophyta Polypodiopsida Polypodiales Cystopteridaceae Gymnocarpium,EXACT_MATCH_PRIMARY_SOURCE_ACCEPTED_SIMPLE
Gymnocarpium appalachianum Pryer,Gymnocarpium appalachianum,Gymnocarpium appalachianum Pryer,Plantae Tracheophyta Polypodiopsida Polypodiales Cystopteridaceae Gymnocarpium appalachianum,EXACT_MATCH_PRIMARY_SOURCE_ACCEPTED_SIMPLE
Gymnocarpium ×brittonianum (Sarvela) Pryer & Haufler [disjunctum × dryopteris],Gymnocarpium brittonianum,Gymnocarpium ×brittonianum (Sarvela) Pryer & Haufler [disjunctum × dryopteris],Plantae Tracheophyta Polypodiopsida Polypodiales Cystopteridaceae Gymnocarpium brittonianum,EXACT_MATCH_PRIMARY_SOURCE_ACCEPTED_AMONG_SYNONYMS_SIMPLE
Gymnocladus Lam.,Gymnocladus ,Gymnocladus Lam.,Plantae Tracheophyta Magnoliopsida Fabales Fabaceae Gymnocladus,EXACT_MATCH_PRIMARY_SOURCE_ACCEPTED_SIMPLE
Gymnocladus dioicus (L.) K. Koch,Gymnocladus dioicus,Gymnocladus dioicus (L.) K. Koch,Plantae Tracheophyta Magnoliopsida Fabales Fabaceae Gymnocladus dioicus,EXACT_MATCH_PRIMARY_SOURCE_ACCEPTED_SIMPLE
Gymnopogon P. Beauv.,Gymnopogon ,Gymnopogon P. Beauv.,Plantae Tracheophyta Liliopsida Poales Poaceae Gymnopogon,EXACT_MATCH_PRIMARY_SOURCE_ACCEPTED_AMONG_SYNONYMS_SIMPLE
"Gymnopogon ambiguus (Michx.) Britton, Sterns & Poggenb.",Gymnopogon ambiguus,"Gymnopogon ambiguus (Michx.) Britton, Sterns & Poggenb.",Plantae Tracheophyta Liliopsida Poales Poaceae Gymnopogon ambiguus,EXACT_MATCH_PRIMARY_SOURCE_ACCEPTED_SIMPLE
Gymnopogon brevifolius Trin.,Gymnopogon brevifolius,Gymnopogon brevifolius Trin.,Plantae Tracheophyta Liliopsida Poales Poaceae Gymnopogon brevifolius,EXACT_MATCH_PRIMARY_SOURCE_ACCEPTED_SIMPLE
Gypsophila L.,Gypsophila ,Gypsophila L.,Plantae Tracheophyta Magnoliopsida Caryophyllales Caryophyllaceae Gypsophila,EXACT_MATCH_PRIMARY_SOURCE_ACCEPTED_AUTHOR_DISAMBIGUATION
Gypsophila elegans M. Bieb.,Gypsophila elegans,Gypsophila elegans M. Bieb.,Plantae Tracheophyta Magnoliopsida Caryophyllales Caryophyllaceae Gypsophila elegans,EXACT_MATCH_PRIMARY_SOURCE_ACCEPTED_SIMPLE
Hackelia Opiz,Hackelia ,Hackelia Opiz,Plantae Tracheophyta Magnoliopsida Boraginales Boraginaceae Hackelia,EXACT_MATCH_PRIMARY_SOURCE_ACCEPTED_AUTHOR_DISAMBIGUATION
Hackelia virginiana (L.) I.M. Johnst.,Hackelia virginiana,Hackelia virginiana (L.) I.M. Johnst.,Plantae Tracheophyta Magnoliopsida Boraginales Boraginaceae Hackelia virginiana,EXACT_MATCH_PRIMARY_SOURCE_ACCEPTED_SIMPLE
Halesia Ellis ex L.,Halesia ,Halesia Ellis ex L.,Plantae Tracheophyta Magnoliopsida Ericales Styracaceae Halesia,EXACT_MATCH_PRIMARY_SOURCE_ACCEPTED_AMONG_SYNONYMS_SIMPLE
Halesia tetraptera Ellis,Halesia tetraptera,Halesia tetraptera Ellis,Plantae Tracheophyta Magnoliopsida Ericales Styracaceae Halesia tetraptera,EXACT_MATCH_PRIMARY_SOURCE_ACCEPTED_AMONG_SYNONYMS_SIMPLE
Hamamelis L.,Hamamelis ,Hamamelis L.,Plantae Tracheophyta Magnoliopsida Saxifragales Hamamelidaceae Hamamelis,EXACT_MATCH_PRIMARY_SOURCE_ACCEPTED_AUTHOR_DISAMBIGUATION
Hamamelis virginiana L.,Hamamelis virginiana,Hamamelis virginiana L.,Plantae Tracheophyta Magnoliopsida Saxifragales Hamamelidaceae Hamamelis virginiana,EXACT_MATCH_PRIMARY_SOURCE_ACCEPTED_SIMPLE
Hasteola Raf.,Hasteola ,Hasteola Raf.,Plantae Tracheophyta Magnoliopsida Asterales Asteraceae Hasteola,EXACT_MATCH_PRIMARY_SOURCE_ACCEPTED_SIMPLE
Hasteola suaveolens (L.) Pojark.,Hasteola suaveolens,Hasteola suaveolens (L.) Pojark.,Plantae Tracheophyta Magnoliopsida Asterales Asteraceae Hasteola suaveolens,EXACT_MATCH_PRIMARY_SOURCE_ACCEPTED_SIMPLE
Hedeoma Pers.,Hedeoma ,Hedeoma Pers.,Plantae Tracheophyta Magnoliopsida Lamiales Lamiaceae Hedeoma,EXACT_MATCH_PRIMARY_SOURCE_ACCEPTED_AUTHOR_DISAMBIGUATION
Hedeoma hispida Pursh,Hedeoma hispida,Hedeoma hispida Pursh,Plantae Tracheophyta Magnoliopsida Lamiales Lamiaceae Hedeoma hispida,EXACT_MATCH_PRIMARY_SOURCE_ACCEPTED_SIMPLE
Hedeoma pulegioides (L.) Pers.,Hedeoma pulegioides,Hedeoma pulegioides (L.) Pers.,Plantae Tracheophyta Magnoliopsida Lamiales Lamiaceae Hedeoma pulegioides,EXACT_MATCH_PRIMARY_SOURCE_ACCEPTED_SIMPLE
Hedera L.,Hedera ,Hedera L.,Plantae Tracheophyta Magnoliopsida Apiales Araliaceae Hedera,EXACT_MATCH_PRIMARY_SOURCE_ACCEPTED_AUTHOR_DISAMBIGUATION
Hedera helix L.,Hedera helix,Hedera helix L.,Plantae Tracheophyta Magnoliopsida Apiales Araliaceae Hedera helix,EXACT_MATCH_PRIMARY_SOURCE_ACCEPTED_AMONG_SYNONYMS_SIMPLE
Helenium L.,Helenium ,Helenium L.,Plantae Tracheophyta Magnoliopsida Asterales Asteraceae Helenium,EXACT_MATCH_PRIMARY_SOURCE_ACCEPTED_AUTHOR_DISAMBIGUATION
Helenium amarum (Raf.) H. Rock,Helenium amarum,Helenium amarum (Raf.) H. Rock,Plantae Tracheophyta Magnoliopsida Asterales Asteraceae Helenium amarum,EXACT_MATCH_PRIMARY_SOURCE_ACCEPTED_SIMPLE
Helenium autumnale L.,Helenium autumnale,Helenium autumnale L.,Plantae Tracheophyta Magnoliopsida Asterales Asteraceae Helenium autumnale,EXACT_MATCH_PRIMARY_SOURCE_ACCEPTED_SIMPLE
Helenium brevifolium (Nutt.) Alph. Wood,Helenium brevifolium,Helenium brevifolium (Nutt.) Alph. Wood,Plantae Tracheophyta Magnoliopsida Asterales Asteraceae Helenium brevifolium,EXACT_MATCH_PRIMARY_SOURCE_MULT_ACCEPTED
Helenium flexuosum Raf.,Helenium flexuosum,Helenium flexuosum Raf.,Plantae Tracheophyta Magnoliopsida Asterales Asteraceae Helenium flexuosum,EXACT_MATCH_PRIMARY_SOURCE_ACCEPTED_AUTHOR_DISAMBIGUATION
Helenium virginicum S.F. Blake,Helenium virginicum,Helenium virginicum S.F. Blake,Plantae Tracheophyta Magnoliopsida Asterales Asteraceae Helenium virginicum,EXACT_MATCH_PRIMARY_SOURCE_ACCEPTED_SIMPLE
Helianthemum Mill.,Helianthemum ,Helianthemum Mill.,Plantae Tracheophyta Magnoliopsida Malvales Cistaceae Helianthemum,EXACT_MATCH_PRIMARY_SOURCE_ACCEPTED_AUTHOR_DISAMBIGUATION
Helianthemum bicknellii Fernald,Crocanthemum bicknellii,Helianthemum bicknellii Fernald,Plantae Tracheophyta Magnoliopsida Malvales Cistaceae Crocanthemum bicknellii,EXACT_MATCH_PRIMARY_SOURCE_SYNONYM_SIMPLE
Helianthemum canadense (L.) Michx.,Crocanthemum canadense,Helianthemum canadense (L.) Michx.,Plantae Tracheophyta Magnoliopsida Malvales Cistaceae Crocanthemum canadense,EXACT_MATCH_PRIMARY_SOURCE_SYNONYM_SIMPLE
Helianthemum propinquum E.P. Bicknell,Crocanthemum propinquum,Helianthemum propinquum E.P. Bicknell,Plantae Tracheophyta Magnoliopsida Malvales Cistaceae Crocanthemum propinquum,MULTI_EXACT_MATCH_PRIMARY_SOURCE_SYNONYMS_INFRASPECIFIC_SCORE
Helianthus L.,Helianthus ,Helianthus L.,Plantae Tracheophyta Magnoliopsida Asterales Asteraceae Helianthus,EXACT_MATCH_PRIMARY_SOURCE_ACCEPTED_AUTHOR_DISAMBIGUATION
Helianthus angustifolius L.,Helianthus angustifolius,Helianthus angustifolius L.,Plantae Tracheophyta Magnoliopsida Asterales Asteraceae Helianthus angustifolius,EXACT_MATCH_PRIMARY_SOURCE_ACCEPTED_AMONG_SYNONYMS_SIMPLE
Helianthus annuus L.,Helianthus annuus,Helianthus annuus L.,Plantae Tracheophyta Magnoliopsida Asterales Asteraceae Helianthus annuus,EXACT_MATCH_PRIMARY_SOURCE_ACCEPTED_SIMPLE
Helianthus atrorubens L.,Helianthus atrorubens,Helianthus atrorubens L.,Plantae Tracheophyta Magnoliopsida Asterales Asteraceae Helianthus atrorubens,EXACT_MATCH_PRIMARY_SOURCE_ACCEPTED_AMONG_SYNONYMS_SIMPLE
Helianthus debilis Nutt.,Helianthus debilis,Helianthus debilis Nutt.,Plantae Tracheophyta Magnoliopsida Asterales Asteraceae Helianthus debilis,EXACT_MATCH_PRIMARY_SOURCE_ACCEPTED_SIMPLE
Helianthus decapetalus L.,Helianthus decapetalus,Helianthus decapetalus L.,Plantae Tracheophyta Magnoliopsida Asterales Asteraceae Helianthus decapetalus,EXACT_MATCH_PRIMARY_SOURCE_ACCEPTED_AUTHOR_DISAMBIGUATION
Helianthus divaricatus L.,Helianthus divaricatus,Helianthus divaricatus L.,Plantae Tracheophyta Magnoliopsida Asterales Asteraceae Helianthus divaricatus,EXACT_MATCH_PRIMARY_SOURCE_ACCEPTED_AMONG_SYNONYMS_SIMPLE
Helianthus giganteus L.,Helianthus giganteus,Helianthus giganteus L.,Plantae Tracheophyta Magnoliopsida Asterales Asteraceae Helianthus giganteus,EXACT_MATCH_PRIMARY_SOURCE_ACCEPTED_AUTHOR_DISAMBIGUATION
Helianthus grosseserratus M. Martens,Helianthus grosseserratus,Helianthus grosseserratus M. Martens,Plantae Tracheophyta Magnoliopsida Asterales Asteraceae Helianthus grosseserratus,EXACT_MATCH_PRIMARY_SOURCE_ACCEPTED_AMONG_SYNONYMS_SIMPLE
Helianthus hirsutus Raf.,Helianthus hirsutus,Helianthus hirsutus Raf.,Plantae Tracheophyta Magnoliopsida Asterales Asteraceae Helianthus hirsutus,EXACT_MATCH_PRIMARY_SOURCE_ACCEPTED_SIMPLE
Helianthus laevigatus Torr. & A. Gray,Helianthus laevigatus,Helianthus laevigatus Torr. & A. Gray,Plantae Tracheophyta Magnoliopsida Asterales Asteraceae Helianthus laevigatus,EXACT_MATCH_PRIMARY_SOURCE_ACCEPTED_SIMPLE
Helianthus maximiliani Schrad.,Helianthus maximiliani,Helianthus maximiliani Schrad.,Plantae Tracheophyta Magnoliopsida Asterales Asteraceae Helianthus maximiliani,EXACT_MATCH_PRIMARY_SOURCE_ACCEPTED_SIMPLE
Helianthus microcephalus Torr. & A. Gray,Helianthus microcephalus,Helianthus microcephalus Torr. & A. Gray,Plantae Tracheophyta Magnoliopsida Asterales Asteraceae Helianthus microcephalus,EXACT_MATCH_PRIMARY_SOURCE_ACCEPTED_SIMPLE
Helianthus mollis Lam.,Helianthus mollis,Helianthus mollis Lam.,Plantae Tracheophyta Magnoliopsida Asterales Asteraceae Helianthus mollis,EXACT_MATCH_PRIMARY_SOURCE_ACCEPTED_AUTHOR_DISAMBIGUATION
Helianthus occidentalis Riddell,Helianthus occidentalis,Helianthus occidentalis Riddell,Plantae Tracheophyta Magnoliopsida Asterales Asteraceae Helianthus occidentalis,EXACT_MATCH_PRIMARY_SOURCE_ACCEPTED_SIMPLE
Helianthus pauciflorus Nutt.,Helianthus pauciflorus,Helianthus pauciflorus Nutt.,Plantae Tracheophyta Magnoliopsida Asterales Asteraceae Helianthus pauciflorus,EXACT_MATCH_PRIMARY_SOURCE_ACCEPTED_SIMPLE
Helianthus petiolaris Nutt.,Helianthus petiolaris,Helianthus petiolaris Nutt.,Plantae Tracheophyta Magnoliopsida Asterales Asteraceae Helianthus petiolaris,EXACT_MATCH_PRIMARY_SOURCE_ACCEPTED_AMONG_SYNONYMS_SIMPLE
Helianthus strumosus L.,Helianthus strumosus,Helianthus strumosus L.,Plantae Tracheophyta Magnoliopsida Asterales Asteraceae Helianthus strumosus,EXACT_MATCH_PRIMARY_SOURCE_ACCEPTED_AMONG_SYNONYMS_SIMPLE
Helianthus tuberosus L.,Helianthus tuberosus,Helianthus tuberosus L.,Plantae Tracheophyta Magnoliopsida Asterales Asteraceae Helianthus tuberosus,EXACT_MATCH_PRIMARY_SOURCE_ACCEPTED_AUTHOR_DISAMBIGUATION
Helianthus ×doronicoides Lam. (pro sp.) [giganteus × mollis],Helianthus doronicoides,Helianthus ×doronicoides Lam. (pro sp.) [giganteus × mollis],Plantae Tracheophyta Magnoliopsida Asterales Asteraceae Helianthus doronicoides,EXACT_MATCH_PRIMARY_SOURCE_ACCEPTED_AMONG_SYNONYMS_SIMPLE
Helianthus ×glaucus Small (pro sp.) [divaricatus × microcephalus],Helianthus glaucus,Helianthus ×glaucus Small (pro sp.) [divaricatus × microcephalus],Plantae Tracheophyta Magnoliopsida Asterales Asteraceae Helianthus glaucus,EXACT_MATCH_PRIMARY_SOURCE_ACCEPTED_SIMPLE
Helianthus ×laetiflorus Pers. (pro sp.) [pauciflorus × tuberosus],Helianthus laetiflorus,Helianthus ×laetiflorus Pers. (pro sp.) [pauciflorus × tuberosus],Plantae Tracheophyta Magnoliopsida Asterales Asteraceae Helianthus laetiflorus,EXACT_MATCH_PRIMARY_SOURCE_ACCEPTED_SIMPLE
Helianthus ×luxurians E.E. Watson (pro sp.) [giganteus × grosseserratus],Helianthus luxurians,Helianthus ×luxurians E.E. Watson (pro sp.) [giganteus × grosseserratus],Plantae Tracheophyta Magnoliopsida Asterales Asteraceae Helianthus luxurians,EXACT_MATCH_PRIMARY_SOURCE_ACCEPTED_AMONG_SYNONYMS_SIMPLE
Heliopsis Pers.,Heliopsis ,Heliopsis Pers.,Plantae Tracheophyta Magnoliopsida Asterales Asteraceae Heliopsis,EXACT_MATCH_PRIMARY_SOURCE_ACCEPTED_AUTHOR_DISAMBIGUATION
Heliopsis helianthoides (L.) Sweet,Heliopsis helianthoides,Heliopsis helianthoides (L.) Sweet,Plantae Tracheophyta Magnoliopsida Asterales Asteraceae Heliopsis helianthoides,EXACT_MATCH_PRIMARY_SOURCE_ACCEPTED_AMONG_SYNONYMS_SIMPLE
Heliotropium L.,Heliotropium ,Heliotropium L.,Plantae Tracheophyta Magnoliopsida Boraginales Heliotropiaceae Heliotropium,EXACT_MATCH_PRIMARY_SOURCE_ACCEPTED_SIMPLE
Heliotropium amplexicaule Vahl,Heliotropium amplexicaule,Heliotropium amplexicaule Vahl,Plantae Tracheophyta Magnoliopsida Boraginales Heliotropiaceae Heliotropium amplexicaule,EXACT_MATCH_PRIMARY_SOURCE_ACCEPTED_SIMPLE
Heliotropium curassavicum L.,Heliotropium curassavicum,Heliotropium curassavicum L.,Plantae Tracheophyta Magnoliopsida Boraginales Heliotropiaceae Heliotropium curassavicum,EXACT_MATCH_PRIMARY_SOURCE_ACCEPTED_SIMPLE
Heliotropium europaeum L.,Heliotropium europaeum,Heliotropium europaeum L.,Plantae Tracheophyta Magnoliopsida Boraginales Heliotropiaceae Heliotropium europaeum,EXACT_MATCH_PRIMARY_SOURCE_ACCEPTED_AUTHOR_DISAMBIGUATION
Heliotropium indicum L.,Heliotropium indicum,Heliotropium indicum L.,Plantae Tracheophyta Magnoliopsida Boraginales Heliotropiaceae Heliotropium indicum,EXACT_MATCH_PRIMARY_SOURCE_ACCEPTED_SIMPLE
Helleborus L.,Helleborus ,Helleborus L.,Plantae Tracheophyta Magnoliopsida Ranunculales Ranunculaceae Helleborus,EXACT_MATCH_PRIMARY_SOURCE_ACCEPTED_AMONG_SYNONYMS_SIMPLE
Helleborus viridis L.,Helleborus viridis,Helleborus viridis L.,Plantae Tracheophyta Magnoliopsida Ranunculales Ranunculaceae Helleborus viridis,EXACT_MATCH_PRIMARY_SOURCE_ACCEPTED_AMONG_SYNONYMS_SIMPLE
Helonias L.,Helonias ,Helonias L.,Plantae Tracheophyta Liliopsida Liliales Melanthiaceae Helonias,EXACT_MATCH_PRIMARY_SOURCE_ACCEPTED_AMONG_SYNONYMS_SIMPLE
Helonias bullata L.,Helonias bullata,Helonias bullata L.,Plantae Tracheophyta Liliopsida Liliales Melanthiaceae Helonias bullata,EXACT_MATCH_PRIMARY_SOURCE_ACCEPTED_SIMPLE
Hemerocallis L.,Hemerocallis ,Hemerocallis L.,Plantae Tracheophyta Liliopsida Asparagales Asphodelaceae Hemerocallis,EXACT_MATCH_PRIMARY_SOURCE_ACCEPTED_AUTHOR_DISAMBIGUATION
Hemerocallis fulva (L.) L.,Hemerocallis fulva,Hemerocallis fulva (L.) L.,Plantae Tracheophyta Liliopsida Asparagales Asphodelaceae Hemerocallis fulva,EXACT_MATCH_PRIMARY_SOURCE_ACCEPTED_SIMPLE
Hemerocallis lilioasphodelus L.,Hemerocallis lilioasphodelus,Hemerocallis lilioasphodelus L.,Plantae Tracheophyta Liliopsida Asparagales Asphodelaceae Hemerocallis lilioasphodelus,EXACT_MATCH_PRIMARY_SOURCE_ACCEPTED_SIMPLE
Hepatica Mill.,Hepatica ,Hepatica Mill.,Plantae Tracheophyta Magnoliopsida Ranunculales Ranunculaceae Hepatica,EXACT_MATCH_PRIMARY_SOURCE_ACCEPTED_AUTHOR_DISAMBIGUATION
Hepatica nobilis Schreb.,Hepatica nobilis,Hepatica nobilis Schreb.,Plantae Tracheophyta Magnoliopsida Ranunculales Ranunculaceae Hepatica nobilis,EXACT_MATCH_PRIMARY_SOURCE_ACCEPTED_AUTHOR_DISAMBIGUATION
Hepatica nobilis Schreb. var. obtusa (Pursh) Steyerm.,Hepatica americana,Hepatica nobilis Schreb. var. obtusa (Pursh) Steyerm.,Plantae Tracheophyta Magnoliopsida Ranunculales Ranunculaceae Hepatica americana,MULTI_EXACT_MATCH_PRIMARY_SOURCE_SYNONYMS_INFRASPECIFIC_SCORE
Heracleum L.,Heracleum ,Heracleum L.,Plantae Tracheophyta Magnoliopsida Apiales Apiaceae Heracleum,EXACT_MATCH_PRIMARY_SOURCE_ACCEPTED_SIMPLE
Heracleum maximum W. Bartram,Heracleum maximum,Heracleum maximum W. Bartram,Plantae Tracheophyta Magnoliopsida Apiales Apiaceae Heracleum maximum,EXACT_MATCH_PRIMARY_SOURCE_ACCEPTED_SIMPLE
Hesperis L.,Hesperis ,Hesperis L.,Plantae Tracheophyta Magnoliopsida Brassicales Brassicaceae Hesperis,EXACT_MATCH_PRIMARY_SOURCE_ACCEPTED_SIMPLE
Hesperis matronalis L.,Hesperis matronalis,Hesperis matronalis L.,Plantae Tracheophyta Magnoliopsida Brassicales Brassicaceae Hesperis matronalis,EXACT_MATCH_PRIMARY_SOURCE_ACCEPTED_SIMPLE
Heteranthera Ruiz & Pav.,Heteranthera ,Heteranthera Ruiz & Pav.,Plantae Tracheophyta Liliopsida Commelinales Pontederiaceae Heteranthera,EXACT_MATCH_PRIMARY_SOURCE_ACCEPTED_SIMPLE
Heteranthera dubia (Jacq.) MacMill.,Heteranthera dubia,Heteranthera dubia (Jacq.) MacMill.,Plantae Tracheophyta Liliopsida Commelinales Pontederiaceae Heteranthera dubia,EXACT_MATCH_PRIMARY_SOURCE_ACCEPTED_AUTHOR_DISAMBIGUATION
Heteranthera multiflora (Griseb.) Horn,Heteranthera multiflora,Heteranthera multiflora (Griseb.) Horn,Plantae Tracheophyta Liliopsida Commelinales Pontederiaceae Heteranthera multiflora,EXACT_MATCH_PRIMARY_SOURCE_ACCEPTED_SIMPLE
Heteranthera reniformis Ruiz & Pav.,Heteranthera reniformis,Heteranthera reniformis Ruiz & Pav.,Plantae Tracheophyta Liliopsida Commelinales Pontederiaceae Heteranthera reniformis,EXACT_MATCH_PRIMARY_SOURCE_ACCEPTED_SIMPLE
Heterotheca Cass.,Heterotheca ,Heterotheca Cass.,Plantae Tracheophyta Magnoliopsida Asterales Asteraceae Heterotheca,EXACT_MATCH_PRIMARY_SOURCE_ACCEPTED_AUTHOR_DISAMBIGUATION
Heterotheca camporum (Greene) Shinners,Heterotheca camporum,Heterotheca camporum (Greene) Shinners,Plantae Tracheophyta Magnoliopsida Asterales Asteraceae Heterotheca camporum,EXACT_MATCH_PRIMARY_SOURCE_ACCEPTED_SIMPLE
Heterotheca subaxillaris (Lam.) Britton & Rusby,Heterotheca subaxillaris,Heterotheca subaxillaris (Lam.) Britton & Rusby,Plantae Tracheophyta Magnoliopsida Asterales Asteraceae Heterotheca subaxillaris,EXACT_MATCH_PRIMARY_SOURCE_ACCEPTED_AMONG_SYNONYMS_SIMPLE
Heuchera L.,Heuchera ,Heuchera L.,Plantae Tracheophyta Magnoliopsida Saxifragales Saxifragaceae Heuchera,EXACT_MATCH_PRIMARY_SOURCE_ACCEPTED_SIMPLE
Heuchera alba Rydb.,Heuchera alba,Heuchera alba Rydb.,Plantae Tracheophyta Magnoliopsida Saxifragales Saxifragaceae Heuchera alba,EXACT_MATCH_PRIMARY_SOURCE_ACCEPTED_SIMPLE
Heuchera americana L.,Heuchera americana,Heuchera americana L.,Plantae Tracheophyta Magnoliopsida Saxifragales Saxifragaceae Heuchera americana,EXACT_MATCH_PRIMARY_SOURCE_ACCEPTED_AUTHOR_DISAMBIGUATION
"Heuchera caroliniana (Rosend., Butters & Lakela) E.F. Wells",Heuchera caroliniana,"Heuchera caroliniana (Rosend., Butters & Lakela) E.F. Wells",Plantae Tracheophyta Magnoliopsida Saxifragales Saxifragaceae Heuchera caroliniana,EXACT_MATCH_PRIMARY_SOURCE_ACCEPTED_SIMPLE
Heuchera longiflora Rydb.,Heuchera longiflora,Heuchera longiflora Rydb.,Plantae Tracheophyta Magnoliopsida Saxifragales Saxifragaceae Heuchera longiflora,EXACT_MATCH_PRIMARY_SOURCE_ACCEPTED_SIMPLE
Heuchera parviflora Bartlett,Heuchera parviflora,Heuchera parviflora Bartlett,Plantae Tracheophyta Magnoliopsida Saxifragales Saxifragaceae Heuchera parviflora,EXACT_MATCH_PRIMARY_SOURCE_ACCEPTED_SIMPLE
Heuchera pubescens Pursh,Heuchera pubescens,Heuchera pubescens Pursh,Plantae Tracheophyta Magnoliopsida Saxifragales Saxifragaceae Heuchera pubescens,EXACT_MATCH_PRIMARY_SOURCE_ACCEPTED_SIMPLE
Heuchera villosa Michx.,Heuchera villosa,Heuchera villosa Michx.,Plantae Tracheophyta Magnoliopsida Saxifragales Saxifragaceae Heuchera villosa,EXACT_MATCH_PRIMARY_SOURCE_ACCEPTED_SIMPLE
Hexalectris Raf.,Bletia ,Hexalectris Raf.,Plantae Tracheophyta Liliopsida Asparagales Orchidaceae Bletia,EXACT_MATCH_PRIMARY_SOURCE_SYNONYM_SIMPLE
Hexalectris spicata (Walter) Barnhart,Bletia spicata,Hexalectris spicata (Walter) Barnhart,Plantae Tracheophyta Liliopsida Asparagales Orchidaceae Bletia spicata,EXACT_MATCH_PRIMARY_SOURCE_SYNONYM_SIMPLE
Hexastylis Raf.,Hexastylis ,Hexastylis Raf.,Plantae Tracheophyta Magnoliopsida Piperales Aristolochiaceae Hexastylis,EXACT_MATCH_PRIMARY_SOURCE_ACCEPTED_AUTHOR_DISAMBIGUATION
Hexastylis arifolia (Michx.) Small,Hexastylis arifolia,Hexastylis arifolia (Michx.) Small,Plantae Tracheophyta Magnoliopsida Piperales Aristolochiaceae Hexastylis arifolia,EXACT_MATCH_PRIMARY_SOURCE_ACCEPTED_AMONG_SYNONYMS_SIMPLE
Hexastylis heterophylla (Ashe) Small,Hexastylis heterophylla,Hexastylis heterophylla (Ashe) Small,Plantae Tracheophyta Magnoliopsida Piperales Aristolochiaceae Hexastylis heterophylla,EXACT_MATCH_PRIMARY_SOURCE_ACCEPTED_SIMPLE
Hexastylis lewisii (Fernald) Blomquist & Oosting,Hexastylis lewisii,Hexastylis lewisii (Fernald) Blomquist & Oosting,Plantae Tracheophyta Magnoliopsida Piperales Aristolochiaceae Hexastylis lewisii,EXACT_MATCH_PRIMARY_SOURCE_ACCEPTED_SIMPLE
Hexastylis minor (Ashe) Blomquist,Hexastylis minor,Hexastylis minor (Ashe) Blomquist,Plantae Tracheophyta Magnoliopsida Piperales Aristolochiaceae Hexastylis minor,EXACT_MATCH_PRIMARY_SOURCE_ACCEPTED_SIMPLE
Hexastylis shuttleworthii (Britten & Baker f.) Small,Hexastylis shuttleworthii,Hexastylis shuttleworthii (Britten & Baker f.) Small,Plantae Tracheophyta Magnoliopsida Piperales Aristolochiaceae Hexastylis shuttleworthii,EXACT_MATCH_PRIMARY_SOURCE_ACCEPTED_SIMPLE
Hexastylis virginica (L.) Small,Hexastylis virginica,Hexastylis virginica (L.) Small,Plantae Tracheophyta Magnoliopsida Piperales Aristolochiaceae Hexastylis virginica,EXACT_MATCH_PRIMARY_SOURCE_ACCEPTED_SIMPLE
Hibiscus L.,Hibiscus ,Hibiscus L.,Plantae Tracheophyta Magnoliopsida Malvales Malvaceae Hibiscus,EXACT_MATCH_PRIMARY_SOURCE_ACCEPTED_AUTHOR_DISAMBIGUATION
Hibiscus coccineus Walter,Hibiscus coccineus,Hibiscus coccineus Walter,Plantae Tracheophyta Magnoliopsida Malvales Malvaceae Hibiscus coccineus,EXACT_MATCH_PRIMARY_SOURCE_ACCEPTED_SIMPLE
Hibiscus laevis All.,Hibiscus laevis,Hibiscus laevis All.,Plantae Tracheophyta Magnoliopsida Malvales Malvaceae Hibiscus laevis,EXACT_MATCH_PRIMARY_SOURCE_ACCEPTED_AMONG_SYNONYMS_SIMPLE
Hibiscus moscheutos L.,Hibiscus moscheutos,Hibiscus moscheutos L.,Plantae Tracheophyta Magnoliopsida Malvales Malvaceae Hibiscus moscheutos,EXACT_MATCH_PRIMARY_SOURCE_ACCEPTED_SIMPLE
Hibiscus syriacus L.,Hibiscus syriacus,Hibiscus syriacus L.,Plantae Tracheophyta Magnoliopsida Malvales Malvaceae Hibiscus syriacus,EXACT_MATCH_PRIMARY_SOURCE_ACCEPTED_SIMPLE
Hibiscus trionum L.,Hibiscus trionum,Hibiscus trionum L.,Plantae Tracheophyta Magnoliopsida Malvales Malvaceae Hibiscus trionum,EXACT_MATCH_PRIMARY_SOURCE_ACCEPTED_SIMPLE
Hieracium L.,Hieracium ,Hieracium L.,Plantae Tracheophyta Magnoliopsida Asterales Asteraceae Hieracium,EXACT_MATCH_PRIMARY_SOURCE_ACCEPTED_AUTHOR_DISAMBIGUATION
Hieracium aurantiacum L.,Pilosella aurantiaca,Hieracium aurantiacum L.,Plantae Tracheophyta Magnoliopsida Asterales Asteraceae Pilosella aurantiaca,EXACT_MATCH_PRIMARY_SOURCE_SYNONYM_SIMPLE
Hieracium caespitosum Dumort.,Hieracium caespitosum,Hieracium caespitosum Dumort.,Plantae Tracheophyta Magnoliopsida Asterales Asteraceae Hieracium caespitosum,EXACT_MATCH_PRIMARY_SOURCE_ACCEPTED_AMONG_SYNONYMS_SIMPLE
Hieracium gronovii L.,Hieracium gronovii,Hieracium gronovii L.,Plantae Tracheophyta Magnoliopsida Asterales Asteraceae Hieracium gronovii,EXACT_MATCH_PRIMARY_SOURCE_ACCEPTED_AMONG_SYNONYMS_SIMPLE
Hieracium marianum Willd.,Hieracium marianum,Hieracium marianum Willd.,Plantae Tracheophyta Magnoliopsida Asterales Asteraceae Hieracium marianum,EXACT_MATCH_PRIMARY_SOURCE_MULT_ACCEPTED
Hieracium paniculatum L.,Hieracium paniculatum,Hieracium paniculatum L.,Plantae Tracheophyta Magnoliopsida Asterales Asteraceae Hieracium paniculatum,EXACT_MATCH_PRIMARY_SOURCE_ACCEPTED_AUTHOR_DISAMBIGUATION
Hieracium pilosella L.,Pilosella officinarum,Hieracium pilosella L.,Plantae Tracheophyta Magnoliopsida Asterales Asteraceae Pilosella officinarum,EXACT_MATCH_PRIMARY_SOURCE_ACCEPTED_AMONG_SYNONYMS_SIMPLE
Hieracium piloselloides Vill.,Hieracium piloselloides,Hieracium piloselloides Vill.,Plantae Tracheophyta Magnoliopsida Asterales Asteraceae Hieracium piloselloides,EXACT_MATCH_PRIMARY_SOURCE_ACCEPTED_AMONG_SYNONYMS_SIMPLE
Hieracium scabrum Michx.,Hieracium scabrum,Hieracium scabrum Michx.,Plantae Tracheophyta Magnoliopsida Asterales Asteraceae Hieracium scabrum,EXACT_MATCH_PRIMARY_SOURCE_ACCEPTED_AUTHOR_DISAMBIGUATION
Hieracium scribneri Small,Hieracium scribneri,Hieracium scribneri Small,Plantae Tracheophyta Magnoliopsida Asterales Asteraceae Hieracium scribneri,EXACT_MATCH_PRIMARY_SOURCE_ACCEPTED_SIMPLE
Hieracium venosum L.,Hieracium venosum,Hieracium venosum L.,Plantae Tracheophyta Magnoliopsida Asterales Asteraceae Hieracium venosum,EXACT_MATCH_PRIMARY_SOURCE_ACCEPTED_SIMPLE
Hieracium ×flagellare Willd. (pro sp.) [caespitosum × pilosella],Hieracium flagellare,Hieracium ×flagellare Willd. (pro sp.) [caespitosum × pilosella],Plantae Tracheophyta Magnoliopsida Asterales Asteraceae Hieracium flagellare,EXACT_MATCH_PRIMARY_SOURCE_MULT_ACCEPTED
Hieracium ×floribundum Wimm. & Grab. (pro sp.) [caespitosum × lactucella],Hieracium floribundum,Hieracium ×floribundum Wimm. & Grab. (pro sp.) [caespitosum × lactucella],Plantae Tracheophyta Magnoliopsida Asterales Asteraceae Hieracium floribundum,EXACT_MATCH_PRIMARY_SOURCE_ACCEPTED_AMONG_SYNONYMS_SIMPLE
Hierochloe hirta (Schrank) Borbás,Anthoxanthum hirta,Hierochloe hirta (Schrank) Borbás,Plantae Tracheophyta Liliopsida Poales Poaceae Anthoxanthum hirta,EXACT_MATCH_PRIMARY_SOURCE_ACCEPTED_AMONG_SYNONYMS_SIMPLE
Hierochloe odorata (L.) P. Beauv.,Anthoxanthum odorata,Hierochloe odorata (L.) P. Beauv.,Plantae Tracheophyta Liliopsida Poales Poaceae Anthoxanthum odorata,EXACT_MATCH_PRIMARY_SOURCE_ACCEPTED_AMONG_SYNONYMS_SIMPLE
Holcus L.,Holcus ,Holcus L.,Plantae Tracheophyta Liliopsida Poales Poaceae Holcus,EXACT_MATCH_PRIMARY_SOURCE_ACCEPTED_AMONG_SYNONYMS_SIMPLE
Holcus lanatus L.,Holcus lanatus,Holcus lanatus L.,Plantae Tracheophyta Liliopsida Poales Poaceae Holcus lanatus,EXACT_MATCH_PRIMARY_SOURCE_ACCEPTED_SIMPLE
Holosteum L.,Holosteum ,Holosteum L.,Plantae Tracheophyta Magnoliopsida Caryophyllales Caryophyllaceae Holosteum,EXACT_MATCH_PRIMARY_SOURCE_ACCEPTED_SIMPLE
Holosteum umbellatum L.,Holosteum umbellatum,Holosteum umbellatum L.,Plantae Tracheophyta Magnoliopsida Caryophyllales Caryophyllaceae Holosteum umbellatum,EXACT_MATCH_PRIMARY_SOURCE_ACCEPTED_SIMPLE
Honckenya Ehrh.,Honckenya ,Honckenya Ehrh.,Plantae Tracheophyta Magnoliopsida Caryophyllales Caryophyllaceae Honckenya,EXACT_MATCH_PRIMARY_SOURCE_ACCEPTED_AUTHOR_DISAMBIGUATION
Honckenya peploides (L.) Ehrh.,Honckenya peploides,Honckenya peploides (L.) Ehrh.,Plantae Tracheophyta Magnoliopsida Caryophyllales Caryophyllaceae Honckenya peploides,EXACT_MATCH_PRIMARY_SOURCE_ACCEPTED_SIMPLE
Hordeum L.,Hordeum ,Hordeum L.,Plantae Tracheophyta Liliopsida Poales Poaceae Hordeum,EXACT_MATCH_PRIMARY_SOURCE_ACCEPTED_SIMPLE
Hordeum jubatum L.,Hordeum jubatum,Hordeum jubatum L.,Plantae Tracheophyta Liliopsida Poales Poaceae Hordeum jubatum,EXACT_MATCH_PRIMARY_SOURCE_ACCEPTED_AUTHOR_DISAMBIGUATION
Hordeum murinum L.,Hordeum murinum,Hordeum murinum L.,Plantae Tracheophyta Liliopsida Poales Poaceae Hordeum murinum,EXACT_MATCH_PRIMARY_SOURCE_ACCEPTED_SIMPLE
Hordeum pusillum Nutt.,Hordeum pusillum,Hordeum pusillum Nutt.,Plantae Tracheophyta Liliopsida Poales Poaceae Hordeum pusillum,EXACT_MATCH_PRIMARY_SOURCE_ACCEPTED_SIMPLE
Hordeum vulgare L.,Hordeum vulgare,Hordeum vulgare L.,Plantae Tracheophyta Liliopsida Poales Poaceae Hordeum vulgare,EXACT_MATCH_PRIMARY_SOURCE_ACCEPTED_SIMPLE
Hosta Tratt.,Hosta ,Hosta Tratt.,Plantae Tracheophyta Liliopsida Asparagales Asparagaceae Hosta,EXACT_MATCH_PRIMARY_SOURCE_ACCEPTED_AUTHOR_DISAMBIGUATION
Hosta plantaginea (Lam.) Asch.,Hosta plantaginea,Hosta plantaginea (Lam.) Asch.,Plantae Tracheophyta Liliopsida Asparagales Asparagaceae Hosta plantaginea,EXACT_MATCH_PRIMARY_SOURCE_ACCEPTED_SIMPLE
Hosta ventricosa (Salisb.) Stearn,Hosta ventricosa,Hosta ventricosa (Salisb.) Stearn,Plantae Tracheophyta Liliopsida Asparagales Asparagaceae Hosta ventricosa,EXACT_MATCH_PRIMARY_SOURCE_ACCEPTED_SIMPLE
Hottonia L.,Hottonia ,Hottonia L.,Plantae Tracheophyta Magnoliopsida Ericales Primulaceae Hottonia,EXACT_MATCH_PRIMARY_SOURCE_ACCEPTED_SIMPLE
Hottonia inflata Elliott,Hottonia inflata,Hottonia inflata Elliott,Plantae Tracheophyta Magnoliopsida Ericales Primulaceae Hottonia inflata,EXACT_MATCH_PRIMARY_SOURCE_ACCEPTED_SIMPLE
Houstonia L.,Houstonia ,Houstonia L.,Plantae Tracheophyta Magnoliopsida Gentianales Rubiaceae Houstonia,EXACT_MATCH_PRIMARY_SOURCE_ACCEPTED_AUTHOR_DISAMBIGUATION
Houstonia caerulea L.,Houstonia caerulea,Houstonia caerulea L.,Plantae Tracheophyta Magnoliopsida Gentianales Rubiaceae Houstonia caerulea,EXACT_MATCH_PRIMARY_SOURCE_ACCEPTED_SIMPLE
Houstonia canadensis Willd. ex Roem. & Schult.,Houstonia canadensis,Houstonia canadensis Willd. ex Roem. & Schult.,Plantae Tracheophyta Magnoliopsida Gentianales Rubiaceae Houstonia canadensis,EXACT_MATCH_PRIMARY_SOURCE_ACCEPTED_AUTHOR_DISAMBIGUATION
Houstonia longifolia Gaertn.,Houstonia longifolia,Houstonia longifolia Gaertn.,Plantae Tracheophyta Magnoliopsida Gentianales Rubiaceae Houstonia longifolia,EXACT_MATCH_PRIMARY_SOURCE_ACCEPTED_SIMPLE
Houstonia purpurea L.,Houstonia purpurea,Houstonia purpurea L.,Plantae Tracheophyta Magnoliopsida Gentianales Rubiaceae Houstonia purpurea,EXACT_MATCH_PRIMARY_SOURCE_ACCEPTED_SIMPLE
Houstonia pusilla Schoepf,Houstonia pusilla,Houstonia pusilla Schoepf,Plantae Tracheophyta Magnoliopsida Gentianales Rubiaceae Houstonia pusilla,EXACT_MATCH_PRIMARY_SOURCE_ACCEPTED_AMONG_SYNONYMS_SIMPLE
Houstonia serpyllifolia Michx.,Houstonia serpyllifolia,Houstonia serpyllifolia Michx.,Plantae Tracheophyta Magnoliopsida Gentianales Rubiaceae Houstonia serpyllifolia,EXACT_MATCH_PRIMARY_SOURCE_ACCEPTED_AMONG_SYNONYMS_SIMPLE
Hovenia Thunb.,Hovenia ,Hovenia Thunb.,Plantae Tracheophyta Magnoliopsida Rosales Rhamnaceae Hovenia,EXACT_MATCH_PRIMARY_SOURCE_ACCEPTED_SIMPLE
Hovenia dulcis Thunb.,Hovenia dulcis,Hovenia dulcis Thunb.,Plantae Tracheophyta Magnoliopsida Rosales Rhamnaceae Hovenia dulcis,EXACT_MATCH_PRIMARY_SOURCE_ACCEPTED_SIMPLE
Hudsonia L.,Hudsonia ,Hudsonia L.,Plantae Tracheophyta Magnoliopsida Malvales Cistaceae Hudsonia,EXACT_MATCH_PRIMARY_SOURCE_ACCEPTED_AUTHOR_DISAMBIGUATION
Hudsonia tomentosa Nutt.,Hudsonia tomentosa,Hudsonia tomentosa Nutt.,Plantae Tracheophyta Magnoliopsida Malvales Cistaceae Hudsonia tomentosa,EXACT_MATCH_PRIMARY_SOURCE_ACCEPTED_SIMPLE
Humulus L.,Humulus ,Humulus L.,Plantae Tracheophyta Magnoliopsida Rosales Cannabaceae Humulus,EXACT_MATCH_PRIMARY_SOURCE_ACCEPTED_SIMPLE
Humulus japonicus Siebold & Zucc.,Humulus scandens,Humulus japonicus Siebold & Zucc.,Plantae Tracheophyta Magnoliopsida Rosales Cannabaceae Humulus scandens,EXACT_MATCH_PRIMARY_SOURCE_SYNONYM_SIMPLE
Humulus lupulus L.,Humulus lupulus,Humulus lupulus L.,Plantae Tracheophyta Magnoliopsida Rosales Cannabaceae Humulus lupulus,EXACT_MATCH_PRIMARY_SOURCE_ACCEPTED_AMONG_SYNONYMS_SIMPLE
Huperzia Bernh.,Huperzia ,Huperzia Bernh.,Plantae Tracheophyta Lycopodiopsida Lycopodiales Lycopodiaceae Huperzia,EXACT_MATCH_PRIMARY_SOURCE_ACCEPTED_SIMPLE
Huperzia appalachiana Beitel & Mickel,Huperzia appalachiana,Huperzia appalachiana Beitel & Mickel,Plantae Tracheophyta Lycopodiopsida Lycopodiales Lycopodiaceae Huperzia appalachiana,EXACT_MATCH_PRIMARY_SOURCE_ACCEPTED_SIMPLE
Huperzia lucidula (Michx.) Trevis.,Huperzia lucidula,Huperzia lucidula (Michx.) Trevis.,Plantae Tracheophyta Lycopodiopsida Lycopodiales Lycopodiaceae Huperzia lucidula,EXACT_MATCH_PRIMARY_SOURCE_ACCEPTED_AMONG_SYNONYMS_SIMPLE
Huperzia porophila (Lloyd & Underw.) Holub,Huperzia porophila,Huperzia porophila (Lloyd & Underw.) Holub,Plantae Tracheophyta Lycopodiopsida Lycopodiales Lycopodiaceae Huperzia porophila,EXACT_MATCH_PRIMARY_SOURCE_ACCEPTED_SIMPLE
Hyacinthoides Medik.,Hyacinthoides ,Hyacinthoides Medik.,Plantae Tracheophyta Liliopsida Asparagales Asparagaceae Hyacinthoides,EXACT_MATCH_PRIMARY_SOURCE_ACCEPTED_AMONG_SYNONYMS_SIMPLE
Hyacinthoides hispanica (Mill.) Rothm.,Hyacinthoides hispanica,Hyacinthoides hispanica (Mill.) Rothm.,Plantae Tracheophyta Liliopsida Asparagales Asparagaceae Hyacinthoides hispanica,EXACT_MATCH_PRIMARY_SOURCE_ACCEPTED_SIMPLE
Hyacinthoides non-scripta (L.) Chouard ex Rothm.,Hyacinthoides non-scripta,Hyacinthoides non-scripta (L.) Chouard ex Rothm.,Plantae Tracheophyta Liliopsida Asparagales Asparagaceae Hyacinthoides non-scripta,EXACT_MATCH_PRIMARY_SOURCE_ACCEPTED_AMONG_SYNONYMS_SIMPLE
Hyacinthus L.,Hyacinthus ,Hyacinthus L.,Plantae Tracheophyta Liliopsida Asparagales Asparagaceae Hyacinthus,EXACT_MATCH_PRIMARY_SOURCE_ACCEPTED_SIMPLE
Hyacinthus orientalis L.,Hyacinthus orientalis,Hyacinthus orientalis L.,Plantae Tracheophyta Liliopsida Asparagales Asparagaceae Hyacinthus orientalis,EXACT_MATCH_PRIMARY_SOURCE_ACCEPTED_SIMPLE
Hybanthus Jacq.,Hybanthus ,Hybanthus Jacq.,Plantae Tracheophyta Magnoliopsida Malpighiales Violaceae Hybanthus,EXACT_MATCH_PRIMARY_SOURCE_ACCEPTED_SIMPLE
Hybanthus concolor (T.F. Forst.) Spreng.,Cubelium concolor,Hybanthus concolor (T.F. Forst.) Spreng.,Plantae Tracheophyta Magnoliopsida Malpighiales Violaceae Cubelium concolor,EXACT_MATCH_PRIMARY_SOURCE_SYNONYM_SIMPLE
Hydrangea arborescens L.,Hydrangea arborescens,Hydrangea arborescens L.,Plantae Tracheophyta Magnoliopsida Cornales Hydrangeaceae Hydrangea arborescens,EXACT_MATCH_PRIMARY_SOURCE_ACCEPTED_AMONG_SYNONYMS_SIMPLE
Hydrangea paniculata Siebold,Hydrangea paniculata,Hydrangea paniculata Siebold,Plantae Tracheophyta Magnoliopsida Cornales Hydrangeaceae Hydrangea paniculata,EXACT_MATCH_PRIMARY_SOURCE_ACCEPTED_AMONG_SYNONYMS_SIMPLE
Hydrastis L.,Hydrastis ,Hydrastis L.,Plantae Tracheophyta Magnoliopsida Ranunculales Ranunculaceae Hydrastis,EXACT_MATCH_PRIMARY_SOURCE_MULT_ACCEPTED
Hydrastis canadensis L.,Hydrastis canadensis,Hydrastis canadensis L.,Plantae Tracheophyta Magnoliopsida Ranunculales Ranunculaceae Hydrastis canadensis,EXACT_MATCH_PRIMARY_SOURCE_ACCEPTED_AMONG_SYNONYMS_SIMPLE
Hydrilla Rich.,Hydrilla ,Hydrilla Rich.,Plantae Tracheophyta Liliopsida Alismatales Hydrocharitaceae Hydrilla,EXACT_MATCH_PRIMARY_SOURCE_ACCEPTED_AMONG_SYNONYMS_SIMPLE
Hydrilla verticillata (L. f.) Royle,Hydrilla verticillata,Hydrilla verticillata (L. f.) Royle,Plantae Tracheophyta Liliopsida Alismatales Hydrocharitaceae Hydrilla verticillata,EXACT_MATCH_PRIMARY_SOURCE_MULT_ACCEPTED
Hydrocotyle L.,Hydrocotyle ,Hydrocotyle L.,Plantae Tracheophyta Magnoliopsida Apiales Araliaceae Hydrocotyle,EXACT_MATCH_PRIMARY_SOURCE_ACCEPTED_AUTHOR_DISAMBIGUATION
Hydrocotyle americana L.,Hydrocotyle americana,Hydrocotyle americana L.,Plantae Tracheophyta Magnoliopsida Apiales Araliaceae Hydrocotyle americana,EXACT_MATCH_PRIMARY_SOURCE_ACCEPTED_AMONG_SYNONYMS_SIMPLE
Hydrocotyle bonariensis Comm. ex Lam.,Hydrocotyle bonariensis,Hydrocotyle bonariensis Comm. ex Lam.,Plantae Tracheophyta Magnoliopsida Apiales Araliaceae Hydrocotyle bonariensis,EXACT_MATCH_PRIMARY_SOURCE_ACCEPTED_AMONG_SYNONYMS_SIMPLE
Hydrocotyle prolifera Kellogg,Hydrocotyle prolifera,Hydrocotyle prolifera Kellogg,Plantae Tracheophyta Magnoliopsida Apiales Araliaceae Hydrocotyle prolifera,EXACT_MATCH_PRIMARY_SOURCE_ACCEPTED_AMONG_SYNONYMS_SIMPLE
Hydrocotyle ranunculoides L. f.,Hydrocotyle ranunculoides,Hydrocotyle ranunculoides L. f.,Plantae Tracheophyta Magnoliopsida Apiales Araliaceae Hydrocotyle ranunculoides,EXACT_MATCH_PRIMARY_SOURCE_ACCEPTED_AMONG_SYNONYMS_SIMPLE
Hydrocotyle sibthorpioides Lam.,Hydrocotyle sibthorpioides,Hydrocotyle sibthorpioides Lam.,Plantae Tracheophyta Magnoliopsida Apiales Araliaceae Hydrocotyle sibthorpioides,EXACT_MATCH_PRIMARY_SOURCE_ACCEPTED_AMONG_SYNONYMS_SIMPLE
Hydrocotyle umbellata L.,Hydrocotyle umbellata,Hydrocotyle umbellata L.,Plantae Tracheophyta Magnoliopsida Apiales Araliaceae Hydrocotyle umbellata,EXACT_MATCH_PRIMARY_SOURCE_ACCEPTED_SIMPLE
Hydrocotyle verticillata Thunb.,Hydrocotyle verticillata,Hydrocotyle verticillata Thunb.,Plantae Tracheophyta Magnoliopsida Apiales Araliaceae Hydrocotyle verticillata,EXACT_MATCH_PRIMARY_SOURCE_ACCEPTED_AMONG_SYNONYMS_SIMPLE
Hydrolea L.,Hydrolea ,Hydrolea L.,Plantae Tracheophyta Magnoliopsida Solanales Hydroleaceae Hydrolea,EXACT_MATCH_PRIMARY_SOURCE_ACCEPTED_AUTHOR_DISAMBIGUATION
Hydrolea quadrivalvis Walter,Hydrolea quadrivalvis,Hydrolea quadrivalvis Walter,Plantae Tracheophyta Magnoliopsida Solanales Hydroleaceae Hydrolea quadrivalvis,EXACT_MATCH_PRIMARY_SOURCE_ACCEPTED_SIMPLE
Hydrophyllum L.,Hydrophyllum ,Hydrophyllum L.,Plantae Tracheophyta Magnoliopsida Boraginales Hydrophyllaceae Hydrophyllum,EXACT_MATCH_PRIMARY_SOURCE_ACCEPTED_SIMPLE
Hydrophyllum canadense L.,Hydrophyllum canadense,Hydrophyllum canadense L.,Plantae Tracheophyta Magnoliopsida Boraginales Hydrophyllaceae Hydrophyllum canadense,EXACT_MATCH_PRIMARY_SOURCE_ACCEPTED_SIMPLE
Hydrophyllum macrophyllum Nutt.,Hydrophyllum macrophyllum,Hydrophyllum macrophyllum Nutt.,Plantae Tracheophyta Magnoliopsida Boraginales Hydrophyllaceae Hydrophyllum macrophyllum,EXACT_MATCH_PRIMARY_SOURCE_ACCEPTED_SIMPLE
Hydrophyllum virginianum L.,Hydrophyllum virginianum,Hydrophyllum virginianum L.,Plantae Tracheophyta Magnoliopsida Boraginales Hydrophyllaceae Hydrophyllum virginianum,EXACT_MATCH_PRIMARY_SOURCE_ACCEPTED_SIMPLE
Hygrophila R. Br.,Hygrophila ,Hygrophila R. Br.,Plantae Tracheophyta Magnoliopsida Lamiales Acanthaceae Hygrophila,MULTI_EXACT_MATCH_PRIMARY_SOURCE_ACCEPTED_HOMONYM
Hygrophila polysperma (Roxb.) T. Anderson,Hygrophila polysperma,Hygrophila polysperma (Roxb.) T. Anderson,Plantae Tracheophyta Magnoliopsida Lamiales Acanthaceae Hygrophila polysperma,EXACT_MATCH_PRIMARY_SOURCE_ACCEPTED_SIMPLE
Hylotelephium H. Ohba,Hylotelephium ,Hylotelephium H. Ohba,Plantae Tracheophyta Magnoliopsida Saxifragales Crassulaceae Hylotelephium,EXACT_MATCH_PRIMARY_SOURCE_ACCEPTED_SIMPLE
Hylotelephium erythrostictum (Miq.) H. Ohba,Hylotelephium erythrostictum,Hylotelephium erythrostictum (Miq.) H. Ohba,Plantae Tracheophyta Magnoliopsida Saxifragales Crassulaceae Hylotelephium erythrostictum,EXACT_MATCH_PRIMARY_SOURCE_ACCEPTED_SIMPLE
Hylotelephium telephioides (Michx.) H. Ohba,Hylotelephium telephioides,Hylotelephium telephioides (Michx.) H. Ohba,Plantae Tracheophyta Magnoliopsida Saxifragales Crassulaceae Hylotelephium telephioides,EXACT_MATCH_PRIMARY_SOURCE_ACCEPTED_SIMPLE
Hylotelephium telephium (L.) H. Ohba,Hylotelephium telephium,Hylotelephium telephium (L.) H. Ohba,Plantae Tracheophyta Magnoliopsida Saxifragales Crassulaceae Hylotelephium telephium,EXACT_MATCH_PRIMARY_SOURCE_ACCEPTED_SIMPLE
Hyophila Brid.,Hyophila ,Hyophila Brid.,Plantae Bryophyta Bryopsida Pottiales Pottiaceae Hyophila,EXACT_MATCH_PRIMARY_SOURCE_ACCEPTED_AMONG_SYNONYMS_SIMPLE
Hyophila involuta (Hook.) A. Jaeger,Hyophila involuta,Hyophila involuta (Hook.) A. Jaeger,Plantae Bryophyta Bryopsida Pottiales Pottiaceae Hyophila involuta,EXACT_MATCH_PRIMARY_SOURCE_ACCEPTED_SIMPLE
Hypericum L.,Hypericum ,Hypericum L.,Plantae Tracheophyta Magnoliopsida Malpighiales Hypericaceae Hypericum,EXACT_MATCH_PRIMARY_SOURCE_ACCEPTED_AUTHOR_DISAMBIGUATION
Hypericum adpressum W.P.C. Barton,Hypericum adpressum,Hypericum adpressum W.P.C. Barton,Plantae Tracheophyta Magnoliopsida Malpighiales Hypericaceae Hypericum adpressum,EXACT_MATCH_PRIMARY_SOURCE_ACCEPTED_SIMPLE
Hypericum boreale (Britton) E.P. Bicknell,Hypericum boreale,Hypericum boreale (Britton) E.P. Bicknell,Plantae Tracheophyta Magnoliopsida Malpighiales Hypericaceae Hypericum boreale,EXACT_MATCH_PRIMARY_SOURCE_ACCEPTED_SIMPLE
Hypericum canadense L.,Hypericum canadense,Hypericum canadense L.,Plantae Tracheophyta Magnoliopsida Malpighiales Hypericaceae Hypericum canadense,EXACT_MATCH_PRIMARY_SOURCE_ACCEPTED_SIMPLE
Hypericum crux-andreae (L.) Crantz,Hypericum crux-andreae,Hypericum crux-andreae (L.) Crantz,Plantae Tracheophyta Magnoliopsida Malpighiales Hypericaceae Hypericum crux-andreae,EXACT_MATCH_PRIMARY_SOURCE_ACCEPTED_AUTHOR_DISAMBIGUATION
Hypericum densiflorum Pursh,Hypericum densiflorum,Hypericum densiflorum Pursh,Plantae Tracheophyta Magnoliopsida Malpighiales Hypericaceae Hypericum densiflorum,EXACT_MATCH_PRIMARY_SOURCE_ACCEPTED_AUTHOR_DISAMBIGUATION
Hypericum denticulatum Walter,Hypericum denticulatum,Hypericum denticulatum Walter,Plantae Tracheophyta Magnoliopsida Malpighiales Hypericaceae Hypericum denticulatum,EXACT_MATCH_PRIMARY_SOURCE_ACCEPTED_AMONG_SYNONYMS_SIMPLE
Hypericum dissimulatum E.P. Bicknell,Hypericum dissimulatum,Hypericum dissimulatum E.P. Bicknell,Plantae Tracheophyta Magnoliopsida Malpighiales Hypericaceae Hypericum dissimulatum,EXACT_MATCH_PRIMARY_SOURCE_ACCEPTED_SIMPLE
Hypericum drummondii (Grev. & Hook.) Torr. & A. Gray,Hypericum drummondii,Hypericum drummondii (Grev. & Hook.) Torr. & A. Gray,Plantae Tracheophyta Magnoliopsida Malpighiales Hypericaceae Hypericum drummondii,EXACT_MATCH_PRIMARY_SOURCE_ACCEPTED_AMONG_SYNONYMS_SIMPLE
Hypericum ellipticum Hook.,Hypericum ellipticum,Hypericum ellipticum Hook.,Plantae Tracheophyta Magnoliopsida Malpighiales Hypericaceae Hypericum ellipticum,EXACT_MATCH_PRIMARY_SOURCE_ACCEPTED_SIMPLE
Hypericum frondosum Michx.,Hypericum frondosum,Hypericum frondosum Michx.,Plantae Tracheophyta Magnoliopsida Malpighiales Hypericaceae Hypericum frondosum,EXACT_MATCH_PRIMARY_SOURCE_ACCEPTED_SIMPLE
"Hypericum gentianoides (L.) Britton, Sterns & Poggenb.",Hypericum gentianoides,"Hypericum gentianoides (L.) Britton, Sterns & Poggenb.",Plantae Tracheophyta Magnoliopsida Malpighiales Hypericaceae Hypericum gentianoides,EXACT_MATCH_PRIMARY_SOURCE_ACCEPTED_SIMPLE
Hypericum gymnanthum Engelm. & A. Gray,Hypericum gymnanthum,Hypericum gymnanthum Engelm. & A. Gray,Plantae Tracheophyta Magnoliopsida Malpighiales Hypericaceae Hypericum gymnanthum,EXACT_MATCH_PRIMARY_SOURCE_ACCEPTED_SIMPLE
Hypericum hypericoides (L.) Crantz,Hypericum hypericoides,Hypericum hypericoides (L.) Crantz,Plantae Tracheophyta Magnoliopsida Malpighiales Hypericaceae Hypericum hypericoides,EXACT_MATCH_PRIMARY_SOURCE_ACCEPTED_SIMPLE
Hypericum lloydii (Svens.) P. Adams,Hypericum lloydii,Hypericum lloydii (Svens.) P. Adams,Plantae Tracheophyta Magnoliopsida Malpighiales Hypericaceae Hypericum lloydii,EXACT_MATCH_PRIMARY_SOURCE_ACCEPTED_AMONG_SYNONYMS_SIMPLE
Hypericum mitchellianum Rydb.,Hypericum mitchellianum,Hypericum mitchellianum Rydb.,Plantae Tracheophyta Magnoliopsida Malpighiales Hypericaceae Hypericum mitchellianum,EXACT_MATCH_PRIMARY_SOURCE_ACCEPTED_SIMPLE
Hypericum mutilum L.,Hypericum mutilum,Hypericum mutilum L.,Plantae Tracheophyta Magnoliopsida Malpighiales Hypericaceae Hypericum mutilum,EXACT_MATCH_PRIMARY_SOURCE_ACCEPTED_AMONG_SYNONYMS_SIMPLE
Hypericum nudiflorum Michx. ex Willd.,Hypericum nudiflorum,Hypericum nudiflorum Michx. ex Willd.,Plantae Tracheophyta Magnoliopsida Malpighiales Hypericaceae Hypericum nudiflorum,EXACT_MATCH_PRIMARY_SOURCE_ACCEPTED_AMONG_SYNONYMS_SIMPLE
Hypericum perforatum L.,Hypericum perforatum,Hypericum perforatum L.,Plantae Tracheophyta Magnoliopsida Malpighiales Hypericaceae Hypericum perforatum,EXACT_MATCH_PRIMARY_SOURCE_ACCEPTED_SIMPLE
Hypericum prolificum L.,Hypericum prolificum,Hypericum prolificum L.,Plantae Tracheophyta Magnoliopsida Malpighiales Hypericaceae Hypericum prolificum,EXACT_MATCH_PRIMARY_SOURCE_ACCEPTED_SIMPLE
Hypericum punctatum Lam.,Hypericum punctatum,Hypericum punctatum Lam.,Plantae Tracheophyta Magnoliopsida Malpighiales Hypericaceae Hypericum punctatum,EXACT_MATCH_PRIMARY_SOURCE_ACCEPTED_AUTHOR_DISAMBIGUATION
Hypericum setosum L.,Hypericum setosum,Hypericum setosum L.,Plantae Tracheophyta Magnoliopsida Malpighiales Hypericaceae Hypericum setosum,EXACT_MATCH_PRIMARY_SOURCE_ACCEPTED_AMONG_SYNONYMS_SIMPLE
Hypericum virgatum Lam.,Hypericum virgatum,Hypericum virgatum Lam.,Plantae Tracheophyta Magnoliopsida Malpighiales Hypericaceae Hypericum virgatum,EXACT_MATCH_PRIMARY_SOURCE_ACCEPTED_AMONG_SYNONYMS_SIMPLE
Hypochaeris L.,Hypochaeris ,Hypochaeris L.,Plantae Tracheophyta Magnoliopsida Asterales Asteraceae Hypochaeris,EXACT_MATCH_PRIMARY_SOURCE_ACCEPTED_SIMPLE
Hypochaeris radicata L.,Hypochaeris radicata,Hypochaeris radicata L.,Plantae Tracheophyta Magnoliopsida Asterales Asteraceae Hypochaeris radicata,EXACT_MATCH_PRIMARY_SOURCE_ACCEPTED_SIMPLE
Hypoxis L.,Hypoxis ,Hypoxis L.,Plantae Tracheophyta Liliopsida Asparagales Hypoxidaceae Hypoxis,EXACT_MATCH_PRIMARY_SOURCE_ACCEPTED_AUTHOR_DISAMBIGUATION
Hypoxis hirsuta (L.) Coville,Hypoxis hirsuta,Hypoxis hirsuta (L.) Coville,Plantae Tracheophyta Liliopsida Asparagales Hypoxidaceae Hypoxis hirsuta,EXACT_MATCH_PRIMARY_SOURCE_ACCEPTED_SIMPLE
Hypoxis wrightii (Baker) Brackett,Hypoxis wrightii,Hypoxis wrightii (Baker) Brackett,Plantae Tracheophyta Liliopsida Asparagales Hypoxidaceae Hypoxis wrightii,EXACT_MATCH_PRIMARY_SOURCE_ACCEPTED_SIMPLE
Hyptis Jacq.,Hyptis ,Hyptis Jacq.,Plantae Tracheophyta Magnoliopsida Lamiales Lamiaceae Hyptis,EXACT_MATCH_PRIMARY_SOURCE_ACCEPTED_SIMPLE
Hyptis mutabilis (A. Rich.) Briq.,Cantinoa mutabilis,Hyptis mutabilis (A. Rich.) Briq.,Plantae Tracheophyta Magnoliopsida Lamiales Lamiaceae Cantinoa mutabilis,EXACT_MATCH_PRIMARY_SOURCE_SYNONYM_SIMPLE
Ilex L.,Ilex ,Ilex L.,Plantae Tracheophyta Magnoliopsida Aquifoliales Aquifoliaceae Ilex,EXACT_MATCH_PRIMARY_SOURCE_MULT_ACCEPTED
Ilex ambigua (Michx.) Torr.,Ilex ambigua,Ilex ambigua (Michx.) Torr.,Plantae Tracheophyta Magnoliopsida Aquifoliales Aquifoliaceae Ilex ambigua,EXACT_MATCH_PRIMARY_SOURCE_ACCEPTED_AMONG_SYNONYMS_SIMPLE
Ilex aquifolium L.,Ilex aquifolium,Ilex aquifolium L.,Plantae Tracheophyta Magnoliopsida Aquifoliales Aquifoliaceae Ilex aquifolium,EXACT_MATCH_PRIMARY_SOURCE_ACCEPTED_AMONG_SYNONYMS_SIMPLE
Ilex collina Alexander,Ilex collina,Ilex collina Alexander,Plantae Tracheophyta Magnoliopsida Aquifoliales Aquifoliaceae Ilex collina,EXACT_MATCH_PRIMARY_SOURCE_ACCEPTED_SIMPLE
Ilex coriacea (Pursh) Chapm.,Ilex coriacea,Ilex coriacea (Pursh) Chapm.,Plantae Tracheophyta Magnoliopsida Aquifoliales Aquifoliaceae Ilex coriacea,EXACT_MATCH_PRIMARY_SOURCE_ACCEPTED_AMONG_SYNONYMS_SIMPLE
Ilex decidua Walter,Ilex decidua,Ilex decidua Walter,Plantae Tracheophyta Magnoliopsida Aquifoliales Aquifoliaceae Ilex decidua,EXACT_MATCH_PRIMARY_SOURCE_ACCEPTED_SIMPLE
Ilex glabra (L.) A. Gray,Ilex glabra,Ilex glabra (L.) A. Gray,Plantae Tracheophyta Magnoliopsida Aquifoliales Aquifoliaceae Ilex glabra,EXACT_MATCH_PRIMARY_SOURCE_ACCEPTED_SIMPLE
Ilex laevigata (Pursh) A. Gray,Ilex laevigata,Ilex laevigata (Pursh) A. Gray,Plantae Tracheophyta Magnoliopsida Aquifoliales Aquifoliaceae Ilex laevigata,EXACT_MATCH_PRIMARY_SOURCE_ACCEPTED_AMONG_SYNONYMS_SIMPLE
Ilex longipes Chapm. ex Trel.,Ilex longipes,Ilex longipes Chapm. ex Trel.,Plantae Tracheophyta Magnoliopsida Aquifoliales Aquifoliaceae Ilex longipes,EXACT_MATCH_PRIMARY_SOURCE_ACCEPTED_AMONG_SYNONYMS_SIMPLE
Ilex montana Torr. & A. Gray ex A. Gray,Ilex montana,Ilex montana Torr. & A. Gray ex A. Gray,Plantae Tracheophyta Magnoliopsida Aquifoliales Aquifoliaceae Ilex montana,EXACT_MATCH_PRIMARY_SOURCE_ACCEPTED_AMONG_SYNONYMS_SIMPLE
Ilex opaca Aiton,Ilex opaca,Ilex opaca Aiton,Plantae Tracheophyta Magnoliopsida Aquifoliales Aquifoliaceae Ilex opaca,EXACT_MATCH_PRIMARY_SOURCE_ACCEPTED_AUTHOR_DISAMBIGUATION
Ilex verticillata (L.) A. Gray,Ilex verticillata,Ilex verticillata (L.) A. Gray,Plantae Tracheophyta Magnoliopsida Aquifoliales Aquifoliaceae Ilex verticillata,EXACT_MATCH_PRIMARY_SOURCE_ACCEPTED_SIMPLE
Ilex vomitoria Aiton,Ilex vomitoria,Ilex vomitoria Aiton,Plantae Tracheophyta Magnoliopsida Aquifoliales Aquifoliaceae Ilex vomitoria,EXACT_MATCH_PRIMARY_SOURCE_ACCEPTED_SIMPLE
Iliamna Greene,Iliamna ,Iliamna Greene,Plantae Tracheophyta Magnoliopsida Malvales Malvaceae Iliamna,EXACT_MATCH_PRIMARY_SOURCE_ACCEPTED_SIMPLE
Iliamna rivularis (Douglas ex Hook.) Greene,Iliamna rivularis,Iliamna rivularis (Douglas ex Hook.) Greene,Plantae Tracheophyta Magnoliopsida Malvales Malvaceae Iliamna rivularis,EXACT_MATCH_PRIMARY_SOURCE_ACCEPTED_SIMPLE
Impatiens L.,Impatiens ,Impatiens L.,Plantae Tracheophyta Magnoliopsida Ericales Balsaminaceae Impatiens,EXACT_MATCH_PRIMARY_SOURCE_ACCEPTED_SIMPLE
Impatiens balsamina L.,Impatiens balsamina,Impatiens balsamina L.,Plantae Tracheophyta Magnoliopsida Ericales Balsaminaceae Impatiens balsamina,EXACT_MATCH_PRIMARY_SOURCE_ACCEPTED_SIMPLE
Impatiens capensis Meerb.,Impatiens capensis,Impatiens capensis Meerb.,Plantae Tracheophyta Magnoliopsida Ericales Balsaminaceae Impatiens capensis,EXACT_MATCH_PRIMARY_SOURCE_ACCEPTED_AMONG_SYNONYMS_SIMPLE
Impatiens pallida Nutt.,Impatiens pallida,Impatiens pallida Nutt.,Plantae Tracheophyta Magnoliopsida Ericales Balsaminaceae Impatiens pallida,EXACT_MATCH_PRIMARY_SOURCE_ACCEPTED_SIMPLE
Imperata Cirillo,Imperata ,Imperata Cirillo,Plantae Tracheophyta Liliopsida Poales Poaceae Imperata,EXACT_MATCH_PRIMARY_SOURCE_ACCEPTED_AUTHOR_DISAMBIGUATION
Imperata cylindrica (L.) P. Beauv.,Imperata cylindrica,Imperata cylindrica (L.) P. Beauv.,Plantae Tracheophyta Liliopsida Poales Poaceae Imperata cylindrica,EXACT_MATCH_PRIMARY_SOURCE_ACCEPTED_AMONG_SYNONYMS_SIMPLE
Inula L.,Inula ,Inula L.,Plantae Tracheophyta Magnoliopsida Asterales Asteraceae Inula,EXACT_MATCH_PRIMARY_SOURCE_ACCEPTED_SIMPLE
Inula helenium L.,Inula helenium,Inula helenium L.,Plantae Tracheophyta Magnoliopsida Asterales Asteraceae Inula helenium,EXACT_MATCH_PRIMARY_SOURCE_ACCEPTED_AMONG_SYNONYMS_SIMPLE
Ionactis Greene,Ionactis ,Ionactis Greene,Plantae Tracheophyta Magnoliopsida Asterales Asteraceae Ionactis,EXACT_MATCH_PRIMARY_SOURCE_ACCEPTED_SIMPLE
Ionactis linariifolius (L.) Greene,Ionactis linariifolia,Ionactis linariifolius (L.) Greene,Plantae Tracheophyta Magnoliopsida Asterales Asteraceae Ionactis linariifolia,FUZZY_MATCH_PRIMARY_SOURCE_ACCEPTED
Ipomoea L.,Ipomoea ,Ipomoea L.,Plantae Tracheophyta Magnoliopsida Solanales Convolvulaceae Ipomoea,EXACT_MATCH_PRIMARY_SOURCE_ACCEPTED_AUTHOR_DISAMBIGUATION
Ipomoea batatas (L.) Lam.,Ipomoea batatas,Ipomoea batatas (L.) Lam.,Plantae Tracheophyta Magnoliopsida Solanales Convolvulaceae Ipomoea batatas,EXACT_MATCH_PRIMARY_SOURCE_ACCEPTED_AMONG_SYNONYMS_SIMPLE
Ipomoea coccinea L.,Ipomoea coccinea,Ipomoea coccinea L.,Plantae Tracheophyta Magnoliopsida Solanales Convolvulaceae Ipomoea coccinea,EXACT_MATCH_PRIMARY_SOURCE_ACCEPTED_AUTHOR_DISAMBIGUATION
Ipomoea hederacea Jacq.,Ipomoea hederacea,Ipomoea hederacea Jacq.,Plantae Tracheophyta Magnoliopsida Solanales Convolvulaceae Ipomoea hederacea,EXACT_MATCH_PRIMARY_SOURCE_ACCEPTED_AMONG_SYNONYMS_SIMPLE
Ipomoea hederifolia L.,Ipomoea hederifolia,Ipomoea hederifolia L.,Plantae Tracheophyta Magnoliopsida Solanales Convolvulaceae Ipomoea hederifolia,EXACT_MATCH_PRIMARY_SOURCE_ACCEPTED_SIMPLE
Ipomoea lacunosa L.,Ipomoea lacunosa,Ipomoea lacunosa L.,Plantae Tracheophyta Magnoliopsida Solanales Convolvulaceae Ipomoea lacunosa,EXACT_MATCH_PRIMARY_SOURCE_ACCEPTED_AUTHOR_DISAMBIGUATION
Ipomoea nil (L.) Roth,Ipomoea nil,Ipomoea nil (L.) Roth,Plantae Tracheophyta Magnoliopsida Solanales Convolvulaceae Ipomoea nil,EXACT_MATCH_PRIMARY_SOURCE_ACCEPTED_AMONG_SYNONYMS_SIMPLE
Ipomoea pandurata (L.) G. Mey.,Ipomoea pandurata,Ipomoea pandurata (L.) G. Mey.,Plantae Tracheophyta Magnoliopsida Solanales Convolvulaceae Ipomoea pandurata,EXACT_MATCH_PRIMARY_SOURCE_ACCEPTED_AMONG_SYNONYMS_SIMPLE
Ipomoea purpurea (L.) Roth,Ipomoea purpurea,Ipomoea purpurea (L.) Roth,Plantae Tracheophyta Magnoliopsida Solanales Convolvulaceae Ipomoea purpurea,EXACT_MATCH_PRIMARY_SOURCE_ACCEPTED_AMONG_SYNONYMS_SIMPLE
Ipomoea quamoclit L.,Ipomoea quamoclit,Ipomoea quamoclit L.,Plantae Tracheophyta Magnoliopsida Solanales Convolvulaceae Ipomoea quamoclit,EXACT_MATCH_PRIMARY_SOURCE_ACCEPTED_SIMPLE
Ipomoea ×leucantha Jacq. (pro sp.) [cordatotriloba × lacunosa],Ipomoea leucantha,Ipomoea ×leucantha Jacq. (pro sp.) [cordatotriloba × lacunosa],Plantae Tracheophyta Magnoliopsida Solanales Convolvulaceae Ipomoea leucantha,EXACT_MATCH_PRIMARY_SOURCE_ACCEPTED_SIMPLE
Ipomopsis Michx.,Ipomopsis ,Ipomopsis Michx.,Plantae Tracheophyta Magnoliopsida Ericales Polemoniaceae Ipomopsis,EXACT_MATCH_PRIMARY_SOURCE_ACCEPTED_SIMPLE
Ipomopsis rubra (L.) Wherry,Ipomopsis rubra,Ipomopsis rubra (L.) Wherry,Plantae Tracheophyta Magnoliopsida Ericales Polemoniaceae Ipomopsis rubra,EXACT_MATCH_PRIMARY_SOURCE_ACCEPTED_SIMPLE
Iresine P. Br.,Iresine ,Iresine P. Br.,Plantae Tracheophyta Magnoliopsida Caryophyllales Amaranthaceae Iresine,EXACT_MATCH_PRIMARY_SOURCE_MULT_ACCEPTED
Iresine rhizomatosa Standl.,Iresine rhizomatosa,Iresine rhizomatosa Standl.,Plantae Tracheophyta Magnoliopsida Caryophyllales Amaranthaceae Iresine rhizomatosa,EXACT_MATCH_PRIMARY_SOURCE_ACCEPTED_SIMPLE
Iris cristata Aiton,Iris cristata,Iris cristata Aiton,Plantae Tracheophyta Liliopsida Asparagales Iridaceae Iris cristata,EXACT_MATCH_PRIMARY_SOURCE_ACCEPTED_SIMPLE
Iris germanica L.,Iris germanica,Iris germanica L.,Plantae Tracheophyta Liliopsida Asparagales Iridaceae Iris germanica,EXACT_MATCH_PRIMARY_SOURCE_MULT_ACCEPTED
Iris prismatica Pursh ex Ker Gawl.,Iris prismatica,Iris prismatica Pursh ex Ker Gawl.,Plantae Tracheophyta Liliopsida Asparagales Iridaceae Iris prismatica,EXACT_MATCH_PRIMARY_SOURCE_MULT_ACCEPTED
Iris pseudacorus L.,Iris pseudacorus,Iris pseudacorus L.,Plantae Tracheophyta Liliopsida Asparagales Iridaceae Iris pseudacorus,EXACT_MATCH_PRIMARY_SOURCE_ACCEPTED_SIMPLE
Iris verna L.,Iris verna,Iris verna L.,Plantae Tracheophyta Liliopsida Asparagales Iridaceae Iris verna,EXACT_MATCH_PRIMARY_SOURCE_ACCEPTED_AMONG_SYNONYMS_SIMPLE
Iris versicolor L.,Iris versicolor,Iris versicolor L.,Plantae Tracheophyta Liliopsida Asparagales Iridaceae Iris versicolor,EXACT_MATCH_PRIMARY_SOURCE_ACCEPTED_AMONG_SYNONYMS_SIMPLE
Iris virginica L.,Iris virginica,Iris virginica L.,Plantae Tracheophyta Liliopsida Asparagales Iridaceae Iris virginica,EXACT_MATCH_PRIMARY_SOURCE_ACCEPTED_AUTHOR_DISAMBIGUATION
Isatis L.,Isatis ,Isatis L.,Plantae Tracheophyta Magnoliopsida Brassicales Brassicaceae Isatis,MULTI_EXACT_MATCH_PRIMARY_SOURCE_ACCEPTED_HOMONYM
Isatis tinctoria L.,Isatis tinctoria,Isatis tinctoria L.,Plantae Tracheophyta Magnoliopsida Brassicales Brassicaceae Isatis tinctoria,EXACT_MATCH_PRIMARY_SOURCE_ACCEPTED_SIMPLE
Isoetes L.,Isoetes ,Isoetes L.,Plantae Tracheophyta Lycopodiopsida Isoetales Isoetaceae Isoetes,EXACT_MATCH_PRIMARY_SOURCE_ACCEPTED_AUTHOR_DISAMBIGUATION
Isoetes acadiensis Kott,Isoetes tuckermanii,Isoetes acadiensis Kott,Plantae Tracheophyta Lycopodiopsida Isoetales Isoetaceae Isoetes tuckermanii,EXACT_MATCH_PRIMARY_SOURCE_SYNONYM_SIMPLE
Isoetes appalachiana D.F. Brunton & D.M. Britton,Isoetes appalachiana,Isoetes appalachiana D.F. Brunton & D.M. Britton,Plantae Tracheophyta Lycopodiopsida Isoetales Isoetaceae Isoetes appalachiana,EXACT_MATCH_PRIMARY_SOURCE_ACCEPTED_SIMPLE
Isoetes engelmannii A. Braun,Isoetes engelmannii,Isoetes engelmannii A. Braun,Plantae Tracheophyta Lycopodiopsida Isoetales Isoetaceae Isoetes engelmannii,EXACT_MATCH_PRIMARY_SOURCE_ACCEPTED_SIMPLE
Isoetes hyemalis D.F. Brunton,Isoetes hyemalis,Isoetes hyemalis D.F. Brunton,Plantae Tracheophyta Lycopodiopsida Isoetales Isoetaceae Isoetes hyemalis,EXACT_MATCH_PRIMARY_SOURCE_ACCEPTED_SIMPLE
Isoetes lacustris L.,Isoetes lacustris,Isoetes lacustris L.,Plantae Tracheophyta Lycopodiopsida Isoetales Isoetaceae Isoetes lacustris,EXACT_MATCH_PRIMARY_SOURCE_ACCEPTED_AUTHOR_DISAMBIGUATION
Isoetes mattaponica L.J. Musselman,Isoetes mattaponica,Isoetes mattaponica L.J. Musselman,Plantae Tracheophyta Lycopodiopsida Isoetales Isoetaceae Isoetes mattaponica,EXACT_MATCH_PRIMARY_SOURCE_ACCEPTED_SIMPLE
Isoetes melanopoda Gay & Durieu ex Durieu,Isoetes melanopoda,Isoetes melanopoda Gay & Durieu ex Durieu,Plantae Tracheophyta Lycopodiopsida Isoetales Isoetaceae Isoetes melanopoda,EXACT_MATCH_PRIMARY_SOURCE_ACCEPTED_SIMPLE
Isoetes piedmontana (N.E. Pfeiffer) C.F. Reed,Isoetes virginica,Isoetes piedmontana (N.E. Pfeiffer) C.F. Reed,Plantae Tracheophyta Lycopodiopsida Isoetales Isoetaceae Isoetes virginica,EXACT_MATCH_PRIMARY_SOURCE_SYNONYM_SIMPLE
Isoetes riparia Engelm. ex A. Braun,Isoetes riparia,Isoetes riparia Engelm. ex A. Braun,Plantae Tracheophyta Lycopodiopsida Isoetales Isoetaceae Isoetes riparia,EXACT_MATCH_PRIMARY_SOURCE_ACCEPTED_AMONG_SYNONYMS_SIMPLE
Isoetes saccharata Engelm.,Isoetes saccharata,Isoetes saccharata Engelm.,Plantae Tracheophyta Lycopodiopsida Isoetales Isoetaceae Isoetes saccharata,EXACT_MATCH_PRIMARY_SOURCE_ACCEPTED_SIMPLE
Isoetes valida (Engelm.) Clute,Isoetes valida,Isoetes valida (Engelm.) Clute,Plantae Tracheophyta Lycopodiopsida Isoetales Isoetaceae Isoetes valida,EXACT_MATCH_PRIMARY_SOURCE_ACCEPTED_SIMPLE
Isoetes ×altonharvillii L.J. Musselman & R.D. Bray [engelmannii × vallida],Isoetes altonharvillii,Isoetes ×altonharvillii L.J. Musselman & R.D. Bray [engelmannii × vallida],Plantae Tracheophyta Lycopodiopsida Isoetales Isoetaceae Isoetes altonharvillii,EXACT_MATCH_PRIMARY_SOURCE_ACCEPTED_SIMPLE
Isoetes ×brittonii Brunton & W.C. Taylor [engelmannii × riparia],Isoetes brittonii,Isoetes ×brittonii Brunton & W.C. Taylor [engelmannii × riparia],Plantae Tracheophyta Lycopodiopsida Isoetales Isoetaceae Isoetes brittonii,EXACT_MATCH_PRIMARY_SOURCE_ACCEPTED_SIMPLE
Isoetes ×bruntonii D.A. Knepper & L.J. Musselman [engelmannii × hyemalis],Isoetes bruntonii,Isoetes ×bruntonii D.A. Knepper & L.J. Musselman [engelmannii × hyemalis],Plantae Tracheophyta Lycopodiopsida Isoetales Isoetaceae Isoetes bruntonii,EXACT_MATCH_PRIMARY_SOURCE_ACCEPTED_SIMPLE
Isoetes ×carltaylorii Musselman [acadiensis × engelmannii],Isoetes carltaylori,Isoetes ×carltaylorii Musselman [acadiensis × engelmannii],Plantae Tracheophyta Lycopodiopsida Isoetales Isoetaceae Isoetes carltaylori,FUZZY_MATCH_PRIMARY_SOURCE_ACCEPTED
Isolepis R. Br.,Isolepis ,Isolepis R. Br.,Plantae Tracheophyta Liliopsida Poales Cyperaceae Isolepis,EXACT_MATCH_PRIMARY_SOURCE_ACCEPTED_SIMPLE
Isolepis hystrix (Thunb.) Nees,Isolepis hystrix,Isolepis hystrix (Thunb.) Nees,Plantae Tracheophyta Liliopsida Poales Cyperaceae Isolepis hystrix,EXACT_MATCH_PRIMARY_SOURCE_ACCEPTED_AUTHOR_DISAMBIGUATION
Isotria Raf.,Isotria ,Isotria Raf.,Plantae Tracheophyta Liliopsida Asparagales Orchidaceae Isotria,EXACT_MATCH_PRIMARY_SOURCE_ACCEPTED_SIMPLE
Isotria medeoloides (Pursh) Raf.,Isotria medeoloides,Isotria medeoloides (Pursh) Raf.,Plantae Tracheophyta Liliopsida Asparagales Orchidaceae Isotria medeoloides,EXACT_MATCH_PRIMARY_SOURCE_ACCEPTED_SIMPLE
Isotria verticillata Raf.,Isotria verticillata,Isotria verticillata Raf.,Plantae Tracheophyta Liliopsida Asparagales Orchidaceae Isotria verticillata,EXACT_MATCH_PRIMARY_SOURCE_ACCEPTED_SIMPLE
Itea L.,Itea ,Itea L.,Plantae Tracheophyta Magnoliopsida Saxifragales Iteaceae Itea,EXACT_MATCH_PRIMARY_SOURCE_ACCEPTED_AUTHOR_DISAMBIGUATION
Itea virginica L.,Itea virginica,Itea virginica L.,Plantae Tracheophyta Magnoliopsida Saxifragales Iteaceae Itea virginica,EXACT_MATCH_PRIMARY_SOURCE_ACCEPTED_SIMPLE
Iva L.,Iva ,Iva L.,Plantae Tracheophyta Magnoliopsida Asterales Asteraceae Iva,EXACT_MATCH_PRIMARY_SOURCE_ACCEPTED_AUTHOR_DISAMBIGUATION
Iva annua L.,Iva annua,Iva annua L.,Plantae Tracheophyta Magnoliopsida Asterales Asteraceae Iva annua,EXACT_MATCH_PRIMARY_SOURCE_ACCEPTED_AUTHOR_DISAMBIGUATION
Iva frutescens L.,Iva frutescens,Iva frutescens L.,Plantae Tracheophyta Magnoliopsida Asterales Asteraceae Iva frutescens,EXACT_MATCH_PRIMARY_SOURCE_ACCEPTED_SIMPLE
Iva imbricata Walter,Iva imbricata,Iva imbricata Walter,Plantae Tracheophyta Magnoliopsida Asterales Asteraceae Iva imbricata,EXACT_MATCH_PRIMARY_SOURCE_ACCEPTED_SIMPLE
Jacquemontia Choisy,Jacquemontia ,Jacquemontia Choisy,Plantae Tracheophyta Magnoliopsida Solanales Convolvulaceae Jacquemontia,EXACT_MATCH_PRIMARY_SOURCE_ACCEPTED_AMONG_SYNONYMS_SIMPLE
Jacquemontia tamnifolia (L.) Griseb.,Jacquemontia tamnifolia,Jacquemontia tamnifolia (L.) Griseb.,Plantae Tracheophyta Magnoliopsida Solanales Convolvulaceae Jacquemontia tamnifolia,EXACT_MATCH_PRIMARY_SOURCE_ACCEPTED_SIMPLE
Japewiella Printzen,Japewiella ,Japewiella Printzen,Fungi Ascomycota Lecanoromycetes Lecanorales Lecanoraceae Japewiella,EXACT_MATCH_PRIMARY_SOURCE_ACCEPTED_SIMPLE
Japewiella dollypartoniana J.L. Allen & Lendemer,Japewiella dollypartoniana,Japewiella dollypartoniana J.L. Allen & Lendemer,Fungi Ascomycota Lecanoromycetes Lecanorales Lecanoraceae Japewiella dollypartoniana,EXACT_MATCH_PRIMARY_SOURCE_ACCEPTED_SIMPLE
Jeffersonia W. Bartram,Jeffersonia ,Jeffersonia W. Bartram,Plantae Tracheophyta Magnoliopsida Ranunculales Berberidaceae Jeffersonia,MULTI_EXACT_MATCH_PRIMARY_SOURCE_ACCEPTED_HOMONYM
Jeffersonia diphylla (L.) Pers.,Jeffersonia diphylla,Jeffersonia diphylla (L.) Pers.,Plantae Tracheophyta Magnoliopsida Ranunculales Berberidaceae Jeffersonia diphylla,EXACT_MATCH_PRIMARY_SOURCE_ACCEPTED_SIMPLE
Juglans L.,Juglans ,Juglans L.,Plantae Tracheophyta Magnoliopsida Fagales Juglandaceae Juglans,EXACT_MATCH_PRIMARY_SOURCE_ACCEPTED_SIMPLE
Juglans cinerea L.,Juglans cinerea,Juglans cinerea L.,Plantae Tracheophyta Magnoliopsida Fagales Juglandaceae Juglans cinerea,EXACT_MATCH_PRIMARY_SOURCE_ACCEPTED_SIMPLE
Juglans nigra L.,Juglans nigra,Juglans nigra L.,Plantae Tracheophyta Magnoliopsida Fagales Juglandaceae Juglans nigra,EXACT_MATCH_PRIMARY_SOURCE_ACCEPTED_AMONG_SYNONYMS_SIMPLE
Juglans ×intermedia Carrière [nigra × regia],Juglans intermedia,Juglans ×intermedia Carrière [nigra × regia],Plantae Tracheophyta Magnoliopsida Fagales Juglandaceae Juglans intermedia,EXACT_MATCH_PRIMARY_SOURCE_ACCEPTED_AMONG_SYNONYMS_SIMPLE
Juncus L.,Juncus ,Juncus L.,Plantae Tracheophyta Liliopsida Poales Juncaceae Juncus,EXACT_MATCH_PRIMARY_SOURCE_ACCEPTED_AUTHOR_DISAMBIGUATION
Juncus abortivus Chapm.,Juncus abortivus,Juncus abortivus Chapm.,Plantae Tracheophyta Liliopsida Poales Juncaceae Juncus abortivus,EXACT_MATCH_PRIMARY_SOURCE_ACCEPTED_SIMPLE
Juncus acuminatus Michx.,Juncus acuminatus,Juncus acuminatus Michx.,Plantae Tracheophyta Liliopsida Poales Juncaceae Juncus acuminatus,EXACT_MATCH_PRIMARY_SOURCE_ACCEPTED_AUTHOR_DISAMBIGUATION
Juncus arcticus Willd.,Juncus arcticus,Juncus arcticus Willd.,Plantae Tracheophyta Liliopsida Poales Juncaceae Juncus arcticus,EXACT_MATCH_PRIMARY_SOURCE_ACCEPTED_AUTHOR_DISAMBIGUATION
Juncus arcticus Willd. ssp. littoralis (Engelm.) Hultén,Juncus balticus,Juncus arcticus Willd. ssp. littoralis (Engelm.) Hultén,Plantae Tracheophyta Liliopsida Poales Juncaceae Juncus balticus,MULTI_EXACT_MATCH_PRIMARY_SOURCE_SYNONYMS_INFRASPECIFIC_SCORE
Juncus articulatus L.,Juncus articulatus,Juncus articulatus L.,Plantae Tracheophyta Liliopsida Poales Juncaceae Juncus articulatus,EXACT_MATCH_PRIMARY_SOURCE_ACCEPTED_AMONG_SYNONYMS_SIMPLE
Juncus biflorus Elliott,Juncus biflorus,Juncus biflorus Elliott,Plantae Tracheophyta Liliopsida Poales Juncaceae Juncus biflorus,EXACT_MATCH_PRIMARY_SOURCE_ACCEPTED_AMONG_SYNONYMS_SIMPLE
Juncus brachycarpus Engelm.,Juncus brachycarpus,Juncus brachycarpus Engelm.,Plantae Tracheophyta Liliopsida Poales Juncaceae Juncus brachycarpus,EXACT_MATCH_PRIMARY_SOURCE_ACCEPTED_SIMPLE
Juncus brachycephalus (Engelm.) Buchenau,Juncus brachycephalus,Juncus brachycephalus (Engelm.) Buchenau,Plantae Tracheophyta Liliopsida Poales Juncaceae Juncus brachycephalus,EXACT_MATCH_PRIMARY_SOURCE_ACCEPTED_SIMPLE
Juncus brevicaudatus (Engelm.) Fernald,Juncus brevicaudatus,Juncus brevicaudatus (Engelm.) Fernald,Plantae Tracheophyta Liliopsida Poales Juncaceae Juncus brevicaudatus,EXACT_MATCH_PRIMARY_SOURCE_ACCEPTED_SIMPLE
Juncus bufonius L.,Juncus bufonius,Juncus bufonius L.,Plantae Tracheophyta Liliopsida Poales Juncaceae Juncus bufonius,EXACT_MATCH_PRIMARY_SOURCE_ACCEPTED_AMONG_SYNONYMS_SIMPLE
Juncus caesariensis Coville,Juncus caesariensis,Juncus caesariensis Coville,Plantae Tracheophyta Liliopsida Poales Juncaceae Juncus caesariensis,EXACT_MATCH_PRIMARY_SOURCE_ACCEPTED_SIMPLE
Juncus canadensis J. Gay ex Laharpe,Juncus canadensis,Juncus canadensis J. Gay ex Laharpe,Plantae Tracheophyta Liliopsida Poales Juncaceae Juncus canadensis,EXACT_MATCH_PRIMARY_SOURCE_MULT_ACCEPTED
Juncus coriaceus Mack.,Juncus coriaceus,Juncus coriaceus Mack.,Plantae Tracheophyta Liliopsida Poales Juncaceae Juncus coriaceus,EXACT_MATCH_PRIMARY_SOURCE_ACCEPTED_SIMPLE
Juncus debilis A. Gray,Juncus debilis,Juncus debilis A. Gray,Plantae Tracheophyta Liliopsida Poales Juncaceae Juncus debilis,EXACT_MATCH_PRIMARY_SOURCE_ACCEPTED_SIMPLE
Juncus dichotomus Elliott,Juncus dichotomus,Juncus dichotomus Elliott,Plantae Tracheophyta Liliopsida Poales Juncaceae Juncus dichotomus,EXACT_MATCH_PRIMARY_SOURCE_ACCEPTED_AUTHOR_DISAMBIGUATION
Juncus diffusissimus Buckley,Juncus diffusissimus,Juncus diffusissimus Buckley,Plantae Tracheophyta Liliopsida Poales Juncaceae Juncus diffusissimus,EXACT_MATCH_PRIMARY_SOURCE_ACCEPTED_SIMPLE
Juncus dudleyi Wiegand,Juncus dudleyi,Juncus dudleyi Wiegand,Plantae Tracheophyta Liliopsida Poales Juncaceae Juncus dudleyi,EXACT_MATCH_PRIMARY_SOURCE_ACCEPTED_SIMPLE
Juncus effusus L.,Juncus effusus,Juncus effusus L.,Plantae Tracheophyta Liliopsida Poales Juncaceae Juncus effusus,EXACT_MATCH_PRIMARY_SOURCE_ACCEPTED_AUTHOR_DISAMBIGUATION
Juncus effusus L. var. conglomeratus (L.) Engelm.,Juncus conglomeratus,Juncus effusus L. var. conglomeratus (L.) Engelm.,Plantae Tracheophyta Liliopsida Poales Juncaceae Juncus conglomeratus,MULTI_EXACT_MATCH_PRIMARY_SOURCE_SYNONYMS_INFRASPECIFIC_SCORE
Juncus elliottii Chapm.,Juncus elliottii,Juncus elliottii Chapm.,Plantae Tracheophyta Liliopsida Poales Juncaceae Juncus elliottii,EXACT_MATCH_PRIMARY_SOURCE_ACCEPTED_SIMPLE
Juncus gerardii Loisel.,Juncus gerardi,Juncus gerardii Loisel.,Plantae Tracheophyta Liliopsida Poales Juncaceae Juncus gerardi,FUZZY_MATCH_PRIMARY_SOURCE_ACCEPTED
Juncus gymnocarpus Coville,Juncus gymnocarpus,Juncus gymnocarpus Coville,Plantae Tracheophyta Liliopsida Poales Juncaceae Juncus gymnocarpus,EXACT_MATCH_PRIMARY_SOURCE_ACCEPTED_SIMPLE
Juncus inflexus L.,Juncus inflexus,Juncus inflexus L.,Plantae Tracheophyta Liliopsida Poales Juncaceae Juncus inflexus,EXACT_MATCH_PRIMARY_SOURCE_ACCEPTED_AUTHOR_DISAMBIGUATION
Juncus interior Wiegand,Juncus interior,Juncus interior Wiegand,Plantae Tracheophyta Liliopsida Poales Juncaceae Juncus interior,EXACT_MATCH_PRIMARY_SOURCE_ACCEPTED_SIMPLE
Juncus longii Fernald,Juncus longii,Juncus longii Fernald,Plantae Tracheophyta Liliopsida Poales Juncaceae Juncus longii,EXACT_MATCH_PRIMARY_SOURCE_ACCEPTED_SIMPLE
Juncus marginatus Rostk.,Juncus marginatus,Juncus marginatus Rostk.,Plantae Tracheophyta Liliopsida Poales Juncaceae Juncus marginatus,EXACT_MATCH_PRIMARY_SOURCE_ACCEPTED_SIMPLE
Juncus megacephalus M.A. Curtis,Juncus megacephalus,Juncus megacephalus M.A. Curtis,Plantae Tracheophyta Liliopsida Poales Juncaceae Juncus megacephalus,EXACT_MATCH_PRIMARY_SOURCE_ACCEPTED_AMONG_SYNONYMS_SIMPLE
Juncus nodosus L.,Juncus nodosus,Juncus nodosus L.,Plantae Tracheophyta Liliopsida Poales Juncaceae Juncus nodosus,EXACT_MATCH_PRIMARY_SOURCE_ACCEPTED_AUTHOR_DISAMBIGUATION
Juncus pelocarpus E. Mey.,Juncus pelocarpus,Juncus pelocarpus E. Mey.,Plantae Tracheophyta Liliopsida Poales Juncaceae Juncus pelocarpus,EXACT_MATCH_PRIMARY_SOURCE_MULT_ACCEPTED
Juncus repens Michx.,Juncus repens,Juncus repens Michx.,Plantae Tracheophyta Liliopsida Poales Juncaceae Juncus repens,EXACT_MATCH_PRIMARY_SOURCE_ACCEPTED_AUTHOR_DISAMBIGUATION
Juncus roemerianus Scheele,Juncus roemerianus,Juncus roemerianus Scheele,Plantae Tracheophyta Liliopsida Poales Juncaceae Juncus roemerianus,EXACT_MATCH_PRIMARY_SOURCE_ACCEPTED_SIMPLE
Juncus scirpoides Lam.,Juncus scirpoides,Juncus scirpoides Lam.,Plantae Tracheophyta Liliopsida Poales Juncaceae Juncus scirpoides,EXACT_MATCH_PRIMARY_SOURCE_ACCEPTED_SIMPLE
Juncus secundus P. Beauv. ex Poir.,Juncus secundus,Juncus secundus P. Beauv. ex Poir.,Plantae Tracheophyta Liliopsida Poales Juncaceae Juncus secundus,EXACT_MATCH_PRIMARY_SOURCE_ACCEPTED_AMONG_SYNONYMS_SIMPLE
Juncus subcaudatus (Engelm.) Coville & S.F. Blake,Juncus subcaudatus,Juncus subcaudatus (Engelm.) Coville & S.F. Blake,Plantae Tracheophyta Liliopsida Poales Juncaceae Juncus subcaudatus,EXACT_MATCH_PRIMARY_SOURCE_ACCEPTED_SIMPLE
Juncus tenuis Willd.,Juncus tenuis,Juncus tenuis Willd.,Plantae Tracheophyta Liliopsida Poales Juncaceae Juncus tenuis,EXACT_MATCH_PRIMARY_SOURCE_ACCEPTED_AUTHOR_DISAMBIGUATION
Juncus torreyi Coville,Juncus torreyi,Juncus torreyi Coville,Plantae Tracheophyta Liliopsida Poales Juncaceae Juncus torreyi,EXACT_MATCH_PRIMARY_SOURCE_ACCEPTED_SIMPLE
Juncus trifidus L.,Oreojuncus trifidus,Juncus trifidus L.,Plantae Tracheophyta Liliopsida Poales Juncaceae Oreojuncus trifidus,EXACT_MATCH_PRIMARY_SOURCE_SYNONYM_SIMPLE
Juncus validus Coville,Juncus validus,Juncus validus Coville,Plantae Tracheophyta Liliopsida Poales Juncaceae Juncus validus,EXACT_MATCH_PRIMARY_SOURCE_ACCEPTED_SIMPLE
Juniperus L.,Juniperus ,Juniperus L.,Plantae Tracheophyta Pinopsida Pinales Cupressaceae Juniperus,EXACT_MATCH_PRIMARY_SOURCE_ACCEPTED_SIMPLE
Juniperus communis L.,Juniperus communis,Juniperus communis L.,Plantae Tracheophyta Pinopsida Pinales Cupressaceae Juniperus communis,EXACT_MATCH_PRIMARY_SOURCE_ACCEPTED_AMONG_SYNONYMS_SIMPLE
Juniperus virginiana L.,Juniperus virginiana,Juniperus virginiana L.,Plantae Tracheophyta Pinopsida Pinales Cupressaceae Juniperus virginiana,EXACT_MATCH_PRIMARY_SOURCE_ACCEPTED_AUTHOR_DISAMBIGUATION
Justicia L.,Justicia ,Justicia L.,Plantae Tracheophyta Magnoliopsida Lamiales Acanthaceae Justicia,EXACT_MATCH_PRIMARY_SOURCE_ACCEPTED_AUTHOR_DISAMBIGUATION
Justicia americana (L.) Vahl,Dianthera americana,Justicia americana (L.) Vahl,Plantae Tracheophyta Magnoliopsida Lamiales Acanthaceae Dianthera americana,EXACT_MATCH_PRIMARY_SOURCE_SYNONYM_SIMPLE
Kalmia L.,Kalmia ,Kalmia L.,Plantae Tracheophyta Magnoliopsida Ericales Ericaceae Kalmia,EXACT_MATCH_PRIMARY_SOURCE_ACCEPTED_SIMPLE
Kalmia angustifolia L.,Kalmia angustifolia,Kalmia angustifolia L.,Plantae Tracheophyta Magnoliopsida Ericales Ericaceae Kalmia angustifolia,EXACT_MATCH_PRIMARY_SOURCE_ACCEPTED_SIMPLE
Kalmia latifolia L.,Kalmia latifolia,Kalmia latifolia L.,Plantae Tracheophyta Magnoliopsida Ericales Ericaceae Kalmia latifolia,EXACT_MATCH_PRIMARY_SOURCE_ACCEPTED_SIMPLE
Kalopanax Miq.,Kalopanax ,Kalopanax Miq.,Plantae Tracheophyta Magnoliopsida Apiales Araliaceae Kalopanax,EXACT_MATCH_PRIMARY_SOURCE_ACCEPTED_SIMPLE
Kalopanax septemlobus (Thunb.) Koidz,Kalopanax septemlobus,Kalopanax septemlobus (Thunb.) Koidz,Plantae Tracheophyta Magnoliopsida Apiales Araliaceae Kalopanax septemlobus,EXACT_MATCH_PRIMARY_SOURCE_ACCEPTED_SIMPLE
Kerria DC.,Kerria ,Kerria DC.,Plantae Tracheophyta Magnoliopsida Rosales Rosaceae Kerria,EXACT_MATCH_PRIMARY_SOURCE_ACCEPTED_AUTHOR_DISAMBIGUATION
Kerria japonica (L.) DC.,Kerria japonica,Kerria japonica (L.) DC.,Plantae Tracheophyta Magnoliopsida Rosales Rosaceae Kerria japonica,EXACT_MATCH_PRIMARY_SOURCE_ACCEPTED_SIMPLE
Kickxia Dumort.,Kickxia ,Kickxia Dumort.,Plantae Tracheophyta Magnoliopsida Lamiales Plantaginaceae Kickxia,EXACT_MATCH_PRIMARY_SOURCE_ACCEPTED_AUTHOR_DISAMBIGUATION
Kickxia elatine (L.) Dumort.,Kickxia elatine,Kickxia elatine (L.) Dumort.,Plantae Tracheophyta Magnoliopsida Lamiales Plantaginaceae Kickxia elatine,EXACT_MATCH_PRIMARY_SOURCE_ACCEPTED_SIMPLE
Koelreuteria Laxm.,Koelreuteria ,Koelreuteria Laxm.,Plantae Tracheophyta Magnoliopsida Sapindales Sapindaceae Koelreuteria,EXACT_MATCH_PRIMARY_SOURCE_ACCEPTED_AMONG_SYNONYMS_SIMPLE
Koelreuteria paniculata Laxm.,Koelreuteria paniculata,Koelreuteria paniculata Laxm.,Plantae Tracheophyta Magnoliopsida Sapindales Sapindaceae Koelreuteria paniculata,EXACT_MATCH_PRIMARY_SOURCE_ACCEPTED_AUTHOR_DISAMBIGUATION
Kosteletzkya C. Presl,Kosteletzkya ,Kosteletzkya C. Presl,Plantae Tracheophyta Magnoliopsida Malvales Malvaceae Kosteletzkya,EXACT_MATCH_PRIMARY_SOURCE_MULT_ACCEPTED
Kosteletzkya virginica (L.) C. Presl ex A. Gray,Kosteletzkya pentacarpos,Kosteletzkya virginica (L.) C. Presl ex A. Gray,Plantae Tracheophyta Magnoliopsida Malvales Malvaceae Kosteletzkya pentacarpos,MULTI_EXACT_MATCH_PRIMARY_SOURCE_SYNONYMS_INFRASPECIFIC_SCORE
Krigia Schreb.,Krigia ,Krigia Schreb.,Plantae Tracheophyta Magnoliopsida Asterales Asteraceae Krigia,EXACT_MATCH_PRIMARY_SOURCE_ACCEPTED_SIMPLE
Krigia biflora (Walter) S.F. Blake,Krigia biflora,Krigia biflora (Walter) S.F. Blake,Plantae Tracheophyta Magnoliopsida Asterales Asteraceae Krigia biflora,EXACT_MATCH_PRIMARY_SOURCE_ACCEPTED_SIMPLE
Krigia caespitosa (Raf.) K.L. Chambers,Krigia caespitosa,Krigia caespitosa (Raf.) K.L. Chambers,Plantae Tracheophyta Magnoliopsida Asterales Asteraceae Krigia caespitosa,EXACT_MATCH_PRIMARY_SOURCE_ACCEPTED_SIMPLE
Krigia dandelion (L.) Nutt.,Krigia dandelion,Krigia dandelion (L.) Nutt.,Plantae Tracheophyta Magnoliopsida Asterales Asteraceae Krigia dandelion,EXACT_MATCH_PRIMARY_SOURCE_ACCEPTED_SIMPLE
Krigia virginica (L.) Willd.,Krigia virginica,Krigia virginica (L.) Willd.,Plantae Tracheophyta Magnoliopsida Asterales Asteraceae Krigia virginica,EXACT_MATCH_PRIMARY_SOURCE_ACCEPTED_AMONG_SYNONYMS_SIMPLE
Kummerowia Schindl.,Kummerowia ,Kummerowia Schindl.,Plantae Tracheophyta Magnoliopsida Fabales Fabaceae Kummerowia,EXACT_MATCH_PRIMARY_SOURCE_ACCEPTED_AUTHOR_DISAMBIGUATION
Kummerowia stipulacea (Maxim.) Makino,Kummerowia stipulacea,Kummerowia stipulacea (Maxim.) Makino,Plantae Tracheophyta Magnoliopsida Fabales Fabaceae Kummerowia stipulacea,EXACT_MATCH_PRIMARY_SOURCE_ACCEPTED_SIMPLE
Kummerowia striata (Thunb.) Schindl.,Kummerowia striata,Kummerowia striata (Thunb.) Schindl.,Plantae Tracheophyta Magnoliopsida Fabales Fabaceae Kummerowia striata,EXACT_MATCH_PRIMARY_SOURCE_ACCEPTED_SIMPLE
Kyllinga brevifolia Rottb.,Cyperus brevifolia,Kyllinga brevifolia Rottb.,Plantae Tracheophyta Liliopsida Poales Cyperaceae Cyperus brevifolia,EXACT_MATCH_PRIMARY_SOURCE_ACCEPTED_AMONG_SYNONYMS_SIMPLE
Kyllinga gracillima Miq.,Cyperus brevifolioides,Kyllinga gracillima Miq.,Plantae Tracheophyta Liliopsida Poales Cyperaceae Cyperus brevifolioides,EXACT_MATCH_PRIMARY_SOURCE_SYNONYM_SIMPLE
Lablab Adans.,Lablab ,Lablab Adans.,Plantae Tracheophyta Magnoliopsida Fabales Fabaceae Lablab,EXACT_MATCH_PRIMARY_SOURCE_ACCEPTED_SIMPLE
Lablab purpureus (L.) Sweet,Lablab purpureus,Lablab purpureus (L.) Sweet,Plantae Tracheophyta Magnoliopsida Fabales Fabaceae Lablab purpureus,EXACT_MATCH_PRIMARY_SOURCE_ACCEPTED_SIMPLE
Lachnanthes Elliott,Lachnanthes ,Lachnanthes Elliott,Plantae Tracheophyta Liliopsida Commelinales Haemodoraceae Lachnanthes,EXACT_MATCH_PRIMARY_SOURCE_ACCEPTED_SIMPLE
Lachnanthes caroliana (Lam.) Dandy,Lachnanthes caroliana,Lachnanthes caroliana (Lam.) Dandy,Plantae Tracheophyta Liliopsida Commelinales Haemodoraceae Lachnanthes caroliana,EXACT_MATCH_PRIMARY_SOURCE_ACCEPTED_SIMPLE
Lachnocaulon anceps (Walter) Morong,Paepalanthus anceps,Lachnocaulon anceps (Walter) Morong,Plantae Tracheophyta Liliopsida Poales Eriocaulaceae Paepalanthus anceps,EXACT_MATCH_PRIMARY_SOURCE_SYNONYM_SIMPLE
Lactuca L.,Lactuca ,Lactuca L.,Plantae Tracheophyta Magnoliopsida Asterales Asteraceae Lactuca,EXACT_MATCH_PRIMARY_SOURCE_ACCEPTED_SIMPLE
Lactuca biennis (Moench) Fernald,Lactuca biennis,Lactuca biennis (Moench) Fernald,Plantae Tracheophyta Magnoliopsida Asterales Asteraceae Lactuca biennis,EXACT_MATCH_PRIMARY_SOURCE_ACCEPTED_SIMPLE
Lactuca canadensis L.,Lactuca canadensis,Lactuca canadensis L.,Plantae Tracheophyta Magnoliopsida Asterales Asteraceae Lactuca canadensis,EXACT_MATCH_PRIMARY_SOURCE_ACCEPTED_AMONG_SYNONYMS_SIMPLE
Lactuca floridana (L.) Gaertn.,Lactuca floridana,Lactuca floridana (L.) Gaertn.,Plantae Tracheophyta Magnoliopsida Asterales Asteraceae Lactuca floridana,EXACT_MATCH_PRIMARY_SOURCE_ACCEPTED_SIMPLE
Lactuca hirsuta Muhl. ex Nutt.,Lactuca hirsuta,Lactuca hirsuta Muhl. ex Nutt.,Plantae Tracheophyta Magnoliopsida Asterales Asteraceae Lactuca hirsuta,EXACT_MATCH_PRIMARY_SOURCE_ACCEPTED_AMONG_SYNONYMS_SIMPLE
Lactuca saligna L.,Lactuca saligna,Lactuca saligna L.,Plantae Tracheophyta Magnoliopsida Asterales Asteraceae Lactuca saligna,EXACT_MATCH_PRIMARY_SOURCE_ACCEPTED_SIMPLE
Lactuca serriola L.,Lactuca serriola,Lactuca serriola L.,Plantae Tracheophyta Magnoliopsida Asterales Asteraceae Lactuca serriola,EXACT_MATCH_PRIMARY_SOURCE_ACCEPTED_SIMPLE
Lactuca ×morssii B.L. Rob. (pro sp.) [biennis × canadensis],Lactuca morssii,Lactuca ×morssii B.L. Rob. (pro sp.) [biennis × canadensis],Plantae Tracheophyta Magnoliopsida Asterales Asteraceae Lactuca morssii,EXACT_MATCH_PRIMARY_SOURCE_ACCEPTED_SIMPLE
Lagenaria Ser.,Lagenaria ,Lagenaria Ser.,Plantae Tracheophyta Magnoliopsida Cucurbitales Cucurbitaceae Lagenaria,EXACT_MATCH_PRIMARY_SOURCE_ACCEPTED_SIMPLE
Lagenaria siceraria (Molina) Standl.,Lagenaria siceraria,Lagenaria siceraria (Molina) Standl.,Plantae Tracheophyta Magnoliopsida Cucurbitales Cucurbitaceae Lagenaria siceraria,EXACT_MATCH_PRIMARY_SOURCE_ACCEPTED_SIMPLE
Lagerstroemia L.,Lagerstroemia ,Lagerstroemia L.,Plantae Tracheophyta Magnoliopsida Myrtales Lythraceae Lagerstroemia,EXACT_MATCH_PRIMARY_SOURCE_ACCEPTED_SIMPLE
Lagerstroemia indica L.,Lagerstroemia indica,Lagerstroemia indica L.,Plantae Tracheophyta Magnoliopsida Myrtales Lythraceae Lagerstroemia indica,EXACT_MATCH_PRIMARY_SOURCE_ACCEPTED_SIMPLE
Lamiastrum Heist. ex Fabr.,Lamium ,Lamiastrum Heist. ex Fabr.,Plantae Tracheophyta Magnoliopsida Lamiales Lamiaceae Lamium,MULTI_EXACT_MATCH_PRIMARY_SOURCE_SYNONYMS_INFRASPECIFIC_SCORE
Lamiastrum galeobdolon (L.) Ehrend. & Polatschek,Lamium galeobdolon,Lamiastrum galeobdolon (L.) Ehrend. & Polatschek,Plantae Tracheophyta Magnoliopsida Lamiales Lamiaceae Lamium galeobdolon,EXACT_MATCH_PRIMARY_SOURCE_SYNONYM_SIMPLE
Lamium album L.,Lamium album,Lamium album L.,Plantae Tracheophyta Magnoliopsida Lamiales Lamiaceae Lamium album,EXACT_MATCH_PRIMARY_SOURCE_ACCEPTED_AMONG_SYNONYMS_SIMPLE
Lamium amplexicaule L.,Lamium amplexicaule,Lamium amplexicaule L.,Plantae Tracheophyta Magnoliopsida Lamiales Lamiaceae Lamium amplexicaule,EXACT_MATCH_PRIMARY_SOURCE_ACCEPTED_SIMPLE
Lamium maculatum L.,Lamium maculatum,Lamium maculatum L.,Plantae Tracheophyta Magnoliopsida Lamiales Lamiaceae Lamium maculatum,EXACT_MATCH_PRIMARY_SOURCE_ACCEPTED_SIMPLE
Lamium purpureum L.,Lamium purpureum,Lamium purpureum L.,Plantae Tracheophyta Magnoliopsida Lamiales Lamiaceae Lamium purpureum,EXACT_MATCH_PRIMARY_SOURCE_ACCEPTED_SIMPLE
Landoltia D.H. Les & D.J. Crawford,Spirodela ,Landoltia D.H. Les & D.J. Crawford,Plantae Tracheophyta Liliopsida Alismatales Araceae Spirodela,EXACT_MATCH_PRIMARY_SOURCE_SYNONYM_SIMPLE
Landoltia punctata (G. Mey.) D.H. Les & D.J. Crawford,Spirodela punctata,Landoltia punctata (G. Mey.) D.H. Les & D.J. Crawford,Plantae Tracheophyta Liliopsida Alismatales Araceae Spirodela punctata,EXACT_MATCH_PRIMARY_SOURCE_SYNONYM_SIMPLE
Laportea Gaudich.,Laportea ,Laportea Gaudich.,Plantae Tracheophyta Magnoliopsida Rosales Urticaceae Laportea,EXACT_MATCH_PRIMARY_SOURCE_ACCEPTED_SIMPLE
Laportea canadensis (L.) Weddell,Laportea canadensis,Laportea canadensis (L.) Weddell,Plantae Tracheophyta Magnoliopsida Rosales Urticaceae Laportea canadensis,EXACT_MATCH_PRIMARY_SOURCE_ACCEPTED_AMONG_SYNONYMS_SIMPLE
Lappula Moench,Lappula ,Lappula Moench,Plantae Tracheophyta Magnoliopsida Boraginales Boraginaceae Lappula,EXACT_MATCH_PRIMARY_SOURCE_ACCEPTED_AUTHOR_DISAMBIGUATION
Lappula squarrosa (Retz.) Dumort.,Lappula squarrosa,Lappula squarrosa (Retz.) Dumort.,Plantae Tracheophyta Magnoliopsida Boraginales Boraginaceae Lappula squarrosa,EXACT_MATCH_PRIMARY_SOURCE_ACCEPTED_AUTHOR_DISAMBIGUATION
Lapsana L.,Lapsana ,Lapsana L.,Plantae Tracheophyta Magnoliopsida Asterales Asteraceae Lapsana,EXACT_MATCH_PRIMARY_SOURCE_ACCEPTED_SIMPLE
Lapsana communis L.,Lapsana communis,Lapsana communis L.,Plantae Tracheophyta Magnoliopsida Asterales Asteraceae Lapsana communis,EXACT_MATCH_PRIMARY_SOURCE_ACCEPTED_SIMPLE
Larix Mill.,Larix ,Larix Mill.,Plantae Tracheophyta Pinopsida Pinales Pinaceae Larix,EXACT_MATCH_PRIMARY_SOURCE_ACCEPTED_AMONG_SYNONYMS_SIMPLE
Larix decidua Mill.,Larix decidua,Larix decidua Mill.,Plantae Tracheophyta Pinopsida Pinales Pinaceae Larix decidua,EXACT_MATCH_PRIMARY_SOURCE_ACCEPTED_SIMPLE
Lathyrus L.,Lathyrus ,Lathyrus L.,Plantae Tracheophyta Magnoliopsida Fabales Fabaceae Lathyrus,EXACT_MATCH_PRIMARY_SOURCE_ACCEPTED_AMONG_SYNONYMS_SIMPLE
Lathyrus hirsutus L.,Lathyrus hirsutus,Lathyrus hirsutus L.,Plantae Tracheophyta Magnoliopsida Fabales Fabaceae Lathyrus hirsutus,EXACT_MATCH_PRIMARY_SOURCE_ACCEPTED_SIMPLE
Lathyrus latifolius L.,Lathyrus latifolius,Lathyrus latifolius L.,Plantae Tracheophyta Magnoliopsida Fabales Fabaceae Lathyrus latifolius,EXACT_MATCH_PRIMARY_SOURCE_ACCEPTED_AUTHOR_DISAMBIGUATION
Lathyrus odoratus L.,Lathyrus odoratus,Lathyrus odoratus L.,Plantae Tracheophyta Magnoliopsida Fabales Fabaceae Lathyrus odoratus,EXACT_MATCH_PRIMARY_SOURCE_ACCEPTED_SIMPLE
Lathyrus palustris L.,Lathyrus palustris,Lathyrus palustris L.,Plantae Tracheophyta Magnoliopsida Fabales Fabaceae Lathyrus palustris,EXACT_MATCH_PRIMARY_SOURCE_ACCEPTED_AMONG_SYNONYMS_SIMPLE
Lathyrus pratensis L.,Lathyrus pratensis,Lathyrus pratensis L.,Plantae Tracheophyta Magnoliopsida Fabales Fabaceae Lathyrus pratensis,EXACT_MATCH_PRIMARY_SOURCE_ACCEPTED_SIMPLE
Lathyrus pusillus Elliott,Lathyrus pusillus,Lathyrus pusillus Elliott,Plantae Tracheophyta Magnoliopsida Fabales Fabaceae Lathyrus pusillus,EXACT_MATCH_PRIMARY_SOURCE_ACCEPTED_SIMPLE
Lathyrus sylvestris L.,Lathyrus sylvestris,Lathyrus sylvestris L.,Plantae Tracheophyta Magnoliopsida Fabales Fabaceae Lathyrus sylvestris,EXACT_MATCH_PRIMARY_SOURCE_ACCEPTED_SIMPLE
Lathyrus venosus Muhl. ex Willd.,Lathyrus venosus,Lathyrus venosus Muhl. ex Willd.,Plantae Tracheophyta Magnoliopsida Fabales Fabaceae Lathyrus venosus,EXACT_MATCH_PRIMARY_SOURCE_ACCEPTED_AMONG_SYNONYMS_SIMPLE
Leavenworthia Torr.,Leavenworthia ,Leavenworthia Torr.,Plantae Tracheophyta Magnoliopsida Brassicales Brassicaceae Leavenworthia,EXACT_MATCH_PRIMARY_SOURCE_ACCEPTED_SIMPLE
Leavenworthia uniflora (Michx.) Britton,Leavenworthia uniflora,Leavenworthia uniflora (Michx.) Britton,Plantae Tracheophyta Magnoliopsida Brassicales Brassicaceae Leavenworthia uniflora,EXACT_MATCH_PRIMARY_SOURCE_ACCEPTED_SIMPLE
Lecanora Ach.,Lecanora ,Lecanora Ach.,Fungi Ascomycota Lecanoromycetes Lecanorales Lecanoraceae Lecanora,EXACT_MATCH_PRIMARY_SOURCE_ACCEPTED_SIMPLE
Lechea L.,Lechea ,Lechea L.,Plantae Tracheophyta Magnoliopsida Malvales Cistaceae Lechea,EXACT_MATCH_PRIMARY_SOURCE_MULT_ACCEPTED
Lechea intermedia Leggett ex Britton,Lechea intermedia,Lechea intermedia Leggett ex Britton,Plantae Tracheophyta Magnoliopsida Malvales Cistaceae Lechea intermedia,EXACT_MATCH_PRIMARY_SOURCE_MULT_ACCEPTED
"Lechea maritima Leggett ex Britton, Sterns & Poggenb.",Lechea maritima,"Lechea maritima Leggett ex Britton, Sterns & Poggenb.",Plantae Tracheophyta Magnoliopsida Malvales Cistaceae Lechea maritima,EXACT_MATCH_PRIMARY_SOURCE_MULT_ACCEPTED
Lechea minor L.,Lechea minor,Lechea minor L.,Plantae Tracheophyta Magnoliopsida Malvales Cistaceae Lechea minor,EXACT_MATCH_PRIMARY_SOURCE_ACCEPTED_AUTHOR_DISAMBIGUATION
Lechea mucronata Raf.,Lechea mucronata,Lechea mucronata Raf.,Plantae Tracheophyta Magnoliopsida Malvales Cistaceae Lechea mucronata,EXACT_MATCH_PRIMARY_SOURCE_ACCEPTED_SIMPLE
Lechea pulchella Raf.,Lechea pulchella,Lechea pulchella Raf.,Plantae Tracheophyta Magnoliopsida Malvales Cistaceae Lechea pulchella,EXACT_MATCH_PRIMARY_SOURCE_ACCEPTED_SIMPLE
Lechea racemulosa Michx.,Lechea racemulosa,Lechea racemulosa Michx.,Plantae Tracheophyta Magnoliopsida Malvales Cistaceae Lechea racemulosa,EXACT_MATCH_PRIMARY_SOURCE_ACCEPTED_AMONG_SYNONYMS_SIMPLE
Lechea tenuifolia Michx.,Lechea tenuifolia,Lechea tenuifolia Michx.,Plantae Tracheophyta Magnoliopsida Malvales Cistaceae Lechea tenuifolia,EXACT_MATCH_PRIMARY_SOURCE_ACCEPTED_SIMPLE
Leersia Sw.,Leersia ,Leersia Sw.,Plantae Tracheophyta Liliopsida Poales Poaceae Leersia,EXACT_MATCH_PRIMARY_SOURCE_ACCEPTED_AUTHOR_DISAMBIGUATION
Leersia hexandra Sw.,Leersia hexandra,Leersia hexandra Sw.,Plantae Tracheophyta Liliopsida Poales Poaceae Leersia hexandra,EXACT_MATCH_PRIMARY_SOURCE_ACCEPTED_SIMPLE
Leersia lenticularis Michx.,Leersia lenticularis,Leersia lenticularis Michx.,Plantae Tracheophyta Liliopsida Poales Poaceae Leersia lenticularis,EXACT_MATCH_PRIMARY_SOURCE_ACCEPTED_SIMPLE
Leersia oryzoides (L.) Sw.,Leersia oryzoides,Leersia oryzoides (L.) Sw.,Plantae Tracheophyta Liliopsida Poales Poaceae Leersia oryzoides,EXACT_MATCH_PRIMARY_SOURCE_ACCEPTED_AUTHOR_DISAMBIGUATION
Leersia virginica Willd.,Leersia virginica,Leersia virginica Willd.,Plantae Tracheophyta Liliopsida Poales Poaceae Leersia virginica,EXACT_MATCH_PRIMARY_SOURCE_ACCEPTED_SIMPLE
Lemna L.,Lemna ,Lemna L.,Plantae Tracheophyta Liliopsida Alismatales Araceae Lemna,EXACT_MATCH_PRIMARY_SOURCE_ACCEPTED_AMONG_SYNONYMS_SIMPLE
Lemna aequinoctialis Welw.,Lemna aequinoctialis,Lemna aequinoctialis Welw.,Plantae Tracheophyta Liliopsida Alismatales Araceae Lemna aequinoctialis,EXACT_MATCH_PRIMARY_SOURCE_ACCEPTED_AMONG_SYNONYMS_SIMPLE
Lemna minor L.,Lemna minor,Lemna minor L.,Plantae Tracheophyta Liliopsida Alismatales Araceae Lemna minor,EXACT_MATCH_PRIMARY_SOURCE_ACCEPTED_AUTHOR_DISAMBIGUATION
Lemna obscura (Austin) Daubs,Lemna obscura,Lemna obscura (Austin) Daubs,Plantae Tracheophyta Liliopsida Alismatales Araceae Lemna obscura,EXACT_MATCH_PRIMARY_SOURCE_ACCEPTED_SIMPLE
Lemna perpusilla Torr.,Lemna perpusilla,Lemna perpusilla Torr.,Plantae Tracheophyta Liliopsida Alismatales Araceae Lemna perpusilla,EXACT_MATCH_PRIMARY_SOURCE_ACCEPTED_SIMPLE
Lemna trisulca L.,Lemna trisulca,Lemna trisulca L.,Plantae Tracheophyta Liliopsida Alismatales Araceae Lemna trisulca,EXACT_MATCH_PRIMARY_SOURCE_ACCEPTED_SIMPLE
Lemna valdiviana Phil.,Lemna valdiviana,Lemna valdiviana Phil.,Plantae Tracheophyta Liliopsida Alismatales Araceae Lemna valdiviana,EXACT_MATCH_PRIMARY_SOURCE_ACCEPTED_AMONG_SYNONYMS_SIMPLE
Leontodon L.,Leontodon ,Leontodon L.,Plantae Tracheophyta Magnoliopsida Asterales Asteraceae Leontodon,EXACT_MATCH_PRIMARY_SOURCE_ACCEPTED_AUTHOR_DISAMBIGUATION
Leontodon autumnalis L.,Leontodon autumnalis,Leontodon autumnalis L.,Plantae Tracheophyta Magnoliopsida Asterales Asteraceae Leontodon autumnalis,EXACT_MATCH_PRIMARY_SOURCE_ACCEPTED_AMONG_SYNONYMS_SIMPLE
Leontodon autumnalis L. ssp. autumnalis,Scorzoneroides autumnalis,Leontodon autumnalis L. ssp. autumnalis,Plantae Tracheophyta Magnoliopsida Asterales Asteraceae Scorzoneroides autumnalis,EXACT_MATCH_PRIMARY_SOURCE_ACCEPTED_AMONG_SYNONYMS_SIMPLE
Leontodon taraxacoides (Vill.) Mérat,Leontodon taraxacoides,Leontodon taraxacoides (Vill.) Mérat,Plantae Tracheophyta Magnoliopsida Asterales Asteraceae Leontodon taraxacoides,EXACT_MATCH_PRIMARY_SOURCE_ACCEPTED_AMONG_SYNONYMS_SIMPLE
Leontodon taraxacoides (Vill.) Mérat ssp. taraxacoides,Thrincia saxatilis,Leontodon taraxacoides (Vill.) Mérat ssp. taraxacoides,Plantae Tracheophyta Magnoliopsida Asterales Asteraceae Thrincia saxatilis,EXACT_MATCH_PRIMARY_SOURCE_ACCEPTED_SIMPLE
Leonurus L.,Leonurus ,Leonurus L.,Plantae Tracheophyta Magnoliopsida Lamiales Lamiaceae Leonurus,EXACT_MATCH_PRIMARY_SOURCE_ACCEPTED_AMONG_SYNONYMS_SIMPLE
Leonurus cardiaca L.,Leonurus cardiaca,Leonurus cardiaca L.,Plantae Tracheophyta Magnoliopsida Lamiales Lamiaceae Leonurus cardiaca,EXACT_MATCH_PRIMARY_SOURCE_ACCEPTED_SIMPLE
Leonurus sibiricus L.,Leonurus sibiricus,Leonurus sibiricus L.,Plantae Tracheophyta Magnoliopsida Lamiales Lamiaceae Leonurus sibiricus,EXACT_MATCH_PRIMARY_SOURCE_ACCEPTED_AMONG_SYNONYMS_SIMPLE
Lepidium campestre (L.) W.T. Aiton,Lepidium campestre,Lepidium campestre (L.) W.T. Aiton,Plantae Tracheophyta Magnoliopsida Brassicales Brassicaceae Lepidium campestre,EXACT_MATCH_PRIMARY_SOURCE_MULT_ACCEPTED
Lepidium densiflorum Schrad.,Lepidium densiflorum,Lepidium densiflorum Schrad.,Plantae Tracheophyta Magnoliopsida Brassicales Brassicaceae Lepidium densiflorum,EXACT_MATCH_PRIMARY_SOURCE_ACCEPTED_SIMPLE
Lepidium perfoliatum L.,Lepidium perfoliatum,Lepidium perfoliatum L.,Plantae Tracheophyta Magnoliopsida Brassicales Brassicaceae Lepidium perfoliatum,EXACT_MATCH_PRIMARY_SOURCE_ACCEPTED_SIMPLE
Lepidium ruderale L.,Lepidium ruderale,Lepidium ruderale L.,Plantae Tracheophyta Magnoliopsida Brassicales Brassicaceae Lepidium ruderale,EXACT_MATCH_PRIMARY_SOURCE_ACCEPTED_AMONG_SYNONYMS_SIMPLE
Lepidium sativum L.,Lepidium sativum,Lepidium sativum L.,Plantae Tracheophyta Magnoliopsida Brassicales Brassicaceae Lepidium sativum,EXACT_MATCH_PRIMARY_SOURCE_ACCEPTED_AUTHOR_DISAMBIGUATION
Lepidium virginicum L.,Lepidium virginicum,Lepidium virginicum L.,Plantae Tracheophyta Magnoliopsida Brassicales Brassicaceae Lepidium virginicum,EXACT_MATCH_PRIMARY_SOURCE_ACCEPTED_AUTHOR_DISAMBIGUATION
Leptochloa P. Beauv.,Leptochloa ,Leptochloa P. Beauv.,Plantae Tracheophyta Liliopsida Poales Poaceae Leptochloa,EXACT_MATCH_PRIMARY_SOURCE_ACCEPTED_SIMPLE
Leptochloa fusca (L.) Kunth,Diplachne fusca,Leptochloa fusca (L.) Kunth,Plantae Tracheophyta Liliopsida Poales Poaceae Diplachne fusca,EXACT_MATCH_PRIMARY_SOURCE_SYNONYM_SIMPLE
Leptochloa panicea (Retz.) Ohwi,Leptochloa panicea,Leptochloa panicea (Retz.) Ohwi,Plantae Tracheophyta Liliopsida Poales Poaceae Leptochloa panicea,EXACT_MATCH_PRIMARY_SOURCE_ACCEPTED_SIMPLE
Leptochloa panicoides (J. Presl) Hitchc.,Leptochloa panicoides,Leptochloa panicoides (J. Presl) Hitchc.,Plantae Tracheophyta Liliopsida Poales Poaceae Leptochloa panicoides,EXACT_MATCH_PRIMARY_SOURCE_ACCEPTED_AMONG_SYNONYMS_SIMPLE
Lespedeza Michx.,Lespedeza ,Lespedeza Michx.,Plantae Tracheophyta Magnoliopsida Fabales Fabaceae Lespedeza,EXACT_MATCH_PRIMARY_SOURCE_ACCEPTED_SIMPLE
Lespedeza angustifolia (Pursh) Elliott,Lespedeza angustifolia,Lespedeza angustifolia (Pursh) Elliott,Plantae Tracheophyta Magnoliopsida Fabales Fabaceae Lespedeza angustifolia,EXACT_MATCH_PRIMARY_SOURCE_ACCEPTED_AMONG_SYNONYMS_SIMPLE
Lespedeza bicolor Turcz.,Lespedeza bicolor,Lespedeza bicolor Turcz.,Plantae Tracheophyta Magnoliopsida Fabales Fabaceae Lespedeza bicolor,EXACT_MATCH_PRIMARY_SOURCE_ACCEPTED_AMONG_SYNONYMS_SIMPLE
Lespedeza capitata Michx.,Lespedeza capitata,Lespedeza capitata Michx.,Plantae Tracheophyta Magnoliopsida Fabales Fabaceae Lespedeza capitata,EXACT_MATCH_PRIMARY_SOURCE_ACCEPTED_SIMPLE
Lespedeza cuneata (Dum. Cours.) G. Don,Lespedeza cuneata,Lespedeza cuneata (Dum. Cours.) G. Don,Plantae Tracheophyta Magnoliopsida Fabales Fabaceae Lespedeza cuneata,EXACT_MATCH_PRIMARY_SOURCE_ACCEPTED_SIMPLE
Lespedeza cyrtobotrya Miq.,Lespedeza cyrtobotrya,Lespedeza cyrtobotrya Miq.,Plantae Tracheophyta Magnoliopsida Fabales Fabaceae Lespedeza cyrtobotrya,EXACT_MATCH_PRIMARY_SOURCE_ACCEPTED_SIMPLE
Lespedeza frutescens (L.) Hornem.,Lespedeza frutescens,Lespedeza frutescens (L.) Hornem.,Plantae Tracheophyta Magnoliopsida Fabales Fabaceae Lespedeza frutescens,EXACT_MATCH_PRIMARY_SOURCE_ACCEPTED_AMONG_SYNONYMS_SIMPLE
Lespedeza hirta (L.) Hornem.,Lespedeza hirta,Lespedeza hirta (L.) Hornem.,Plantae Tracheophyta Magnoliopsida Fabales Fabaceae Lespedeza hirta,EXACT_MATCH_PRIMARY_SOURCE_ACCEPTED_AMONG_SYNONYMS_SIMPLE
Lespedeza procumbens Michx.,Lespedeza procumbens,Lespedeza procumbens Michx.,Plantae Tracheophyta Magnoliopsida Fabales Fabaceae Lespedeza procumbens,EXACT_MATCH_PRIMARY_SOURCE_ACCEPTED_SIMPLE
Lespedeza repens (L.) W.P.C. Barton,Lespedeza repens,Lespedeza repens (L.) W.P.C. Barton,Plantae Tracheophyta Magnoliopsida Fabales Fabaceae Lespedeza repens,EXACT_MATCH_PRIMARY_SOURCE_ACCEPTED_SIMPLE
Lespedeza stuevei Nutt.,Lespedeza stuevei,Lespedeza stuevei Nutt.,Plantae Tracheophyta Magnoliopsida Fabales Fabaceae Lespedeza stuevei,EXACT_MATCH_PRIMARY_SOURCE_ACCEPTED_AMONG_SYNONYMS_SIMPLE
Lespedeza thunbergii (DC.) Nakai,Lespedeza thunbergii,Lespedeza thunbergii (DC.) Nakai,Plantae Tracheophyta Magnoliopsida Fabales Fabaceae Lespedeza thunbergii,EXACT_MATCH_PRIMARY_SOURCE_ACCEPTED_SIMPLE
Lespedeza violacea (L.) Pers.,Lespedeza violacea,Lespedeza violacea (L.) Pers.,Plantae Tracheophyta Magnoliopsida Fabales Fabaceae Lespedeza violacea,EXACT_MATCH_PRIMARY_SOURCE_ACCEPTED_AMONG_SYNONYMS_SIMPLE
Lespedeza virginica (L.) Britton,Lespedeza virginica,Lespedeza virginica (L.) Britton,Plantae Tracheophyta Magnoliopsida Fabales Fabaceae Lespedeza virginica,EXACT_MATCH_PRIMARY_SOURCE_ACCEPTED_SIMPLE
Lespedeza ×acuticarpa Mack. & Bush (pro sp.) [violacea × virginica],Lespedeza acuticarpa,Lespedeza ×acuticarpa Mack. & Bush (pro sp.) [violacea × virginica],Plantae Tracheophyta Magnoliopsida Fabales Fabaceae Lespedeza acuticarpa,EXACT_MATCH_PRIMARY_SOURCE_ACCEPTED_SIMPLE
Lespedeza ×brittonii E.P. Bicknell (pro sp.) [procumbens × virginica],Lespedeza brittonii,Lespedeza ×brittonii E.P. Bicknell (pro sp.) [procumbens × virginica],Plantae Tracheophyta Magnoliopsida Fabales Fabaceae Lespedeza brittonii,EXACT_MATCH_PRIMARY_SOURCE_MULT_ACCEPTED
Lespedeza ×longifolia DC. (pro sp.) [capitata × hirta],Lespedeza longifolia,Lespedeza ×longifolia DC. (pro sp.) [capitata × hirta],Plantae Tracheophyta Magnoliopsida Fabales Fabaceae Lespedeza longifolia,EXACT_MATCH_PRIMARY_SOURCE_ACCEPTED_SIMPLE
Lespedeza ×neglecta Mack. & Bush (pro sp.) [stuevei × virginica],Lespedeza neglecta,Lespedeza ×neglecta Mack. & Bush (pro sp.) [stuevei × virginica],Plantae Tracheophyta Magnoliopsida Fabales Fabaceae Lespedeza neglecta,EXACT_MATCH_PRIMARY_SOURCE_ACCEPTED_AMONG_SYNONYMS_SIMPLE
Lespedeza ×nuttallii Darl. (pro sp.) [hirta × violacea],Lespedeza nuttallii,Lespedeza ×nuttallii Darl. (pro sp.) [hirta × violacea],Plantae Tracheophyta Magnoliopsida Fabales Fabaceae Lespedeza nuttallii,EXACT_MATCH_PRIMARY_SOURCE_ACCEPTED_SIMPLE
Lespedeza ×oblongifolia (Britton) W. Stone [angustifolia × hirta],Lespedeza oblongifolia,Lespedeza ×oblongifolia (Britton) W. Stone [angustifolia × hirta],Plantae Tracheophyta Magnoliopsida Fabales Fabaceae Lespedeza oblongifolia,EXACT_MATCH_PRIMARY_SOURCE_ACCEPTED_SIMPLE
Lespedeza ×simulata Mack. & Bush (pro sp.) [capitata × virginica],Lespedeza simulata,Lespedeza ×simulata Mack. & Bush (pro sp.) [capitata × virginica],Plantae Tracheophyta Magnoliopsida Fabales Fabaceae Lespedeza simulata,EXACT_MATCH_PRIMARY_SOURCE_ACCEPTED_SIMPLE
Lesquerella gordonii (A. Gray) S. Watson,Physaria gordonii,Lesquerella gordonii (A. Gray) S. Watson,Plantae Tracheophyta Magnoliopsida Brassicales Brassicaceae Physaria gordonii,EXACT_MATCH_PRIMARY_SOURCE_SYNONYM_SIMPLE
Leucanthemum Mill.,Leucanthemum ,Leucanthemum Mill.,Plantae Tracheophyta Magnoliopsida Asterales Asteraceae Leucanthemum,EXACT_MATCH_PRIMARY_SOURCE_ACCEPTED_AUTHOR_DISAMBIGUATION
Leucanthemum lacustre (Brot.) Samp.,Leucanthemum lacustre,Leucanthemum lacustre (Brot.) Samp.,Plantae Tracheophyta Magnoliopsida Asterales Asteraceae Leucanthemum lacustre,EXACT_MATCH_PRIMARY_SOURCE_ACCEPTED_SIMPLE
Leucanthemum vulgare Lam.,Leucanthemum vulgare,Leucanthemum vulgare Lam.,Plantae Tracheophyta Magnoliopsida Asterales Asteraceae Leucanthemum vulgare,EXACT_MATCH_PRIMARY_SOURCE_ACCEPTED_SIMPLE
Leucojum L.,Leucojum ,Leucojum L.,Plantae Tracheophyta Liliopsida Asparagales Amaryllidaceae Leucojum,EXACT_MATCH_PRIMARY_SOURCE_ACCEPTED_AUTHOR_DISAMBIGUATION
Leucojum aestivum L.,Leucojum aestivum,Leucojum aestivum L.,Plantae Tracheophyta Liliopsida Asparagales Amaryllidaceae Leucojum aestivum,EXACT_MATCH_PRIMARY_SOURCE_ACCEPTED_SIMPLE
Leucospora Nutt.,Leucospora ,Leucospora Nutt.,Plantae Tracheophyta Magnoliopsida Lamiales Plantaginaceae Leucospora,EXACT_MATCH_PRIMARY_SOURCE_ACCEPTED_SIMPLE
Leucospora multifida (Michx.) Nutt.,Leucospora multifida,Leucospora multifida (Michx.) Nutt.,Plantae Tracheophyta Magnoliopsida Lamiales Plantaginaceae Leucospora multifida,EXACT_MATCH_PRIMARY_SOURCE_ACCEPTED_SIMPLE
Leucothoe D. Don,Leucothoe ,Leucothoe D. Don,Plantae Tracheophyta Magnoliopsida Ericales Ericaceae Leucothoe,MULTI_EXACT_MATCH_PRIMARY_SOURCE_ACCEPTED_HOMONYM
Leucothoe axillaris (Lam.) D. Don,Leucothoe axillaris,Leucothoe axillaris (Lam.) D. Don,Plantae Tracheophyta Magnoliopsida Ericales Ericaceae Leucothoe axillaris,EXACT_MATCH_PRIMARY_SOURCE_ACCEPTED_SIMPLE
Leucothoe fontanesiana (Steud.) Sleumer,Leucothoe fontanesiana,Leucothoe fontanesiana (Steud.) Sleumer,Plantae Tracheophyta Magnoliopsida Ericales Ericaceae Leucothoe fontanesiana,EXACT_MATCH_PRIMARY_SOURCE_ACCEPTED_SIMPLE
Liatris Gaertn. ex Schreb.,Liatris ,Liatris Gaertn. ex Schreb.,Plantae Tracheophyta Magnoliopsida Asterales Asteraceae Liatris,EXACT_MATCH_PRIMARY_SOURCE_ACCEPTED_SIMPLE
Liatris aspera Michx.,Liatris aspera,Liatris aspera Michx.,Plantae Tracheophyta Magnoliopsida Asterales Asteraceae Liatris aspera,EXACT_MATCH_PRIMARY_SOURCE_ACCEPTED_SIMPLE
Liatris pilosa (Aiton) Willd.,Liatris pilosa,Liatris pilosa (Aiton) Willd.,Plantae Tracheophyta Magnoliopsida Asterales Asteraceae Liatris pilosa,EXACT_MATCH_PRIMARY_SOURCE_ACCEPTED_AMONG_SYNONYMS_SIMPLE
Liatris scariosa (L.) Willd.,Liatris scariosa,Liatris scariosa (L.) Willd.,Plantae Tracheophyta Magnoliopsida Asterales Asteraceae Liatris scariosa,EXACT_MATCH_PRIMARY_SOURCE_ACCEPTED_SIMPLE
Liatris spicata (L.) Willd.,Liatris spicata,Liatris spicata (L.) Willd.,Plantae Tracheophyta Magnoliopsida Asterales Asteraceae Liatris spicata,EXACT_MATCH_PRIMARY_SOURCE_ACCEPTED_SIMPLE
Liatris squarrosa (L.) Michx.,Liatris squarrosa,Liatris squarrosa (L.) Michx.,Plantae Tracheophyta Magnoliopsida Asterales Asteraceae Liatris squarrosa,EXACT_MATCH_PRIMARY_SOURCE_ACCEPTED_AUTHOR_DISAMBIGUATION
Liatris turgida Gaiser,Liatris helleri,Liatris turgida Gaiser,Plantae Tracheophyta Magnoliopsida Asterales Asteraceae Liatris helleri,EXACT_MATCH_PRIMARY_SOURCE_SYNONYM_SIMPLE
Liatris virgata Nutt.,Liatris virgata,Liatris virgata Nutt.,Plantae Tracheophyta Magnoliopsida Asterales Asteraceae Liatris virgata,EXACT_MATCH_PRIMARY_SOURCE_ACCEPTED_SIMPLE
Ligusticum L.,Ligusticum ,Ligusticum L.,Plantae Tracheophyta Magnoliopsida Apiales Apiaceae Ligusticum,EXACT_MATCH_PRIMARY_SOURCE_ACCEPTED_SIMPLE
Ligusticum canadense (L.) Britton,Ligusticum canadense,Ligusticum canadense (L.) Britton,Plantae Tracheophyta Magnoliopsida Apiales Apiaceae Ligusticum canadense,EXACT_MATCH_PRIMARY_SOURCE_ACCEPTED_AMONG_SYNONYMS_SIMPLE
Ligustrum L.,Ligustrum ,Ligustrum L.,Plantae Tracheophyta Magnoliopsida Lamiales Oleaceae Ligustrum,EXACT_MATCH_PRIMARY_SOURCE_ACCEPTED_SIMPLE
Ligustrum japonicum Thunb.,Ligustrum japonicum,Ligustrum japonicum Thunb.,Plantae Tracheophyta Magnoliopsida Lamiales Oleaceae Ligustrum japonicum,EXACT_MATCH_PRIMARY_SOURCE_ACCEPTED_AUTHOR_DISAMBIGUATION
Ligustrum obtusifolium Siebold & Zucc.,Ligustrum obtusifolium,Ligustrum obtusifolium Siebold & Zucc.,Plantae Tracheophyta Magnoliopsida Lamiales Oleaceae Ligustrum obtusifolium,EXACT_MATCH_PRIMARY_SOURCE_ACCEPTED_SIMPLE
Ligustrum ovalifolium Hassk.,Ligustrum ovalifolium,Ligustrum ovalifolium Hassk.,Plantae Tracheophyta Magnoliopsida Lamiales Oleaceae Ligustrum ovalifolium,EXACT_MATCH_PRIMARY_SOURCE_ACCEPTED_AUTHOR_DISAMBIGUATION
Ligustrum quihoui Carrière,Ligustrum quihoui,Ligustrum quihoui Carrière,Plantae Tracheophyta Magnoliopsida Lamiales Oleaceae Ligustrum quihoui,EXACT_MATCH_PRIMARY_SOURCE_ACCEPTED_SIMPLE
Ligustrum vulgare L.,Ligustrum vulgare,Ligustrum vulgare L.,Plantae Tracheophyta Magnoliopsida Lamiales Oleaceae Ligustrum vulgare,EXACT_MATCH_PRIMARY_SOURCE_ACCEPTED_AUTHOR_DISAMBIGUATION
Lilaeopsis Greene,Lilaeopsis ,Lilaeopsis Greene,Plantae Tracheophyta Magnoliopsida Apiales Apiaceae Lilaeopsis,EXACT_MATCH_PRIMARY_SOURCE_ACCEPTED_SIMPLE
Lilaeopsis carolinensis J.M. Coult. & Rose,Lilaeopsis carolinensis,Lilaeopsis carolinensis J.M. Coult. & Rose,Plantae Tracheophyta Magnoliopsida Apiales Apiaceae Lilaeopsis carolinensis,EXACT_MATCH_PRIMARY_SOURCE_ACCEPTED_SIMPLE
Lilaeopsis chinensis (L.) Kuntze,Lilaeopsis chinensis,Lilaeopsis chinensis (L.) Kuntze,Plantae Tracheophyta Magnoliopsida Apiales Apiaceae Lilaeopsis chinensis,EXACT_MATCH_PRIMARY_SOURCE_ACCEPTED_SIMPLE
Lilium canadense L.,Lilium canadense,Lilium canadense L.,Plantae Tracheophyta Liliopsida Liliales Liliaceae Lilium canadense,EXACT_MATCH_PRIMARY_SOURCE_ACCEPTED_AUTHOR_DISAMBIGUATION
Lilium catesbaei Walter,Lilium catesbaei,Lilium catesbaei Walter,Plantae Tracheophyta Liliopsida Liliales Liliaceae Lilium catesbaei,EXACT_MATCH_PRIMARY_SOURCE_ACCEPTED_AMONG_SYNONYMS_SIMPLE
Lilium grayi S. Watson,Lilium grayi,Lilium grayi S. Watson,Plantae Tracheophyta Liliopsida Liliales Liliaceae Lilium grayi,EXACT_MATCH_PRIMARY_SOURCE_ACCEPTED_SIMPLE
Lilium iridollae Henry,Lilium iridollae,Lilium iridollae Henry,Plantae Tracheophyta Liliopsida Liliales Liliaceae Lilium iridollae,EXACT_MATCH_PRIMARY_SOURCE_ACCEPTED_SIMPLE
Lilium lancifolium Thunb.,Lilium lancifolium,Lilium lancifolium Thunb.,Plantae Tracheophyta Liliopsida Liliales Liliaceae Lilium lancifolium,EXACT_MATCH_PRIMARY_SOURCE_ACCEPTED_AUTHOR_DISAMBIGUATION
Lilium michauxii Poir.,Lilium michauxii,Lilium michauxii Poir.,Plantae Tracheophyta Liliopsida Liliales Liliaceae Lilium michauxii,EXACT_MATCH_PRIMARY_SOURCE_ACCEPTED_SIMPLE
Lilium philadelphicum L.,Lilium philadelphicum,Lilium philadelphicum L.,Plantae Tracheophyta Liliopsida Liliales Liliaceae Lilium philadelphicum,EXACT_MATCH_PRIMARY_SOURCE_ACCEPTED_AUTHOR_DISAMBIGUATION
Lilium pyrophilum M.W. Skinner & Sorrie,Lilium pyrophilum,Lilium pyrophilum M.W. Skinner & Sorrie,Plantae Tracheophyta Liliopsida Liliales Liliaceae Lilium pyrophilum,EXACT_MATCH_PRIMARY_SOURCE_ACCEPTED_SIMPLE
Lilium superbum L.,Lilium superbum,Lilium superbum L.,Plantae Tracheophyta Liliopsida Liliales Liliaceae Lilium superbum,EXACT_MATCH_PRIMARY_SOURCE_ACCEPTED_AMONG_SYNONYMS_SIMPLE
Limnobium spongia (Bosc) Rich. ex Steud.,Hydrocharis spongia,Limnobium spongia (Bosc) Rich. ex Steud.,Plantae Tracheophyta Liliopsida Alismatales Hydrocharitaceae Hydrocharis spongia,EXACT_MATCH_PRIMARY_SOURCE_ACCEPTED_AMONG_SYNONYMS_SIMPLE
Limonium Mill.,Limonium ,Limonium Mill.,Plantae Tracheophyta Magnoliopsida Caryophyllales Plumbaginaceae Limonium,EXACT_MATCH_PRIMARY_SOURCE_ACCEPTED_SIMPLE
Limonium carolinianum (Walter) Britton,Limonium carolinianum,Limonium carolinianum (Walter) Britton,Plantae Tracheophyta Magnoliopsida Caryophyllales Plumbaginaceae Limonium carolinianum,EXACT_MATCH_PRIMARY_SOURCE_ACCEPTED_SIMPLE
Limosella L.,Limosella ,Limosella L.,Plantae Tracheophyta Magnoliopsida Lamiales Scrophulariaceae Limosella,EXACT_MATCH_PRIMARY_SOURCE_ACCEPTED_SIMPLE
Limosella australis R. Br.,Limosella australis,Limosella australis R. Br.,Plantae Tracheophyta Magnoliopsida Lamiales Scrophulariaceae Limosella australis,EXACT_MATCH_PRIMARY_SOURCE_ACCEPTED_SIMPLE
Linaria Mill.,Linaria ,Linaria Mill.,Plantae Tracheophyta Magnoliopsida Lamiales Plantaginaceae Linaria,EXACT_MATCH_PRIMARY_SOURCE_ACCEPTED_AUTHOR_DISAMBIGUATION
Linaria maroccana Hook. f.,Linaria maroccana,Linaria maroccana Hook. f.,Plantae Tracheophyta Magnoliopsida Lamiales Plantaginaceae Linaria maroccana,EXACT_MATCH_PRIMARY_SOURCE_ACCEPTED_SIMPLE
Linaria vulgaris Mill.,Linaria vulgaris,Linaria vulgaris Mill.,Plantae Tracheophyta Magnoliopsida Lamiales Plantaginaceae Linaria vulgaris,EXACT_MATCH_PRIMARY_SOURCE_ACCEPTED_AUTHOR_DISAMBIGUATION
Lindera Thunb.,Lindera ,Lindera Thunb.,Plantae Tracheophyta Magnoliopsida Laurales Lauraceae Lindera,MULTI_EXACT_MATCH_PRIMARY_SOURCE_ACCEPTED_HOMONYM
Lindera benzoin (L.) Blume,Lindera benzoin,Lindera benzoin (L.) Blume,Plantae Tracheophyta Magnoliopsida Laurales Lauraceae Lindera benzoin,EXACT_MATCH_PRIMARY_SOURCE_ACCEPTED_AMONG_SYNONYMS_SIMPLE
Lindera subcoriacea B.E. Wofford,Lindera subcoriacea,Lindera subcoriacea B.E. Wofford,Plantae Tracheophyta Magnoliopsida Laurales Lauraceae Lindera subcoriacea,EXACT_MATCH_PRIMARY_SOURCE_ACCEPTED_SIMPLE
Lindernia All.,Lindernia ,Lindernia All.,Plantae Tracheophyta Magnoliopsida Lamiales Linderniaceae Lindernia,EXACT_MATCH_PRIMARY_SOURCE_ACCEPTED_SIMPLE
Lindernia dubia (L.) Pennell,Lindernia dubia,Lindernia dubia (L.) Pennell,Plantae Tracheophyta Magnoliopsida Lamiales Linderniaceae Lindernia dubia,EXACT_MATCH_PRIMARY_SOURCE_ACCEPTED_SIMPLE
Lindernia procumbens (Knock.) Borb.,Lindernia procumbens,Lindernia procumbens (Knock.) Borb.,Plantae Tracheophyta Magnoliopsida Lamiales Linderniaceae Lindernia procumbens,EXACT_MATCH_PRIMARY_SOURCE_ACCEPTED_AMONG_SYNONYMS_SIMPLE
Linum L.,Linum ,Linum L.,Plantae Tracheophyta Magnoliopsida Malpighiales Linaceae Linum,EXACT_MATCH_PRIMARY_SOURCE_ACCEPTED_SIMPLE
Linum floridanum (Planch.) Trel.,Linum floridanum,Linum floridanum (Planch.) Trel.,Plantae Tracheophyta Magnoliopsida Malpighiales Linaceae Linum floridanum,EXACT_MATCH_PRIMARY_SOURCE_ACCEPTED_SIMPLE
Linum intercursum E.P. Bicknell,Linum intercursum,Linum intercursum E.P. Bicknell,Plantae Tracheophyta Magnoliopsida Malpighiales Linaceae Linum intercursum,EXACT_MATCH_PRIMARY_SOURCE_ACCEPTED_SIMPLE
Linum medium (Planch.) Britton,Linum medium,Linum medium (Planch.) Britton,Plantae Tracheophyta Magnoliopsida Malpighiales Linaceae Linum medium,EXACT_MATCH_PRIMARY_SOURCE_ACCEPTED_SIMPLE
Linum perenne L.,Linum perenne,Linum perenne L.,Plantae Tracheophyta Magnoliopsida Malpighiales Linaceae Linum perenne,EXACT_MATCH_PRIMARY_SOURCE_ACCEPTED_AMONG_SYNONYMS_SIMPLE
Linum striatum Walter,Linum striatum,Linum striatum Walter,Plantae Tracheophyta Magnoliopsida Malpighiales Linaceae Linum striatum,EXACT_MATCH_PRIMARY_SOURCE_ACCEPTED_AMONG_SYNONYMS_SIMPLE
Linum sulcatum Riddell,Linum sulcatum,Linum sulcatum Riddell,Plantae Tracheophyta Magnoliopsida Malpighiales Linaceae Linum sulcatum,EXACT_MATCH_PRIMARY_SOURCE_ACCEPTED_SIMPLE
Linum usitatissimum L.,Linum usitatissimum,Linum usitatissimum L.,Plantae Tracheophyta Magnoliopsida Malpighiales Linaceae Linum usitatissimum,EXACT_MATCH_PRIMARY_SOURCE_ACCEPTED_AUTHOR_DISAMBIGUATION
Linum virginianum L.,Linum virginianum,Linum virginianum L.,Plantae Tracheophyta Magnoliopsida Malpighiales Linaceae Linum virginianum,EXACT_MATCH_PRIMARY_SOURCE_ACCEPTED_AMONG_SYNONYMS_SIMPLE
Liparis Rich.,Liparis ,Liparis Rich.,Plantae Tracheophyta Liliopsida Asparagales Orchidaceae Liparis,EXACT_MATCH_PRIMARY_SOURCE_ACCEPTED_AUTHOR_DISAMBIGUATION
Liparis liliifolia (L.) Rich. ex Ker Gawl.,Liparis liliifolia,Liparis liliifolia (L.) Rich. ex Ker Gawl.,Plantae Tracheophyta Liliopsida Asparagales Orchidaceae Liparis liliifolia,EXACT_MATCH_PRIMARY_SOURCE_ACCEPTED_AMONG_SYNONYMS_SIMPLE
Liparis loeselii (L.) Rich.,Liparis loeselii,Liparis loeselii (L.) Rich.,Plantae Tracheophyta Liliopsida Asparagales Orchidaceae Liparis loeselii,EXACT_MATCH_PRIMARY_SOURCE_ACCEPTED_AUTHOR_DISAMBIGUATION
Lipocarpha maculata (Michx.) Torr.,Cyperus neotropicalis,Lipocarpha maculata (Michx.) Torr.,Plantae Tracheophyta Liliopsida Poales Cyperaceae Cyperus neotropicalis,EXACT_MATCH_PRIMARY_SOURCE_SYNONYM_SIMPLE
Lipocarpha micrantha (Vahl) G. Tucker,Cyperus subsquarrosus,Lipocarpha micrantha (Vahl) G. Tucker,Plantae Tracheophyta Liliopsida Poales Cyperaceae Cyperus subsquarrosus,EXACT_MATCH_PRIMARY_SOURCE_SYNONYM_SIMPLE
Liquidambar L.,Liquidambar ,Liquidambar L.,Plantae Tracheophyta Magnoliopsida Saxifragales Altingiaceae Liquidambar,EXACT_MATCH_PRIMARY_SOURCE_ACCEPTED_SIMPLE
Liquidambar styraciflua L.,Liquidambar styraciflua,Liquidambar styraciflua L.,Plantae Tracheophyta Magnoliopsida Saxifragales Altingiaceae Liquidambar styraciflua,EXACT_MATCH_PRIMARY_SOURCE_ACCEPTED_SIMPLE
Liriodendron L.,Liriodendron ,Liriodendron L.,Plantae Tracheophyta Magnoliopsida Magnoliales Magnoliaceae Liriodendron,EXACT_MATCH_PRIMARY_SOURCE_ACCEPTED_SIMPLE
Liriodendron tulipifera L.,Liriodendron tulipifera,Liriodendron tulipifera L.,Plantae Tracheophyta Magnoliopsida Magnoliales Magnoliaceae Liriodendron tulipifera,EXACT_MATCH_PRIMARY_SOURCE_ACCEPTED_AUTHOR_DISAMBIGUATION
Liriope Lour.,Liriope ,Liriope Lour.,Plantae Tracheophyta Liliopsida Asparagales Asparagaceae Liriope,EXACT_MATCH_PRIMARY_SOURCE_ACCEPTED_AUTHOR_DISAMBIGUATION
Liriope muscari (Decne.) L.H. Bailey,Liriope muscari,Liriope muscari (Decne.) L.H. Bailey,Plantae Tracheophyta Liliopsida Asparagales Asparagaceae Liriope muscari,EXACT_MATCH_PRIMARY_SOURCE_ACCEPTED_SIMPLE
Liriope spicata (Thunb.) Lour.,Liriope spicata,Liriope spicata (Thunb.) Lour.,Plantae Tracheophyta Liliopsida Asparagales Asparagaceae Liriope spicata,EXACT_MATCH_PRIMARY_SOURCE_ACCEPTED_SIMPLE
Listera australis Lindl.,Neottia bifolia,Listera australis Lindl.,Plantae Tracheophyta Liliopsida Asparagales Orchidaceae Neottia bifolia,EXACT_MATCH_PRIMARY_SOURCE_SYNONYM_SIMPLE
Listera cordata (L.) R. Br.,Neottia cordata,Listera cordata (L.) R. Br.,Plantae Tracheophyta Liliopsida Asparagales Orchidaceae Neottia cordata,EXACT_MATCH_PRIMARY_SOURCE_SYNONYM_SIMPLE
Listera smallii Wiegand,Neottia smallii,Listera smallii Wiegand,Plantae Tracheophyta Liliopsida Asparagales Orchidaceae Neottia smallii,EXACT_MATCH_PRIMARY_SOURCE_SYNONYM_SIMPLE
Lithospermum L.,Lithospermum ,Lithospermum L.,Plantae Tracheophyta Magnoliopsida Boraginales Boraginaceae Lithospermum,EXACT_MATCH_PRIMARY_SOURCE_ACCEPTED_AUTHOR_DISAMBIGUATION
Lithospermum canescens (Michx.) Lehm.,Lithospermum canescens,Lithospermum canescens (Michx.) Lehm.,Plantae Tracheophyta Magnoliopsida Boraginales Boraginaceae Lithospermum canescens,EXACT_MATCH_PRIMARY_SOURCE_ACCEPTED_AMONG_SYNONYMS_SIMPLE
Lithospermum caroliniense (Walter ex J.F. Gmel.) MacMill.,Lithospermum caroliniense,Lithospermum caroliniense (Walter ex J.F. Gmel.) MacMill.,Plantae Tracheophyta Magnoliopsida Boraginales Boraginaceae Lithospermum caroliniense,EXACT_MATCH_PRIMARY_SOURCE_ACCEPTED_AMONG_SYNONYMS_SIMPLE
Lithospermum latifolium Michx.,Lithospermum latifolium,Lithospermum latifolium Michx.,Plantae Tracheophyta Magnoliopsida Boraginales Boraginaceae Lithospermum latifolium,EXACT_MATCH_PRIMARY_SOURCE_ACCEPTED_AMONG_SYNONYMS_SIMPLE
Lithospermum tuberosum Rugel ex DC.,Lithospermum tuberosum,Lithospermum tuberosum Rugel ex DC.,Plantae Tracheophyta Magnoliopsida Boraginales Boraginaceae Lithospermum tuberosum,EXACT_MATCH_PRIMARY_SOURCE_ACCEPTED_AMONG_SYNONYMS_SIMPLE
Litsea Lam.,Litsea ,Litsea Lam.,Plantae Tracheophyta Magnoliopsida Laurales Lauraceae Litsea,EXACT_MATCH_PRIMARY_SOURCE_ACCEPTED_AUTHOR_DISAMBIGUATION
Litsea aestivalis (L.) Fernald,Litsea aestivalis,Litsea aestivalis (L.) Fernald,Plantae Tracheophyta Magnoliopsida Laurales Lauraceae Litsea aestivalis,EXACT_MATCH_PRIMARY_SOURCE_ACCEPTED_SIMPLE
Lobelia L.,Lobelia ,Lobelia L.,Plantae Tracheophyta Magnoliopsida Asterales Campanulaceae Lobelia,MULTI_EXACT_MATCH_PRIMARY_SOURCE_ACCEPTED_HOMONYM
Lobelia amoena Michx.,Lobelia amoena,Lobelia amoena Michx.,Plantae Tracheophyta Magnoliopsida Asterales Campanulaceae Lobelia amoena,EXACT_MATCH_PRIMARY_SOURCE_ACCEPTED_SIMPLE
Lobelia cardinalis L.,Lobelia cardinalis,Lobelia cardinalis L.,Plantae Tracheophyta Magnoliopsida Asterales Campanulaceae Lobelia cardinalis,EXACT_MATCH_PRIMARY_SOURCE_ACCEPTED_SIMPLE
Lobelia elongata Small,Lobelia elongata,Lobelia elongata Small,Plantae Tracheophyta Magnoliopsida Asterales Campanulaceae Lobelia elongata,EXACT_MATCH_PRIMARY_SOURCE_ACCEPTED_AUTHOR_DISAMBIGUATION
Lobelia glandulosa Walter,Lobelia glandulosa,Lobelia glandulosa Walter,Plantae Tracheophyta Magnoliopsida Asterales Campanulaceae Lobelia glandulosa,EXACT_MATCH_PRIMARY_SOURCE_ACCEPTED_AUTHOR_DISAMBIGUATION
Lobelia inflata L.,Lobelia inflata,Lobelia inflata L.,Plantae Tracheophyta Magnoliopsida Asterales Campanulaceae Lobelia inflata,EXACT_MATCH_PRIMARY_SOURCE_ACCEPTED_SIMPLE
Lobelia nuttallii Schult.,Lobelia nuttallii,Lobelia nuttallii Schult.,Plantae Tracheophyta Magnoliopsida Asterales Campanulaceae Lobelia nuttallii,EXACT_MATCH_PRIMARY_SOURCE_ACCEPTED_SIMPLE
Lobelia puberula Michx.,Lobelia puberula,Lobelia puberula Michx.,Plantae Tracheophyta Magnoliopsida Asterales Campanulaceae Lobelia puberula,EXACT_MATCH_PRIMARY_SOURCE_ACCEPTED_SIMPLE
Lobelia siphilitica L.,Lobelia siphilitica,Lobelia siphilitica L.,Plantae Tracheophyta Magnoliopsida Asterales Campanulaceae Lobelia siphilitica,EXACT_MATCH_PRIMARY_SOURCE_ACCEPTED_SIMPLE
Lobelia spicata Lam.,Lobelia spicata,Lobelia spicata Lam.,Plantae Tracheophyta Magnoliopsida Asterales Campanulaceae Lobelia spicata,EXACT_MATCH_PRIMARY_SOURCE_ACCEPTED_AUTHOR_DISAMBIGUATION
Lobularia Desv.,Lobularia ,Lobularia Desv.,Plantae Tracheophyta Magnoliopsida Brassicales Brassicaceae Lobularia,EXACT_MATCH_PRIMARY_SOURCE_ACCEPTED_AUTHOR_DISAMBIGUATION
Lobularia maritima (L.) Desv.,Lobularia maritima,Lobularia maritima (L.) Desv.,Plantae Tracheophyta Magnoliopsida Brassicales Brassicaceae Lobularia maritima,EXACT_MATCH_PRIMARY_SOURCE_ACCEPTED_SIMPLE
Lolium L.,Lolium ,Lolium L.,Plantae Tracheophyta Liliopsida Poales Poaceae Lolium,EXACT_MATCH_PRIMARY_SOURCE_ACCEPTED_SIMPLE
Lolium perenne L.,Lolium perenne,Lolium perenne L.,Plantae Tracheophyta Liliopsida Poales Poaceae Lolium perenne,EXACT_MATCH_PRIMARY_SOURCE_ACCEPTED_AUTHOR_DISAMBIGUATION
Lolium temulentum L.,Lolium temulentum,Lolium temulentum L.,Plantae Tracheophyta Liliopsida Poales Poaceae Lolium temulentum,EXACT_MATCH_PRIMARY_SOURCE_ACCEPTED_AUTHOR_DISAMBIGUATION
Lonicera L.,Lonicera ,Lonicera L.,Plantae Tracheophyta Magnoliopsida Dipsacales Caprifoliaceae Lonicera,EXACT_MATCH_PRIMARY_SOURCE_ACCEPTED_AMONG_SYNONYMS_SIMPLE
Lonicera canadensis W. Bartram ex Marshall,Lonicera canadensis,Lonicera canadensis W. Bartram ex Marshall,Plantae Tracheophyta Magnoliopsida Dipsacales Caprifoliaceae Lonicera canadensis,EXACT_MATCH_PRIMARY_SOURCE_ACCEPTED_AMONG_SYNONYMS_SIMPLE
Lonicera dioica L.,Lonicera dioica,Lonicera dioica L.,Plantae Tracheophyta Magnoliopsida Dipsacales Caprifoliaceae Lonicera dioica,EXACT_MATCH_PRIMARY_SOURCE_ACCEPTED_SIMPLE
Lonicera fragrantissima Lindl. & Paxton,Lonicera fragrantissima,Lonicera fragrantissima Lindl. & Paxton,Plantae Tracheophyta Magnoliopsida Dipsacales Caprifoliaceae Lonicera fragrantissima,EXACT_MATCH_PRIMARY_SOURCE_ACCEPTED_SIMPLE
Lonicera japonica Thunb.,Lonicera japonica,Lonicera japonica Thunb.,Plantae Tracheophyta Magnoliopsida Dipsacales Caprifoliaceae Lonicera japonica,EXACT_MATCH_PRIMARY_SOURCE_ACCEPTED_AUTHOR_DISAMBIGUATION
Lonicera maackii (Rupr.) Herder,Lonicera maackii,Lonicera maackii (Rupr.) Herder,Plantae Tracheophyta Magnoliopsida Dipsacales Caprifoliaceae Lonicera maackii,EXACT_MATCH_PRIMARY_SOURCE_ACCEPTED_AMONG_SYNONYMS_SIMPLE
Lonicera morrowii A. Gray,Lonicera morrowii,Lonicera morrowii A. Gray,Plantae Tracheophyta Magnoliopsida Dipsacales Caprifoliaceae Lonicera morrowii,EXACT_MATCH_PRIMARY_SOURCE_ACCEPTED_SIMPLE
Lonicera sempervirens L.,Lonicera sempervirens,Lonicera sempervirens L.,Plantae Tracheophyta Magnoliopsida Dipsacales Caprifoliaceae Lonicera sempervirens,EXACT_MATCH_PRIMARY_SOURCE_ACCEPTED_SIMPLE
Lonicera standishii Jacques,Lonicera standishii,Lonicera standishii Jacques,Plantae Tracheophyta Magnoliopsida Dipsacales Caprifoliaceae Lonicera standishii,EXACT_MATCH_PRIMARY_SOURCE_ACCEPTED_AMONG_SYNONYMS_SIMPLE
Lonicera tatarica L.,Lonicera tatarica,Lonicera tatarica L.,Plantae Tracheophyta Magnoliopsida Dipsacales Caprifoliaceae Lonicera tatarica,EXACT_MATCH_PRIMARY_SOURCE_ACCEPTED_SIMPLE
Lonicera xylosteum L.,Lonicera xylosteum,Lonicera xylosteum L.,Plantae Tracheophyta Magnoliopsida Dipsacales Caprifoliaceae Lonicera xylosteum,EXACT_MATCH_PRIMARY_SOURCE_ACCEPTED_AUTHOR_DISAMBIGUATION
Lonicera ×bella Zabel [morrowii × tatarica],Lonicera bella,Lonicera ×bella Zabel [morrowii × tatarica],Plantae Tracheophyta Magnoliopsida Dipsacales Caprifoliaceae Lonicera bella,EXACT_MATCH_PRIMARY_SOURCE_ACCEPTED_SIMPLE
Lotus L.,Lotus ,Lotus L.,Plantae Tracheophyta Magnoliopsida Fabales Fabaceae Lotus,EXACT_MATCH_PRIMARY_SOURCE_ACCEPTED_AMONG_SYNONYMS_SIMPLE
Lotus corniculatus L.,Lotus corniculatus,Lotus corniculatus L.,Plantae Tracheophyta Magnoliopsida Fabales Fabaceae Lotus corniculatus,EXACT_MATCH_PRIMARY_SOURCE_ACCEPTED_SIMPLE
Lotus tenuis Waldst. & Kit. ex Willd.,Lotus tenuis,Lotus tenuis Waldst. & Kit. ex Willd.,Plantae Tracheophyta Magnoliopsida Fabales Fabaceae Lotus tenuis,EXACT_MATCH_PRIMARY_SOURCE_ACCEPTED_AMONG_SYNONYMS_SIMPLE
Lotus unifoliolatus (Hook.) Benth.,Acmispon americanus,Lotus unifoliolatus (Hook.) Benth.,Plantae Tracheophyta Magnoliopsida Fabales Fabaceae Acmispon americanus,EXACT_MATCH_PRIMARY_SOURCE_SYNONYM_SIMPLE
Ludwigia L.,Ludwigia ,Ludwigia L.,Plantae Tracheophyta Magnoliopsida Myrtales Onagraceae Ludwigia,EXACT_MATCH_PRIMARY_SOURCE_ACCEPTED_AUTHOR_DISAMBIGUATION
Ludwigia alata Elliott,Ludwigia alata,Ludwigia alata Elliott,Plantae Tracheophyta Magnoliopsida Myrtales Onagraceae Ludwigia alata,EXACT_MATCH_PRIMARY_SOURCE_ACCEPTED_SIMPLE
Ludwigia alternifolia L.,Ludwigia alternifolia,Ludwigia alternifolia L.,Plantae Tracheophyta Magnoliopsida Myrtales Onagraceae Ludwigia alternifolia,EXACT_MATCH_PRIMARY_SOURCE_ACCEPTED_AMONG_SYNONYMS_SIMPLE
"Ludwigia brevipes (B.H. Long ex Britton, A. Braun & Small) Eames",Ludwigia brevipes,"Ludwigia brevipes (B.H. Long ex Britton, A. Braun & Small) Eames",Plantae Tracheophyta Magnoliopsida Myrtales Onagraceae Ludwigia brevipes,EXACT_MATCH_PRIMARY_SOURCE_ACCEPTED_SIMPLE
Ludwigia decurrens Walter,Ludwigia decurrens,Ludwigia decurrens Walter,Plantae Tracheophyta Magnoliopsida Myrtales Onagraceae Ludwigia decurrens,EXACT_MATCH_PRIMARY_SOURCE_ACCEPTED_SIMPLE
Ludwigia glandulosa Walter,Ludwigia glandulosa,Ludwigia glandulosa Walter,Plantae Tracheophyta Magnoliopsida Myrtales Onagraceae Ludwigia glandulosa,EXACT_MATCH_PRIMARY_SOURCE_ACCEPTED_AMONG_SYNONYMS_SIMPLE
Ludwigia grandiflora (Michx.) Greuter & Burdet,Ludwigia grandiflora,Ludwigia grandiflora (Michx.) Greuter & Burdet,Plantae Tracheophyta Magnoliopsida Myrtales Onagraceae Ludwigia grandiflora,EXACT_MATCH_PRIMARY_SOURCE_ACCEPTED_AMONG_SYNONYMS_SIMPLE
Ludwigia hirtella Raf.,Ludwigia hirtella,Ludwigia hirtella Raf.,Plantae Tracheophyta Magnoliopsida Myrtales Onagraceae Ludwigia hirtella,EXACT_MATCH_PRIMARY_SOURCE_ACCEPTED_SIMPLE
Ludwigia leptocarpa (Nutt.) H. Hara,Ludwigia leptocarpa,Ludwigia leptocarpa (Nutt.) H. Hara,Plantae Tracheophyta Magnoliopsida Myrtales Onagraceae Ludwigia leptocarpa,EXACT_MATCH_PRIMARY_SOURCE_ACCEPTED_SIMPLE
Ludwigia linearis Walter,Ludwigia linearis,Ludwigia linearis Walter,Plantae Tracheophyta Magnoliopsida Myrtales Onagraceae Ludwigia linearis,EXACT_MATCH_PRIMARY_SOURCE_ACCEPTED_SIMPLE
Ludwigia palustris (L.) Elliott,Ludwigia palustris,Ludwigia palustris (L.) Elliott,Plantae Tracheophyta Magnoliopsida Myrtales Onagraceae Ludwigia palustris,EXACT_MATCH_PRIMARY_SOURCE_ACCEPTED_AMONG_SYNONYMS_SIMPLE
Ludwigia peploides (Kunth) P.H. Raven,Ludwigia peploides,Ludwigia peploides (Kunth) P.H. Raven,Plantae Tracheophyta Magnoliopsida Myrtales Onagraceae Ludwigia peploides,EXACT_MATCH_PRIMARY_SOURCE_ACCEPTED_SIMPLE
Ludwigia pilosa Walter,Ludwigia pilosa,Ludwigia pilosa Walter,Plantae Tracheophyta Magnoliopsida Myrtales Onagraceae Ludwigia pilosa,EXACT_MATCH_PRIMARY_SOURCE_ACCEPTED_AMONG_SYNONYMS_SIMPLE
Ludwigia polycarpa Short & Peter,Ludwigia polycarpa,Ludwigia polycarpa Short & Peter,Plantae Tracheophyta Magnoliopsida Myrtales Onagraceae Ludwigia polycarpa,EXACT_MATCH_PRIMARY_SOURCE_MULT_ACCEPTED
Ludwigia ravenii Peng,Ludwigia ravenii,Ludwigia ravenii Peng,Plantae Tracheophyta Magnoliopsida Myrtales Onagraceae Ludwigia ravenii,EXACT_MATCH_PRIMARY_SOURCE_ACCEPTED_SIMPLE
Ludwigia repens J.R. Forst.,Ludwigia repens,Ludwigia repens J.R. Forst.,Plantae Tracheophyta Magnoliopsida Myrtales Onagraceae Ludwigia repens,EXACT_MATCH_PRIMARY_SOURCE_ACCEPTED_AMONG_SYNONYMS_SIMPLE
Ludwigia sphaerocarpa Elliott,Ludwigia sphaerocarpa,Ludwigia sphaerocarpa Elliott,Plantae Tracheophyta Magnoliopsida Myrtales Onagraceae Ludwigia sphaerocarpa,EXACT_MATCH_PRIMARY_SOURCE_ACCEPTED_SIMPLE
Ludwigia virgata Michx.,Ludwigia virgata,Ludwigia virgata Michx.,Plantae Tracheophyta Magnoliopsida Myrtales Onagraceae Ludwigia virgata,EXACT_MATCH_PRIMARY_SOURCE_ACCEPTED_SIMPLE
Luffa Mill.,Luffa ,Luffa Mill.,Plantae Tracheophyta Magnoliopsida Cucurbitales Cucurbitaceae Luffa,EXACT_MATCH_PRIMARY_SOURCE_ACCEPTED_SIMPLE
Luffa acutangula (L.) Roxb.,Luffa acutangula,Luffa acutangula (L.) Roxb.,Plantae Tracheophyta Magnoliopsida Cucurbitales Cucurbitaceae Luffa acutangula,EXACT_MATCH_PRIMARY_SOURCE_ACCEPTED_SIMPLE
Luffa aegyptiaca Mill.,Luffa aegyptiaca,Luffa aegyptiaca Mill.,Plantae Tracheophyta Magnoliopsida Cucurbitales Cucurbitaceae Luffa aegyptiaca,EXACT_MATCH_PRIMARY_SOURCE_ACCEPTED_SIMPLE
Lunaria L.,Lunaria ,Lunaria L.,Plantae Tracheophyta Magnoliopsida Brassicales Brassicaceae Lunaria,MULTI_EXACT_MATCH_PRIMARY_SOURCE_ACCEPTED_HOMONYM
Lunaria annua L.,Lunaria annua,Lunaria annua L.,Plantae Tracheophyta Magnoliopsida Brassicales Brassicaceae Lunaria annua,EXACT_MATCH_PRIMARY_SOURCE_ACCEPTED_AUTHOR_DISAMBIGUATION
Lunaria rediviva L.,Lunaria rediviva,Lunaria rediviva L.,Plantae Tracheophyta Magnoliopsida Brassicales Brassicaceae Lunaria rediviva,EXACT_MATCH_PRIMARY_SOURCE_ACCEPTED_SIMPLE
Lupinus L.,Lupinus ,Lupinus L.,Plantae Tracheophyta Magnoliopsida Fabales Fabaceae Lupinus,EXACT_MATCH_PRIMARY_SOURCE_ACCEPTED_AUTHOR_DISAMBIGUATION
Lupinus perennis L.,Lupinus perennis,Lupinus perennis L.,Plantae Tracheophyta Magnoliopsida Fabales Fabaceae Lupinus perennis,EXACT_MATCH_PRIMARY_SOURCE_ACCEPTED_AUTHOR_DISAMBIGUATION
Luzula DC.,Luzula ,Luzula DC.,Plantae Tracheophyta Liliopsida Poales Juncaceae Luzula,EXACT_MATCH_PRIMARY_SOURCE_ACCEPTED_SIMPLE
Luzula acuminata Raf.,Luzula acuminata,Luzula acuminata Raf.,Plantae Tracheophyta Liliopsida Poales Juncaceae Luzula acuminata,EXACT_MATCH_PRIMARY_SOURCE_ACCEPTED_SIMPLE
Luzula bulbosa (Alph. Wood) Smyth & Smyth,Luzula bulbosa,Luzula bulbosa (Alph. Wood) Smyth & Smyth,Plantae Tracheophyta Liliopsida Poales Juncaceae Luzula bulbosa,EXACT_MATCH_PRIMARY_SOURCE_ACCEPTED_AMONG_SYNONYMS_SIMPLE
Luzula echinata (Small) F.J. Herm.,Luzula echinata,Luzula echinata (Small) F.J. Herm.,Plantae Tracheophyta Liliopsida Poales Juncaceae Luzula echinata,EXACT_MATCH_PRIMARY_SOURCE_ACCEPTED_SIMPLE
Luzula multiflora (Ehrh.) Lej.,Luzula multiflora,Luzula multiflora (Ehrh.) Lej.,Plantae Tracheophyta Liliopsida Poales Juncaceae Luzula multiflora,EXACT_MATCH_PRIMARY_SOURCE_ACCEPTED_SIMPLE
Lychnis L.,Silene ,Lychnis L.,Plantae Tracheophyta Magnoliopsida Caryophyllales Caryophyllaceae Silene,EXACT_MATCH_PRIMARY_SOURCE_SYNONYM_SIMPLE
Lychnis coronaria (L.) Desr.,Silene coronaria,Lychnis coronaria (L.) Desr.,Plantae Tracheophyta Magnoliopsida Caryophyllales Caryophyllaceae Silene coronaria,MULTI_EXACT_MATCH_PRIMARY_SOURCE_SYNONYMS_INFRASPECIFIC_SCORE
Lychnis flos-cuculi L.,Silene flos-cuculi,Lychnis flos-cuculi L.,Plantae Tracheophyta Magnoliopsida Caryophyllales Caryophyllaceae Silene flos-cuculi,EXACT_MATCH_PRIMARY_SOURCE_SYNONYM_SIMPLE
Lycium L.,Lycium ,Lycium L.,Plantae Tracheophyta Magnoliopsida Solanales Solanaceae Lycium,EXACT_MATCH_PRIMARY_SOURCE_ACCEPTED_SIMPLE
Lycium barbarum L.,Lycium barbarum,Lycium barbarum L.,Plantae Tracheophyta Magnoliopsida Solanales Solanaceae Lycium barbarum,EXACT_MATCH_PRIMARY_SOURCE_ACCEPTED_AMONG_SYNONYMS_SIMPLE
Lycium chinense Mill.,Lycium chinense,Lycium chinense Mill.,Plantae Tracheophyta Magnoliopsida Solanales Solanaceae Lycium chinense,EXACT_MATCH_PRIMARY_SOURCE_ACCEPTED_SIMPLE
Lycopodiella Holub,Lycopodiella ,Lycopodiella Holub,Plantae Tracheophyta Lycopodiopsida Lycopodiales Lycopodiaceae Lycopodiella,EXACT_MATCH_PRIMARY_SOURCE_ACCEPTED_SIMPLE
Lycopodiella alopecuroides (L.) Cranfill,Lycopodiella alopecuroides,Lycopodiella alopecuroides (L.) Cranfill,Plantae Tracheophyta Lycopodiopsida Lycopodiales Lycopodiaceae Lycopodiella alopecuroides,EXACT_MATCH_PRIMARY_SOURCE_ACCEPTED_SIMPLE
Lycopodiella appressa (Chapm.) Cranfill,Lycopodiella appressa,Lycopodiella appressa (Chapm.) Cranfill,Plantae Tracheophyta Lycopodiopsida Lycopodiales Lycopodiaceae Lycopodiella appressa,EXACT_MATCH_PRIMARY_SOURCE_ACCEPTED_SIMPLE
Lycopodiella caroliniana (L.) Pic. Serm.,Pseudolycopodiella caroliniana,Lycopodiella caroliniana (L.) Pic. Serm.,Plantae Tracheophyta Lycopodiopsida Lycopodiales Lycopodiaceae Pseudolycopodiella caroliniana,EXACT_MATCH_PRIMARY_SOURCE_SYNONYM_SIMPLE
Lycopodiella inundata (L.) Holub,Lycopodiella inundata,Lycopodiella inundata (L.) Holub,Plantae Tracheophyta Lycopodiopsida Lycopodiales Lycopodiaceae Lycopodiella inundata,EXACT_MATCH_PRIMARY_SOURCE_ACCEPTED_SIMPLE
Lycopodiella ×copelandii (Eig.) Cranfill [alopecuroides × appressa],Lycopodiella copelandii,Lycopodiella ×copelandii (Eig.) Cranfill [alopecuroides × appressa],Plantae Tracheophyta Lycopodiopsida Lycopodiales Lycopodiaceae Lycopodiella copelandii,EXACT_MATCH_PRIMARY_SOURCE_ACCEPTED_SIMPLE
Lycopodiella ×gilmanii A. Haines [appressa × inundata],Lycopodiella gilmanii,Lycopodiella ×gilmanii A. Haines [appressa × inundata],Plantae Tracheophyta Lycopodiopsida Lycopodiales Lycopodiaceae Lycopodiella gilmanii,EXACT_MATCH_PRIMARY_SOURCE_ACCEPTED_SIMPLE
Lycopodium L.,Lycopodium ,Lycopodium L.,Plantae Tracheophyta Lycopodiopsida Lycopodiales Lycopodiaceae Lycopodium,EXACT_MATCH_PRIMARY_SOURCE_ACCEPTED_SIMPLE
Lycopodium annotinum L.,Spinulum annotinum,Lycopodium annotinum L.,Plantae Tracheophyta Lycopodiopsida Lycopodiales Lycopodiaceae Spinulum annotinum,EXACT_MATCH_PRIMARY_SOURCE_SYNONYM_SIMPLE
Lycopodium clavatum L.,Lycopodium clavatum,Lycopodium clavatum L.,Plantae Tracheophyta Lycopodiopsida Lycopodiales Lycopodiaceae Lycopodium clavatum,EXACT_MATCH_PRIMARY_SOURCE_ACCEPTED_SIMPLE
Lycopodium dendroideum Michx.,Dendrolycopodium dendroideum,Lycopodium dendroideum Michx.,Plantae Tracheophyta Lycopodiopsida Lycopodiales Lycopodiaceae Dendrolycopodium dendroideum,EXACT_MATCH_PRIMARY_SOURCE_SYNONYM_SIMPLE
Lycopodium digitatum Dill. ex A. Braun,Diphasiastrum digitatum,Lycopodium digitatum Dill. ex A. Braun,Plantae Tracheophyta Lycopodiopsida Lycopodiales Lycopodiaceae Diphasiastrum digitatum,MULTI_EXACT_MATCH_PRIMARY_SOURCE_SYNONYMS_INFRASPECIFIC_SCORE
"Lycopodium hickeyi W.H. Wagner, Beitel & Moran",Dendrolycopodium hickeyi,"Lycopodium hickeyi W.H. Wagner, Beitel & Moran",Plantae Tracheophyta Lycopodiopsida Lycopodiales Lycopodiaceae Dendrolycopodium hickeyi,EXACT_MATCH_PRIMARY_SOURCE_SYNONYM_SIMPLE
Lycopodium obscurum L.,Dendrolycopodium obscurum,Lycopodium obscurum L.,Plantae Tracheophyta Lycopodiopsida Lycopodiales Lycopodiaceae Dendrolycopodium obscurum,EXACT_MATCH_PRIMARY_SOURCE_SYNONYM_SIMPLE
Lycopodium tristachyum Pursh,Diphasiastrum tristachyum,Lycopodium tristachyum Pursh,Plantae Tracheophyta Lycopodiopsida Lycopodiales Lycopodiaceae Diphasiastrum tristachyum,EXACT_MATCH_PRIMARY_SOURCE_SYNONYM_SIMPLE
Lycopus L.,Lycopus ,Lycopus L.,Plantae Tracheophyta Magnoliopsida Lamiales Lamiaceae Lycopus,EXACT_MATCH_PRIMARY_SOURCE_ACCEPTED_AUTHOR_DISAMBIGUATION
Lycopus americanus Muhl. ex W.P.C. Barton,Lycopus americanus,Lycopus americanus Muhl. ex W.P.C. Barton,Plantae Tracheophyta Magnoliopsida Lamiales Lamiaceae Lycopus americanus,EXACT_MATCH_PRIMARY_SOURCE_MULT_ACCEPTED
Lycopus amplectens Raf.,Lycopus amplectens,Lycopus amplectens Raf.,Plantae Tracheophyta Magnoliopsida Lamiales Lamiaceae Lycopus amplectens,EXACT_MATCH_PRIMARY_SOURCE_ACCEPTED_SIMPLE
Lycopus europaeus L.,Lycopus europaeus,Lycopus europaeus L.,Plantae Tracheophyta Magnoliopsida Lamiales Lamiaceae Lycopus europaeus,EXACT_MATCH_PRIMARY_SOURCE_ACCEPTED_AMONG_SYNONYMS_SIMPLE
Lycopus rubellus Moench,Lycopus rubellus,Lycopus rubellus Moench,Plantae Tracheophyta Magnoliopsida Lamiales Lamiaceae Lycopus rubellus,EXACT_MATCH_PRIMARY_SOURCE_ACCEPTED_SIMPLE
Lycopus uniflorus Michx.,Lycopus uniflorus,Lycopus uniflorus Michx.,Plantae Tracheophyta Magnoliopsida Lamiales Lamiaceae Lycopus uniflorus,EXACT_MATCH_PRIMARY_SOURCE_ACCEPTED_SIMPLE
Lycopus virginicus L.,Lycopus virginicus,Lycopus virginicus L.,Plantae Tracheophyta Magnoliopsida Lamiales Lamiaceae Lycopus virginicus,EXACT_MATCH_PRIMARY_SOURCE_ACCEPTED_AUTHOR_DISAMBIGUATION
Lycopus ×sherardii Steele (pro sp.) [uniflorus × virginicus],Lycopus sherardii,Lycopus ×sherardii Steele (pro sp.) [uniflorus × virginicus],Plantae Tracheophyta Magnoliopsida Lamiales Lamiaceae Lycopus sherardii,EXACT_MATCH_PRIMARY_SOURCE_ACCEPTED_SIMPLE
Lygodium Sw.,Lygodium ,Lygodium Sw.,Plantae Tracheophyta Polypodiopsida Schizaeales Lygodiaceae Lygodium,EXACT_MATCH_PRIMARY_SOURCE_ACCEPTED_SIMPLE
Lygodium palmatum (Bernh.) Sw.,Lygodium palmatum,Lygodium palmatum (Bernh.) Sw.,Plantae Tracheophyta Polypodiopsida Schizaeales Lygodiaceae Lygodium palmatum,EXACT_MATCH_PRIMARY_SOURCE_ACCEPTED_SIMPLE
Lyonia Nutt.,Lyonia ,Lyonia Nutt.,Plantae Tracheophyta Magnoliopsida Ericales Ericaceae Lyonia,EXACT_MATCH_PRIMARY_SOURCE_ACCEPTED_AUTHOR_DISAMBIGUATION
Lyonia ligustrina (L.) DC.,Lyonia ligustrina,Lyonia ligustrina (L.) DC.,Plantae Tracheophyta Magnoliopsida Ericales Ericaceae Lyonia ligustrina,EXACT_MATCH_PRIMARY_SOURCE_ACCEPTED_SIMPLE
Lyonia lucida (Lam.) K. Koch,Lyonia lucida,Lyonia lucida (Lam.) K. Koch,Plantae Tracheophyta Magnoliopsida Ericales Ericaceae Lyonia lucida,EXACT_MATCH_PRIMARY_SOURCE_ACCEPTED_SIMPLE
Lyonia mariana (L.) D. Don,Lyonia mariana,Lyonia mariana (L.) D. Don,Plantae Tracheophyta Magnoliopsida Ericales Ericaceae Lyonia mariana,EXACT_MATCH_PRIMARY_SOURCE_ACCEPTED_SIMPLE
Lysimachia L.,Lysimachia ,Lysimachia L.,Plantae Tracheophyta Magnoliopsida Ericales Primulaceae Lysimachia,EXACT_MATCH_PRIMARY_SOURCE_ACCEPTED_SIMPLE
Lysimachia ciliata L.,Lysimachia ciliata,Lysimachia ciliata L.,Plantae Tracheophyta Magnoliopsida Ericales Primulaceae Lysimachia ciliata,EXACT_MATCH_PRIMARY_SOURCE_ACCEPTED_AMONG_SYNONYMS_SIMPLE
Lysimachia hybrida Michx.,Lysimachia hybrida,Lysimachia hybrida Michx.,Plantae Tracheophyta Magnoliopsida Ericales Primulaceae Lysimachia hybrida,EXACT_MATCH_PRIMARY_SOURCE_ACCEPTED_SIMPLE
Lysimachia lanceolata Walter,Lysimachia lanceolata,Lysimachia lanceolata Walter,Plantae Tracheophyta Magnoliopsida Ericales Primulaceae Lysimachia lanceolata,EXACT_MATCH_PRIMARY_SOURCE_ACCEPTED_AMONG_SYNONYMS_SIMPLE
Lysimachia nummularia L.,Lysimachia nummularia,Lysimachia nummularia L.,Plantae Tracheophyta Magnoliopsida Ericales Primulaceae Lysimachia nummularia,EXACT_MATCH_PRIMARY_SOURCE_ACCEPTED_SIMPLE
Lysimachia quadriflora Sims,Lysimachia quadriflora,Lysimachia quadriflora Sims,Plantae Tracheophyta Magnoliopsida Ericales Primulaceae Lysimachia quadriflora,EXACT_MATCH_PRIMARY_SOURCE_ACCEPTED_AMONG_SYNONYMS_SIMPLE
Lysimachia quadrifolia L.,Lysimachia quadrifolia,Lysimachia quadrifolia L.,Plantae Tracheophyta Magnoliopsida Ericales Primulaceae Lysimachia quadrifolia,EXACT_MATCH_PRIMARY_SOURCE_ACCEPTED_AMONG_SYNONYMS_SIMPLE
Lysimachia radicans Hook.,Lysimachia radicans,Lysimachia radicans Hook.,Plantae Tracheophyta Magnoliopsida Ericales Primulaceae Lysimachia radicans,EXACT_MATCH_PRIMARY_SOURCE_ACCEPTED_SIMPLE
"Lysimachia terrestris (L.) Britton, Sterns & Poggenb.",Lysimachia terrestris,"Lysimachia terrestris (L.) Britton, Sterns & Poggenb.",Plantae Tracheophyta Magnoliopsida Ericales Primulaceae Lysimachia terrestris,EXACT_MATCH_PRIMARY_SOURCE_ACCEPTED_SIMPLE
Lysimachia tonsa (Alph. Wood) Alph. Wood ex Pax & R. Knuth,Lysimachia tonsa,Lysimachia tonsa (Alph. Wood) Alph. Wood ex Pax & R. Knuth,Plantae Tracheophyta Magnoliopsida Ericales Primulaceae Lysimachia tonsa,EXACT_MATCH_PRIMARY_SOURCE_ACCEPTED_SIMPLE
Lysimachia ×producta (A. Gray) Fernald (pro sp.) [quadrifolia × terrestris],Lysimachia producta,Lysimachia ×producta (A. Gray) Fernald (pro sp.) [quadrifolia × terrestris],Plantae Tracheophyta Magnoliopsida Ericales Primulaceae Lysimachia producta,EXACT_MATCH_PRIMARY_SOURCE_ACCEPTED_SIMPLE
Lythrum L.,Lythrum ,Lythrum L.,Plantae Tracheophyta Magnoliopsida Myrtales Lythraceae Lythrum,EXACT_MATCH_PRIMARY_SOURCE_ACCEPTED_AUTHOR_DISAMBIGUATION
Lythrum alatum Pursh,Lythrum alatum,Lythrum alatum Pursh,Plantae Tracheophyta Magnoliopsida Myrtales Lythraceae Lythrum alatum,EXACT_MATCH_PRIMARY_SOURCE_ACCEPTED_AMONG_SYNONYMS_SIMPLE
Lythrum lineare L.,Lythrum lineare,Lythrum lineare L.,Plantae Tracheophyta Magnoliopsida Myrtales Lythraceae Lythrum lineare,EXACT_MATCH_PRIMARY_SOURCE_ACCEPTED_AMONG_SYNONYMS_SIMPLE
Lythrum salicaria L.,Lythrum salicaria,Lythrum salicaria L.,Plantae Tracheophyta Magnoliopsida Myrtales Lythraceae Lythrum salicaria,EXACT_MATCH_PRIMARY_SOURCE_ACCEPTED_SIMPLE
Lythrum virgatum L.,Lythrum virgatum,Lythrum virgatum L.,Plantae Tracheophyta Magnoliopsida Myrtales Lythraceae Lythrum virgatum,EXACT_MATCH_PRIMARY_SOURCE_ACCEPTED_AMONG_SYNONYMS_SIMPLE
Macleaya R. Br.,Macleaya ,Macleaya R. Br.,Plantae Tracheophyta Magnoliopsida Ranunculales Papaveraceae Macleaya,MULTI_EXACT_MATCH_PRIMARY_SOURCE_ACCEPTED_HOMONYM
Macleaya cordata (Willd.) R. Br.,Macleaya cordata,Macleaya cordata (Willd.) R. Br.,Plantae Tracheophyta Magnoliopsida Ranunculales Papaveraceae Macleaya cordata,EXACT_MATCH_PRIMARY_SOURCE_ACCEPTED_SIMPLE
Maclura Nutt.,Maclura ,Maclura Nutt.,Plantae Tracheophyta Magnoliopsida Rosales Moraceae Maclura,EXACT_MATCH_PRIMARY_SOURCE_ACCEPTED_SIMPLE
Maclura pomifera (Raf.) C.K. Schneid.,Maclura pomifera,Maclura pomifera (Raf.) C.K. Schneid.,Plantae Tracheophyta Magnoliopsida Rosales Moraceae Maclura pomifera,EXACT_MATCH_PRIMARY_SOURCE_ACCEPTED_AMONG_SYNONYMS_SIMPLE
Magnolia L.,Magnolia ,Magnolia L.,Plantae Tracheophyta Magnoliopsida Magnoliales Magnoliaceae Magnolia,EXACT_MATCH_PRIMARY_SOURCE_ACCEPTED_SIMPLE
Magnolia acuminata (L.) L.,Magnolia acuminata,Magnolia acuminata (L.) L.,Plantae Tracheophyta Magnoliopsida Magnoliales Magnoliaceae Magnolia acuminata,EXACT_MATCH_PRIMARY_SOURCE_ACCEPTED_AMONG_SYNONYMS_SIMPLE
Magnolia fraseri Walter,Magnolia fraseri,Magnolia fraseri Walter,Plantae Tracheophyta Magnoliopsida Magnoliales Magnoliaceae Magnolia fraseri,EXACT_MATCH_PRIMARY_SOURCE_ACCEPTED_AMONG_SYNONYMS_SIMPLE
Magnolia grandiflora L.,Magnolia grandiflora,Magnolia grandiflora L.,Plantae Tracheophyta Magnoliopsida Magnoliales Magnoliaceae Magnolia grandiflora,EXACT_MATCH_PRIMARY_SOURCE_ACCEPTED_SIMPLE
Magnolia macrophylla Michx.,Magnolia macrophylla,Magnolia macrophylla Michx.,Plantae Tracheophyta Magnoliopsida Magnoliales Magnoliaceae Magnolia macrophylla,EXACT_MATCH_PRIMARY_SOURCE_ACCEPTED_SIMPLE
Magnolia tripetala (L.) L.,Magnolia tripetala,Magnolia tripetala (L.) L.,Plantae Tracheophyta Magnoliopsida Magnoliales Magnoliaceae Magnolia tripetala,EXACT_MATCH_PRIMARY_SOURCE_ACCEPTED_AUTHOR_DISAMBIGUATION
Magnolia virginiana L.,Magnolia virginiana,Magnolia virginiana L.,Plantae Tracheophyta Magnoliopsida Magnoliales Magnoliaceae Magnolia virginiana,EXACT_MATCH_PRIMARY_SOURCE_ACCEPTED_SIMPLE
Mahonia Nutt.,Mahonia ,Mahonia Nutt.,Plantae Tracheophyta Magnoliopsida Ranunculales Berberidaceae Mahonia,EXACT_MATCH_PRIMARY_SOURCE_ACCEPTED_SIMPLE
Mahonia bealei (Fortune) Carrière,Mahonia bealei,Mahonia bealei (Fortune) Carrière,Plantae Tracheophyta Magnoliopsida Ranunculales Berberidaceae Mahonia bealei,EXACT_MATCH_PRIMARY_SOURCE_ACCEPTED_SIMPLE
Maianthemum F.H. Wigg.,Maianthemum ,Maianthemum F.H. Wigg.,Plantae Tracheophyta Liliopsida Asparagales Asparagaceae Maianthemum,EXACT_MATCH_PRIMARY_SOURCE_MULT_ACCEPTED
Maianthemum canadense Desf.,Maianthemum canadense,Maianthemum canadense Desf.,Plantae Tracheophyta Liliopsida Asparagales Asparagaceae Maianthemum canadense,EXACT_MATCH_PRIMARY_SOURCE_ACCEPTED_SIMPLE
Maianthemum racemosum (L.) Link,Maianthemum racemosum,Maianthemum racemosum (L.) Link,Plantae Tracheophyta Liliopsida Asparagales Asparagaceae Maianthemum racemosum,EXACT_MATCH_PRIMARY_SOURCE_ACCEPTED_SIMPLE
Maianthemum stellatum (L.) Link,Maianthemum stellatum,Maianthemum stellatum (L.) Link,Plantae Tracheophyta Liliopsida Asparagales Asparagaceae Maianthemum stellatum,EXACT_MATCH_PRIMARY_SOURCE_ACCEPTED_SIMPLE
Malaxis Sol. ex Sw.,Malaxis ,Malaxis Sol. ex Sw.,Plantae Tracheophyta Liliopsida Asparagales Orchidaceae Malaxis,EXACT_MATCH_PRIMARY_SOURCE_ACCEPTED_SIMPLE
Malaxis bayardii Fernald,Malaxis bayardii,Malaxis bayardii Fernald,Plantae Tracheophyta Liliopsida Asparagales Orchidaceae Malaxis bayardii,EXACT_MATCH_PRIMARY_SOURCE_ACCEPTED_SIMPLE
Malaxis spicata Sw.,Malaxis spicata,Malaxis spicata Sw.,Plantae Tracheophyta Liliopsida Asparagales Orchidaceae Malaxis spicata,EXACT_MATCH_PRIMARY_SOURCE_ACCEPTED_SIMPLE
Malaxis unifolia Michx.,Malaxis unifolia,Malaxis unifolia Michx.,Plantae Tracheophyta Liliopsida Asparagales Orchidaceae Malaxis unifolia,EXACT_MATCH_PRIMARY_SOURCE_ACCEPTED_SIMPLE
Malus Mill.,Malus ,Malus Mill.,Plantae Tracheophyta Magnoliopsida Rosales Rosaceae Malus,EXACT_MATCH_PRIMARY_SOURCE_ACCEPTED_SIMPLE
Malus angustifolia (Aiton) Michx.,Malus angustifolia,Malus angustifolia (Aiton) Michx.,Plantae Tracheophyta Magnoliopsida Rosales Rosaceae Malus angustifolia,EXACT_MATCH_PRIMARY_SOURCE_ACCEPTED_AMONG_SYNONYMS_SIMPLE
Malus baccata (L.) Borkh.,Malus baccata,Malus baccata (L.) Borkh.,Plantae Tracheophyta Magnoliopsida Rosales Rosaceae Malus baccata,EXACT_MATCH_PRIMARY_SOURCE_ACCEPTED_AUTHOR_DISAMBIGUATION
Malus coronaria (L.) Mill.,Malus coronaria,Malus coronaria (L.) Mill.,Plantae Tracheophyta Magnoliopsida Rosales Rosaceae Malus coronaria,EXACT_MATCH_PRIMARY_SOURCE_ACCEPTED_SIMPLE
Malus floribunda Siebold ex Van Houtte,Malus floribunda,Malus floribunda Siebold ex Van Houtte,Plantae Tracheophyta Magnoliopsida Rosales Rosaceae Malus floribunda,EXACT_MATCH_PRIMARY_SOURCE_ACCEPTED_AMONG_SYNONYMS_SIMPLE
Malus prunifolia (Willd.) Borkh.,Malus prunifolia,Malus prunifolia (Willd.) Borkh.,Plantae Tracheophyta Magnoliopsida Rosales Rosaceae Malus prunifolia,EXACT_MATCH_PRIMARY_SOURCE_ACCEPTED_AUTHOR_DISAMBIGUATION
Malus pumila Mill.,Malus pumila,Malus pumila Mill.,Plantae Tracheophyta Magnoliopsida Rosales Rosaceae Malus pumila,EXACT_MATCH_PRIMARY_SOURCE_MULT_ACCEPTED
Malus toringo (Siebold) Siebold ex de Vriese,Malus toringo,Malus toringo (Siebold) Siebold ex de Vriese,Plantae Tracheophyta Magnoliopsida Rosales Rosaceae Malus toringo,EXACT_MATCH_PRIMARY_SOURCE_MULT_ACCEPTED
Malus zumi (Matsum.) Rehder,Malus zumi,Malus zumi (Matsum.) Rehder,Plantae Tracheophyta Magnoliopsida Rosales Rosaceae Malus zumi,EXACT_MATCH_PRIMARY_SOURCE_ACCEPTED_SIMPLE
Malus ×platycarpa Rehder (pro sp.) [coronaria × pumila],Malus platycarpa,Malus ×platycarpa Rehder (pro sp.) [coronaria × pumila],Plantae Tracheophyta Magnoliopsida Rosales Rosaceae Malus platycarpa,EXACT_MATCH_PRIMARY_SOURCE_ACCEPTED_AMONG_SYNONYMS_SIMPLE
Malva L.,Malva ,Malva L.,Plantae Tracheophyta Magnoliopsida Malvales Malvaceae Malva,EXACT_MATCH_PRIMARY_SOURCE_ACCEPTED_SIMPLE
Malva moschata L.,Malva moschata,Malva moschata L.,Plantae Tracheophyta Magnoliopsida Malvales Malvaceae Malva moschata,EXACT_MATCH_PRIMARY_SOURCE_ACCEPTED_AUTHOR_DISAMBIGUATION
Malva neglecta Wallr.,Malva neglecta,Malva neglecta Wallr.,Plantae Tracheophyta Magnoliopsida Malvales Malvaceae Malva neglecta,EXACT_MATCH_PRIMARY_SOURCE_ACCEPTED_SIMPLE
Malva pusilla Sm.,Malva pusilla,Malva pusilla Sm.,Plantae Tracheophyta Magnoliopsida Malvales Malvaceae Malva pusilla,EXACT_MATCH_PRIMARY_SOURCE_ACCEPTED_SIMPLE
Malva sylvestris L.,Malva sylvestris,Malva sylvestris L.,Plantae Tracheophyta Magnoliopsida Malvales Malvaceae Malva sylvestris,EXACT_MATCH_PRIMARY_SOURCE_ACCEPTED_SIMPLE
Malvastrum A. Gray,Malvastrum ,Malvastrum A. Gray,Plantae Tracheophyta Magnoliopsida Malvales Malvaceae Malvastrum,EXACT_MATCH_PRIMARY_SOURCE_ACCEPTED_SIMPLE
Malvastrum hispidum (Pursh) Hochr.,Malvastrum hispidum,Malvastrum hispidum (Pursh) Hochr.,Plantae Tracheophyta Magnoliopsida Malvales Malvaceae Malvastrum hispidum,EXACT_MATCH_PRIMARY_SOURCE_ACCEPTED_SIMPLE
Manfreda Salisb.,Agave spec,Manfreda Salisb.,Plantae Tracheophyta Liliopsida Asparagales Asparagaceae Agave spec,EXACT_MATCH_PRIMARY_SOURCE_ACCEPTED_AMONG_SYNONYMS_SIMPLE
Manfreda virginica (L.) Salisb. ex Rose,Agave virginica,Manfreda virginica (L.) Salisb. ex Rose,Plantae Tracheophyta Liliopsida Asparagales Asparagaceae Agave virginica,MULTI_EXACT_MATCH_PRIMARY_SOURCE_SYNONYMS_INFRASPECIFIC_SCORE
Marrubium L.,Marrubium ,Marrubium L.,Plantae Tracheophyta Magnoliopsida Lamiales Lamiaceae Marrubium,EXACT_MATCH_PRIMARY_SOURCE_ACCEPTED_SIMPLE
Marrubium vulgare L.,Marrubium vulgare,Marrubium vulgare L.,Plantae Tracheophyta Magnoliopsida Lamiales Lamiaceae Marrubium vulgare,EXACT_MATCH_PRIMARY_SOURCE_ACCEPTED_SIMPLE
Marshallia Schreb.,Marshallia ,Marshallia Schreb.,Plantae Tracheophyta Magnoliopsida Asterales Asteraceae Marshallia,EXACT_MATCH_PRIMARY_SOURCE_ACCEPTED_AUTHOR_DISAMBIGUATION
Marshallia legrandii Weakley,Marshallia legrandii,Marshallia legrandii Weakley,Plantae Tracheophyta Magnoliopsida Asterales Asteraceae Marshallia legrandii,EXACT_MATCH_PRIMARY_SOURCE_ACCEPTED_SIMPLE
Marshallia obovata (Walter) Beadle & F.E. Boynt.,Marshallia obovata,Marshallia obovata (Walter) Beadle & F.E. Boynt.,Plantae Tracheophyta Magnoliopsida Asterales Asteraceae Marshallia obovata,EXACT_MATCH_PRIMARY_SOURCE_ACCEPTED_SIMPLE
Marsilea L.,Marsilea ,Marsilea L.,Plantae Tracheophyta Polypodiopsida Salviniales Marsileaceae Marsilea,EXACT_MATCH_PRIMARY_SOURCE_ACCEPTED_AMONG_SYNONYMS_SIMPLE
Marsilea mutica Mett.,Marsilea mutica,Marsilea mutica Mett.,Plantae Tracheophyta Polypodiopsida Salviniales Marsileaceae Marsilea mutica,EXACT_MATCH_PRIMARY_SOURCE_ACCEPTED_SIMPLE
Matelea Aubl.,Matelea ,Matelea Aubl.,Plantae Tracheophyta Magnoliopsida Gentianales Apocynaceae Matelea,EXACT_MATCH_PRIMARY_SOURCE_ACCEPTED_SIMPLE
Matelea carolinensis (Jacq.) Woodson,Matelea carolinensis,Matelea carolinensis (Jacq.) Woodson,Plantae Tracheophyta Magnoliopsida Gentianales Apocynaceae Matelea carolinensis,EXACT_MATCH_PRIMARY_SOURCE_ACCEPTED_SIMPLE
Matelea decipiens (Alexander) Woodson,Matelea decipiens,Matelea decipiens (Alexander) Woodson,Plantae Tracheophyta Magnoliopsida Gentianales Apocynaceae Matelea decipiens,EXACT_MATCH_PRIMARY_SOURCE_ACCEPTED_SIMPLE
Matelea gonocarpos (Walter) Shinners,Gonolobus gonocarpus,Matelea gonocarpos (Walter) Shinners,Plantae Tracheophyta Magnoliopsida Gentianales Apocynaceae Gonolobus gonocarpus,MULTI_EXACT_MATCH_PRIMARY_SOURCE_SYNONYMS_INFRASPECIFIC_SCORE
Matelea obliqua (Jacq.) Woodson,Matelea obliqua,Matelea obliqua (Jacq.) Woodson,Plantae Tracheophyta Magnoliopsida Gentianales Apocynaceae Matelea obliqua,EXACT_MATCH_PRIMARY_SOURCE_ACCEPTED_SIMPLE
Matricaria L.,Matricaria ,Matricaria L.,Plantae Tracheophyta Magnoliopsida Asterales Asteraceae Matricaria,EXACT_MATCH_PRIMARY_SOURCE_ACCEPTED_AUTHOR_DISAMBIGUATION
Matricaria discoidea DC.,Matricaria discoidea,Matricaria discoidea DC.,Plantae Tracheophyta Magnoliopsida Asterales Asteraceae Matricaria discoidea,EXACT_MATCH_PRIMARY_SOURCE_ACCEPTED_SIMPLE
Matricaria recutita L.,Matricaria chamomilla,Matricaria recutita L.,Plantae Tracheophyta Magnoliopsida Asterales Asteraceae Matricaria chamomilla,EXACT_MATCH_PRIMARY_SOURCE_SYNONYM_SIMPLE
Matteuccia Todaro,Matteuccia ,Matteuccia Todaro,Plantae Tracheophyta Polypodiopsida Polypodiales Onocleaceae Matteuccia,EXACT_MATCH_PRIMARY_SOURCE_ACCEPTED_SIMPLE
Matteuccia struthiopteris (L.) Todaro,Matteuccia struthiopteris,Matteuccia struthiopteris (L.) Todaro,Plantae Tracheophyta Polypodiopsida Polypodiales Onocleaceae Matteuccia struthiopteris,EXACT_MATCH_PRIMARY_SOURCE_ACCEPTED_SIMPLE
Mayaca Aubl.,Mayaca ,Mayaca Aubl.,Plantae Tracheophyta Liliopsida Poales Mayacaceae Mayaca,EXACT_MATCH_PRIMARY_SOURCE_ACCEPTED_SIMPLE
Mayaca fluviatilis Aubl.,Mayaca fluviatilis,Mayaca fluviatilis Aubl.,Plantae Tracheophyta Liliopsida Poales Mayacaceae Mayaca fluviatilis,EXACT_MATCH_PRIMARY_SOURCE_ACCEPTED_AMONG_SYNONYMS_SIMPLE
Mazus Lour.,Mazus ,Mazus Lour.,Plantae Tracheophyta Magnoliopsida Lamiales Mazaceae Mazus,EXACT_MATCH_PRIMARY_SOURCE_ACCEPTED_SIMPLE
Mazus pumilus (Burm. f.) Steenis,Mazus pumilus,Mazus pumilus (Burm. f.) Steenis,Plantae Tracheophyta Magnoliopsida Lamiales Mazaceae Mazus pumilus,EXACT_MATCH_PRIMARY_SOURCE_ACCEPTED_SIMPLE
Mecardonia Ruiz & Pav.,Mecardonia ,Mecardonia Ruiz & Pav.,Plantae Tracheophyta Magnoliopsida Lamiales Plantaginaceae Mecardonia,EXACT_MATCH_PRIMARY_SOURCE_ACCEPTED_SIMPLE
Mecardonia acuminata (Walter) Small,Mecardonia acuminata,Mecardonia acuminata (Walter) Small,Plantae Tracheophyta Magnoliopsida Lamiales Plantaginaceae Mecardonia acuminata,EXACT_MATCH_PRIMARY_SOURCE_ACCEPTED_SIMPLE
Medeola L.,Medeola ,Medeola L.,Plantae Tracheophyta Liliopsida Liliales Liliaceae Medeola,EXACT_MATCH_PRIMARY_SOURCE_ACCEPTED_SIMPLE
Medeola virginiana L.,Medeola virginiana,Medeola virginiana L.,Plantae Tracheophyta Liliopsida Liliales Liliaceae Medeola virginiana,EXACT_MATCH_PRIMARY_SOURCE_ACCEPTED_SIMPLE
Medicago L.,Medicago ,Medicago L.,Plantae Tracheophyta Magnoliopsida Fabales Fabaceae Medicago,EXACT_MATCH_PRIMARY_SOURCE_ACCEPTED_SIMPLE
Medicago arabica (L.) Huds.,Medicago arabica,Medicago arabica (L.) Huds.,Plantae Tracheophyta Magnoliopsida Fabales Fabaceae Medicago arabica,EXACT_MATCH_PRIMARY_SOURCE_ACCEPTED_AUTHOR_DISAMBIGUATION
Medicago lupulina L.,Medicago lupulina,Medicago lupulina L.,Plantae Tracheophyta Magnoliopsida Fabales Fabaceae Medicago lupulina,EXACT_MATCH_PRIMARY_SOURCE_ACCEPTED_SIMPLE
Medicago minima (L.) L.,Medicago minima,Medicago minima (L.) L.,Plantae Tracheophyta Magnoliopsida Fabales Fabaceae Medicago minima,EXACT_MATCH_PRIMARY_SOURCE_ACCEPTED_AMONG_SYNONYMS_SIMPLE
Medicago polymorpha L.,Medicago polymorpha,Medicago polymorpha L.,Plantae Tracheophyta Magnoliopsida Fabales Fabaceae Medicago polymorpha,EXACT_MATCH_PRIMARY_SOURCE_ACCEPTED_AUTHOR_DISAMBIGUATION
Medicago sativa L.,Medicago sativa,Medicago sativa L.,Plantae Tracheophyta Magnoliopsida Fabales Fabaceae Medicago sativa,EXACT_MATCH_PRIMARY_SOURCE_ACCEPTED_AUTHOR_DISAMBIGUATION
Meehania Britton,Meehania ,Meehania Britton,Plantae Tracheophyta Magnoliopsida Lamiales Lamiaceae Meehania,EXACT_MATCH_PRIMARY_SOURCE_ACCEPTED_SIMPLE
Meehania cordata (Nutt.) Britton,Meehania cordata,Meehania cordata (Nutt.) Britton,Plantae Tracheophyta Magnoliopsida Lamiales Lamiaceae Meehania cordata,EXACT_MATCH_PRIMARY_SOURCE_ACCEPTED_SIMPLE
Melampyrum L.,Melampyrum ,Melampyrum L.,Plantae Tracheophyta Magnoliopsida Lamiales Orobanchaceae Melampyrum,EXACT_MATCH_PRIMARY_SOURCE_ACCEPTED_SIMPLE
Melampyrum lineare Desr.,Melampyrum lineare,Melampyrum lineare Desr.,Plantae Tracheophyta Magnoliopsida Lamiales Orobanchaceae Melampyrum lineare,EXACT_MATCH_PRIMARY_SOURCE_ACCEPTED_AUTHOR_DISAMBIGUATION
Melia L.,Melia ,Melia L.,Plantae Tracheophyta Magnoliopsida Sapindales Meliaceae Melia,EXACT_MATCH_PRIMARY_SOURCE_ACCEPTED_AUTHOR_DISAMBIGUATION
Melia azedarach L.,Melia azedarach,Melia azedarach L.,Plantae Tracheophyta Magnoliopsida Sapindales Meliaceae Melia azedarach,EXACT_MATCH_PRIMARY_SOURCE_ACCEPTED_AUTHOR_DISAMBIGUATION
Melica L.,Melica ,Melica L.,Plantae Tracheophyta Liliopsida Poales Poaceae Melica,EXACT_MATCH_PRIMARY_SOURCE_ACCEPTED_SIMPLE
Melica mutica Walter,Melica mutica,Melica mutica Walter,Plantae Tracheophyta Liliopsida Poales Poaceae Melica mutica,EXACT_MATCH_PRIMARY_SOURCE_ACCEPTED_SIMPLE
Melica nitens (Scribn.) Nutt. ex Piper,Melica nitens,Melica nitens (Scribn.) Nutt. ex Piper,Plantae Tracheophyta Liliopsida Poales Poaceae Melica nitens,EXACT_MATCH_PRIMARY_SOURCE_ACCEPTED_AMONG_SYNONYMS_SIMPLE
Melilotus Mill.,Melilotus ,Melilotus Mill.,Plantae Tracheophyta Magnoliopsida Fabales Fabaceae Melilotus,EXACT_MATCH_PRIMARY_SOURCE_ACCEPTED_AUTHOR_DISAMBIGUATION
Melilotus indicus (L.) All.,Melilotus indicus,Melilotus indicus (L.) All.,Plantae Tracheophyta Magnoliopsida Fabales Fabaceae Melilotus indicus,EXACT_MATCH_PRIMARY_SOURCE_ACCEPTED_AUTHOR_DISAMBIGUATION
Melilotus officinalis (L.) Lam.,Melilotus officinalis,Melilotus officinalis (L.) Lam.,Plantae Tracheophyta Magnoliopsida Fabales Fabaceae Melilotus officinalis,EXACT_MATCH_PRIMARY_SOURCE_ACCEPTED_AUTHOR_DISAMBIGUATION
Melissa L.,Melissa ,Melissa L.,Plantae Tracheophyta Magnoliopsida Lamiales Lamiaceae Melissa,EXACT_MATCH_PRIMARY_SOURCE_ACCEPTED_AUTHOR_DISAMBIGUATION
Melissa officinalis L.,Melissa officinalis,Melissa officinalis L.,Plantae Tracheophyta Magnoliopsida Lamiales Lamiaceae Melissa officinalis,EXACT_MATCH_PRIMARY_SOURCE_ACCEPTED_SIMPLE
Melothria L.,Melothria ,Melothria L.,Plantae Tracheophyta Magnoliopsida Cucurbitales Cucurbitaceae Melothria,EXACT_MATCH_PRIMARY_SOURCE_ACCEPTED_SIMPLE
Melothria pendula L.,Melothria pendula,Melothria pendula L.,Plantae Tracheophyta Magnoliopsida Cucurbitales Cucurbitaceae Melothria pendula,EXACT_MATCH_PRIMARY_SOURCE_ACCEPTED_AUTHOR_DISAMBIGUATION
Menispermum L.,Menispermum ,Menispermum L.,Plantae Tracheophyta Magnoliopsida Ranunculales Menispermaceae Menispermum,EXACT_MATCH_PRIMARY_SOURCE_ACCEPTED_SIMPLE
Menispermum canadense L.,Menispermum canadense,Menispermum canadense L.,Plantae Tracheophyta Magnoliopsida Ranunculales Menispermaceae Menispermum canadense,EXACT_MATCH_PRIMARY_SOURCE_ACCEPTED_AUTHOR_DISAMBIGUATION
Mentha L.,Mentha ,Mentha L.,Plantae Tracheophyta Magnoliopsida Lamiales Lamiaceae Mentha,EXACT_MATCH_PRIMARY_SOURCE_ACCEPTED_SIMPLE
Mentha aquatica L.,Mentha aquatica,Mentha aquatica L.,Plantae Tracheophyta Magnoliopsida Lamiales Lamiaceae Mentha aquatica,EXACT_MATCH_PRIMARY_SOURCE_ACCEPTED_AUTHOR_DISAMBIGUATION
Mentha arvensis L.,Mentha arvensis,Mentha arvensis L.,Plantae Tracheophyta Magnoliopsida Lamiales Lamiaceae Mentha arvensis,EXACT_MATCH_PRIMARY_SOURCE_ACCEPTED_SIMPLE
Mentha spicata L.,Mentha spicata,Mentha spicata L.,Plantae Tracheophyta Magnoliopsida Lamiales Lamiaceae Mentha spicata,EXACT_MATCH_PRIMARY_SOURCE_ACCEPTED_AUTHOR_DISAMBIGUATION
Mentha suaveolens Ehrh.,Mentha suaveolens,Mentha suaveolens Ehrh.,Plantae Tracheophyta Magnoliopsida Lamiales Lamiaceae Mentha suaveolens,EXACT_MATCH_PRIMARY_SOURCE_ACCEPTED_AUTHOR_DISAMBIGUATION
Mentha ×gracilis Sole (pro sp.) [arvensis × spicata],Mentha gracilis,Mentha ×gracilis Sole (pro sp.) [arvensis × spicata],Plantae Tracheophyta Magnoliopsida Lamiales Lamiaceae Mentha gracilis,EXACT_MATCH_PRIMARY_SOURCE_ACCEPTED_AMONG_SYNONYMS_SIMPLE
Mentha ×piperita L. (pro sp.) [aquatica × spicata],Mentha piperita,Mentha ×piperita L. (pro sp.) [aquatica × spicata],Plantae Tracheophyta Magnoliopsida Lamiales Lamiaceae Mentha piperita,EXACT_MATCH_PRIMARY_SOURCE_ACCEPTED_SIMPLE
Mentha ×rotundifolia (L.) Huds. (pro sp.) [longifolia × suaveolens],Mentha rotundifolia,Mentha ×rotundifolia (L.) Huds. (pro sp.) [longifolia × suaveolens],Plantae Tracheophyta Magnoliopsida Lamiales Lamiaceae Mentha rotundifolia,EXACT_MATCH_PRIMARY_SOURCE_ACCEPTED_AMONG_SYNONYMS_SIMPLE
Menyanthes L.,Menyanthes ,Menyanthes L.,Plantae Tracheophyta Magnoliopsida Asterales Menyanthaceae Menyanthes,EXACT_MATCH_PRIMARY_SOURCE_ACCEPTED_AUTHOR_DISAMBIGUATION
Menyanthes trifoliata L.,Menyanthes trifoliata,Menyanthes trifoliata L.,Plantae Tracheophyta Magnoliopsida Asterales Menyanthaceae Menyanthes trifoliata,EXACT_MATCH_PRIMARY_SOURCE_ACCEPTED_SIMPLE
Menziesia Sm.,Menziesia ,Menziesia Sm.,Animalia Platyhelminthes Monogenea Capsalidea Capsalidae Menziesia,EXACT_MATCH_PRIMARY_SOURCE_ACCEPTED_AMONG_SYNONYMS_SIMPLE
Menziesia pilosa (Michx. ex Lam.) Juss. ex Pers.,Rhododendron pilosum,Menziesia pilosa (Michx. ex Lam.) Juss. ex Pers.,Plantae Tracheophyta Magnoliopsida Ericales Ericaceae Rhododendron pilosum,EXACT_MATCH_PRIMARY_SOURCE_SYNONYM_SIMPLE
Mertensia Roth,Mertensia ,Mertensia Roth,Plantae Tracheophyta Magnoliopsida Boraginales Boraginaceae Mertensia,EXACT_MATCH_PRIMARY_SOURCE_ACCEPTED_AUTHOR_DISAMBIGUATION
Mertensia virginica (L.) Pers. ex Link,Mertensia virginica,Mertensia virginica (L.) Pers. ex Link,Plantae Tracheophyta Magnoliopsida Boraginales Boraginaceae Mertensia virginica,EXACT_MATCH_PRIMARY_SOURCE_ACCEPTED_AUTHOR_DISAMBIGUATION
Micranthemum Michx.,Micranthemum ,Micranthemum Michx.,Plantae Tracheophyta Magnoliopsida Lamiales Linderniaceae Micranthemum,EXACT_MATCH_PRIMARY_SOURCE_ACCEPTED_SIMPLE
Micranthemum micranthemoides (Nutt.) Wettst.,Micranthemum micranthemoides,Micranthemum micranthemoides (Nutt.) Wettst.,Plantae Tracheophyta Magnoliopsida Lamiales Linderniaceae Micranthemum micranthemoides,EXACT_MATCH_PRIMARY_SOURCE_ACCEPTED_SIMPLE
Micranthemum umbrosum (J.F. Gmel.) S.F. Blake,Micranthemum umbrosum,Micranthemum umbrosum (J.F. Gmel.) S.F. Blake,Plantae Tracheophyta Magnoliopsida Lamiales Linderniaceae Micranthemum umbrosum,EXACT_MATCH_PRIMARY_SOURCE_ACCEPTED_SIMPLE
Microstegium Nees,Microstegium ,Microstegium Nees,Plantae Tracheophyta Liliopsida Poales Poaceae Microstegium,EXACT_MATCH_PRIMARY_SOURCE_ACCEPTED_AUTHOR_DISAMBIGUATION
Microstegium vimineum (Trin.) A. Camus,Microstegium vimineum,Microstegium vimineum (Trin.) A. Camus,Plantae Tracheophyta Liliopsida Poales Poaceae Microstegium vimineum,EXACT_MATCH_PRIMARY_SOURCE_ACCEPTED_SIMPLE
Microthlaspi perfoliatum (L.) F.K. Mey.,Noccaea perfoliata,Microthlaspi perfoliatum (L.) F.K. Mey.,Plantae Tracheophyta Magnoliopsida Brassicales Brassicaceae Noccaea perfoliata,EXACT_MATCH_PRIMARY_SOURCE_SYNONYM_SIMPLE
Mikania Willd.,Mikania ,Mikania Willd.,Plantae Tracheophyta Magnoliopsida Asterales Asteraceae Mikania,EXACT_MATCH_PRIMARY_SOURCE_ACCEPTED_AMONG_SYNONYMS_SIMPLE
Mikania scandens (L.) Willd.,Mikania scandens,Mikania scandens (L.) Willd.,Plantae Tracheophyta Magnoliopsida Asterales Asteraceae Mikania scandens,EXACT_MATCH_PRIMARY_SOURCE_ACCEPTED_SIMPLE
Milium L.,Milium ,Milium L.,Plantae Tracheophyta Liliopsida Poales Poaceae Milium,EXACT_MATCH_PRIMARY_SOURCE_ACCEPTED_AMONG_SYNONYMS_SIMPLE
Milium effusum L.,Milium effusum,Milium effusum L.,Plantae Tracheophyta Liliopsida Poales Poaceae Milium effusum,EXACT_MATCH_PRIMARY_SOURCE_ACCEPTED_AMONG_SYNONYMS_SIMPLE
Mimosa L.,Mimosa ,Mimosa L.,Plantae Tracheophyta Magnoliopsida Fabales Fabaceae Mimosa,EXACT_MATCH_PRIMARY_SOURCE_ACCEPTED_SIMPLE
Mimosa pudica L.,Mimosa pudica,Mimosa pudica L.,Plantae Tracheophyta Magnoliopsida Fabales Fabaceae Mimosa pudica,EXACT_MATCH_PRIMARY_SOURCE_ACCEPTED_AUTHOR_DISAMBIGUATION
Mimulus L.,Mimulus ,Mimulus L.,Plantae Tracheophyta Magnoliopsida Lamiales Phrymaceae Mimulus,EXACT_MATCH_PRIMARY_SOURCE_ACCEPTED_AMONG_SYNONYMS_SIMPLE
Mimulus alatus Aiton,Mimulus alatus,Mimulus alatus Aiton,Plantae Tracheophyta Magnoliopsida Lamiales Phrymaceae Mimulus alatus,EXACT_MATCH_PRIMARY_SOURCE_ACCEPTED_AUTHOR_DISAMBIGUATION
Mimulus moschatus Douglas ex Lindl.,Mimulus moschatus,Mimulus moschatus Douglas ex Lindl.,Plantae Tracheophyta Magnoliopsida Lamiales Phrymaceae Mimulus moschatus,EXACT_MATCH_PRIMARY_SOURCE_ACCEPTED_AMONG_SYNONYMS_SIMPLE
Mimulus ringens L.,Mimulus ringens,Mimulus ringens L.,Plantae Tracheophyta Magnoliopsida Lamiales Phrymaceae Mimulus ringens,EXACT_MATCH_PRIMARY_SOURCE_ACCEPTED_SIMPLE
Minuartia caroliniana (Walter) Mattf.,Geocarpon carolinianum,Minuartia caroliniana (Walter) Mattf.,Plantae Tracheophyta Magnoliopsida Caryophyllales Caryophyllaceae Geocarpon carolinianum,EXACT_MATCH_PRIMARY_SOURCE_SYNONYM_SIMPLE
Minuartia glabra (Michx.) Mattf.,Geocarpon glabrum,Minuartia glabra (Michx.) Mattf.,Plantae Tracheophyta Magnoliopsida Caryophyllales Caryophyllaceae Geocarpon glabrum,EXACT_MATCH_PRIMARY_SOURCE_SYNONYM_SIMPLE
Minuartia groenlandica (Retz.) Ostenf.,Geocarpon groenlandicum,Minuartia groenlandica (Retz.) Ostenf.,Plantae Tracheophyta Magnoliopsida Caryophyllales Caryophyllaceae Geocarpon groenlandicum,EXACT_MATCH_PRIMARY_SOURCE_SYNONYM_SIMPLE
Minuartia michauxii (Fenzl) Farw.,Minuartia michauxii,Minuartia michauxii (Fenzl) Farw.,Plantae Tracheophyta Magnoliopsida Caryophyllales Caryophyllaceae Minuartia michauxii,EXACT_MATCH_PRIMARY_SOURCE_ACCEPTED_AMONG_SYNONYMS_SIMPLE
Minuartia patula (Michx.) Mattf.,Mononeuria patula,Minuartia patula (Michx.) Mattf.,Plantae Tracheophyta Magnoliopsida Caryophyllales Caryophyllaceae Mononeuria patula,EXACT_MATCH_PRIMARY_SOURCE_SYNONYM_SIMPLE
Mirabilis L.,Mirabilis ,Mirabilis L.,Plantae Tracheophyta Magnoliopsida Caryophyllales Nyctaginaceae Mirabilis,EXACT_MATCH_PRIMARY_SOURCE_ACCEPTED_AUTHOR_DISAMBIGUATION
Mirabilis jalapa L.,Mirabilis jalapa,Mirabilis jalapa L.,Plantae Tracheophyta Magnoliopsida Caryophyllales Nyctaginaceae Mirabilis jalapa,EXACT_MATCH_PRIMARY_SOURCE_ACCEPTED_SIMPLE
Mirabilis nyctaginea (Michx.) MacMill.,Mirabilis nyctaginea,Mirabilis nyctaginea (Michx.) MacMill.,Plantae Tracheophyta Magnoliopsida Caryophyllales Nyctaginaceae Mirabilis nyctaginea,EXACT_MATCH_PRIMARY_SOURCE_ACCEPTED_AMONG_SYNONYMS_SIMPLE
Miscanthus Andersson,Miscanthus ,Miscanthus Andersson,Plantae Tracheophyta Liliopsida Poales Poaceae Miscanthus,EXACT_MATCH_PRIMARY_SOURCE_ACCEPTED_AUTHOR_DISAMBIGUATION
Miscanthus sinensis Andersson,Miscanthus sinensis,Miscanthus sinensis Andersson,Plantae Tracheophyta Liliopsida Poales Poaceae Miscanthus sinensis,EXACT_MATCH_PRIMARY_SOURCE_ACCEPTED_AUTHOR_DISAMBIGUATION
Misopates Raf.,Misopates ,Misopates Raf.,Plantae Tracheophyta Magnoliopsida Lamiales Plantaginaceae Misopates,EXACT_MATCH_PRIMARY_SOURCE_ACCEPTED_AUTHOR_DISAMBIGUATION
Misopates orontium (L.) Raf.,Misopates orontium,Misopates orontium (L.) Raf.,Plantae Tracheophyta Magnoliopsida Lamiales Plantaginaceae Misopates orontium,EXACT_MATCH_PRIMARY_SOURCE_ACCEPTED_SIMPLE
Mitchella L.,Mitchella ,Mitchella L.,Plantae Tracheophyta Magnoliopsida Gentianales Rubiaceae Mitchella,EXACT_MATCH_PRIMARY_SOURCE_ACCEPTED_AUTHOR_DISAMBIGUATION
Mitchella repens L.,Mitchella repens,Mitchella repens L.,Plantae Tracheophyta Magnoliopsida Gentianales Rubiaceae Mitchella repens,EXACT_MATCH_PRIMARY_SOURCE_ACCEPTED_SIMPLE
Mitella L.,Mitella ,Mitella L.,Plantae Tracheophyta Magnoliopsida Saxifragales Saxifragaceae Mitella,EXACT_MATCH_PRIMARY_SOURCE_ACCEPTED_AUTHOR_DISAMBIGUATION
Mitella diphylla L.,Mitella diphylla,Mitella diphylla L.,Plantae Tracheophyta Magnoliopsida Saxifragales Saxifragaceae Mitella diphylla,EXACT_MATCH_PRIMARY_SOURCE_ACCEPTED_SIMPLE
Mitreola L.,Mitreola ,Mitreola L.,Plantae Tracheophyta Magnoliopsida Gentianales Loganiaceae Mitreola,EXACT_MATCH_PRIMARY_SOURCE_ACCEPTED_AUTHOR_DISAMBIGUATION
Mitreola petiolata (J.F. Gmel.) Torr. & A. Gray,Mitreola petiolata,Mitreola petiolata (J.F. Gmel.) Torr. & A. Gray,Plantae Tracheophyta Magnoliopsida Gentianales Loganiaceae Mitreola petiolata,EXACT_MATCH_PRIMARY_SOURCE_ACCEPTED_SIMPLE
Mitreola sessilifolia (J.F. Gmel.) G. Don,Mitreola sessilifolia,Mitreola sessilifolia (J.F. Gmel.) G. Don,Plantae Tracheophyta Magnoliopsida Gentianales Loganiaceae Mitreola sessilifolia,EXACT_MATCH_PRIMARY_SOURCE_ACCEPTED_AMONG_SYNONYMS_SIMPLE
Modiola Moench,Modiola ,Modiola Moench,Plantae Tracheophyta Magnoliopsida Malvales Malvaceae Modiola,EXACT_MATCH_PRIMARY_SOURCE_ACCEPTED_AUTHOR_DISAMBIGUATION
Modiola caroliniana (L.) G. Don,Modiola caroliniana,Modiola caroliniana (L.) G. Don,Plantae Tracheophyta Magnoliopsida Malvales Malvaceae Modiola caroliniana,EXACT_MATCH_PRIMARY_SOURCE_ACCEPTED_AMONG_SYNONYMS_SIMPLE
Moehringia L.,Moehringia ,Moehringia L.,Plantae Tracheophyta Magnoliopsida Caryophyllales Caryophyllaceae Moehringia,EXACT_MATCH_PRIMARY_SOURCE_ACCEPTED_AUTHOR_DISAMBIGUATION
Moehringia lateriflora (L.) Fenzl,Moehringia lateriflora,Moehringia lateriflora (L.) Fenzl,Plantae Tracheophyta Magnoliopsida Caryophyllales Caryophyllaceae Moehringia lateriflora,EXACT_MATCH_PRIMARY_SOURCE_ACCEPTED_SIMPLE
Mollugo L.,Mollugo ,Mollugo L.,Plantae Tracheophyta Magnoliopsida Caryophyllales Molluginaceae Mollugo,EXACT_MATCH_PRIMARY_SOURCE_ACCEPTED_SIMPLE
Mollugo verticillata L.,Mollugo verticillata,Mollugo verticillata L.,Plantae Tracheophyta Magnoliopsida Caryophyllales Molluginaceae Mollugo verticillata,EXACT_MATCH_PRIMARY_SOURCE_ACCEPTED_AMONG_SYNONYMS_SIMPLE
Monarda L.,Monarda ,Monarda L.,Plantae Tracheophyta Magnoliopsida Lamiales Lamiaceae Monarda,EXACT_MATCH_PRIMARY_SOURCE_ACCEPTED_AUTHOR_DISAMBIGUATION
Monarda bradburiana Beck,Monarda bradburiana,Monarda bradburiana Beck,Plantae Tracheophyta Magnoliopsida Lamiales Lamiaceae Monarda bradburiana,EXACT_MATCH_PRIMARY_SOURCE_ACCEPTED_SIMPLE
Monarda clinopodia L.,Monarda clinopodia,Monarda clinopodia L.,Plantae Tracheophyta Magnoliopsida Lamiales Lamiaceae Monarda clinopodia,EXACT_MATCH_PRIMARY_SOURCE_ACCEPTED_SIMPLE
Monarda didyma L.,Monarda didyma,Monarda didyma L.,Plantae Tracheophyta Magnoliopsida Lamiales Lamiaceae Monarda didyma,EXACT_MATCH_PRIMARY_SOURCE_ACCEPTED_SIMPLE
Monarda fistulosa L.,Monarda fistulosa,Monarda fistulosa L.,Plantae Tracheophyta Magnoliopsida Lamiales Lamiaceae Monarda fistulosa,EXACT_MATCH_PRIMARY_SOURCE_ACCEPTED_AUTHOR_DISAMBIGUATION
Monarda fistulosa L. var. brevis Fosberg & Artz,Monarda brevis,Monarda fistulosa L. var. brevis Fosberg & Artz,Plantae Tracheophyta Magnoliopsida Lamiales Lamiaceae Monarda brevis,MULTI_EXACT_MATCH_PRIMARY_SOURCE_SYNONYMS_INFRASPECIFIC_SCORE
Monarda media Willd.,Monarda media,Monarda media Willd.,Plantae Tracheophyta Magnoliopsida Lamiales Lamiaceae Monarda media,EXACT_MATCH_PRIMARY_SOURCE_ACCEPTED_SIMPLE
Monarda punctata L.,Monarda punctata,Monarda punctata L.,Plantae Tracheophyta Magnoliopsida Lamiales Lamiaceae Monarda punctata,EXACT_MATCH_PRIMARY_SOURCE_ACCEPTED_SIMPLE
Monotropa L.,Monotropa ,Monotropa L.,Plantae Tracheophyta Magnoliopsida Ericales Ericaceae Monotropa,EXACT_MATCH_PRIMARY_SOURCE_ACCEPTED_SIMPLE
Monotropa hypopitys L.,Hypopitys monotropa,Monotropa hypopitys L.,Plantae Tracheophyta Magnoliopsida Ericales Ericaceae Hypopitys monotropa,EXACT_MATCH_PRIMARY_SOURCE_SYNONYM_SIMPLE
Monotropa uniflora L.,Monotropa uniflora,Monotropa uniflora L.,Plantae Tracheophyta Magnoliopsida Ericales Ericaceae Monotropa uniflora,EXACT_MATCH_PRIMARY_SOURCE_ACCEPTED_SIMPLE
Monotropsis Schwein. ex Elliott,Monotropsis ,Monotropsis Schwein. ex Elliott,Plantae Tracheophyta Magnoliopsida Ericales Ericaceae Monotropsis,EXACT_MATCH_PRIMARY_SOURCE_ACCEPTED_AUTHOR_DISAMBIGUATION
Monotropsis odorata Schwein. ex Elliott,Monotropsis odorata,Monotropsis odorata Schwein. ex Elliott,Plantae Tracheophyta Magnoliopsida Ericales Ericaceae Monotropsis odorata,EXACT_MATCH_PRIMARY_SOURCE_ACCEPTED_AMONG_SYNONYMS_SIMPLE
Montia L.,Montia ,Montia L.,Plantae Tracheophyta Magnoliopsida Caryophyllales Montiaceae Montia,EXACT_MATCH_PRIMARY_SOURCE_ACCEPTED_AUTHOR_DISAMBIGUATION
Montia fontana L.,Montia fontana,Montia fontana L.,Plantae Tracheophyta Magnoliopsida Caryophyllales Montiaceae Montia fontana,EXACT_MATCH_PRIMARY_SOURCE_ACCEPTED_AMONG_SYNONYMS_SIMPLE
Montia linearis (Douglas ex Hook.) Greene,Montia linearis,Montia linearis (Douglas ex Hook.) Greene,Plantae Tracheophyta Magnoliopsida Caryophyllales Montiaceae Montia linearis,EXACT_MATCH_PRIMARY_SOURCE_ACCEPTED_SIMPLE
Morella Lour.,Morella ,Morella Lour.,Plantae Tracheophyta Magnoliopsida Fagales Myricaceae Morella,EXACT_MATCH_PRIMARY_SOURCE_ACCEPTED_AUTHOR_DISAMBIGUATION
Morella caroliniensis (Mill.) Small,Morella caroliniensis,Morella caroliniensis (Mill.) Small,Plantae Tracheophyta Magnoliopsida Fagales Myricaceae Morella caroliniensis,EXACT_MATCH_PRIMARY_SOURCE_ACCEPTED_SIMPLE
Morella cerifera (L.) Small,Morella cerifera,Morella cerifera (L.) Small,Plantae Tracheophyta Magnoliopsida Fagales Myricaceae Morella cerifera,EXACT_MATCH_PRIMARY_SOURCE_ACCEPTED_SIMPLE
Morella pensylvanica (Mirb.) Kartesz,Morella pensylvanica,Morella pensylvanica (Mirb.) Kartesz,Plantae Tracheophyta Magnoliopsida Fagales Myricaceae Morella pensylvanica,EXACT_MATCH_PRIMARY_SOURCE_ACCEPTED_SIMPLE
Moricandia DC.,Moricandia ,Moricandia DC.,Plantae Tracheophyta Magnoliopsida Brassicales Brassicaceae Moricandia,EXACT_MATCH_PRIMARY_SOURCE_ACCEPTED_AUTHOR_DISAMBIGUATION
Moricandia arvensis (L.) DC.,Moricandia arvensis,Moricandia arvensis (L.) DC.,Plantae Tracheophyta Magnoliopsida Brassicales Brassicaceae Moricandia arvensis,EXACT_MATCH_PRIMARY_SOURCE_ACCEPTED_SIMPLE
Morus L.,Morus ,Morus L.,Plantae Tracheophyta Magnoliopsida Rosales Moraceae Morus,EXACT_MATCH_PRIMARY_SOURCE_ACCEPTED_AUTHOR_DISAMBIGUATION
Morus alba L.,Morus alba,Morus alba L.,Plantae Tracheophyta Magnoliopsida Rosales Moraceae Morus alba,EXACT_MATCH_PRIMARY_SOURCE_ACCEPTED_AMONG_SYNONYMS_SIMPLE
Morus rubra L.,Morus rubra,Morus rubra L.,Plantae Tracheophyta Magnoliopsida Rosales Moraceae Morus rubra,EXACT_MATCH_PRIMARY_SOURCE_ACCEPTED_AMONG_SYNONYMS_SIMPLE
Muhlenbergia Schreb.,Muhlenbergia ,Muhlenbergia Schreb.,Plantae Tracheophyta Liliopsida Poales Poaceae Muhlenbergia,EXACT_MATCH_PRIMARY_SOURCE_ACCEPTED_AUTHOR_DISAMBIGUATION
Muhlenbergia bushii Pohl,Muhlenbergia bushii,Muhlenbergia bushii Pohl,Plantae Tracheophyta Liliopsida Poales Poaceae Muhlenbergia bushii,EXACT_MATCH_PRIMARY_SOURCE_ACCEPTED_SIMPLE
Muhlenbergia capillaris (Lam.) Trin.,Muhlenbergia capillaris,Muhlenbergia capillaris (Lam.) Trin.,Plantae Tracheophyta Liliopsida Poales Poaceae Muhlenbergia capillaris,EXACT_MATCH_PRIMARY_SOURCE_ACCEPTED_SIMPLE
Muhlenbergia cuspidata (Torr. ex Hook.) Rydb.,Muhlenbergia cuspidata,Muhlenbergia cuspidata (Torr. ex Hook.) Rydb.,Plantae Tracheophyta Liliopsida Poales Poaceae Muhlenbergia cuspidata,EXACT_MATCH_PRIMARY_SOURCE_ACCEPTED_AUTHOR_DISAMBIGUATION
Muhlenbergia expansa (Poir.) Trin.,Muhlenbergia expansa,Muhlenbergia expansa (Poir.) Trin.,Plantae Tracheophyta Liliopsida Poales Poaceae Muhlenbergia expansa,EXACT_MATCH_PRIMARY_SOURCE_ACCEPTED_SIMPLE
Muhlenbergia frondosa (Poir.) Fernald,Muhlenbergia frondosa,Muhlenbergia frondosa (Poir.) Fernald,Plantae Tracheophyta Liliopsida Poales Poaceae Muhlenbergia frondosa,EXACT_MATCH_PRIMARY_SOURCE_ACCEPTED_SIMPLE
Muhlenbergia glomerata (Willd.) Trin.,Muhlenbergia glomerata,Muhlenbergia glomerata (Willd.) Trin.,Plantae Tracheophyta Liliopsida Poales Poaceae Muhlenbergia glomerata,EXACT_MATCH_PRIMARY_SOURCE_ACCEPTED_SIMPLE
Muhlenbergia mexicana (L.) Trin.,Muhlenbergia mexicana,Muhlenbergia mexicana (L.) Trin.,Plantae Tracheophyta Liliopsida Poales Poaceae Muhlenbergia mexicana,EXACT_MATCH_PRIMARY_SOURCE_ACCEPTED_SIMPLE
"Muhlenbergia racemosa (Michx.) Britton, Sterns & Poggenb.",Muhlenbergia racemosa,"Muhlenbergia racemosa (Michx.) Britton, Sterns & Poggenb.",Plantae Tracheophyta Liliopsida Poales Poaceae Muhlenbergia racemosa,EXACT_MATCH_PRIMARY_SOURCE_ACCEPTED_SIMPLE
Muhlenbergia schreberi J.F. Gmel.,Muhlenbergia schreberi,Muhlenbergia schreberi J.F. Gmel.,Plantae Tracheophyta Liliopsida Poales Poaceae Muhlenbergia schreberi,EXACT_MATCH_PRIMARY_SOURCE_ACCEPTED_SIMPLE
Muhlenbergia sobolifera (Muhl. ex Willd.) Trin.,Muhlenbergia sobolifera,Muhlenbergia sobolifera (Muhl. ex Willd.) Trin.,Plantae Tracheophyta Liliopsida Poales Poaceae Muhlenbergia sobolifera,EXACT_MATCH_PRIMARY_SOURCE_ACCEPTED_SIMPLE
Muhlenbergia sylvatica (Torr.) Torr. ex A. Gray,Muhlenbergia sylvatica,Muhlenbergia sylvatica (Torr.) Torr. ex A. Gray,Plantae Tracheophyta Liliopsida Poales Poaceae Muhlenbergia sylvatica,EXACT_MATCH_PRIMARY_SOURCE_MULT_ACCEPTED
"Muhlenbergia tenuiflora (Willd.) Britton, Sterns & Poggenb.",Muhlenbergia tenuiflora,"Muhlenbergia tenuiflora (Willd.) Britton, Sterns & Poggenb.",Plantae Tracheophyta Liliopsida Poales Poaceae Muhlenbergia tenuiflora,EXACT_MATCH_PRIMARY_SOURCE_ACCEPTED_SIMPLE
Murdannia Royle,Murdannia ,Murdannia Royle,Plantae Tracheophyta Liliopsida Commelinales Commelinaceae Murdannia,EXACT_MATCH_PRIMARY_SOURCE_ACCEPTED_SIMPLE
Murdannia keisak (Hassk.) Hand.-Maz.,Murdannia keisak,Murdannia keisak (Hassk.) Hand.-Maz.,Plantae Tracheophyta Liliopsida Commelinales Commelinaceae Murdannia keisak,EXACT_MATCH_PRIMARY_SOURCE_ACCEPTED_SIMPLE
Muscari Mill.,Muscari ,Muscari Mill.,Plantae Tracheophyta Liliopsida Asparagales Asparagaceae Muscari,EXACT_MATCH_PRIMARY_SOURCE_ACCEPTED_SIMPLE
Muscari botryoides (L.) Mill.,Muscari botryoides,Muscari botryoides (L.) Mill.,Plantae Tracheophyta Liliopsida Asparagales Asparagaceae Muscari botryoides,EXACT_MATCH_PRIMARY_SOURCE_ACCEPTED_AUTHOR_DISAMBIGUATION
Muscari comosum (L.) Mill.,Muscari comosum,Muscari comosum (L.) Mill.,Plantae Tracheophyta Liliopsida Asparagales Asparagaceae Muscari comosum,EXACT_MATCH_PRIMARY_SOURCE_ACCEPTED_SIMPLE
Muscari neglectum Guss. ex Ten.,Muscari neglectum,Muscari neglectum Guss. ex Ten.,Plantae Tracheophyta Liliopsida Asparagales Asparagaceae Muscari neglectum,EXACT_MATCH_PRIMARY_SOURCE_ACCEPTED_AUTHOR_DISAMBIGUATION
Myosotis L.,Myosotis ,Myosotis L.,Plantae Tracheophyta Magnoliopsida Boraginales Boraginaceae Myosotis,EXACT_MATCH_PRIMARY_SOURCE_ACCEPTED_AUTHOR_DISAMBIGUATION
Myosotis arvensis (L.) Hill,Myosotis arvensis,Myosotis arvensis (L.) Hill,Plantae Tracheophyta Magnoliopsida Boraginales Boraginaceae Myosotis arvensis,EXACT_MATCH_PRIMARY_SOURCE_ACCEPTED_AUTHOR_DISAMBIGUATION
Myosotis discolor Pers.,Myosotis discolor,Myosotis discolor Pers.,Plantae Tracheophyta Magnoliopsida Boraginales Boraginaceae Myosotis discolor,EXACT_MATCH_PRIMARY_SOURCE_ACCEPTED_SIMPLE
Myosotis laxa Lehm.,Myosotis laxa,Myosotis laxa Lehm.,Plantae Tracheophyta Magnoliopsida Boraginales Boraginaceae Myosotis laxa,EXACT_MATCH_PRIMARY_SOURCE_ACCEPTED_AMONG_SYNONYMS_SIMPLE
Myosotis macrosperma Engelm.,Myosotis macrosperma,Myosotis macrosperma Engelm.,Plantae Tracheophyta Magnoliopsida Boraginales Boraginaceae Myosotis macrosperma,EXACT_MATCH_PRIMARY_SOURCE_ACCEPTED_SIMPLE
Myosotis scorpioides L.,Myosotis scorpioides,Myosotis scorpioides L.,Plantae Tracheophyta Magnoliopsida Boraginales Boraginaceae Myosotis scorpioides,EXACT_MATCH_PRIMARY_SOURCE_ACCEPTED_AMONG_SYNONYMS_SIMPLE
Myosotis stricta Link ex Roem. & Schult.,Myosotis stricta,Myosotis stricta Link ex Roem. & Schult.,Plantae Tracheophyta Magnoliopsida Boraginales Boraginaceae Myosotis stricta,EXACT_MATCH_PRIMARY_SOURCE_ACCEPTED_AMONG_SYNONYMS_SIMPLE
Myosotis verna Nutt.,Myosotis verna,Myosotis verna Nutt.,Plantae Tracheophyta Magnoliopsida Boraginales Boraginaceae Myosotis verna,EXACT_MATCH_PRIMARY_SOURCE_ACCEPTED_AMONG_SYNONYMS_SIMPLE
Myosoton Moench,Stellaria ,Myosoton Moench,Plantae Tracheophyta Magnoliopsida Caryophyllales Caryophyllaceae Stellaria,EXACT_MATCH_PRIMARY_SOURCE_SYNONYM_SIMPLE
Myosoton aquaticum (L.) Moench,Stellaria aquatica,Myosoton aquaticum (L.) Moench,Plantae Tracheophyta Magnoliopsida Caryophyllales Caryophyllaceae Stellaria aquatica,EXACT_MATCH_PRIMARY_SOURCE_SYNONYM_SIMPLE
Myosurus L.,Myosurus ,Myosurus L.,Plantae Tracheophyta Magnoliopsida Ranunculales Ranunculaceae Myosurus,EXACT_MATCH_PRIMARY_SOURCE_ACCEPTED_SIMPLE
Myosurus minimus L.,Myosurus minimus,Myosurus minimus L.,Plantae Tracheophyta Magnoliopsida Ranunculales Ranunculaceae Myosurus minimus,EXACT_MATCH_PRIMARY_SOURCE_ACCEPTED_SIMPLE
Myriophyllum L.,Myriophyllum ,Myriophyllum L.,Plantae Tracheophyta Magnoliopsida Saxifragales Haloragaceae Myriophyllum,EXACT_MATCH_PRIMARY_SOURCE_ACCEPTED_AUTHOR_DISAMBIGUATION
Myriophyllum aquaticum (Vell.) Verdc.,Myriophyllum aquaticum,Myriophyllum aquaticum (Vell.) Verdc.,Plantae Tracheophyta Magnoliopsida Saxifragales Haloragaceae Myriophyllum aquaticum,EXACT_MATCH_PRIMARY_SOURCE_ACCEPTED_SIMPLE
Myriophyllum heterophyllum Michx.,Myriophyllum heterophyllum,Myriophyllum heterophyllum Michx.,Plantae Tracheophyta Magnoliopsida Saxifragales Haloragaceae Myriophyllum heterophyllum,EXACT_MATCH_PRIMARY_SOURCE_ACCEPTED_SIMPLE
Myriophyllum humile (Raf.) Morong,Myriophyllum humile,Myriophyllum humile (Raf.) Morong,Plantae Tracheophyta Magnoliopsida Saxifragales Haloragaceae Myriophyllum humile,EXACT_MATCH_PRIMARY_SOURCE_ACCEPTED_AMONG_SYNONYMS_SIMPLE
"Myriophyllum pinnatum (Walter) Britton, Sterns & Poggenb.",Myriophyllum pinnatum,"Myriophyllum pinnatum (Walter) Britton, Sterns & Poggenb.",Plantae Tracheophyta Magnoliopsida Saxifragales Haloragaceae Myriophyllum pinnatum,EXACT_MATCH_PRIMARY_SOURCE_ACCEPTED_AUTHOR_DISAMBIGUATION
Myriophyllum sibiricum Kom.,Myriophyllum sibiricum,Myriophyllum sibiricum Kom.,Plantae Tracheophyta Magnoliopsida Saxifragales Haloragaceae Myriophyllum sibiricum,EXACT_MATCH_PRIMARY_SOURCE_ACCEPTED_SIMPLE
Myriophyllum spicatum L.,Myriophyllum spicatum,Myriophyllum spicatum L.,Plantae Tracheophyta Magnoliopsida Saxifragales Haloragaceae Myriophyllum spicatum,EXACT_MATCH_PRIMARY_SOURCE_ACCEPTED_AMONG_SYNONYMS_SIMPLE
Myriophyllum tenellum Bigelow,Myriophyllum tenellum,Myriophyllum tenellum Bigelow,Plantae Tracheophyta Magnoliopsida Saxifragales Haloragaceae Myriophyllum tenellum,EXACT_MATCH_PRIMARY_SOURCE_ACCEPTED_SIMPLE
Najas L.,Najas ,Najas L.,Plantae Tracheophyta Liliopsida Alismatales Hydrocharitaceae Najas,EXACT_MATCH_PRIMARY_SOURCE_ACCEPTED_AMONG_SYNONYMS_SIMPLE
Najas flexilis (Willd.) Rostk. & Schmidt,Najas flexilis,Najas flexilis (Willd.) Rostk. & Schmidt,Plantae Tracheophyta Liliopsida Alismatales Hydrocharitaceae Najas flexilis,EXACT_MATCH_PRIMARY_SOURCE_ACCEPTED_SIMPLE
Najas gracillima (A. Braun ex Engelm.) Magnus,Najas gracillima,Najas gracillima (A. Braun ex Engelm.) Magnus,Plantae Tracheophyta Liliopsida Alismatales Hydrocharitaceae Najas gracillima,EXACT_MATCH_PRIMARY_SOURCE_ACCEPTED_SIMPLE
Najas guadalupensis (Spreng.) Magnus,Najas guadalupensis,Najas guadalupensis (Spreng.) Magnus,Plantae Tracheophyta Liliopsida Alismatales Hydrocharitaceae Najas guadalupensis,EXACT_MATCH_PRIMARY_SOURCE_ACCEPTED_AUTHOR_DISAMBIGUATION
Najas marina L.,Najas marina,Najas marina L.,Plantae Tracheophyta Liliopsida Alismatales Hydrocharitaceae Najas marina,EXACT_MATCH_PRIMARY_SOURCE_ACCEPTED_SIMPLE
Najas minor All.,Najas minor,Najas minor All.,Plantae Tracheophyta Liliopsida Alismatales Hydrocharitaceae Najas minor,EXACT_MATCH_PRIMARY_SOURCE_ACCEPTED_SIMPLE
Nandina Thunb.,Nandina ,Nandina Thunb.,Plantae Tracheophyta Magnoliopsida Ranunculales Berberidaceae Nandina,EXACT_MATCH_PRIMARY_SOURCE_ACCEPTED_AUTHOR_DISAMBIGUATION
Nandina domestica Thunb.,Nandina domestica,Nandina domestica Thunb.,Plantae Tracheophyta Magnoliopsida Ranunculales Berberidaceae Nandina domestica,EXACT_MATCH_PRIMARY_SOURCE_ACCEPTED_SIMPLE
Napaea L.,Napaea ,Napaea L.,Plantae Tracheophyta Magnoliopsida Malvales Malvaceae Napaea,EXACT_MATCH_PRIMARY_SOURCE_ACCEPTED_AUTHOR_DISAMBIGUATION
Napaea dioica L.,Napaea dioica,Napaea dioica L.,Plantae Tracheophyta Magnoliopsida Malvales Malvaceae Napaea dioica,EXACT_MATCH_PRIMARY_SOURCE_ACCEPTED_SIMPLE
Narcissus L.,Narcissus ,Narcissus L.,Plantae Tracheophyta Liliopsida Asparagales Amaryllidaceae Narcissus,EXACT_MATCH_PRIMARY_SOURCE_ACCEPTED_SIMPLE
Narcissus poeticus L.,Narcissus poeticus,Narcissus poeticus L.,Plantae Tracheophyta Liliopsida Asparagales Amaryllidaceae Narcissus poeticus,EXACT_MATCH_PRIMARY_SOURCE_ACCEPTED_AUTHOR_DISAMBIGUATION
Narcissus pseudonarcissus L.,Narcissus pseudonarcissus,Narcissus pseudonarcissus L.,Plantae Tracheophyta Liliopsida Asparagales Amaryllidaceae Narcissus pseudonarcissus,EXACT_MATCH_PRIMARY_SOURCE_ACCEPTED_SIMPLE
Narcissus tazetta L.,Narcissus tazetta,Narcissus tazetta L.,Plantae Tracheophyta Liliopsida Asparagales Amaryllidaceae Narcissus tazetta,EXACT_MATCH_PRIMARY_SOURCE_ACCEPTED_AUTHOR_DISAMBIGUATION
Narcissus ×incomparabilis Mill. (pro sp.) [poeticus × pseudonarcissus],Narcissus incomparabilis,Narcissus ×incomparabilis Mill. (pro sp.) [poeticus × pseudonarcissus],Plantae Tracheophyta Liliopsida Asparagales Amaryllidaceae Narcissus incomparabilis,EXACT_MATCH_PRIMARY_SOURCE_ACCEPTED_SIMPLE
Narcissus ×medioluteus Mill. (pro sp.) [poeticus × tazetta],Narcissus medioluteus,Narcissus ×medioluteus Mill. (pro sp.) [poeticus × tazetta],Plantae Tracheophyta Liliopsida Asparagales Amaryllidaceae Narcissus medioluteus,EXACT_MATCH_PRIMARY_SOURCE_ACCEPTED_SIMPLE
Narcissus ×odorus L. (pro sp.) [jonquilla × pseudonarcissus],Narcissus odorus,Narcissus ×odorus L. (pro sp.) [jonquilla × pseudonarcissus],Plantae Tracheophyta Liliopsida Asparagales Amaryllidaceae Narcissus odorus,EXACT_MATCH_PRIMARY_SOURCE_ACCEPTED_SIMPLE
Nasturtium R. Br.,Nasturtium ,Nasturtium R. Br.,Plantae Tracheophyta Magnoliopsida Brassicales Brassicaceae Nasturtium,EXACT_MATCH_PRIMARY_SOURCE_MULT_ACCEPTED
Nasturtium microphyllum Boenn. ex Rchb.,Nasturtium microphyllum,Nasturtium microphyllum Boenn. ex Rchb.,Plantae Tracheophyta Magnoliopsida Brassicales Brassicaceae Nasturtium microphyllum,EXACT_MATCH_PRIMARY_SOURCE_ACCEPTED_AMONG_SYNONYMS_SIMPLE
Nasturtium officinale W.T. Aiton,Nasturtium officinale,Nasturtium officinale W.T. Aiton,Plantae Tracheophyta Magnoliopsida Brassicales Brassicaceae Nasturtium officinale,EXACT_MATCH_PRIMARY_SOURCE_ACCEPTED_AMONG_SYNONYMS_SIMPLE
Nekemias Raf.,Nekemias ,Nekemias Raf.,Plantae Tracheophyta Magnoliopsida Vitales Vitaceae Nekemias,EXACT_MATCH_PRIMARY_SOURCE_ACCEPTED_SIMPLE
Nekemias arborea (L.) J. Wen & Boggan,Nekemias arborea,Nekemias arborea (L.) J. Wen & Boggan,Plantae Tracheophyta Magnoliopsida Vitales Vitaceae Nekemias arborea,EXACT_MATCH_PRIMARY_SOURCE_ACCEPTED_SIMPLE
Nelumbo Adans.,Nelumbo ,Nelumbo Adans.,Plantae Tracheophyta Magnoliopsida Proteales Nelumbonaceae Nelumbo,EXACT_MATCH_PRIMARY_SOURCE_ACCEPTED_SIMPLE
Nelumbo lutea Willd.,Nelumbo lutea,Nelumbo lutea Willd.,Plantae Tracheophyta Magnoliopsida Proteales Nelumbonaceae Nelumbo lutea,EXACT_MATCH_PRIMARY_SOURCE_ACCEPTED_AMONG_SYNONYMS_SIMPLE
Nemophila Nutt.,Nemophila ,Nemophila Nutt.,Plantae Tracheophyta Magnoliopsida Boraginales Hydrophyllaceae Nemophila,EXACT_MATCH_PRIMARY_SOURCE_ACCEPTED_AUTHOR_DISAMBIGUATION
Nemophila aphylla (L.) Brummitt,Nemophila aphylla,Nemophila aphylla (L.) Brummitt,Plantae Tracheophyta Magnoliopsida Boraginales Hydrophyllaceae Nemophila aphylla,EXACT_MATCH_PRIMARY_SOURCE_ACCEPTED_SIMPLE
Neobeckia Greene,Rorippa ,Neobeckia Greene,Plantae Tracheophyta Magnoliopsida Brassicales Brassicaceae Rorippa,EXACT_MATCH_PRIMARY_SOURCE_SYNONYM_SIMPLE
Neobeckia aquatica (Eaton) Greene,Rorippa aquatica,Neobeckia aquatica (Eaton) Greene,Plantae Tracheophyta Magnoliopsida Brassicales Brassicaceae Rorippa aquatica,EXACT_MATCH_PRIMARY_SOURCE_SYNONYM_SIMPLE
Neotorularia Hedge & J. Léonard,Neotorularia ,Neotorularia Hedge & J. Léonard,Plantae Tracheophyta Magnoliopsida Brassicales Brassicaceae Neotorularia,EXACT_MATCH_PRIMARY_SOURCE_ACCEPTED_SIMPLE
Neotorularia humilis (C.A. Mey.) Hedge & J. Léonard,Braya humilis,Neotorularia humilis (C.A. Mey.) Hedge & J. Léonard,Plantae Tracheophyta Magnoliopsida Brassicales Brassicaceae Braya humilis,EXACT_MATCH_PRIMARY_SOURCE_SYNONYM_SIMPLE
Nepeta L.,Nepeta ,Nepeta L.,Plantae Tracheophyta Magnoliopsida Lamiales Lamiaceae Nepeta,EXACT_MATCH_PRIMARY_SOURCE_ACCEPTED_SIMPLE
Nepeta cataria L.,Nepeta cataria,Nepeta cataria L.,Plantae Tracheophyta Magnoliopsida Lamiales Lamiaceae Nepeta cataria,EXACT_MATCH_PRIMARY_SOURCE_ACCEPTED_SIMPLE
Nestronia Raf.,Nestronia ,Nestronia Raf.,Plantae Tracheophyta Magnoliopsida Santalales Santalaceae Nestronia,EXACT_MATCH_PRIMARY_SOURCE_ACCEPTED_SIMPLE
Nestronia umbellula Raf.,Nestronia umbellula,Nestronia umbellula Raf.,Plantae Tracheophyta Magnoliopsida Santalales Santalaceae Nestronia umbellula,EXACT_MATCH_PRIMARY_SOURCE_ACCEPTED_SIMPLE
Nicandra Adans.,Nicandra ,Nicandra Adans.,Plantae Tracheophyta Magnoliopsida Solanales Solanaceae Nicandra,EXACT_MATCH_PRIMARY_SOURCE_ACCEPTED_AUTHOR_DISAMBIGUATION
Nicandra physalodes (L.) Scop.,Nicandra physalodes,Nicandra physalodes (L.) Scop.,Plantae Tracheophyta Magnoliopsida Solanales Solanaceae Nicandra physalodes,EXACT_MATCH_PRIMARY_SOURCE_ACCEPTED_AMONG_SYNONYMS_SIMPLE
Nicotiana L.,Nicotiana ,Nicotiana L.,Plantae Tracheophyta Magnoliopsida Solanales Solanaceae Nicotiana,EXACT_MATCH_PRIMARY_SOURCE_ACCEPTED_SIMPLE
Nicotiana rustica L.,Nicotiana rustica,Nicotiana rustica L.,Plantae Tracheophyta Magnoliopsida Solanales Solanaceae Nicotiana rustica,EXACT_MATCH_PRIMARY_SOURCE_ACCEPTED_AUTHOR_DISAMBIGUATION
Nicotiana tabacum L.,Nicotiana tabacum,Nicotiana tabacum L.,Plantae Tracheophyta Magnoliopsida Solanales Solanaceae Nicotiana tabacum,EXACT_MATCH_PRIMARY_SOURCE_ACCEPTED_AMONG_SYNONYMS_SIMPLE
Nigella L.,Nigella ,Nigella L.,Plantae Tracheophyta Magnoliopsida Ranunculales Ranunculaceae Nigella,EXACT_MATCH_PRIMARY_SOURCE_ACCEPTED_AMONG_SYNONYMS_SIMPLE
Nigella damascena L.,Nigella damascena,Nigella damascena L.,Plantae Tracheophyta Magnoliopsida Ranunculales Ranunculaceae Nigella damascena,EXACT_MATCH_PRIMARY_SOURCE_ACCEPTED_SIMPLE
Nothoscordum Kunth,Nothoscordum ,Nothoscordum Kunth,Plantae Tracheophyta Liliopsida Asparagales Amaryllidaceae Nothoscordum,EXACT_MATCH_PRIMARY_SOURCE_ACCEPTED_AUTHOR_DISAMBIGUATION
Nothoscordum bivalve (L.) Britton,Nothoscordum bivalve,Nothoscordum bivalve (L.) Britton,Plantae Tracheophyta Liliopsida Asparagales Amaryllidaceae Nothoscordum bivalve,EXACT_MATCH_PRIMARY_SOURCE_ACCEPTED_SIMPLE
Nothoscordum borbonicum Kunth,Nothoscordum borbonicum,Nothoscordum borbonicum Kunth,Plantae Tracheophyta Liliopsida Asparagales Amaryllidaceae Nothoscordum borbonicum,EXACT_MATCH_PRIMARY_SOURCE_ACCEPTED_SIMPLE
Nuphar Sm.,Nuphar ,Nuphar Sm.,Plantae Tracheophyta Magnoliopsida Nymphaeales Nymphaeaceae Nuphar,EXACT_MATCH_PRIMARY_SOURCE_ACCEPTED_SIMPLE
Nuphar lutea (L.) Sm.,Nuphar lutea,Nuphar lutea (L.) Sm.,Plantae Tracheophyta Magnoliopsida Nymphaeales Nymphaeaceae Nuphar lutea,EXACT_MATCH_PRIMARY_SOURCE_ACCEPTED_SIMPLE
Nuphar lutea (L.) Sm. ssp. advena (Aiton) Kartesz & Gandhi,Nuphar advena,Nuphar lutea (L.) Sm. ssp. advena (Aiton) Kartesz & Gandhi,Plantae Tracheophyta Magnoliopsida Nymphaeales Nymphaeaceae Nuphar advena,MULTI_EXACT_MATCH_PRIMARY_SOURCE_SYNONYMS_INFRASPECIFIC_SCORE
Nuttallanthus canadensis (L.) D.A. Sutton,Nuttallanthus canadensis,Nuttallanthus canadensis (L.) D.A. Sutton,Plantae Tracheophyta Magnoliopsida Lamiales Plantaginaceae Nuttallanthus canadensis,EXACT_MATCH_PRIMARY_SOURCE_ACCEPTED_SIMPLE
Nuttallanthus texanus (Scheele) D.A. Sutton,Nuttallanthus texanus,Nuttallanthus texanus (Scheele) D.A. Sutton,Plantae Tracheophyta Magnoliopsida Lamiales Plantaginaceae Nuttallanthus texanus,EXACT_MATCH_PRIMARY_SOURCE_ACCEPTED_SIMPLE
Nymphaea L.,Nymphaea ,Nymphaea L.,Plantae Tracheophyta Magnoliopsida Nymphaeales Nymphaeaceae Nymphaea,EXACT_MATCH_PRIMARY_SOURCE_ACCEPTED_AUTHOR_DISAMBIGUATION
Nymphaea odorata Aiton,Nymphaea odorata,Nymphaea odorata Aiton,Plantae Tracheophyta Magnoliopsida Nymphaeales Nymphaeaceae Nymphaea odorata,EXACT_MATCH_PRIMARY_SOURCE_MULT_ACCEPTED
Nymphoides Hill,Nymphoides ,Nymphoides Hill,Plantae Tracheophyta Magnoliopsida Asterales Menyanthaceae Nymphoides,EXACT_MATCH_PRIMARY_SOURCE_ACCEPTED_AUTHOR_DISAMBIGUATION
Nymphoides aquatica (J.F. Gmel.) Kuntze,Nymphoides aquatica,Nymphoides aquatica (J.F. Gmel.) Kuntze,Plantae Tracheophyta Magnoliopsida Asterales Menyanthaceae Nymphoides aquatica,EXACT_MATCH_PRIMARY_SOURCE_ACCEPTED_AMONG_SYNONYMS_SIMPLE
Nyssa L.,Nyssa ,Nyssa L.,Plantae Tracheophyta Magnoliopsida Cornales Nyssaceae Nyssa,EXACT_MATCH_PRIMARY_SOURCE_ACCEPTED_AMONG_SYNONYMS_SIMPLE
Nyssa aquatica L.,Nyssa aquatica,Nyssa aquatica L.,Plantae Tracheophyta Magnoliopsida Cornales Nyssaceae Nyssa aquatica,EXACT_MATCH_PRIMARY_SOURCE_ACCEPTED_AUTHOR_DISAMBIGUATION
Nyssa biflora Walter,Nyssa biflora,Nyssa biflora Walter,Plantae Tracheophyta Magnoliopsida Cornales Nyssaceae Nyssa biflora,EXACT_MATCH_PRIMARY_SOURCE_ACCEPTED_AUTHOR_DISAMBIGUATION
Nyssa sylvatica Marshall,Nyssa sylvatica,Nyssa sylvatica Marshall,Plantae Tracheophyta Magnoliopsida Cornales Nyssaceae Nyssa sylvatica,EXACT_MATCH_PRIMARY_SOURCE_ACCEPTED_SIMPLE
Obolaria L.,Obolaria ,Obolaria L.,Plantae Tracheophyta Magnoliopsida Gentianales Gentianaceae Obolaria,EXACT_MATCH_PRIMARY_SOURCE_ACCEPTED_AUTHOR_DISAMBIGUATION
Obolaria virginica L.,Obolaria virginica,Obolaria virginica L.,Plantae Tracheophyta Magnoliopsida Gentianales Gentianaceae Obolaria virginica,EXACT_MATCH_PRIMARY_SOURCE_ACCEPTED_SIMPLE
Ocimum L.,Ocimum ,Ocimum L.,Plantae Tracheophyta Magnoliopsida Lamiales Lamiaceae Ocimum,EXACT_MATCH_PRIMARY_SOURCE_ACCEPTED_SIMPLE
Ocimum basilicum L.,Ocimum basilicum,Ocimum basilicum L.,Plantae Tracheophyta Magnoliopsida Lamiales Lamiaceae Ocimum basilicum,EXACT_MATCH_PRIMARY_SOURCE_ACCEPTED_SIMPLE
Oclemena Greene,Oclemena ,Oclemena Greene,Plantae Tracheophyta Magnoliopsida Asterales Asteraceae Oclemena,EXACT_MATCH_PRIMARY_SOURCE_ACCEPTED_SIMPLE
Oclemena acuminata (Michx.) Greene,Oclemena acuminata,Oclemena acuminata (Michx.) Greene,Plantae Tracheophyta Magnoliopsida Asterales Asteraceae Oclemena acuminata,EXACT_MATCH_PRIMARY_SOURCE_ACCEPTED_SIMPLE
Oenothera L.,Oenothera ,Oenothera L.,Plantae Tracheophyta Magnoliopsida Myrtales Onagraceae Oenothera,EXACT_MATCH_PRIMARY_SOURCE_ACCEPTED_SIMPLE
Oenothera argillicola Mack.,Oenothera argillicola,Oenothera argillicola Mack.,Plantae Tracheophyta Magnoliopsida Myrtales Onagraceae Oenothera argillicola,EXACT_MATCH_PRIMARY_SOURCE_ACCEPTED_SIMPLE
Oenothera biennis L.,Oenothera biennis,Oenothera biennis L.,Plantae Tracheophyta Magnoliopsida Myrtales Onagraceae Oenothera biennis,EXACT_MATCH_PRIMARY_SOURCE_ACCEPTED_AMONG_SYNONYMS_SIMPLE
Oenothera curtiflora W.L. Wagner & Hoch,Oenothera curtiflora,Oenothera curtiflora W.L. Wagner & Hoch,Plantae Tracheophyta Magnoliopsida Myrtales Onagraceae Oenothera curtiflora,EXACT_MATCH_PRIMARY_SOURCE_ACCEPTED_SIMPLE
Oenothera fruticosa L.,Oenothera fruticosa,Oenothera fruticosa L.,Plantae Tracheophyta Magnoliopsida Myrtales Onagraceae Oenothera fruticosa,EXACT_MATCH_PRIMARY_SOURCE_ACCEPTED_AMONG_SYNONYMS_SIMPLE
Oenothera gaura W.L. Wagner & Hoch,Oenothera gaura,Oenothera gaura W.L. Wagner & Hoch,Plantae Tracheophyta Magnoliopsida Myrtales Onagraceae Oenothera gaura,EXACT_MATCH_PRIMARY_SOURCE_ACCEPTED_SIMPLE
Oenothera glazioviana Micheli,Oenothera glazioviana,Oenothera glazioviana Micheli,Plantae Tracheophyta Magnoliopsida Myrtales Onagraceae Oenothera glazioviana,EXACT_MATCH_PRIMARY_SOURCE_ACCEPTED_AUTHOR_DISAMBIGUATION
Oenothera humifusa Nutt.,Oenothera humifusa,Oenothera humifusa Nutt.,Plantae Tracheophyta Magnoliopsida Myrtales Onagraceae Oenothera humifusa,EXACT_MATCH_PRIMARY_SOURCE_ACCEPTED_AMONG_SYNONYMS_SIMPLE
Oenothera laciniata Hill,Oenothera laciniata,Oenothera laciniata Hill,Plantae Tracheophyta Magnoliopsida Myrtales Onagraceae Oenothera laciniata,EXACT_MATCH_PRIMARY_SOURCE_ACCEPTED_SIMPLE
Oenothera linifolia Nutt.,Oenothera linifolia,Oenothera linifolia Nutt.,Plantae Tracheophyta Magnoliopsida Myrtales Onagraceae Oenothera linifolia,EXACT_MATCH_PRIMARY_SOURCE_ACCEPTED_SIMPLE
Oenothera nutans Atk. & Bartlett,Oenothera nutans,Oenothera nutans Atk. & Bartlett,Plantae Tracheophyta Magnoliopsida Myrtales Onagraceae Oenothera nutans,EXACT_MATCH_PRIMARY_SOURCE_ACCEPTED_SIMPLE
Oenothera oakesiana (A. Gray) J.W. Robbins ex S. Watson & J.M. Coult.,Oenothera oakesiana,Oenothera oakesiana (A. Gray) J.W. Robbins ex S. Watson & J.M. Coult.,Plantae Tracheophyta Magnoliopsida Myrtales Onagraceae Oenothera oakesiana,EXACT_MATCH_PRIMARY_SOURCE_ACCEPTED_AMONG_SYNONYMS_SIMPLE
Oenothera parviflora L.,Oenothera parviflora,Oenothera parviflora L.,Plantae Tracheophyta Magnoliopsida Myrtales Onagraceae Oenothera parviflora,EXACT_MATCH_PRIMARY_SOURCE_ACCEPTED_SIMPLE
Oenothera perennis L.,Oenothera perennis,Oenothera perennis L.,Plantae Tracheophyta Magnoliopsida Myrtales Onagraceae Oenothera perennis,EXACT_MATCH_PRIMARY_SOURCE_ACCEPTED_SIMPLE
Oenothera pilosella Raf.,Oenothera pilosella,Oenothera pilosella Raf.,Plantae Tracheophyta Magnoliopsida Myrtales Onagraceae Oenothera pilosella,EXACT_MATCH_PRIMARY_SOURCE_ACCEPTED_SIMPLE
Oenothera speciosa Nutt.,Oenothera speciosa,Oenothera speciosa Nutt.,Plantae Tracheophyta Magnoliopsida Myrtales Onagraceae Oenothera speciosa,EXACT_MATCH_PRIMARY_SOURCE_ACCEPTED_SIMPLE
Oenothera triloba Nutt.,Oenothera triloba,Oenothera triloba Nutt.,Plantae Tracheophyta Magnoliopsida Myrtales Onagraceae Oenothera triloba,EXACT_MATCH_PRIMARY_SOURCE_ACCEPTED_AMONG_SYNONYMS_SIMPLE
Oenothera villosa Thunb.,Oenothera villosa,Oenothera villosa Thunb.,Plantae Tracheophyta Magnoliopsida Myrtales Onagraceae Oenothera villosa,EXACT_MATCH_PRIMARY_SOURCE_ACCEPTED_SIMPLE
Oldenlandia L.,Oldenlandia ,Oldenlandia L.,Plantae Tracheophyta Magnoliopsida Gentianales Rubiaceae Oldenlandia,EXACT_MATCH_PRIMARY_SOURCE_ACCEPTED_AMONG_SYNONYMS_SIMPLE
Oldenlandia boscii (DC.) Chapm.,Oldenlandia boscii,Oldenlandia boscii (DC.) Chapm.,Plantae Tracheophyta Magnoliopsida Gentianales Rubiaceae Oldenlandia boscii,EXACT_MATCH_PRIMARY_SOURCE_ACCEPTED_SIMPLE
Oligoneuron Small,Solidago ,Oligoneuron Small,Plantae Tracheophyta Magnoliopsida Asterales Asteraceae Solidago,EXACT_MATCH_PRIMARY_SOURCE_SYNONYM_SIMPLE
Oligoneuron rigidum (L.) Small,Solidago rigida,Oligoneuron rigidum (L.) Small,Plantae Tracheophyta Magnoliopsida Asterales Asteraceae Solidago rigida,EXACT_MATCH_PRIMARY_SOURCE_SYNONYM_SIMPLE
Onoclea L.,Onoclea ,Onoclea L.,Plantae Tracheophyta Polypodiopsida Polypodiales Onocleaceae Onoclea,EXACT_MATCH_PRIMARY_SOURCE_ACCEPTED_SIMPLE
Onoclea sensibilis L.,Onoclea sensibilis,Onoclea sensibilis L.,Plantae Tracheophyta Polypodiopsida Polypodiales Onocleaceae Onoclea sensibilis,EXACT_MATCH_PRIMARY_SOURCE_ACCEPTED_SIMPLE
Onopordum L.,Onopordum ,Onopordum L.,Plantae Tracheophyta Magnoliopsida Asterales Asteraceae Onopordum,EXACT_MATCH_PRIMARY_SOURCE_ACCEPTED_SIMPLE
Onopordum acanthium L.,Onopordum acanthium,Onopordum acanthium L.,Plantae Tracheophyta Magnoliopsida Asterales Asteraceae Onopordum acanthium,EXACT_MATCH_PRIMARY_SOURCE_ACCEPTED_SIMPLE
Onosmodium bejariense DC. ex A. DC.,Lithospermum molle,Onosmodium bejariense DC. ex A. DC.,Plantae Tracheophyta Magnoliopsida Boraginales Boraginaceae Lithospermum molle,EXACT_MATCH_PRIMARY_SOURCE_SYNONYM_SIMPLE
Onosmodium bejariense DC. ex A. DC. var. occidentale (Mack.) B.L. Turner,Lithospermum occidentale,Onosmodium bejariense DC. ex A. DC. var. occidentale (Mack.) B.L. Turner,Plantae Tracheophyta Magnoliopsida Boraginales Boraginaceae Lithospermum occidentale,MULTI_EXACT_MATCH_PRIMARY_SOURCE_SYNONYMS_INFRASPECIFIC_SCORE
Onosmodium virginianum (L.) A. DC.,Lithospermum virginianum,Onosmodium virginianum (L.) A. DC.,Plantae Tracheophyta Magnoliopsida Boraginales Boraginaceae Lithospermum virginianum,EXACT_MATCH_PRIMARY_SOURCE_SYNONYM_SIMPLE
Ophioglossum L.,Ophioglossum ,Ophioglossum L.,Plantae Tracheophyta Polypodiopsida Ophioglossales Ophioglossaceae Ophioglossum,EXACT_MATCH_PRIMARY_SOURCE_ACCEPTED_AUTHOR_DISAMBIGUATION
Ophioglossum engelmannii Prantl,Ophioglossum engelmannii,Ophioglossum engelmannii Prantl,Plantae Tracheophyta Polypodiopsida Ophioglossales Ophioglossaceae Ophioglossum engelmannii,EXACT_MATCH_PRIMARY_SOURCE_ACCEPTED_SIMPLE
Ophioglossum petiolatum Hook.,Ophioglossum petiolatum,Ophioglossum petiolatum Hook.,Plantae Tracheophyta Polypodiopsida Ophioglossales Ophioglossaceae Ophioglossum petiolatum,EXACT_MATCH_PRIMARY_SOURCE_ACCEPTED_SIMPLE
Ophioglossum pusillum Raf.,Ophioglossum pusillum,Ophioglossum pusillum Raf.,Plantae Tracheophyta Polypodiopsida Ophioglossales Ophioglossaceae Ophioglossum pusillum,EXACT_MATCH_PRIMARY_SOURCE_ACCEPTED_AMONG_SYNONYMS_SIMPLE
Ophioglossum vulgatum L.,Ophioglossum vulgatum,Ophioglossum vulgatum L.,Plantae Tracheophyta Polypodiopsida Ophioglossales Ophioglossaceae Ophioglossum vulgatum,EXACT_MATCH_PRIMARY_SOURCE_ACCEPTED_AMONG_SYNONYMS_SIMPLE
Oplismenus P. Beauv.,Oplismenus ,Oplismenus P. Beauv.,Plantae Tracheophyta Liliopsida Poales Poaceae Oplismenus,EXACT_MATCH_PRIMARY_SOURCE_ACCEPTED_SIMPLE
Oplismenus hirtellus (L.) P. Beauv.,Oplismenus hirtellus,Oplismenus hirtellus (L.) P. Beauv.,Plantae Tracheophyta Liliopsida Poales Poaceae Oplismenus hirtellus,EXACT_MATCH_PRIMARY_SOURCE_MULT_ACCEPTED
Oplismenus hirtellus (L.) P. Beauv. ssp. setarius (Lam.) Mez ex Ekman,Oplismenus compositus,Oplismenus hirtellus (L.) P. Beauv. ssp. setarius (Lam.) Mez ex Ekman,Plantae Tracheophyta Liliopsida Poales Poaceae Oplismenus compositus,MULTI_EXACT_MATCH_PRIMARY_SOURCE_SYNONYMS_INFRASPECIFIC_SCORE
Opuntia Mill.,Opuntia ,Opuntia Mill.,Plantae Tracheophyta Magnoliopsida Caryophyllales Cactaceae Opuntia,EXACT_MATCH_PRIMARY_SOURCE_ACCEPTED_AUTHOR_DISAMBIGUATION
Opuntia humifusa (Raf.) Raf.,Opuntia humifusa,Opuntia humifusa (Raf.) Raf.,Plantae Tracheophyta Magnoliopsida Caryophyllales Cactaceae Opuntia humifusa,EXACT_MATCH_PRIMARY_SOURCE_ACCEPTED_SIMPLE
Opuntia stricta (Haw.) Haw.,Opuntia stricta,Opuntia stricta (Haw.) Haw.,Plantae Tracheophyta Magnoliopsida Caryophyllales Cactaceae Opuntia stricta,EXACT_MATCH_PRIMARY_SOURCE_ACCEPTED_SIMPLE
Orbexilum Raf.,Orbexilum ,Orbexilum Raf.,Plantae Tracheophyta Magnoliopsida Fabales Fabaceae Orbexilum,EXACT_MATCH_PRIMARY_SOURCE_ACCEPTED_SIMPLE
Orbexilum onobrychis (Nutt.) Rydb.,Orbexilum onobrychis,Orbexilum onobrychis (Nutt.) Rydb.,Plantae Tracheophyta Magnoliopsida Fabales Fabaceae Orbexilum onobrychis,EXACT_MATCH_PRIMARY_SOURCE_ACCEPTED_SIMPLE
Orbexilum pedunculatum (Mill.) Rydb.,Orbexilum pedunculatum,Orbexilum pedunculatum (Mill.) Rydb.,Plantae Tracheophyta Magnoliopsida Fabales Fabaceae Orbexilum pedunculatum,EXACT_MATCH_PRIMARY_SOURCE_ACCEPTED_SIMPLE
Origanum L.,Origanum ,Origanum L.,Plantae Tracheophyta Magnoliopsida Lamiales Lamiaceae Origanum,EXACT_MATCH_PRIMARY_SOURCE_ACCEPTED_SIMPLE
Origanum vulgare L.,Origanum vulgare,Origanum vulgare L.,Plantae Tracheophyta Magnoliopsida Lamiales Lamiaceae Origanum vulgare,EXACT_MATCH_PRIMARY_SOURCE_ACCEPTED_AUTHOR_DISAMBIGUATION
Ornithogalum L.,Ornithogalum ,Ornithogalum L.,Plantae Tracheophyta Liliopsida Asparagales Asparagaceae Ornithogalum,EXACT_MATCH_PRIMARY_SOURCE_ACCEPTED_AUTHOR_DISAMBIGUATION
Ornithogalum nutans L.,Ornithogalum nutans,Ornithogalum nutans L.,Plantae Tracheophyta Liliopsida Asparagales Asparagaceae Ornithogalum nutans,EXACT_MATCH_PRIMARY_SOURCE_ACCEPTED_SIMPLE
Ornithogalum umbellatum L.,Ornithogalum umbellatum,Ornithogalum umbellatum L.,Plantae Tracheophyta Liliopsida Asparagales Asparagaceae Ornithogalum umbellatum,EXACT_MATCH_PRIMARY_SOURCE_ACCEPTED_SIMPLE
Orobanche L.,Orobanche ,Orobanche L.,Plantae Tracheophyta Magnoliopsida Lamiales Orobanchaceae Orobanche,EXACT_MATCH_PRIMARY_SOURCE_ACCEPTED_AUTHOR_DISAMBIGUATION
Orobanche ludoviciana Nutt.,Aphyllon ludovicianum,Orobanche ludoviciana Nutt.,Plantae Tracheophyta Magnoliopsida Lamiales Orobanchaceae Aphyllon ludovicianum,EXACT_MATCH_PRIMARY_SOURCE_SYNONYM_SIMPLE
Orobanche minor Sm.,Orobanche minor,Orobanche minor Sm.,Plantae Tracheophyta Magnoliopsida Lamiales Orobanchaceae Orobanche minor,EXACT_MATCH_PRIMARY_SOURCE_ACCEPTED_AUTHOR_DISAMBIGUATION
Orobanche ramosa L.,Orobanche ramosa,Orobanche ramosa L.,Plantae Tracheophyta Magnoliopsida Lamiales Orobanchaceae Orobanche ramosa,EXACT_MATCH_PRIMARY_SOURCE_ACCEPTED_AMONG_SYNONYMS_SIMPLE
Orobanche riparia L.T. Collins,Aphyllon riparium,Orobanche riparia L.T. Collins,Plantae Tracheophyta Magnoliopsida Lamiales Orobanchaceae Aphyllon riparium,EXACT_MATCH_PRIMARY_SOURCE_SYNONYM_SIMPLE
Orobanche uniflora L.,Aphyllon uniflorum,Orobanche uniflora L.,Plantae Tracheophyta Magnoliopsida Lamiales Orobanchaceae Aphyllon uniflorum,EXACT_MATCH_PRIMARY_SOURCE_SYNONYM_SIMPLE
Orontium L.,Orontium ,Orontium L.,Plantae Tracheophyta Liliopsida Alismatales Araceae Orontium,EXACT_MATCH_PRIMARY_SOURCE_ACCEPTED_AMONG_SYNONYMS_SIMPLE
Orontium aquaticum L.,Orontium aquaticum,Orontium aquaticum L.,Plantae Tracheophyta Liliopsida Alismatales Araceae Orontium aquaticum,EXACT_MATCH_PRIMARY_SOURCE_ACCEPTED_SIMPLE
Orthilia Raf.,Orthilia ,Orthilia Raf.,Plantae Tracheophyta Magnoliopsida Ericales Ericaceae Orthilia,EXACT_MATCH_PRIMARY_SOURCE_ACCEPTED_SIMPLE
Orthilia secunda (L.) House,Orthilia secunda,Orthilia secunda (L.) House,Plantae Tracheophyta Magnoliopsida Ericales Ericaceae Orthilia secunda,EXACT_MATCH_PRIMARY_SOURCE_ACCEPTED_SIMPLE
Oryza L.,Oryza ,Oryza L.,Plantae Tracheophyta Liliopsida Poales Poaceae Oryza,EXACT_MATCH_PRIMARY_SOURCE_ACCEPTED_SIMPLE
Oryza sativa L.,Oryza sativa,Oryza sativa L.,Plantae Tracheophyta Liliopsida Poales Poaceae Oryza sativa,EXACT_MATCH_PRIMARY_SOURCE_ACCEPTED_AUTHOR_DISAMBIGUATION
Oryzopsis Michx.,Oryzopsis ,Oryzopsis Michx.,Plantae Tracheophyta Liliopsida Poales Poaceae Oryzopsis,EXACT_MATCH_PRIMARY_SOURCE_ACCEPTED_SIMPLE
Oryzopsis asperifolia Michx.,Oryzopsis asperifolia,Oryzopsis asperifolia Michx.,Plantae Tracheophyta Liliopsida Poales Poaceae Oryzopsis asperifolia,EXACT_MATCH_PRIMARY_SOURCE_ACCEPTED_SIMPLE
Osmanthus Lour.,Osmanthus ,Osmanthus Lour.,Plantae Tracheophyta Magnoliopsida Lamiales Oleaceae Osmanthus,EXACT_MATCH_PRIMARY_SOURCE_ACCEPTED_SIMPLE
Osmanthus americanus (L.) Benth. & Hook. f. ex A. Gray,Osmanthus americanus,Osmanthus americanus (L.) Benth. & Hook. f. ex A. Gray,Plantae Tracheophyta Magnoliopsida Lamiales Oleaceae Osmanthus americanus,EXACT_MATCH_PRIMARY_SOURCE_MULT_ACCEPTED
Osmorhiza Raf.,Osmorhiza ,Osmorhiza Raf.,Plantae Tracheophyta Magnoliopsida Apiales Apiaceae Osmorhiza,EXACT_MATCH_PRIMARY_SOURCE_ACCEPTED_SIMPLE
Osmorhiza claytonii (Michx.) C.B. Clarke,Osmorhiza claytonii,Osmorhiza claytonii (Michx.) C.B. Clarke,Plantae Tracheophyta Magnoliopsida Apiales Apiaceae Osmorhiza claytonii,EXACT_MATCH_PRIMARY_SOURCE_MULT_ACCEPTED
Osmorhiza longistylis (Torr.) DC.,Osmorhiza longistylis,Osmorhiza longistylis (Torr.) DC.,Plantae Tracheophyta Magnoliopsida Apiales Apiaceae Osmorhiza longistylis,EXACT_MATCH_PRIMARY_SOURCE_ACCEPTED_SIMPLE
Osmunda L.,Osmunda ,Osmunda L.,Plantae Tracheophyta Polypodiopsida Osmundales Osmundaceae Osmunda,EXACT_MATCH_PRIMARY_SOURCE_ACCEPTED_SIMPLE
Osmunda cinnamomea L.,Osmundastrum cinnamomeum,Osmunda cinnamomea L.,Plantae Tracheophyta Polypodiopsida Osmundales Osmundaceae Osmundastrum cinnamomeum,EXACT_MATCH_PRIMARY_SOURCE_SYNONYM_SIMPLE
Osmunda claytoniana L.,Claytosmunda claytoniana,Osmunda claytoniana L.,Plantae Tracheophyta Polypodiopsida Osmundales Osmundaceae Claytosmunda claytoniana,EXACT_MATCH_PRIMARY_SOURCE_SYNONYM_SIMPLE
Osmunda regalis L.,Osmunda regalis,Osmunda regalis L.,Plantae Tracheophyta Polypodiopsida Osmundales Osmundaceae Osmunda regalis,EXACT_MATCH_PRIMARY_SOURCE_ACCEPTED_SIMPLE
Osmunda regalis L. var. spectabilis (Willd.) A. Gray,Osmunda spectabilis,Osmunda regalis L. var. spectabilis (Willd.) A. Gray,Plantae Tracheophyta Polypodiopsida Osmundales Osmundaceae Osmunda spectabilis,MULTI_EXACT_MATCH_PRIMARY_SOURCE_SYNONYMS_INFRASPECIFIC_SCORE
Ostrya Scop.,Ostrya ,Ostrya Scop.,Plantae Tracheophyta Magnoliopsida Fagales Betulaceae Ostrya,EXACT_MATCH_PRIMARY_SOURCE_ACCEPTED_AUTHOR_DISAMBIGUATION
Ostrya virginiana (Mill.) K. Koch,Ostrya virginiana,Ostrya virginiana (Mill.) K. Koch,Plantae Tracheophyta Magnoliopsida Fagales Betulaceae Ostrya virginiana,EXACT_MATCH_PRIMARY_SOURCE_MULT_ACCEPTED
Oxalis L.,Oxalis ,Oxalis L.,Plantae Tracheophyta Magnoliopsida Oxalidales Oxalidaceae Oxalis,EXACT_MATCH_PRIMARY_SOURCE_ACCEPTED_SIMPLE
Oxalis corniculata L.,Oxalis corniculata,Oxalis corniculata L.,Plantae Tracheophyta Magnoliopsida Oxalidales Oxalidaceae Oxalis corniculata,EXACT_MATCH_PRIMARY_SOURCE_ACCEPTED_SIMPLE
Oxalis dillenii Jacq.,Oxalis dillenii,Oxalis dillenii Jacq.,Plantae Tracheophyta Magnoliopsida Oxalidales Oxalidaceae Oxalis dillenii,EXACT_MATCH_PRIMARY_SOURCE_ACCEPTED_SIMPLE
Oxalis grandis Small,Oxalis grandis,Oxalis grandis Small,Plantae Tracheophyta Magnoliopsida Oxalidales Oxalidaceae Oxalis grandis,EXACT_MATCH_PRIMARY_SOURCE_ACCEPTED_SIMPLE
Oxalis montana Raf.,Oxalis montana,Oxalis montana Raf.,Plantae Tracheophyta Magnoliopsida Oxalidales Oxalidaceae Oxalis montana,EXACT_MATCH_PRIMARY_SOURCE_ACCEPTED_SIMPLE
Oxalis rubra A. St.-Hil.,Oxalis articulata,Oxalis rubra A. St.-Hil.,Plantae Tracheophyta Magnoliopsida Oxalidales Oxalidaceae Oxalis articulata,EXACT_MATCH_PRIMARY_SOURCE_SYNONYM_SIMPLE
Oxalis stricta L.,Oxalis stricta,Oxalis stricta L.,Plantae Tracheophyta Magnoliopsida Oxalidales Oxalidaceae Oxalis stricta,EXACT_MATCH_PRIMARY_SOURCE_ACCEPTED_SIMPLE
Oxalis violacea L.,Oxalis violacea,Oxalis violacea L.,Plantae Tracheophyta Magnoliopsida Oxalidales Oxalidaceae Oxalis violacea,EXACT_MATCH_PRIMARY_SOURCE_ACCEPTED_AUTHOR_DISAMBIGUATION
Oxydendrum DC.,Oxydendrum ,Oxydendrum DC.,Plantae Tracheophyta Magnoliopsida Ericales Ericaceae Oxydendrum,EXACT_MATCH_PRIMARY_SOURCE_ACCEPTED_AUTHOR_DISAMBIGUATION
Oxydendrum arboreum (L.) DC.,Oxydendrum arboreum,Oxydendrum arboreum (L.) DC.,Plantae Tracheophyta Magnoliopsida Ericales Ericaceae Oxydendrum arboreum,EXACT_MATCH_PRIMARY_SOURCE_ACCEPTED_SIMPLE
Oxypolis Raf.,Oxypolis ,Oxypolis Raf.,Plantae Tracheophyta Magnoliopsida Apiales Apiaceae Oxypolis,EXACT_MATCH_PRIMARY_SOURCE_ACCEPTED_SIMPLE
Oxypolis rigidior (L.) Raf.,Oxypolis rigidior,Oxypolis rigidior (L.) Raf.,Plantae Tracheophyta Magnoliopsida Apiales Apiaceae Oxypolis rigidior,EXACT_MATCH_PRIMARY_SOURCE_ACCEPTED_SIMPLE
Oxypolis ternata (Nutt.) A. Heller,Oxypolis ternata,Oxypolis ternata (Nutt.) A. Heller,Plantae Tracheophyta Magnoliopsida Apiales Apiaceae Oxypolis ternata,EXACT_MATCH_PRIMARY_SOURCE_ACCEPTED_SIMPLE
Pachysandra Michx.,Pachysandra ,Pachysandra Michx.,Plantae Tracheophyta Magnoliopsida Buxales Buxaceae Pachysandra,EXACT_MATCH_PRIMARY_SOURCE_ACCEPTED_SIMPLE
Pachysandra terminalis Siebold & Zucc.,Pachysandra terminalis,Pachysandra terminalis Siebold & Zucc.,Plantae Tracheophyta Magnoliopsida Buxales Buxaceae Pachysandra terminalis,EXACT_MATCH_PRIMARY_SOURCE_ACCEPTED_SIMPLE
Packera anonyma (Alph. Wood) W.A. Weber & Á. Löve,Packera anonyma,Packera anonyma (Alph. Wood) W.A. Weber & Á. Löve,Plantae Tracheophyta Magnoliopsida Asterales Asteraceae Packera anonyma,EXACT_MATCH_PRIMARY_SOURCE_ACCEPTED_SIMPLE
Packera antennariifolia (Britton) W.A. Weber & Á. Löve,Packera antennariifolia,Packera antennariifolia (Britton) W.A. Weber & Á. Löve,Plantae Tracheophyta Magnoliopsida Asterales Asteraceae Packera antennariifolia,EXACT_MATCH_PRIMARY_SOURCE_ACCEPTED_SIMPLE
Packera aurea (L.) Á. Löve & D. Löve,Packera aurea,Packera aurea (L.) Á. Löve & D. Löve,Plantae Tracheophyta Magnoliopsida Asterales Asteraceae Packera aurea,EXACT_MATCH_PRIMARY_SOURCE_MULT_ACCEPTED
Packera millefolium (Torr. & A. Gray) W.A. Weber & Á. Löve,Packera millefolia,Packera millefolium (Torr. & A. Gray) W.A. Weber & Á. Löve,Plantae Tracheophyta Magnoliopsida Asterales Asteraceae Packera millefolia,FUZZY_MATCH_PRIMARY_SOURCE_ACCEPTED
Packera obovata (Muhl. ex Willd.) W.A. Weber & Á. Löve,Packera obovata,Packera obovata (Muhl. ex Willd.) W.A. Weber & Á. Löve,Plantae Tracheophyta Magnoliopsida Asterales Asteraceae Packera obovata,EXACT_MATCH_PRIMARY_SOURCE_ACCEPTED_SIMPLE
Packera paupercula (Michx.) Á. Löve & D. Löve,Packera paupercula,Packera paupercula (Michx.) Á. Löve & D. Löve,Plantae Tracheophyta Magnoliopsida Asterales Asteraceae Packera paupercula,EXACT_MATCH_PRIMARY_SOURCE_ACCEPTED_SIMPLE
Packera plattensis (Nutt.) W.A. Weber & Á. Löve,Packera plattensis,Packera plattensis (Nutt.) W.A. Weber & Á. Löve,Plantae Tracheophyta Magnoliopsida Asterales Asteraceae Packera plattensis,EXACT_MATCH_PRIMARY_SOURCE_ACCEPTED_SIMPLE
Packera tomentosa (Michx.) C. Jeffrey,Packera dubia,Packera tomentosa (Michx.) C. Jeffrey,Plantae Tracheophyta Magnoliopsida Asterales Asteraceae Packera dubia,EXACT_MATCH_PRIMARY_SOURCE_SYNONYM_SIMPLE
Packera Á. Löve & D. Löve,Packera ,Packera Á. Löve & D. Löve,Plantae Tracheophyta Magnoliopsida Asterales Asteraceae Packera,EXACT_MATCH_PRIMARY_SOURCE_ACCEPTED_SIMPLE
Panax L.,Panax ,Panax L.,Plantae Tracheophyta Magnoliopsida Apiales Araliaceae Panax,EXACT_MATCH_PRIMARY_SOURCE_ACCEPTED_AMONG_SYNONYMS_SIMPLE
Panax quinquefolius L.,Panax quinquefolius,Panax quinquefolius L.,Plantae Tracheophyta Magnoliopsida Apiales Araliaceae Panax quinquefolius,EXACT_MATCH_PRIMARY_SOURCE_ACCEPTED_SIMPLE
Panax trifolius L.,Panax trifolius,Panax trifolius L.,Plantae Tracheophyta Magnoliopsida Apiales Araliaceae Panax trifolius,EXACT_MATCH_PRIMARY_SOURCE_ACCEPTED_SIMPLE
Panicum L.,Panicum ,Panicum L.,Plantae Tracheophyta Liliopsida Poales Poaceae Panicum,EXACT_MATCH_PRIMARY_SOURCE_ACCEPTED_AUTHOR_DISAMBIGUATION
Panicum amarum Elliott,Panicum amarum,Panicum amarum Elliott,Plantae Tracheophyta Liliopsida Poales Poaceae Panicum amarum,EXACT_MATCH_PRIMARY_SOURCE_ACCEPTED_SIMPLE
Panicum anceps Michx.,Coleataenia anceps,Panicum anceps Michx.,Plantae Tracheophyta Liliopsida Poales Poaceae Coleataenia anceps,EXACT_MATCH_PRIMARY_SOURCE_SYNONYM_SIMPLE
Panicum capillare L.,Panicum capillare,Panicum capillare L.,Plantae Tracheophyta Liliopsida Poales Poaceae Panicum capillare,EXACT_MATCH_PRIMARY_SOURCE_ACCEPTED_AUTHOR_DISAMBIGUATION
Panicum dichotomiflorum Michx.,Panicum dichotomiflorum,Panicum dichotomiflorum Michx.,Plantae Tracheophyta Liliopsida Poales Poaceae Panicum dichotomiflorum,EXACT_MATCH_PRIMARY_SOURCE_ACCEPTED_SIMPLE
Panicum flexile (Gattinger) Scribn.,Panicum flexile,Panicum flexile (Gattinger) Scribn.,Plantae Tracheophyta Liliopsida Poales Poaceae Panicum flexile,EXACT_MATCH_PRIMARY_SOURCE_ACCEPTED_SIMPLE
Panicum gattingeri Nash,Panicum gattingeri,Panicum gattingeri Nash,Plantae Tracheophyta Liliopsida Poales Poaceae Panicum gattingeri,EXACT_MATCH_PRIMARY_SOURCE_ACCEPTED_SIMPLE
Panicum hemitomon Schult.,Panicum hemitomon,Panicum hemitomon Schult.,Plantae Tracheophyta Liliopsida Poales Poaceae Panicum hemitomon,EXACT_MATCH_PRIMARY_SOURCE_ACCEPTED_SIMPLE
Panicum miliaceum L.,Panicum miliaceum,Panicum miliaceum L.,Plantae Tracheophyta Liliopsida Poales Poaceae Panicum miliaceum,EXACT_MATCH_PRIMARY_SOURCE_ACCEPTED_AUTHOR_DISAMBIGUATION
Panicum philadelphicum Bernh. ex Trin.,Panicum philadelphicum,Panicum philadelphicum Bernh. ex Trin.,Plantae Tracheophyta Liliopsida Poales Poaceae Panicum philadelphicum,EXACT_MATCH_PRIMARY_SOURCE_ACCEPTED_AUTHOR_DISAMBIGUATION
Panicum rigidulum Bosc ex Nees,Coleataenia rigidula,Panicum rigidulum Bosc ex Nees,Plantae Tracheophyta Liliopsida Poales Poaceae Coleataenia rigidula,MULTI_EXACT_MATCH_PRIMARY_SOURCE_SYNONYMS_INFRASPECIFIC_SCORE
Panicum rigidulum Bosc ex Nees var. combsii (Scribn. & C.R. Ball) Lelong,Coleataenia longifolia,Panicum rigidulum Bosc ex Nees var. combsii (Scribn. & C.R. Ball) Lelong,Plantae Tracheophyta Liliopsida Poales Poaceae Coleataenia longifolia,MULTI_EXACT_MATCH_PRIMARY_SOURCE_SYNONYMS_INFRASPECIFIC_SCORE
Panicum rigidulum Bosc ex Nees var. elongatum (Pursh) Lelong,Coleataenia pulchra,Panicum rigidulum Bosc ex Nees var. elongatum (Pursh) Lelong,Plantae Tracheophyta Liliopsida Poales Poaceae Coleataenia pulchra,MULTI_EXACT_MATCH_PRIMARY_SOURCE_SYNONYMS_INFRASPECIFIC_SCORE
Panicum verrucosum Muhl.,Kellochloa verrucosa,Panicum verrucosum Muhl.,Plantae Tracheophyta Liliopsida Poales Poaceae Kellochloa verrucosa,EXACT_MATCH_PRIMARY_SOURCE_SYNONYM_SIMPLE
Panicum virgatum L.,Panicum virgatum,Panicum virgatum L.,Plantae Tracheophyta Liliopsida Poales Poaceae Panicum virgatum,EXACT_MATCH_PRIMARY_SOURCE_ACCEPTED_AUTHOR_DISAMBIGUATION
Papaver L.,Papaver ,Papaver L.,Plantae Tracheophyta Magnoliopsida Ranunculales Papaveraceae Papaver,EXACT_MATCH_PRIMARY_SOURCE_ACCEPTED_AUTHOR_DISAMBIGUATION
Papaver argemone L.,Roemeria argemone,Papaver argemone L.,Plantae Tracheophyta Magnoliopsida Ranunculales Papaveraceae Roemeria argemone,EXACT_MATCH_PRIMARY_SOURCE_SYNONYM_SIMPLE
Papaver dubium L.,Papaver dubium,Papaver dubium L.,Plantae Tracheophyta Magnoliopsida Ranunculales Papaveraceae Papaver dubium,EXACT_MATCH_PRIMARY_SOURCE_ACCEPTED_AUTHOR_DISAMBIGUATION
Papaver orientale L.,Papaver orientale,Papaver orientale L.,Plantae Tracheophyta Magnoliopsida Ranunculales Papaveraceae Papaver orientale,EXACT_MATCH_PRIMARY_SOURCE_ACCEPTED_AMONG_SYNONYMS_SIMPLE
Papaver rhoeas L.,Papaver rhoeas,Papaver rhoeas L.,Plantae Tracheophyta Magnoliopsida Ranunculales Papaveraceae Papaver rhoeas,EXACT_MATCH_PRIMARY_SOURCE_ACCEPTED_AUTHOR_DISAMBIGUATION
Papaver somniferum L.,Papaver somniferum,Papaver somniferum L.,Plantae Tracheophyta Magnoliopsida Ranunculales Papaveraceae Papaver somniferum,EXACT_MATCH_PRIMARY_SOURCE_ACCEPTED_SIMPLE
Parapholis incurva (L.) C.E. Hubbard,Parapholis incurva,Parapholis incurva (L.) C.E. Hubbard,Plantae Tracheophyta Liliopsida Poales Poaceae Parapholis incurva,EXACT_MATCH_PRIMARY_SOURCE_ACCEPTED_SIMPLE
Parietaria L.,Parietaria ,Parietaria L.,Plantae Tracheophyta Magnoliopsida Rosales Urticaceae Parietaria,EXACT_MATCH_PRIMARY_SOURCE_ACCEPTED_AMONG_SYNONYMS_SIMPLE
Parietaria judaica L.,Parietaria judaica,Parietaria judaica L.,Plantae Tracheophyta Magnoliopsida Rosales Urticaceae Parietaria judaica,EXACT_MATCH_PRIMARY_SOURCE_ACCEPTED_AUTHOR_DISAMBIGUATION
Parietaria pensylvanica Muhl. ex Willd.,Parietaria pensylvanica,Parietaria pensylvanica Muhl. ex Willd.,Plantae Tracheophyta Magnoliopsida Rosales Urticaceae Parietaria pensylvanica,EXACT_MATCH_PRIMARY_SOURCE_ACCEPTED_AMONG_SYNONYMS_SIMPLE
Parnassia L.,Parnassia ,Parnassia L.,Plantae Tracheophyta Magnoliopsida Celastrales Parnassiaceae Parnassia,EXACT_MATCH_PRIMARY_SOURCE_ACCEPTED_AUTHOR_DISAMBIGUATION
Parnassia asarifolia Vent.,Parnassia asarifolia,Parnassia asarifolia Vent.,Plantae Tracheophyta Magnoliopsida Celastrales Parnassiaceae Parnassia asarifolia,EXACT_MATCH_PRIMARY_SOURCE_ACCEPTED_SIMPLE
Parnassia grandifolia DC.,Parnassia grandifolia,Parnassia grandifolia DC.,Plantae Tracheophyta Magnoliopsida Celastrales Parnassiaceae Parnassia grandifolia,EXACT_MATCH_PRIMARY_SOURCE_ACCEPTED_SIMPLE
Paronychia Mill.,Paronychia ,Paronychia Mill.,Plantae Tracheophyta Magnoliopsida Caryophyllales Caryophyllaceae Paronychia,EXACT_MATCH_PRIMARY_SOURCE_ACCEPTED_AUTHOR_DISAMBIGUATION
Paronychia argyrocoma (Michx.) Nutt.,Paronychia argyrocoma,Paronychia argyrocoma (Michx.) Nutt.,Plantae Tracheophyta Magnoliopsida Caryophyllales Caryophyllaceae Paronychia argyrocoma,EXACT_MATCH_PRIMARY_SOURCE_ACCEPTED_SIMPLE
Paronychia baldwinii (Torr. & A. Gray) Fenzl ex Walp.,Paronychia baldwinii,Paronychia baldwinii (Torr. & A. Gray) Fenzl ex Walp.,Plantae Tracheophyta Magnoliopsida Caryophyllales Caryophyllaceae Paronychia baldwinii,EXACT_MATCH_PRIMARY_SOURCE_MULT_ACCEPTED
Paronychia canadensis (L.) Alph. Wood,Paronychia canadensis,Paronychia canadensis (L.) Alph. Wood,Plantae Tracheophyta Magnoliopsida Caryophyllales Caryophyllaceae Paronychia canadensis,EXACT_MATCH_PRIMARY_SOURCE_ACCEPTED_SIMPLE
Paronychia fastigiata (Raf.) Fernald,Paronychia fastigiata,Paronychia fastigiata (Raf.) Fernald,Plantae Tracheophyta Magnoliopsida Caryophyllales Caryophyllaceae Paronychia fastigiata,EXACT_MATCH_PRIMARY_SOURCE_ACCEPTED_SIMPLE
Paronychia virginica Spreng.,Paronychia virginica,Paronychia virginica Spreng.,Plantae Tracheophyta Magnoliopsida Caryophyllales Caryophyllaceae Paronychia virginica,EXACT_MATCH_PRIMARY_SOURCE_ACCEPTED_SIMPLE
Parthenium L.,Parthenium ,Parthenium L.,Plantae Tracheophyta Magnoliopsida Asterales Asteraceae Parthenium,EXACT_MATCH_PRIMARY_SOURCE_ACCEPTED_SIMPLE
Parthenium auriculatum Britton,Parthenium auriculatum,Parthenium auriculatum Britton,Plantae Tracheophyta Magnoliopsida Asterales Asteraceae Parthenium auriculatum,EXACT_MATCH_PRIMARY_SOURCE_ACCEPTED_SIMPLE
Parthenium hysterophorus L.,Parthenium hysterophorus,Parthenium hysterophorus L.,Plantae Tracheophyta Magnoliopsida Asterales Asteraceae Parthenium hysterophorus,EXACT_MATCH_PRIMARY_SOURCE_ACCEPTED_AUTHOR_DISAMBIGUATION
Parthenium integrifolium L.,Parthenium integrifolium,Parthenium integrifolium L.,Plantae Tracheophyta Magnoliopsida Asterales Asteraceae Parthenium integrifolium,EXACT_MATCH_PRIMARY_SOURCE_ACCEPTED_SIMPLE
Parthenocissus Planch.,Parthenocissus ,Parthenocissus Planch.,Plantae Tracheophyta Magnoliopsida Vitales Vitaceae Parthenocissus,EXACT_MATCH_PRIMARY_SOURCE_ACCEPTED_SIMPLE
Parthenocissus quinquefolia (L.) Planch.,Parthenocissus quinquefolia,Parthenocissus quinquefolia (L.) Planch.,Plantae Tracheophyta Magnoliopsida Vitales Vitaceae Parthenocissus quinquefolia,EXACT_MATCH_PRIMARY_SOURCE_ACCEPTED_SIMPLE
Parthenocissus vitacea (Knerr) Hitchc.,Parthenocissus inserta,Parthenocissus vitacea (Knerr) Hitchc.,Plantae Tracheophyta Magnoliopsida Vitales Vitaceae Parthenocissus inserta,EXACT_MATCH_PRIMARY_SOURCE_SYNONYM_SIMPLE
Paspalum L.,Paspalum ,Paspalum L.,Plantae Tracheophyta Liliopsida Poales Poaceae Paspalum,EXACT_MATCH_PRIMARY_SOURCE_ACCEPTED_SIMPLE
Paspalum bifidum (Bertol.) Nash,Paspalum bifidum,Paspalum bifidum (Bertol.) Nash,Plantae Tracheophyta Liliopsida Poales Poaceae Paspalum bifidum,EXACT_MATCH_PRIMARY_SOURCE_ACCEPTED_SIMPLE
Paspalum boscianum Flueggé,Paspalum scrobiculatum,Paspalum boscianum Flueggé,Plantae Tracheophyta Liliopsida Poales Poaceae Paspalum scrobiculatum,EXACT_MATCH_PRIMARY_SOURCE_SYNONYM_SIMPLE
Paspalum dilatatum Poir.,Paspalum dilatatum,Paspalum dilatatum Poir.,Plantae Tracheophyta Liliopsida Poales Poaceae Paspalum dilatatum,EXACT_MATCH_PRIMARY_SOURCE_ACCEPTED_AUTHOR_DISAMBIGUATION
Paspalum dissectum (L.) L.,Paspalum dissectum,Paspalum dissectum (L.) L.,Plantae Tracheophyta Liliopsida Poales Poaceae Paspalum dissectum,EXACT_MATCH_PRIMARY_SOURCE_ACCEPTED_AMONG_SYNONYMS_SIMPLE
Paspalum distichum L.,Paspalum distichum,Paspalum distichum L.,Plantae Tracheophyta Liliopsida Poales Poaceae Paspalum distichum,EXACT_MATCH_PRIMARY_SOURCE_ACCEPTED_AMONG_SYNONYMS_SIMPLE
Paspalum floridanum Michx.,Paspalum floridanum,Paspalum floridanum Michx.,Plantae Tracheophyta Liliopsida Poales Poaceae Paspalum floridanum,EXACT_MATCH_PRIMARY_SOURCE_ACCEPTED_SIMPLE
Paspalum fluitans (Elliott) Kunth,Paspalum repens,Paspalum fluitans (Elliott) Kunth,Plantae Tracheophyta Liliopsida Poales Poaceae Paspalum repens,EXACT_MATCH_PRIMARY_SOURCE_SYNONYM_SIMPLE
Paspalum laeve Michx.,Paspalum laeve,Paspalum laeve Michx.,Plantae Tracheophyta Liliopsida Poales Poaceae Paspalum laeve,EXACT_MATCH_PRIMARY_SOURCE_ACCEPTED_SIMPLE
Paspalum notatum Flueggé,Paspalum notatum,Paspalum notatum Flueggé,Plantae Tracheophyta Liliopsida Poales Poaceae Paspalum notatum,EXACT_MATCH_PRIMARY_SOURCE_ACCEPTED_SIMPLE
Paspalum praecox Walter,Paspalum praecox,Paspalum praecox Walter,Plantae Tracheophyta Liliopsida Poales Poaceae Paspalum praecox,EXACT_MATCH_PRIMARY_SOURCE_ACCEPTED_SIMPLE
Paspalum pubiflorum Rupr. ex Fourn.,Paspalum pubiflorum,Paspalum pubiflorum Rupr. ex Fourn.,Plantae Tracheophyta Liliopsida Poales Poaceae Paspalum pubiflorum,EXACT_MATCH_PRIMARY_SOURCE_MULT_ACCEPTED
Paspalum setaceum Michx.,Paspalum setaceum,Paspalum setaceum Michx.,Plantae Tracheophyta Liliopsida Poales Poaceae Paspalum setaceum,EXACT_MATCH_PRIMARY_SOURCE_ACCEPTED_AMONG_SYNONYMS_SIMPLE
Paspalum urvillei Steud.,Paspalum urvillei,Paspalum urvillei Steud.,Plantae Tracheophyta Liliopsida Poales Poaceae Paspalum urvillei,EXACT_MATCH_PRIMARY_SOURCE_ACCEPTED_SIMPLE
Passiflora L.,Passiflora ,Passiflora L.,Plantae Tracheophyta Magnoliopsida Malpighiales Passifloraceae Passiflora,EXACT_MATCH_PRIMARY_SOURCE_ACCEPTED_AMONG_SYNONYMS_SIMPLE
Passiflora incarnata L.,Passiflora incarnata,Passiflora incarnata L.,Plantae Tracheophyta Magnoliopsida Malpighiales Passifloraceae Passiflora incarnata,EXACT_MATCH_PRIMARY_SOURCE_ACCEPTED_AMONG_SYNONYMS_SIMPLE
Passiflora lutea L.,Passiflora lutea,Passiflora lutea L.,Plantae Tracheophyta Magnoliopsida Malpighiales Passifloraceae Passiflora lutea,EXACT_MATCH_PRIMARY_SOURCE_ACCEPTED_AMONG_SYNONYMS_SIMPLE
Pastinaca L.,Pastinaca ,Pastinaca L.,Plantae Tracheophyta Magnoliopsida Apiales Apiaceae Pastinaca,EXACT_MATCH_PRIMARY_SOURCE_ACCEPTED_AUTHOR_DISAMBIGUATION
Pastinaca sativa L.,Pastinaca sativa,Pastinaca sativa L.,Plantae Tracheophyta Magnoliopsida Apiales Apiaceae Pastinaca sativa,EXACT_MATCH_PRIMARY_SOURCE_ACCEPTED_AMONG_SYNONYMS_SIMPLE
Patis Ohwi,Patis ,Patis Ohwi,Plantae Tracheophyta Liliopsida Poales Poaceae Patis,EXACT_MATCH_PRIMARY_SOURCE_ACCEPTED_SIMPLE
"Patis racemosa (Sm.) Romasch., P.M. Peterson & R. J. Soreng",Patis racemosa,"Patis racemosa (Sm.) Romasch., P.M. Peterson & R. J. Soreng",Plantae Tracheophyta Liliopsida Poales Poaceae Patis racemosa,EXACT_MATCH_PRIMARY_SOURCE_ACCEPTED_SIMPLE
Paulownia Siebold & Zucc.,Paulownia ,Paulownia Siebold & Zucc.,Plantae Tracheophyta Magnoliopsida Lamiales Paulowniaceae Paulownia,EXACT_MATCH_PRIMARY_SOURCE_ACCEPTED_SIMPLE
Paulownia tomentosa (Thunb.) Siebold & Zucc. ex Steud.,Paulownia tomentosa,Paulownia tomentosa (Thunb.) Siebold & Zucc. ex Steud.,Plantae Tracheophyta Magnoliopsida Lamiales Paulowniaceae Paulownia tomentosa,EXACT_MATCH_PRIMARY_SOURCE_MULT_ACCEPTED
Paxistima Raf.,Paxistima ,Paxistima Raf.,Plantae Tracheophyta Magnoliopsida Celastrales Celastraceae Paxistima,EXACT_MATCH_PRIMARY_SOURCE_ACCEPTED_SIMPLE
Paxistima canbyi A. Gray,Paxistima canbyi,Paxistima canbyi A. Gray,Plantae Tracheophyta Magnoliopsida Celastrales Celastraceae Paxistima canbyi,EXACT_MATCH_PRIMARY_SOURCE_ACCEPTED_SIMPLE
Pedicularis L.,Pedicularis ,Pedicularis L.,Plantae Tracheophyta Magnoliopsida Lamiales Orobanchaceae Pedicularis,EXACT_MATCH_PRIMARY_SOURCE_ACCEPTED_SIMPLE
Pedicularis canadensis L.,Pedicularis canadensis,Pedicularis canadensis L.,Plantae Tracheophyta Magnoliopsida Lamiales Orobanchaceae Pedicularis canadensis,EXACT_MATCH_PRIMARY_SOURCE_ACCEPTED_SIMPLE
Pedicularis lanceolata Michx.,Pedicularis lanceolata,Pedicularis lanceolata Michx.,Plantae Tracheophyta Magnoliopsida Lamiales Orobanchaceae Pedicularis lanceolata,EXACT_MATCH_PRIMARY_SOURCE_ACCEPTED_SIMPLE
Pediomelum Rydb.,Pediomelum ,Pediomelum Rydb.,Plantae Tracheophyta Magnoliopsida Fabales Fabaceae Pediomelum,EXACT_MATCH_PRIMARY_SOURCE_ACCEPTED_SIMPLE
Pediomelum canescens (Michx.) Rydb.,Pediomelum canescens,Pediomelum canescens (Michx.) Rydb.,Plantae Tracheophyta Magnoliopsida Fabales Fabaceae Pediomelum canescens,EXACT_MATCH_PRIMARY_SOURCE_ACCEPTED_SIMPLE
Pellaea Link,Pellaea ,Pellaea Link,Plantae Tracheophyta Polypodiopsida Polypodiales Pteridaceae Pellaea,EXACT_MATCH_PRIMARY_SOURCE_ACCEPTED_AUTHOR_DISAMBIGUATION
Pellaea atropurpurea (L.) Link,Pellaea atropurpurea,Pellaea atropurpurea (L.) Link,Plantae Tracheophyta Polypodiopsida Polypodiales Pteridaceae Pellaea atropurpurea,EXACT_MATCH_PRIMARY_SOURCE_ACCEPTED_SIMPLE
Pellaea glabella Mett. ex Kuhn,Pellaea glabella,Pellaea glabella Mett. ex Kuhn,Plantae Tracheophyta Polypodiopsida Polypodiales Pteridaceae Pellaea glabella,EXACT_MATCH_PRIMARY_SOURCE_ACCEPTED_AUTHOR_DISAMBIGUATION
Peltandra Raf.,Peltandra ,Peltandra Raf.,Plantae Tracheophyta Liliopsida Alismatales Araceae Peltandra,EXACT_MATCH_PRIMARY_SOURCE_ACCEPTED_AUTHOR_DISAMBIGUATION
Peltandra sagittifolia (Michx.) Morong,Peltandra sagittifolia,Peltandra sagittifolia (Michx.) Morong,Plantae Tracheophyta Liliopsida Alismatales Araceae Peltandra sagittifolia,EXACT_MATCH_PRIMARY_SOURCE_ACCEPTED_AUTHOR_DISAMBIGUATION
Peltandra virginica (L.) Schott,Peltandra virginica,Peltandra virginica (L.) Schott,Plantae Tracheophyta Liliopsida Alismatales Araceae Peltandra virginica,EXACT_MATCH_PRIMARY_SOURCE_ACCEPTED_AUTHOR_DISAMBIGUATION
Pennisetum Rich. ex Pers.,Pennisetum ,Pennisetum Rich. ex Pers.,Plantae Tracheophyta Liliopsida Poales Poaceae Pennisetum,EXACT_MATCH_PRIMARY_SOURCE_MULTI_ACCEPTED_TAXONOMIC_MATCH
Pennisetum glaucum (L.) R. Br.,Cenchrus americanus,Pennisetum glaucum (L.) R. Br.,Plantae Tracheophyta Liliopsida Poales Poaceae Cenchrus americanus,EXACT_MATCH_PRIMARY_SOURCE_SYNONYM_SIMPLE
Penstemon Schmidel,Penstemon ,Penstemon Schmidel,Plantae Tracheophyta Magnoliopsida Lamiales Plantaginaceae Penstemon,EXACT_MATCH_PRIMARY_SOURCE_ACCEPTED_AMONG_SYNONYMS_SIMPLE
Penstemon australis Small,Penstemon australis,Penstemon australis Small,Plantae Tracheophyta Magnoliopsida Lamiales Plantaginaceae Penstemon australis,EXACT_MATCH_PRIMARY_SOURCE_ACCEPTED_SIMPLE
Penstemon calycosus Small,Penstemon calycosus,Penstemon calycosus Small,Plantae Tracheophyta Magnoliopsida Lamiales Plantaginaceae Penstemon calycosus,EXACT_MATCH_PRIMARY_SOURCE_ACCEPTED_SIMPLE
Penstemon canescens (Britton) Britton,Penstemon canescens,Penstemon canescens (Britton) Britton,Plantae Tracheophyta Magnoliopsida Lamiales Plantaginaceae Penstemon canescens,EXACT_MATCH_PRIMARY_SOURCE_ACCEPTED_SIMPLE
Penstemon digitalis Nutt. ex Sims,Penstemon digitalis,Penstemon digitalis Nutt. ex Sims,Plantae Tracheophyta Magnoliopsida Lamiales Plantaginaceae Penstemon digitalis,EXACT_MATCH_PRIMARY_SOURCE_ACCEPTED_AMONG_SYNONYMS_SIMPLE
Penstemon hirsutus (L.) Willd.,Penstemon hirsutus,Penstemon hirsutus (L.) Willd.,Plantae Tracheophyta Magnoliopsida Lamiales Plantaginaceae Penstemon hirsutus,EXACT_MATCH_PRIMARY_SOURCE_ACCEPTED_SIMPLE
Penstemon laevigatus Aiton,Penstemon laevigatus,Penstemon laevigatus Aiton,Plantae Tracheophyta Magnoliopsida Lamiales Plantaginaceae Penstemon laevigatus,EXACT_MATCH_PRIMARY_SOURCE_ACCEPTED_AMONG_SYNONYMS_SIMPLE
Penstemon pallidus Small,Penstemon pallidus,Penstemon pallidus Small,Plantae Tracheophyta Magnoliopsida Lamiales Plantaginaceae Penstemon pallidus,EXACT_MATCH_PRIMARY_SOURCE_ACCEPTED_SIMPLE
Penthorum L.,Penthorum ,Penthorum L.,Plantae Tracheophyta Magnoliopsida Saxifragales Penthoraceae Penthorum,EXACT_MATCH_PRIMARY_SOURCE_ACCEPTED_SIMPLE
Penthorum sedoides L.,Penthorum sedoides,Penthorum sedoides L.,Plantae Tracheophyta Magnoliopsida Saxifragales Penthoraceae Penthorum sedoides,EXACT_MATCH_PRIMARY_SOURCE_ACCEPTED_SIMPLE
Perilla L.,Perilla ,Perilla L.,Plantae Tracheophyta Magnoliopsida Lamiales Lamiaceae Perilla,EXACT_MATCH_PRIMARY_SOURCE_ACCEPTED_AUTHOR_DISAMBIGUATION
Perilla frutescens (L.) Britton,Perilla frutescens,Perilla frutescens (L.) Britton,Plantae Tracheophyta Magnoliopsida Lamiales Lamiaceae Perilla frutescens,EXACT_MATCH_PRIMARY_SOURCE_ACCEPTED_AUTHOR_DISAMBIGUATION
Persea Mill.,Persea ,Persea Mill.,Plantae Tracheophyta Magnoliopsida Laurales Lauraceae Persea,EXACT_MATCH_PRIMARY_SOURCE_ACCEPTED_AUTHOR_DISAMBIGUATION
Persea palustris (Raf.) Sarg.,Persea palustris,Persea palustris (Raf.) Sarg.,Plantae Tracheophyta Magnoliopsida Laurales Lauraceae Persea palustris,EXACT_MATCH_PRIMARY_SOURCE_ACCEPTED_SIMPLE
Petrorhagia (Ser.) Link,Petrorhagia ,Petrorhagia (Ser.) Link,Plantae Tracheophyta Magnoliopsida Caryophyllales Caryophyllaceae Petrorhagia,EXACT_MATCH_PRIMARY_SOURCE_ACCEPTED_SIMPLE
Petrorhagia prolifera (L.) P.W. Ball & Heywood,Petrorhagia prolifera,Petrorhagia prolifera (L.) P.W. Ball & Heywood,Plantae Tracheophyta Magnoliopsida Caryophyllales Caryophyllaceae Petrorhagia prolifera,EXACT_MATCH_PRIMARY_SOURCE_ACCEPTED_SIMPLE
Petrorhagia saxifraga (L.) Link,Petrorhagia saxifraga,Petrorhagia saxifraga (L.) Link,Plantae Tracheophyta Magnoliopsida Caryophyllales Caryophyllaceae Petrorhagia saxifraga,EXACT_MATCH_PRIMARY_SOURCE_ACCEPTED_SIMPLE
Petunia Juss.,Petunia ,Petunia Juss.,Plantae Tracheophyta Magnoliopsida Solanales Solanaceae Petunia,EXACT_MATCH_PRIMARY_SOURCE_ACCEPTED_SIMPLE
"Petunia axillaris (Lam.) Britton, Sterns & Poggenb.",Petunia axillaris,"Petunia axillaris (Lam.) Britton, Sterns & Poggenb.",Plantae Tracheophyta Magnoliopsida Solanales Solanaceae Petunia axillaris,EXACT_MATCH_PRIMARY_SOURCE_ACCEPTED_SIMPLE
Phacelia Juss.,Phacelia ,Phacelia Juss.,Plantae Tracheophyta Magnoliopsida Boraginales Hydrophyllaceae Phacelia,EXACT_MATCH_PRIMARY_SOURCE_ACCEPTED_SIMPLE
Phacelia bipinnatifida Michx.,Phacelia bipinnatifida,Phacelia bipinnatifida Michx.,Plantae Tracheophyta Magnoliopsida Boraginales Hydrophyllaceae Phacelia bipinnatifida,EXACT_MATCH_PRIMARY_SOURCE_ACCEPTED_AMONG_SYNONYMS_SIMPLE
Phacelia covillei S. Watson,Phacelia covillei,Phacelia covillei S. Watson,Plantae Tracheophyta Magnoliopsida Boraginales Hydrophyllaceae Phacelia covillei,EXACT_MATCH_PRIMARY_SOURCE_ACCEPTED_SIMPLE
Phacelia dubia (L.) Trel.,Phacelia dubia,Phacelia dubia (L.) Trel.,Plantae Tracheophyta Magnoliopsida Boraginales Hydrophyllaceae Phacelia dubia,EXACT_MATCH_PRIMARY_SOURCE_ACCEPTED_SIMPLE
Phacelia fimbriata Michx.,Phacelia fimbriata,Phacelia fimbriata Michx.,Plantae Tracheophyta Magnoliopsida Boraginales Hydrophyllaceae Phacelia fimbriata,EXACT_MATCH_PRIMARY_SOURCE_ACCEPTED_AMONG_SYNONYMS_SIMPLE
Phacelia purshii Buckley,Phacelia purshii,Phacelia purshii Buckley,Plantae Tracheophyta Magnoliopsida Boraginales Hydrophyllaceae Phacelia purshii,EXACT_MATCH_PRIMARY_SOURCE_ACCEPTED_SIMPLE
Phalaris L.,Phalaris ,Phalaris L.,Plantae Tracheophyta Liliopsida Poales Poaceae Phalaris,EXACT_MATCH_PRIMARY_SOURCE_ACCEPTED_AMONG_SYNONYMS_SIMPLE
Phalaris aquatica L.,Phalaris aquatica,Phalaris aquatica L.,Plantae Tracheophyta Liliopsida Poales Poaceae Phalaris aquatica,EXACT_MATCH_PRIMARY_SOURCE_ACCEPTED_AUTHOR_DISAMBIGUATION
Phalaris arundinacea L.,Phalaris arundinacea,Phalaris arundinacea L.,Plantae Tracheophyta Liliopsida Poales Poaceae Phalaris arundinacea,EXACT_MATCH_PRIMARY_SOURCE_ACCEPTED_AUTHOR_DISAMBIGUATION
Phalaris canariensis L.,Phalaris canariensis,Phalaris canariensis L.,Plantae Tracheophyta Liliopsida Poales Poaceae Phalaris canariensis,EXACT_MATCH_PRIMARY_SOURCE_ACCEPTED_AUTHOR_DISAMBIGUATION
Phalaris caroliniana Walter,Phalaris caroliniana,Phalaris caroliniana Walter,Plantae Tracheophyta Liliopsida Poales Poaceae Phalaris caroliniana,EXACT_MATCH_PRIMARY_SOURCE_ACCEPTED_SIMPLE
Phanopyrum gymnocarpon (Elliott) Nash,Panicum gymnocarpon,Phanopyrum gymnocarpon (Elliott) Nash,Plantae Tracheophyta Liliopsida Poales Poaceae Panicum gymnocarpon,EXACT_MATCH_PRIMARY_SOURCE_SYNONYM_SIMPLE
Phaseolus L.,Phaseolus ,Phaseolus L.,Plantae Tracheophyta Magnoliopsida Fabales Fabaceae Phaseolus,EXACT_MATCH_PRIMARY_SOURCE_ACCEPTED_AUTHOR_DISAMBIGUATION
Phaseolus coccineus L.,Phaseolus coccineus,Phaseolus coccineus L.,Plantae Tracheophyta Magnoliopsida Fabales Fabaceae Phaseolus coccineus,EXACT_MATCH_PRIMARY_SOURCE_ACCEPTED_AUTHOR_DISAMBIGUATION
Phaseolus lunatus L.,Phaseolus lunatus,Phaseolus lunatus L.,Plantae Tracheophyta Magnoliopsida Fabales Fabaceae Phaseolus lunatus,EXACT_MATCH_PRIMARY_SOURCE_ACCEPTED_AUTHOR_DISAMBIGUATION
"Phaseolus polystachios (L.) Britton, Sterns & Poggenb.",Phaseolus polystachios,"Phaseolus polystachios (L.) Britton, Sterns & Poggenb.",Plantae Tracheophyta Magnoliopsida Fabales Fabaceae Phaseolus polystachios,EXACT_MATCH_PRIMARY_SOURCE_ACCEPTED_SIMPLE
Phaseolus vulgaris L.,Phaseolus vulgaris,Phaseolus vulgaris L.,Plantae Tracheophyta Magnoliopsida Fabales Fabaceae Phaseolus vulgaris,EXACT_MATCH_PRIMARY_SOURCE_ACCEPTED_AUTHOR_DISAMBIGUATION
Phegopteris Fée,Phegopteris ,Phegopteris Fée,Plantae Tracheophyta Polypodiopsida Polypodiales Thelypteridaceae Phegopteris,EXACT_MATCH_PRIMARY_SOURCE_ACCEPTED_SIMPLE
Phegopteris hexagonoptera (Michx.) Fée,Phegopteris hexagonoptera,Phegopteris hexagonoptera (Michx.) Fée,Plantae Tracheophyta Polypodiopsida Polypodiales Thelypteridaceae Phegopteris hexagonoptera,EXACT_MATCH_PRIMARY_SOURCE_ACCEPTED_SIMPLE
Phemeranthus Raf.,Phemeranthus ,Phemeranthus Raf.,Plantae Tracheophyta Magnoliopsida Caryophyllales Montiaceae Phemeranthus,EXACT_MATCH_PRIMARY_SOURCE_ACCEPTED_SIMPLE
Phemeranthus mengesii (W. Wolf) Kiger,Phemeranthus mengesii,Phemeranthus mengesii (W. Wolf) Kiger,Plantae Tracheophyta Magnoliopsida Caryophyllales Montiaceae Phemeranthus mengesii,EXACT_MATCH_PRIMARY_SOURCE_ACCEPTED_SIMPLE
Phemeranthus teretifolius (Pursh) Raf.,Phemeranthus teretifolius,Phemeranthus teretifolius (Pursh) Raf.,Plantae Tracheophyta Magnoliopsida Caryophyllales Montiaceae Phemeranthus teretifolius,EXACT_MATCH_PRIMARY_SOURCE_ACCEPTED_SIMPLE
Philadelphus L.,Philadelphus ,Philadelphus L.,Plantae Tracheophyta Magnoliopsida Cornales Hydrangeaceae Philadelphus,EXACT_MATCH_PRIMARY_SOURCE_ACCEPTED_SIMPLE
Philadelphus coronarius L.,Philadelphus coronarius,Philadelphus coronarius L.,Plantae Tracheophyta Magnoliopsida Cornales Hydrangeaceae Philadelphus coronarius,EXACT_MATCH_PRIMARY_SOURCE_ACCEPTED_SIMPLE
Philadelphus hirsutus Nutt.,Philadelphus hirsutus,Philadelphus hirsutus Nutt.,Plantae Tracheophyta Magnoliopsida Cornales Hydrangeaceae Philadelphus hirsutus,EXACT_MATCH_PRIMARY_SOURCE_ACCEPTED_SIMPLE
Philadelphus inodorus L.,Philadelphus inodorus,Philadelphus inodorus L.,Plantae Tracheophyta Magnoliopsida Cornales Hydrangeaceae Philadelphus inodorus,EXACT_MATCH_PRIMARY_SOURCE_ACCEPTED_AUTHOR_DISAMBIGUATION
Philadelphus pubescens Loisel.,Philadelphus pubescens,Philadelphus pubescens Loisel.,Plantae Tracheophyta Magnoliopsida Cornales Hydrangeaceae Philadelphus pubescens,EXACT_MATCH_PRIMARY_SOURCE_ACCEPTED_AMONG_SYNONYMS_SIMPLE
Phleum L.,Phleum ,Phleum L.,Plantae Tracheophyta Liliopsida Poales Poaceae Phleum,EXACT_MATCH_PRIMARY_SOURCE_ACCEPTED_SIMPLE
Phleum pratense L.,Phleum pratense,Phleum pratense L.,Plantae Tracheophyta Liliopsida Poales Poaceae Phleum pratense,EXACT_MATCH_PRIMARY_SOURCE_ACCEPTED_SIMPLE
Phlox L.,Phlox ,Phlox L.,Plantae Tracheophyta Magnoliopsida Ericales Polemoniaceae Phlox,EXACT_MATCH_PRIMARY_SOURCE_ACCEPTED_SIMPLE
Phlox amplifolia Britton,Phlox amplifolia,Phlox amplifolia Britton,Plantae Tracheophyta Magnoliopsida Ericales Polemoniaceae Phlox amplifolia,EXACT_MATCH_PRIMARY_SOURCE_ACCEPTED_SIMPLE
Phlox buckleyi Wherry,Phlox buckleyi,Phlox buckleyi Wherry,Plantae Tracheophyta Magnoliopsida Ericales Polemoniaceae Phlox buckleyi,EXACT_MATCH_PRIMARY_SOURCE_ACCEPTED_SIMPLE
Phlox carolina L.,Phlox carolina,Phlox carolina L.,Plantae Tracheophyta Magnoliopsida Ericales Polemoniaceae Phlox carolina,EXACT_MATCH_PRIMARY_SOURCE_ACCEPTED_AMONG_SYNONYMS_SIMPLE
Phlox divaricata L.,Phlox divaricata,Phlox divaricata L.,Plantae Tracheophyta Magnoliopsida Ericales Polemoniaceae Phlox divaricata,EXACT_MATCH_PRIMARY_SOURCE_ACCEPTED_AMONG_SYNONYMS_SIMPLE
Phlox drummondii Hook.,Phlox drummondii,Phlox drummondii Hook.,Plantae Tracheophyta Magnoliopsida Ericales Polemoniaceae Phlox drummondii,EXACT_MATCH_PRIMARY_SOURCE_ACCEPTED_SIMPLE
Phlox glaberrima L.,Phlox glaberrima,Phlox glaberrima L.,Plantae Tracheophyta Magnoliopsida Ericales Polemoniaceae Phlox glaberrima,EXACT_MATCH_PRIMARY_SOURCE_ACCEPTED_SIMPLE
Phlox latifolia Michx.,Phlox ovata,Phlox latifolia Michx.,Plantae Tracheophyta Magnoliopsida Ericales Polemoniaceae Phlox ovata,EXACT_MATCH_PRIMARY_SOURCE_SYNONYM_SIMPLE
Phlox maculata L.,Phlox maculata,Phlox maculata L.,Plantae Tracheophyta Magnoliopsida Ericales Polemoniaceae Phlox maculata,EXACT_MATCH_PRIMARY_SOURCE_ACCEPTED_SIMPLE
Phlox maculata L. ssp. pyramidalis (Sm.) Wherry,Phlox pyramidalis,Phlox maculata L. ssp. pyramidalis (Sm.) Wherry,Plantae Tracheophyta Magnoliopsida Ericales Polemoniaceae Phlox pyramidalis,MULTI_EXACT_MATCH_PRIMARY_SOURCE_SYNONYMS_INFRASPECIFIC_SCORE
Phlox nivalis Lodd. ex Sweet,Phlox nivalis,Phlox nivalis Lodd. ex Sweet,Plantae Tracheophyta Magnoliopsida Ericales Polemoniaceae Phlox nivalis,EXACT_MATCH_PRIMARY_SOURCE_MULT_ACCEPTED
Phlox paniculata L.,Phlox paniculata,Phlox paniculata L.,Plantae Tracheophyta Magnoliopsida Ericales Polemoniaceae Phlox paniculata,EXACT_MATCH_PRIMARY_SOURCE_ACCEPTED_SIMPLE
Phlox pilosa L.,Phlox pilosa,Phlox pilosa L.,Plantae Tracheophyta Magnoliopsida Ericales Polemoniaceae Phlox pilosa,EXACT_MATCH_PRIMARY_SOURCE_ACCEPTED_AUTHOR_DISAMBIGUATION
Phlox stolonifera Sims,Phlox stolonifera,Phlox stolonifera Sims,Plantae Tracheophyta Magnoliopsida Ericales Polemoniaceae Phlox stolonifera,EXACT_MATCH_PRIMARY_SOURCE_ACCEPTED_SIMPLE
Phlox subulata L.,Phlox subulata,Phlox subulata L.,Plantae Tracheophyta Magnoliopsida Ericales Polemoniaceae Phlox subulata,EXACT_MATCH_PRIMARY_SOURCE_ACCEPTED_SIMPLE
Phoradendron Nutt.,Phoradendron ,Phoradendron Nutt.,Plantae Tracheophyta Magnoliopsida Santalales Viscaceae Phoradendron,EXACT_MATCH_PRIMARY_SOURCE_ACCEPTED_SIMPLE
Phoradendron leucarpum (Raf.) Reveal & M.C. Johnst.,Phoradendron leucarpum,Phoradendron leucarpum (Raf.) Reveal & M.C. Johnst.,Plantae Tracheophyta Magnoliopsida Santalales Viscaceae Phoradendron leucarpum,EXACT_MATCH_PRIMARY_SOURCE_ACCEPTED_SIMPLE
Phragmites Adans.,Phragmites ,Phragmites Adans.,Plantae Tracheophyta Liliopsida Poales Poaceae Phragmites,EXACT_MATCH_PRIMARY_SOURCE_ACCEPTED_AUTHOR_DISAMBIGUATION
Phragmites australis (Cav.) Trin. ex Steud.,Phragmites australis,Phragmites australis (Cav.) Trin. ex Steud.,Plantae Tracheophyta Liliopsida Poales Poaceae Phragmites australis,EXACT_MATCH_PRIMARY_SOURCE_ACCEPTED_AMONG_SYNONYMS_SIMPLE
Phryma L.,Phryma ,Phryma L.,Plantae Tracheophyta Magnoliopsida Lamiales Phrymaceae Phryma,EXACT_MATCH_PRIMARY_SOURCE_ACCEPTED_AMONG_SYNONYMS_SIMPLE
Phryma leptostachya L.,Phryma leptostachya,Phryma leptostachya L.,Plantae Tracheophyta Magnoliopsida Lamiales Phrymaceae Phryma leptostachya,EXACT_MATCH_PRIMARY_SOURCE_ACCEPTED_SIMPLE
Phyla Lour.,Phyla ,Phyla Lour.,Plantae Tracheophyta Magnoliopsida Lamiales Verbenaceae Phyla,EXACT_MATCH_PRIMARY_SOURCE_ACCEPTED_AUTHOR_DISAMBIGUATION
Phyla lanceolata (Michx.) Greene,Phyla lanceolata,Phyla lanceolata (Michx.) Greene,Plantae Tracheophyta Magnoliopsida Lamiales Verbenaceae Phyla lanceolata,EXACT_MATCH_PRIMARY_SOURCE_ACCEPTED_AMONG_SYNONYMS_SIMPLE
Phyla nodiflora (L.) Greene,Phyla nodiflora,Phyla nodiflora (L.) Greene,Plantae Tracheophyta Magnoliopsida Lamiales Verbenaceae Phyla nodiflora,EXACT_MATCH_PRIMARY_SOURCE_ACCEPTED_SIMPLE
Phyllanthus L.,Phyllanthus ,Phyllanthus L.,Plantae Tracheophyta Magnoliopsida Malpighiales Phyllanthaceae Phyllanthus,EXACT_MATCH_PRIMARY_SOURCE_ACCEPTED_AUTHOR_DISAMBIGUATION
Phyllanthus caroliniensis Walter,Phyllanthus caroliniensis,Phyllanthus caroliniensis Walter,Plantae Tracheophyta Magnoliopsida Malpighiales Phyllanthaceae Phyllanthus caroliniensis,EXACT_MATCH_PRIMARY_SOURCE_ACCEPTED_SIMPLE
Phyllanthus urinaria L.,Phyllanthus urinaria,Phyllanthus urinaria L.,Plantae Tracheophyta Magnoliopsida Malpighiales Phyllanthaceae Phyllanthus urinaria,EXACT_MATCH_PRIMARY_SOURCE_ACCEPTED_AUTHOR_DISAMBIGUATION
Phyllostachys Siebold & Zucc.,Phyllostachys ,Phyllostachys Siebold & Zucc.,Plantae Tracheophyta Liliopsida Poales Poaceae Phyllostachys,EXACT_MATCH_PRIMARY_SOURCE_ACCEPTED_AMONG_SYNONYMS_SIMPLE
Phyllostachys aurea Carrière ex A. Rivière & C. Rivière,Phyllostachys aurea,Phyllostachys aurea Carrière ex A. Rivière & C. Rivière,Plantae Tracheophyta Liliopsida Poales Poaceae Phyllostachys aurea,EXACT_MATCH_PRIMARY_SOURCE_ACCEPTED_SIMPLE
Phyllostachys aureosulcata McClure,Phyllostachys aureosulcata,Phyllostachys aureosulcata McClure,Plantae Tracheophyta Liliopsida Poales Poaceae Phyllostachys aureosulcata,EXACT_MATCH_PRIMARY_SOURCE_ACCEPTED_SIMPLE
Phyllostachys nigra (Lodd. ex Lindl.) Munro,Phyllostachys nigra,Phyllostachys nigra (Lodd. ex Lindl.) Munro,Plantae Tracheophyta Liliopsida Poales Poaceae Phyllostachys nigra,EXACT_MATCH_PRIMARY_SOURCE_ACCEPTED_SIMPLE
Physalis L.,Physalis ,Physalis L.,Plantae Tracheophyta Magnoliopsida Solanales Solanaceae Physalis,EXACT_MATCH_PRIMARY_SOURCE_ACCEPTED_AMONG_SYNONYMS_SIMPLE
Physalis angulata L.,Physalis angulata,Physalis angulata L.,Plantae Tracheophyta Magnoliopsida Solanales Solanaceae Physalis angulata,EXACT_MATCH_PRIMARY_SOURCE_ACCEPTED_AUTHOR_DISAMBIGUATION
Physalis grisea (Waterf.) M. Martínez,Physalis grisea,Physalis grisea (Waterf.) M. Martínez,Plantae Tracheophyta Magnoliopsida Solanales Solanaceae Physalis grisea,EXACT_MATCH_PRIMARY_SOURCE_ACCEPTED_SIMPLE
Physalis heterophylla Nees,Physalis heterophylla,Physalis heterophylla Nees,Plantae Tracheophyta Magnoliopsida Solanales Solanaceae Physalis heterophylla,EXACT_MATCH_PRIMARY_SOURCE_ACCEPTED_AMONG_SYNONYMS_SIMPLE
Physalis longifolia Nutt.,Physalis longifolia,Physalis longifolia Nutt.,Plantae Tracheophyta Magnoliopsida Solanales Solanaceae Physalis longifolia,EXACT_MATCH_PRIMARY_SOURCE_ACCEPTED_SIMPLE
Physalis philadelphica Lam.,Physalis philadelphica,Physalis philadelphica Lam.,Plantae Tracheophyta Magnoliopsida Solanales Solanaceae Physalis philadelphica,EXACT_MATCH_PRIMARY_SOURCE_ACCEPTED_AUTHOR_DISAMBIGUATION
Physalis pubescens L.,Physalis pubescens,Physalis pubescens L.,Plantae Tracheophyta Magnoliopsida Solanales Solanaceae Physalis pubescens,EXACT_MATCH_PRIMARY_SOURCE_ACCEPTED_AUTHOR_DISAMBIGUATION
Physalis virginiana Mill.,Physalis virginiana,Physalis virginiana Mill.,Plantae Tracheophyta Magnoliopsida Solanales Solanaceae Physalis virginiana,EXACT_MATCH_PRIMARY_SOURCE_ACCEPTED_SIMPLE
Physalis walteri Nutt.,Physalis walteri,Physalis walteri Nutt.,Plantae Tracheophyta Magnoliopsida Solanales Solanaceae Physalis walteri,EXACT_MATCH_PRIMARY_SOURCE_ACCEPTED_SIMPLE
Physocarpus (Camb.) Raf.,Physocarpus ,Physocarpus (Camb.) Raf.,Plantae Tracheophyta Magnoliopsida Rosales Rosaceae Physocarpus,EXACT_MATCH_PRIMARY_SOURCE_MULT_ACCEPTED
"Physocarpus opulifolius (L.) Maxim., orth. cons.",Physocarpus opulifolius,"Physocarpus opulifolius (L.) Maxim., orth. cons.",Plantae Tracheophyta Magnoliopsida Rosales Rosaceae Physocarpus opulifolius,EXACT_MATCH_PRIMARY_SOURCE_MULT_ACCEPTED
Physostegia Benth.,Physostegia ,Physostegia Benth.,Plantae Tracheophyta Magnoliopsida Lamiales Lamiaceae Physostegia,EXACT_MATCH_PRIMARY_SOURCE_ACCEPTED_SIMPLE
Physostegia leptophylla Small,Physostegia leptophylla,Physostegia leptophylla Small,Plantae Tracheophyta Magnoliopsida Lamiales Lamiaceae Physostegia leptophylla,EXACT_MATCH_PRIMARY_SOURCE_ACCEPTED_SIMPLE
Physostegia virginiana (L.) Benth.,Physostegia virginiana,Physostegia virginiana (L.) Benth.,Plantae Tracheophyta Magnoliopsida Lamiales Lamiaceae Physostegia virginiana,EXACT_MATCH_PRIMARY_SOURCE_ACCEPTED_SIMPLE
Phytolacca L.,Phytolacca ,Phytolacca L.,Plantae Tracheophyta Magnoliopsida Caryophyllales Phytolaccaceae Phytolacca,EXACT_MATCH_PRIMARY_SOURCE_ACCEPTED_SIMPLE
Phytolacca americana L.,Phytolacca americana,Phytolacca americana L.,Plantae Tracheophyta Magnoliopsida Caryophyllales Phytolaccaceae Phytolacca americana,EXACT_MATCH_PRIMARY_SOURCE_ACCEPTED_SIMPLE
Picea A. Dietr.,Picea ,Picea A. Dietr.,Plantae Tracheophyta Pinopsida Pinales Pinaceae Picea,EXACT_MATCH_PRIMARY_SOURCE_MULT_ACCEPTED
Picea rubens Sarg.,Picea rubens,Picea rubens Sarg.,Plantae Tracheophyta Pinopsida Pinales Pinaceae Picea rubens,EXACT_MATCH_PRIMARY_SOURCE_ACCEPTED_SIMPLE
Picris L.,Picris ,Picris L.,Plantae Tracheophyta Magnoliopsida Asterales Asteraceae Picris,EXACT_MATCH_PRIMARY_SOURCE_ACCEPTED_SIMPLE
Picris hieracioides L.,Picris hieracioides,Picris hieracioides L.,Plantae Tracheophyta Magnoliopsida Asterales Asteraceae Picris hieracioides,EXACT_MATCH_PRIMARY_SOURCE_ACCEPTED_AUTHOR_DISAMBIGUATION
Pieris D. Don,Pieris ,Pieris D. Don,Plantae Tracheophyta Magnoliopsida Ericales Ericaceae Pieris,MULTI_EXACT_MATCH_PRIMARY_SOURCE_ACCEPTED_HOMONYM
Pieris floribunda (Pursh) Benth. & Hook. f.,Pieris floribunda,Pieris floribunda (Pursh) Benth. & Hook. f.,Plantae Tracheophyta Magnoliopsida Ericales Ericaceae Pieris floribunda,EXACT_MATCH_PRIMARY_SOURCE_ACCEPTED_AMONG_SYNONYMS_SIMPLE
Pilea Lindl.,Pilea ,Pilea Lindl.,Plantae Tracheophyta Magnoliopsida Rosales Urticaceae Pilea,EXACT_MATCH_PRIMARY_SOURCE_ACCEPTED_AMONG_SYNONYMS_SIMPLE
Pilea fontana (Lunell) Rydb.,Pilea fontana,Pilea fontana (Lunell) Rydb.,Plantae Tracheophyta Magnoliopsida Rosales Urticaceae Pilea fontana,EXACT_MATCH_PRIMARY_SOURCE_ACCEPTED_SIMPLE
Pilea pumila (L.) A. Gray,Pilea pumila,Pilea pumila (L.) A. Gray,Plantae Tracheophyta Magnoliopsida Rosales Urticaceae Pilea pumila,EXACT_MATCH_PRIMARY_SOURCE_ACCEPTED_AMONG_SYNONYMS_SIMPLE
Pimpinella L.,Pimpinella ,Pimpinella L.,Plantae Tracheophyta Magnoliopsida Apiales Apiaceae Pimpinella,EXACT_MATCH_PRIMARY_SOURCE_ACCEPTED_AUTHOR_DISAMBIGUATION
Pimpinella saxifraga L.,Pimpinella saxifraga,Pimpinella saxifraga L.,Plantae Tracheophyta Magnoliopsida Apiales Apiaceae Pimpinella saxifraga,EXACT_MATCH_PRIMARY_SOURCE_ACCEPTED_AMONG_SYNONYMS_SIMPLE
Pinus L.,Pinus ,Pinus L.,Plantae Tracheophyta Pinopsida Pinales Pinaceae Pinus,EXACT_MATCH_PRIMARY_SOURCE_ACCEPTED_AUTHOR_DISAMBIGUATION
Pinus echinata Mill.,Pinus echinata,Pinus echinata Mill.,Plantae Tracheophyta Pinopsida Pinales Pinaceae Pinus echinata,EXACT_MATCH_PRIMARY_SOURCE_ACCEPTED_AMONG_SYNONYMS_SIMPLE
Pinus palustris Mill.,Pinus palustris,Pinus palustris Mill.,Plantae Tracheophyta Pinopsida Pinales Pinaceae Pinus palustris,EXACT_MATCH_PRIMARY_SOURCE_ACCEPTED_SIMPLE
Pinus pungens Lamb.,Pinus pungens,Pinus pungens Lamb.,Plantae Tracheophyta Pinopsida Pinales Pinaceae Pinus pungens,EXACT_MATCH_PRIMARY_SOURCE_ACCEPTED_AUTHOR_DISAMBIGUATION
Pinus resinosa Aiton,Pinus resinosa,Pinus resinosa Aiton,Plantae Tracheophyta Pinopsida Pinales Pinaceae Pinus resinosa,EXACT_MATCH_PRIMARY_SOURCE_ACCEPTED_AUTHOR_DISAMBIGUATION
Pinus rigida Mill.,Pinus rigida,Pinus rigida Mill.,Plantae Tracheophyta Pinopsida Pinales Pinaceae Pinus rigida,EXACT_MATCH_PRIMARY_SOURCE_ACCEPTED_AUTHOR_DISAMBIGUATION
Pinus serotina Michx.,Pinus serotina,Pinus serotina Michx.,Plantae Tracheophyta Pinopsida Pinales Pinaceae Pinus serotina,EXACT_MATCH_PRIMARY_SOURCE_ACCEPTED_SIMPLE
Pinus strobus L.,Pinus strobus,Pinus strobus L.,Plantae Tracheophyta Pinopsida Pinales Pinaceae Pinus strobus,EXACT_MATCH_PRIMARY_SOURCE_ACCEPTED_AUTHOR_DISAMBIGUATION
Pinus taeda L.,Pinus taeda,Pinus taeda L.,Plantae Tracheophyta Pinopsida Pinales Pinaceae Pinus taeda,EXACT_MATCH_PRIMARY_SOURCE_ACCEPTED_AMONG_SYNONYMS_SIMPLE
Pinus thunbergii Parl.,Pinus thunbergii,Pinus thunbergii Parl.,Plantae Tracheophyta Pinopsida Pinales Pinaceae Pinus thunbergii,EXACT_MATCH_PRIMARY_SOURCE_ACCEPTED_AMONG_SYNONYMS_SIMPLE
Pinus virginiana Mill.,Pinus virginiana,Pinus virginiana Mill.,Plantae Tracheophyta Pinopsida Pinales Pinaceae Pinus virginiana,EXACT_MATCH_PRIMARY_SOURCE_ACCEPTED_SIMPLE
Pinus ×sondereggeri H.H. Chapm. ex Sudw. [palustris × taeda],Pinus sondereggeri,Pinus ×sondereggeri H.H. Chapm. ex Sudw. [palustris × taeda],Plantae Tracheophyta Pinopsida Pinales Pinaceae Pinus sondereggeri,EXACT_MATCH_PRIMARY_SOURCE_MULT_ACCEPTED
Piptochaetium J. Presl,Piptochaetium ,Piptochaetium J. Presl,Plantae Tracheophyta Liliopsida Poales Poaceae Piptochaetium,EXACT_MATCH_PRIMARY_SOURCE_ACCEPTED_SIMPLE
Piptochaetium avenaceum (L.) Parodi,Piptochaetium avenaceum,Piptochaetium avenaceum (L.) Parodi,Plantae Tracheophyta Liliopsida Poales Poaceae Piptochaetium avenaceum,EXACT_MATCH_PRIMARY_SOURCE_ACCEPTED_SIMPLE
Pisum sativum L.,Lathyrus oleraceus,Pisum sativum L.,Plantae Tracheophyta Magnoliopsida Fabales Fabaceae Lathyrus oleraceus,EXACT_MATCH_PRIMARY_SOURCE_SYNONYM_SIMPLE
Pityopsis Nutt.,Pityopsis ,Pityopsis Nutt.,Plantae Tracheophyta Magnoliopsida Asterales Asteraceae Pityopsis,EXACT_MATCH_PRIMARY_SOURCE_ACCEPTED_SIMPLE
Pityopsis aspera (Shuttlw. ex Small) Small,Pityopsis aspera,Pityopsis aspera (Shuttlw. ex Small) Small,Plantae Tracheophyta Magnoliopsida Asterales Asteraceae Pityopsis aspera,EXACT_MATCH_PRIMARY_SOURCE_ACCEPTED_SIMPLE
Pityopsis graminifolia (Michx.) Nutt.,Pityopsis graminifolia,Pityopsis graminifolia (Michx.) Nutt.,Plantae Tracheophyta Magnoliopsida Asterales Asteraceae Pityopsis graminifolia,EXACT_MATCH_PRIMARY_SOURCE_ACCEPTED_SIMPLE
Pityopsis graminifolia (Michx.) Nutt. var. latifolia (Fernald) Semple & F.D. Bowers,Pityopsis latifolia,Pityopsis graminifolia (Michx.) Nutt. var. latifolia (Fernald) Semple & F.D. Bowers,Plantae Tracheophyta Magnoliopsida Asterales Asteraceae Pityopsis latifolia,MULTI_EXACT_MATCH_PRIMARY_SOURCE_SYNONYMS_INFRASPECIFIC_SCORE
Plantago L.,Plantago ,Plantago L.,Plantae Tracheophyta Magnoliopsida Lamiales Plantaginaceae Plantago,EXACT_MATCH_PRIMARY_SOURCE_ACCEPTED_SIMPLE
Plantago arenaria Waldst. & Kit.,Plantago arenaria,Plantago arenaria Waldst. & Kit.,Plantae Tracheophyta Magnoliopsida Lamiales Plantaginaceae Plantago arenaria,EXACT_MATCH_PRIMARY_SOURCE_ACCEPTED_AMONG_SYNONYMS_SIMPLE
Plantago aristata Michx.,Plantago aristata,Plantago aristata Michx.,Plantae Tracheophyta Magnoliopsida Lamiales Plantaginaceae Plantago aristata,EXACT_MATCH_PRIMARY_SOURCE_ACCEPTED_SIMPLE
Plantago cordata Lam.,Plantago cordata,Plantago cordata Lam.,Plantae Tracheophyta Magnoliopsida Lamiales Plantaginaceae Plantago cordata,EXACT_MATCH_PRIMARY_SOURCE_ACCEPTED_SIMPLE
Plantago heterophylla Nutt.,Plantago heterophylla,Plantago heterophylla Nutt.,Plantae Tracheophyta Magnoliopsida Lamiales Plantaginaceae Plantago heterophylla,EXACT_MATCH_PRIMARY_SOURCE_ACCEPTED_AMONG_SYNONYMS_SIMPLE
Plantago lanceolata L.,Plantago lanceolata,Plantago lanceolata L.,Plantae Tracheophyta Magnoliopsida Lamiales Plantaginaceae Plantago lanceolata,EXACT_MATCH_PRIMARY_SOURCE_ACCEPTED_AUTHOR_DISAMBIGUATION
Plantago major L.,Plantago major,Plantago major L.,Plantae Tracheophyta Magnoliopsida Lamiales Plantaginaceae Plantago major,EXACT_MATCH_PRIMARY_SOURCE_ACCEPTED_AUTHOR_DISAMBIGUATION
Plantago maritima L. var. juncoides (Lam.) A. Gray,Plantago maritima,Plantago maritima L. var. juncoides (Lam.) A. Gray,Plantae Tracheophyta Magnoliopsida Lamiales Plantaginaceae Plantago maritima,MULTI_EXACT_MATCH_PRIMARY_SOURCE_SYNONYMS_INFRASPECIFIC_SCORE
Plantago patagonica Jacq.,Plantago patagonica,Plantago patagonica Jacq.,Plantae Tracheophyta Magnoliopsida Lamiales Plantaginaceae Plantago patagonica,EXACT_MATCH_PRIMARY_SOURCE_ACCEPTED_AMONG_SYNONYMS_SIMPLE
Plantago pusilla Nutt.,Plantago pusilla,Plantago pusilla Nutt.,Plantae Tracheophyta Magnoliopsida Lamiales Plantaginaceae Plantago pusilla,EXACT_MATCH_PRIMARY_SOURCE_ACCEPTED_AMONG_SYNONYMS_SIMPLE
Plantago rugelii Decne.,Plantago rugelii,Plantago rugelii Decne.,Plantae Tracheophyta Magnoliopsida Lamiales Plantaginaceae Plantago rugelii,EXACT_MATCH_PRIMARY_SOURCE_ACCEPTED_SIMPLE
Plantago sparsiflora Michx.,Plantago sparsiflora,Plantago sparsiflora Michx.,Plantae Tracheophyta Magnoliopsida Lamiales Plantaginaceae Plantago sparsiflora,EXACT_MATCH_PRIMARY_SOURCE_ACCEPTED_SIMPLE
Plantago virginica L.,Plantago virginica,Plantago virginica L.,Plantae Tracheophyta Magnoliopsida Lamiales Plantaginaceae Plantago virginica,EXACT_MATCH_PRIMARY_SOURCE_ACCEPTED_AMONG_SYNONYMS_SIMPLE
Plantago wrightiana Decne.,Plantago wrightiana,Plantago wrightiana Decne.,Plantae Tracheophyta Magnoliopsida Lamiales Plantaginaceae Plantago wrightiana,EXACT_MATCH_PRIMARY_SOURCE_ACCEPTED_SIMPLE
Platanthera Rich.,Platanthera ,Platanthera Rich.,Plantae Tracheophyta Liliopsida Asparagales Orchidaceae Platanthera,EXACT_MATCH_PRIMARY_SOURCE_ACCEPTED_SIMPLE
Platanthera blephariglottis (Willd.) Lindl.,Platanthera blephariglottis,Platanthera blephariglottis (Willd.) Lindl.,Plantae Tracheophyta Liliopsida Asparagales Orchidaceae Platanthera blephariglottis,EXACT_MATCH_PRIMARY_SOURCE_ACCEPTED_SIMPLE
Platanthera ciliaris (L.) Lindl.,Platanthera ciliaris,Platanthera ciliaris (L.) Lindl.,Plantae Tracheophyta Liliopsida Asparagales Orchidaceae Platanthera ciliaris,EXACT_MATCH_PRIMARY_SOURCE_ACCEPTED_SIMPLE
Platanthera clavellata (Michx.) Luer,Platanthera clavellata,Platanthera clavellata (Michx.) Luer,Plantae Tracheophyta Liliopsida Asparagales Orchidaceae Platanthera clavellata,EXACT_MATCH_PRIMARY_SOURCE_ACCEPTED_SIMPLE
Platanthera cristata (Michx.) Lindl.,Platanthera cristata,Platanthera cristata (Michx.) Lindl.,Plantae Tracheophyta Liliopsida Asparagales Orchidaceae Platanthera cristata,EXACT_MATCH_PRIMARY_SOURCE_ACCEPTED_SIMPLE
Platanthera flava (L.) Lindl.,Platanthera flava,Platanthera flava (L.) Lindl.,Plantae Tracheophyta Liliopsida Asparagales Orchidaceae Platanthera flava,EXACT_MATCH_PRIMARY_SOURCE_ACCEPTED_SIMPLE
Platanthera grandiflora (Bigelow) Lindl.,Platanthera grandiflora,Platanthera grandiflora (Bigelow) Lindl.,Plantae Tracheophyta Liliopsida Asparagales Orchidaceae Platanthera grandiflora,EXACT_MATCH_PRIMARY_SOURCE_ACCEPTED_SIMPLE
Platanthera integrilabia (Correll) Luer,Platanthera integrilabia,Platanthera integrilabia (Correll) Luer,Plantae Tracheophyta Liliopsida Asparagales Orchidaceae Platanthera integrilabia,EXACT_MATCH_PRIMARY_SOURCE_ACCEPTED_SIMPLE
Platanthera lacera (Michx.) G. Don,Platanthera lacera,Platanthera lacera (Michx.) G. Don,Plantae Tracheophyta Liliopsida Asparagales Orchidaceae Platanthera lacera,EXACT_MATCH_PRIMARY_SOURCE_ACCEPTED_SIMPLE
Platanthera leucophaea (Nutt.) Lindl.,Platanthera leucophaea,Platanthera leucophaea (Nutt.) Lindl.,Plantae Tracheophyta Liliopsida Asparagales Orchidaceae Platanthera leucophaea,EXACT_MATCH_PRIMARY_SOURCE_ACCEPTED_SIMPLE
Platanthera nivea (Nutt.) Luer,Platanthera nivea,Platanthera nivea (Nutt.) Luer,Plantae Tracheophyta Liliopsida Asparagales Orchidaceae Platanthera nivea,EXACT_MATCH_PRIMARY_SOURCE_ACCEPTED_SIMPLE
Platanthera orbiculata (Pursh) Lindl.,Platanthera orbiculata,Platanthera orbiculata (Pursh) Lindl.,Plantae Tracheophyta Liliopsida Asparagales Orchidaceae Platanthera orbiculata,EXACT_MATCH_PRIMARY_SOURCE_ACCEPTED_SIMPLE
Platanthera peramoena (A. Gray) A. Gray,Platanthera peramoena,Platanthera peramoena (A. Gray) A. Gray,Plantae Tracheophyta Liliopsida Asparagales Orchidaceae Platanthera peramoena,EXACT_MATCH_PRIMARY_SOURCE_ACCEPTED_SIMPLE
Platanthera psycodes (L.) Lindl.,Platanthera psycodes,Platanthera psycodes (L.) Lindl.,Plantae Tracheophyta Liliopsida Asparagales Orchidaceae Platanthera psycodes,EXACT_MATCH_PRIMARY_SOURCE_ACCEPTED_AMONG_SYNONYMS_SIMPLE
Platanthera ×andrewsii (M. White) Luer [lacera × psycodes],Platanthera andrewsii,Platanthera ×andrewsii (M. White) Luer [lacera × psycodes],Plantae Tracheophyta Liliopsida Asparagales Orchidaceae Platanthera andrewsii,EXACT_MATCH_PRIMARY_SOURCE_ACCEPTED_SIMPLE
Platanthera ×canbyi (Ames) Luer [blephariglottis × cristata],Platanthera canbyi,Platanthera ×canbyi (Ames) Luer [blephariglottis × cristata],Plantae Tracheophyta Liliopsida Asparagales Orchidaceae Platanthera canbyi,EXACT_MATCH_PRIMARY_SOURCE_ACCEPTED_SIMPLE
"Platanthera ×shriveri P.M. Br., (pro. sp.) [grandiflora × lacera]",Platanthera shriveri,"Platanthera ×shriveri P.M. Br., (pro. sp.) [grandiflora × lacera]",Plantae Tracheophyta Liliopsida Asparagales Orchidaceae Platanthera shriveri,EXACT_MATCH_PRIMARY_SOURCE_ACCEPTED_SIMPLE
Platanus L.,Platanus ,Platanus L.,Plantae Tracheophyta Magnoliopsida Proteales Platanaceae Platanus,EXACT_MATCH_PRIMARY_SOURCE_ACCEPTED_AUTHOR_DISAMBIGUATION
Platanus occidentalis L.,Platanus occidentalis,Platanus occidentalis L.,Plantae Tracheophyta Magnoliopsida Proteales Platanaceae Platanus occidentalis,EXACT_MATCH_PRIMARY_SOURCE_ACCEPTED_AMONG_SYNONYMS_SIMPLE
Pleopeltis Humb. & Bonpl. ex Willd.,Pleopeltis ,Pleopeltis Humb. & Bonpl. ex Willd.,Plantae Tracheophyta Polypodiopsida Polypodiales Polypodiaceae Pleopeltis,EXACT_MATCH_PRIMARY_SOURCE_ACCEPTED_AUTHOR_DISAMBIGUATION
Pleopeltis polypodioides (L.) Andrews & Windham,Pleopeltis polypodioides,Pleopeltis polypodioides (L.) Andrews & Windham,Plantae Tracheophyta Polypodiopsida Polypodiales Polypodiaceae Pleopeltis polypodioides,EXACT_MATCH_PRIMARY_SOURCE_ACCEPTED_AMONG_SYNONYMS_SIMPLE
Pleopeltis polypodioides (L.) Andrews & Windham ssp. michauxiana (Weath.) Andrews & Windham,Pleopeltis michauxiana,Pleopeltis polypodioides (L.) Andrews & Windham ssp. michauxiana (Weath.) Andrews & Windham,Plantae Tracheophyta Polypodiopsida Polypodiales Polypodiaceae Pleopeltis michauxiana,MULTI_EXACT_MATCH_PRIMARY_SOURCE_SYNONYMS_INFRASPECIFIC_SCORE
Pleuridium Rabenh.,Pleuridium ,Pleuridium Rabenh.,Plantae Bryophyta Bryopsida Dicranales Ditrichaceae Pleuridium,EXACT_MATCH_PRIMARY_SOURCE_ACCEPTED_AUTHOR_DISAMBIGUATION
Pluchea Cass.,Pluchea ,Pluchea Cass.,Plantae Tracheophyta Magnoliopsida Asterales Asteraceae Pluchea,EXACT_MATCH_PRIMARY_SOURCE_ACCEPTED_SIMPLE
Pluchea camphorata (L.) DC.,Pluchea camphorata,Pluchea camphorata (L.) DC.,Plantae Tracheophyta Magnoliopsida Asterales Asteraceae Pluchea camphorata,EXACT_MATCH_PRIMARY_SOURCE_ACCEPTED_SIMPLE
Pluchea foetida (L.) DC.,Pluchea foetida,Pluchea foetida (L.) DC.,Plantae Tracheophyta Magnoliopsida Asterales Asteraceae Pluchea foetida,EXACT_MATCH_PRIMARY_SOURCE_ACCEPTED_AMONG_SYNONYMS_SIMPLE
Pluchea odorata (L.) Cass.,Pluchea odorata,Pluchea odorata (L.) Cass.,Plantae Tracheophyta Magnoliopsida Asterales Asteraceae Pluchea odorata,EXACT_MATCH_PRIMARY_SOURCE_ACCEPTED_SIMPLE
Poa L.,Poa ,Poa L.,Plantae Tracheophyta Liliopsida Poales Poaceae Poa,EXACT_MATCH_PRIMARY_SOURCE_ACCEPTED_AUTHOR_DISAMBIGUATION
Poa alsodes A. Gray,Poa alsodes,Poa alsodes A. Gray,Plantae Tracheophyta Liliopsida Poales Poaceae Poa alsodes,EXACT_MATCH_PRIMARY_SOURCE_ACCEPTED_SIMPLE
Poa annua L.,Poa annua,Poa annua L.,Plantae Tracheophyta Liliopsida Poales Poaceae Poa annua,EXACT_MATCH_PRIMARY_SOURCE_ACCEPTED_AUTHOR_DISAMBIGUATION
Poa autumnalis Muhl. ex Elliott,Poa autumnalis,Poa autumnalis Muhl. ex Elliott,Plantae Tracheophyta Liliopsida Poales Poaceae Poa autumnalis,EXACT_MATCH_PRIMARY_SOURCE_ACCEPTED_AUTHOR_DISAMBIGUATION
Poa bulbosa L.,Poa bulbosa,Poa bulbosa L.,Plantae Tracheophyta Liliopsida Poales Poaceae Poa bulbosa,EXACT_MATCH_PRIMARY_SOURCE_ACCEPTED_AUTHOR_DISAMBIGUATION
Poa chapmaniana Scribn.,Poa chapmaniana,Poa chapmaniana Scribn.,Plantae Tracheophyta Liliopsida Poales Poaceae Poa chapmaniana,EXACT_MATCH_PRIMARY_SOURCE_ACCEPTED_SIMPLE
Poa compressa L.,Poa compressa,Poa compressa L.,Plantae Tracheophyta Liliopsida Poales Poaceae Poa compressa,EXACT_MATCH_PRIMARY_SOURCE_ACCEPTED_AUTHOR_DISAMBIGUATION
Poa cuspidata Nutt.,Poa cuspidata,Poa cuspidata Nutt.,Plantae Tracheophyta Liliopsida Poales Poaceae Poa cuspidata,EXACT_MATCH_PRIMARY_SOURCE_ACCEPTED_AUTHOR_DISAMBIGUATION
Poa nemoralis L.,Poa nemoralis,Poa nemoralis L.,Plantae Tracheophyta Liliopsida Poales Poaceae Poa nemoralis,EXACT_MATCH_PRIMARY_SOURCE_ACCEPTED_AUTHOR_DISAMBIGUATION
Poa paludigena Fernald & Wiegand,Poa paludigena,Poa paludigena Fernald & Wiegand,Plantae Tracheophyta Liliopsida Poales Poaceae Poa paludigena,EXACT_MATCH_PRIMARY_SOURCE_ACCEPTED_SIMPLE
Poa palustris L.,Poa palustris,Poa palustris L.,Plantae Tracheophyta Liliopsida Poales Poaceae Poa palustris,EXACT_MATCH_PRIMARY_SOURCE_ACCEPTED_AUTHOR_DISAMBIGUATION
Poa pratensis L.,Poa pratensis,Poa pratensis L.,Plantae Tracheophyta Liliopsida Poales Poaceae Poa pratensis,EXACT_MATCH_PRIMARY_SOURCE_ACCEPTED_AUTHOR_DISAMBIGUATION
Poa saltuensis Fernald & Wiegand,Poa saltuensis,Poa saltuensis Fernald & Wiegand,Plantae Tracheophyta Liliopsida Poales Poaceae Poa saltuensis,EXACT_MATCH_PRIMARY_SOURCE_ACCEPTED_SIMPLE
Poa sylvestris A. Gray,Poa sylvestris,Poa sylvestris A. Gray,Plantae Tracheophyta Liliopsida Poales Poaceae Poa sylvestris,EXACT_MATCH_PRIMARY_SOURCE_ACCEPTED_SIMPLE
Poa trivialis L.,Poa trivialis,Poa trivialis L.,Plantae Tracheophyta Liliopsida Poales Poaceae Poa trivialis,EXACT_MATCH_PRIMARY_SOURCE_ACCEPTED_AUTHOR_DISAMBIGUATION
Poa wolfii Scribn.,Poa wolfii,Poa wolfii Scribn.,Plantae Tracheophyta Liliopsida Poales Poaceae Poa wolfii,EXACT_MATCH_PRIMARY_SOURCE_ACCEPTED_SIMPLE
Podophyllum L.,Podophyllum ,Podophyllum L.,Plantae Tracheophyta Magnoliopsida Ranunculales Berberidaceae Podophyllum,EXACT_MATCH_PRIMARY_SOURCE_ACCEPTED_SIMPLE
Podophyllum peltatum L.,Podophyllum peltatum,Podophyllum peltatum L.,Plantae Tracheophyta Magnoliopsida Ranunculales Berberidaceae Podophyllum peltatum,EXACT_MATCH_PRIMARY_SOURCE_ACCEPTED_SIMPLE
Podostemum Michx.,Podostemum ,Podostemum Michx.,Plantae Tracheophyta Magnoliopsida Malpighiales Podostemaceae Podostemum,EXACT_MATCH_PRIMARY_SOURCE_ACCEPTED_SIMPLE
Podostemum ceratophyllum Michx.,Podostemum ceratophyllum,Podostemum ceratophyllum Michx.,Plantae Tracheophyta Magnoliopsida Malpighiales Podostemaceae Podostemum ceratophyllum,EXACT_MATCH_PRIMARY_SOURCE_ACCEPTED_SIMPLE
Pogonia Juss.,Pogonia ,Pogonia Juss.,Plantae Tracheophyta Liliopsida Asparagales Orchidaceae Pogonia,EXACT_MATCH_PRIMARY_SOURCE_ACCEPTED_AUTHOR_DISAMBIGUATION
Pogonia ophioglossoides (L.) Ker Gawl.,Pogonia ophioglossoides,Pogonia ophioglossoides (L.) Ker Gawl.,Plantae Tracheophyta Liliopsida Asparagales Orchidaceae Pogonia ophioglossoides,EXACT_MATCH_PRIMARY_SOURCE_ACCEPTED_AMONG_SYNONYMS_SIMPLE
Polanisia Raf.,Polanisia ,Polanisia Raf.,Plantae Tracheophyta Magnoliopsida Brassicales Cleomaceae Polanisia,EXACT_MATCH_PRIMARY_SOURCE_ACCEPTED_AUTHOR_DISAMBIGUATION
Polanisia dodecandra (L.) DC.,Polanisia dodecandra,Polanisia dodecandra (L.) DC.,Plantae Tracheophyta Magnoliopsida Brassicales Cleomaceae Polanisia dodecandra,EXACT_MATCH_PRIMARY_SOURCE_ACCEPTED_AMONG_SYNONYMS_SIMPLE
Polanisia dodecandra (L.) DC. ssp. trachysperma (Torr. & A. Gray) Iltis,Polanisia trachysperma,Polanisia dodecandra (L.) DC. ssp. trachysperma (Torr. & A. Gray) Iltis,Plantae Tracheophyta Magnoliopsida Brassicales Cleomaceae Polanisia trachysperma,MULTI_EXACT_MATCH_PRIMARY_SOURCE_SYNONYMS_INFRASPECIFIC_SCORE
Polemonium L.,Polemonium ,Polemonium L.,Plantae Tracheophyta Magnoliopsida Ericales Polemoniaceae Polemonium,EXACT_MATCH_PRIMARY_SOURCE_ACCEPTED_SIMPLE
Polemonium reptans L.,Polemonium reptans,Polemonium reptans L.,Plantae Tracheophyta Magnoliopsida Ericales Polemoniaceae Polemonium reptans,EXACT_MATCH_PRIMARY_SOURCE_ACCEPTED_SIMPLE
Polygala L.,Polygala ,Polygala L.,Plantae Tracheophyta Magnoliopsida Fabales Polygalaceae Polygala,EXACT_MATCH_PRIMARY_SOURCE_ACCEPTED_SIMPLE
Polygala ambigua Nutt.,Polygala ambigua,Polygala ambigua Nutt.,Plantae Tracheophyta Magnoliopsida Fabales Polygalaceae Polygala ambigua,EXACT_MATCH_PRIMARY_SOURCE_ACCEPTED_AMONG_SYNONYMS_SIMPLE
Polygala brevifolia Nutt.,Polygala brevifolia,Polygala brevifolia Nutt.,Plantae Tracheophyta Magnoliopsida Fabales Polygalaceae Polygala brevifolia,EXACT_MATCH_PRIMARY_SOURCE_ACCEPTED_AMONG_SYNONYMS_SIMPLE
Polygala cruciata L.,Polygala cruciata,Polygala cruciata L.,Plantae Tracheophyta Magnoliopsida Fabales Polygalaceae Polygala cruciata,EXACT_MATCH_PRIMARY_SOURCE_ACCEPTED_AUTHOR_DISAMBIGUATION
Polygala curtissii A. Gray,Polygala curtissii,Polygala curtissii A. Gray,Plantae Tracheophyta Magnoliopsida Fabales Polygalaceae Polygala curtissii,EXACT_MATCH_PRIMARY_SOURCE_ACCEPTED_SIMPLE
Polygala incarnata L.,Polygala incarnata,Polygala incarnata L.,Plantae Tracheophyta Magnoliopsida Fabales Polygalaceae Polygala incarnata,EXACT_MATCH_PRIMARY_SOURCE_ACCEPTED_AMONG_SYNONYMS_SIMPLE
Polygala lutea L.,Polygala lutea,Polygala lutea L.,Plantae Tracheophyta Magnoliopsida Fabales Polygalaceae Polygala lutea,EXACT_MATCH_PRIMARY_SOURCE_ACCEPTED_SIMPLE
Polygala mariana Mill.,Polygala mariana,Polygala mariana Mill.,Plantae Tracheophyta Magnoliopsida Fabales Polygalaceae Polygala mariana,EXACT_MATCH_PRIMARY_SOURCE_ACCEPTED_SIMPLE
Polygala nuttallii Torr. & A. Gray,Polygala nuttallii,Polygala nuttallii Torr. & A. Gray,Plantae Tracheophyta Magnoliopsida Fabales Polygalaceae Polygala nuttallii,EXACT_MATCH_PRIMARY_SOURCE_ACCEPTED_SIMPLE
Polygala paucifolia Willd.,Polygaloides paucifolia,Polygala paucifolia Willd.,Plantae Tracheophyta Magnoliopsida Fabales Polygalaceae Polygaloides paucifolia,EXACT_MATCH_PRIMARY_SOURCE_SYNONYM_SIMPLE
Polygala polygama Walter,Polygala polygama,Polygala polygama Walter,Plantae Tracheophyta Magnoliopsida Fabales Polygalaceae Polygala polygama,EXACT_MATCH_PRIMARY_SOURCE_ACCEPTED_AMONG_SYNONYMS_SIMPLE
Polygala ramosa Elliott,Polygala ramosa,Polygala ramosa Elliott,Plantae Tracheophyta Magnoliopsida Fabales Polygalaceae Polygala ramosa,EXACT_MATCH_PRIMARY_SOURCE_ACCEPTED_AMONG_SYNONYMS_SIMPLE
Polygala sanguinea L.,Polygala sanguinea,Polygala sanguinea L.,Plantae Tracheophyta Magnoliopsida Fabales Polygalaceae Polygala sanguinea,EXACT_MATCH_PRIMARY_SOURCE_ACCEPTED_AUTHOR_DISAMBIGUATION
Polygala senega L.,Polygala senega,Polygala senega L.,Plantae Tracheophyta Magnoliopsida Fabales Polygalaceae Polygala senega,EXACT_MATCH_PRIMARY_SOURCE_ACCEPTED_SIMPLE
Polygala verticillata L.,Polygala verticillata,Polygala verticillata L.,Plantae Tracheophyta Magnoliopsida Fabales Polygalaceae Polygala verticillata,EXACT_MATCH_PRIMARY_SOURCE_ACCEPTED_AMONG_SYNONYMS_SIMPLE
Polygonatum Mill.,Polygonatum ,Polygonatum Mill.,Plantae Tracheophyta Liliopsida Asparagales Asparagaceae Polygonatum,EXACT_MATCH_PRIMARY_SOURCE_ACCEPTED_AUTHOR_DISAMBIGUATION
Polygonatum biflorum (Walter) Elliott,Polygonatum biflorum,Polygonatum biflorum (Walter) Elliott,Plantae Tracheophyta Liliopsida Asparagales Asparagaceae Polygonatum biflorum,EXACT_MATCH_PRIMARY_SOURCE_ACCEPTED_SIMPLE
Polygonatum pubescens (Willd.) Pursh,Polygonatum pubescens,Polygonatum pubescens (Willd.) Pursh,Plantae Tracheophyta Liliopsida Asparagales Asparagaceae Polygonatum pubescens,EXACT_MATCH_PRIMARY_SOURCE_ACCEPTED_SIMPLE
Polygonella Michx.,Polygonella ,Polygonella Michx.,Plantae Tracheophyta Magnoliopsida Caryophyllales Polygonaceae Polygonella,EXACT_MATCH_PRIMARY_SOURCE_ACCEPTED_AUTHOR_DISAMBIGUATION
Polygonella articulata (L.) Meisn.,Polygonella articulata,Polygonella articulata (L.) Meisn.,Plantae Tracheophyta Magnoliopsida Caryophyllales Polygonaceae Polygonella articulata,EXACT_MATCH_PRIMARY_SOURCE_ACCEPTED_SIMPLE
Polygonella polygama (Vent.) Engelm. & A. Gray,Polygonella polygama,Polygonella polygama (Vent.) Engelm. & A. Gray,Plantae Tracheophyta Magnoliopsida Caryophyllales Polygonaceae Polygonella polygama,EXACT_MATCH_PRIMARY_SOURCE_ACCEPTED_SIMPLE
Polygonum L.,Polygonum ,Polygonum L.,Plantae Tracheophyta Magnoliopsida Caryophyllales Polygonaceae Polygonum,EXACT_MATCH_PRIMARY_SOURCE_ACCEPTED_AUTHOR_DISAMBIGUATION
Polygonum amphibium L.,Persicaria amphibia,Polygonum amphibium L.,Plantae Tracheophyta Magnoliopsida Caryophyllales Polygonaceae Persicaria amphibia,EXACT_MATCH_PRIMARY_SOURCE_SYNONYM_SIMPLE
Polygonum arenastrum Jord. ex Boreau,Polygonum arenastrum,Polygonum arenastrum Jord. ex Boreau,Plantae Tracheophyta Magnoliopsida Caryophyllales Polygonaceae Polygonum arenastrum,EXACT_MATCH_PRIMARY_SOURCE_ACCEPTED_SIMPLE
Polygonum aviculare L.,Polygonum aviculare,Polygonum aviculare L.,Plantae Tracheophyta Magnoliopsida Caryophyllales Polygonaceae Polygonum aviculare,EXACT_MATCH_PRIMARY_SOURCE_ACCEPTED_AUTHOR_DISAMBIGUATION
Polygonum baldschuanicum Regel,Fallopia baldschuanica,Polygonum baldschuanicum Regel,Plantae Tracheophyta Magnoliopsida Caryophyllales Polygonaceae Fallopia baldschuanica,MULTI_EXACT_MATCH_PRIMARY_SOURCE_SYNONYMS_INFRASPECIFIC_SCORE
Polygonum cespitosum Blume var. longisetum (Bruijn) A.N. Steward,Persicaria longiseta,Polygonum cespitosum Blume var. longisetum (Bruijn) A.N. Steward,Plantae Tracheophyta Magnoliopsida Caryophyllales Polygonaceae Persicaria longiseta,MULTI_EXACT_MATCH_PRIMARY_SOURCE_SYNONYMS_INFRASPECIFIC_SCORE
"Polygonum cespitosum Blume, nom. inq.",Persicaria posumbu,"Polygonum cespitosum Blume, nom. inq.",Plantae Tracheophyta Magnoliopsida Caryophyllales Polygonaceae Persicaria posumbu,EXACT_MATCH_PRIMARY_SOURCE_SYNONYM_SIMPLE
Polygonum cilinode Michx.,Parogonum ciliinode,Polygonum cilinode Michx.,Plantae Tracheophyta Magnoliopsida Caryophyllales Polygonaceae Parogonum ciliinode,EXACT_MATCH_PRIMARY_SOURCE_SYNONYM_SIMPLE
Polygonum convolvulus L.,Fallopia convolvulus,Polygonum convolvulus L.,Plantae Tracheophyta Magnoliopsida Caryophyllales Polygonaceae Fallopia convolvulus,EXACT_MATCH_PRIMARY_SOURCE_SYNONYM_SIMPLE
Polygonum erectum L.,Polygonum erectum,Polygonum erectum L.,Plantae Tracheophyta Magnoliopsida Caryophyllales Polygonaceae Polygonum erectum,EXACT_MATCH_PRIMARY_SOURCE_ACCEPTED_AMONG_SYNONYMS_SIMPLE
Polygonum glaucum Nutt.,Polygonum glaucum,Polygonum glaucum Nutt.,Plantae Tracheophyta Magnoliopsida Caryophyllales Polygonaceae Polygonum glaucum,EXACT_MATCH_PRIMARY_SOURCE_ACCEPTED_SIMPLE
Polygonum hydropiperoides Michx.,Polygonum hydropiperoides,Polygonum hydropiperoides Michx.,Plantae Tracheophyta Magnoliopsida Caryophyllales Polygonaceae Polygonum hydropiperoides,EXACT_MATCH_PRIMARY_SOURCE_ACCEPTED_AMONG_SYNONYMS_SIMPLE
Polygonum orientale L.,Polygonum orientale,Polygonum orientale L.,Plantae Tracheophyta Magnoliopsida Caryophyllales Polygonaceae Polygonum orientale,EXACT_MATCH_PRIMARY_SOURCE_MULT_ACCEPTED
Polygonum pensylvanicum L.,Polygonum pensylvanicum,Polygonum pensylvanicum L.,Plantae Tracheophyta Magnoliopsida Caryophyllales Polygonaceae Polygonum pensylvanicum,EXACT_MATCH_PRIMARY_SOURCE_ACCEPTED_AMONG_SYNONYMS_SIMPLE
Polygonum perfoliatum L.,Persicaria perfoliata,Polygonum perfoliatum L.,Plantae Tracheophyta Magnoliopsida Caryophyllales Polygonaceae Persicaria perfoliata,EXACT_MATCH_PRIMARY_SOURCE_SYNONYM_SIMPLE
Polygonum persicaria L.,Polygonum persicaria,Polygonum persicaria L.,Plantae Tracheophyta Magnoliopsida Caryophyllales Polygonaceae Polygonum persicaria,EXACT_MATCH_PRIMARY_SOURCE_ACCEPTED_AMONG_SYNONYMS_SIMPLE
Polygonum punctatum Elliott,Polygonum punctatum,Polygonum punctatum Elliott,Plantae Tracheophyta Magnoliopsida Caryophyllales Polygonaceae Polygonum punctatum,EXACT_MATCH_PRIMARY_SOURCE_ACCEPTED_AMONG_SYNONYMS_SIMPLE
Polygonum ramosissimum Michx.,Polygonum ramosissimum,Polygonum ramosissimum Michx.,Plantae Tracheophyta Magnoliopsida Caryophyllales Polygonaceae Polygonum ramosissimum,EXACT_MATCH_PRIMARY_SOURCE_ACCEPTED_SIMPLE
Polygonum sachalinense F. Schmidt ex Maxim.,Reynoutria sachalinensis,Polygonum sachalinense F. Schmidt ex Maxim.,Plantae Tracheophyta Magnoliopsida Caryophyllales Polygonaceae Reynoutria sachalinensis,MULTI_EXACT_MATCH_PRIMARY_SOURCE_SYNONYMS_INFRASPECIFIC_SCORE
Polygonum sagittatum L.,Polygonum sagittatum,Polygonum sagittatum L.,Plantae Tracheophyta Magnoliopsida Caryophyllales Polygonaceae Polygonum sagittatum,EXACT_MATCH_PRIMARY_SOURCE_ACCEPTED_AMONG_SYNONYMS_SIMPLE
Polygonum scandens L.,Polygonum scandens,Polygonum scandens L.,Plantae Tracheophyta Magnoliopsida Caryophyllales Polygonaceae Polygonum scandens,EXACT_MATCH_PRIMARY_SOURCE_ACCEPTED_AMONG_SYNONYMS_SIMPLE
Polygonum tenue Michx.,Polygonum tenue,Polygonum tenue Michx.,Plantae Tracheophyta Magnoliopsida Caryophyllales Polygonaceae Polygonum tenue,EXACT_MATCH_PRIMARY_SOURCE_ACCEPTED_AMONG_SYNONYMS_SIMPLE
Polygonum virginianum L.,Persicaria virginiana,Polygonum virginianum L.,Plantae Tracheophyta Magnoliopsida Caryophyllales Polygonaceae Persicaria virginiana,EXACT_MATCH_PRIMARY_SOURCE_SYNONYM_SIMPLE
Polymnia L.,Polymnia ,Polymnia L.,Plantae Tracheophyta Magnoliopsida Asterales Asteraceae Polymnia,EXACT_MATCH_PRIMARY_SOURCE_MULT_ACCEPTED
Polymnia canadensis L.,Polymnia canadensis,Polymnia canadensis L.,Plantae Tracheophyta Magnoliopsida Asterales Asteraceae Polymnia canadensis,EXACT_MATCH_PRIMARY_SOURCE_ACCEPTED_SIMPLE
Polypodium L.,Polypodium ,Polypodium L.,Plantae Tracheophyta Polypodiopsida Polypodiales Polypodiaceae Polypodium,EXACT_MATCH_PRIMARY_SOURCE_ACCEPTED_AUTHOR_DISAMBIGUATION
Polypodium appalachianum Haufler & Windham,Polypodium appalachianum,Polypodium appalachianum Haufler & Windham,Plantae Tracheophyta Polypodiopsida Polypodiales Polypodiaceae Polypodium appalachianum,EXACT_MATCH_PRIMARY_SOURCE_ACCEPTED_SIMPLE
Polypodium virginianum L.,Polypodium virginianum,Polypodium virginianum L.,Plantae Tracheophyta Polypodiopsida Polypodiales Polypodiaceae Polypodium virginianum,EXACT_MATCH_PRIMARY_SOURCE_ACCEPTED_SIMPLE
Polypodium ×incognitum Cusick [appalachianum × virginianum],Polypodium incognitum,Polypodium ×incognitum Cusick [appalachianum × virginianum],Plantae Tracheophyta Polypodiopsida Polypodiales Polypodiaceae Polypodium incognitum,EXACT_MATCH_PRIMARY_SOURCE_ACCEPTED_SIMPLE
Polypogon Desf.,Polypogon ,Polypogon Desf.,Plantae Tracheophyta Liliopsida Poales Poaceae Polypogon,EXACT_MATCH_PRIMARY_SOURCE_ACCEPTED_AUTHOR_DISAMBIGUATION
Polypogon monspeliensis (L.) Desf.,Polypogon monspeliensis,Polypogon monspeliensis (L.) Desf.,Plantae Tracheophyta Liliopsida Poales Poaceae Polypogon monspeliensis,EXACT_MATCH_PRIMARY_SOURCE_ACCEPTED_AMONG_SYNONYMS_SIMPLE
Polypogon viridis (Gouan) Breistr.,Polypogon viridis,Polypogon viridis (Gouan) Breistr.,Plantae Tracheophyta Liliopsida Poales Poaceae Polypogon viridis,EXACT_MATCH_PRIMARY_SOURCE_ACCEPTED_SIMPLE
Polypremum L.,Polypremum ,Polypremum L.,Plantae Tracheophyta Magnoliopsida Lamiales Tetrachondraceae Polypremum,EXACT_MATCH_PRIMARY_SOURCE_ACCEPTED_AMONG_SYNONYMS_SIMPLE
Polypremum procumbens L.,Polypremum procumbens,Polypremum procumbens L.,Plantae Tracheophyta Magnoliopsida Lamiales Tetrachondraceae Polypremum procumbens,EXACT_MATCH_PRIMARY_SOURCE_ACCEPTED_SIMPLE
Polystichum Roth,Polystichum ,Polystichum Roth,Plantae Tracheophyta Polypodiopsida Polypodiales Dryopteridaceae Polystichum,EXACT_MATCH_PRIMARY_SOURCE_ACCEPTED_SIMPLE
Polystichum acrostichoides (Michx.) Schott,Polystichum acrostichoides,Polystichum acrostichoides (Michx.) Schott,Plantae Tracheophyta Polypodiopsida Polypodiales Dryopteridaceae Polystichum acrostichoides,EXACT_MATCH_PRIMARY_SOURCE_ACCEPTED_SIMPLE
Poncirus Raf.,Citrus ,Poncirus Raf.,Plantae Tracheophyta Magnoliopsida Sapindales Rutaceae Citrus,EXACT_MATCH_PRIMARY_SOURCE_SYNONYM_SIMPLE
Poncirus trifoliata (L.) Raf.,Citrus trifoliata,Poncirus trifoliata (L.) Raf.,Plantae Tracheophyta Magnoliopsida Sapindales Rutaceae Citrus trifoliata,EXACT_MATCH_PRIMARY_SOURCE_SYNONYM_SIMPLE
Pontederia cordata L.,Pontederia cordata,Pontederia cordata L.,Plantae Tracheophyta Liliopsida Commelinales Pontederiaceae Pontederia cordata,EXACT_MATCH_PRIMARY_SOURCE_ACCEPTED_AUTHOR_DISAMBIGUATION
Ponthieva R. Br.,Ponthieva ,Ponthieva R. Br.,Plantae Tracheophyta Liliopsida Asparagales Orchidaceae Ponthieva,EXACT_MATCH_PRIMARY_SOURCE_ACCEPTED_SIMPLE
Ponthieva racemosa (Walter) C. Mohr,Ponthieva racemosa,Ponthieva racemosa (Walter) C. Mohr,Plantae Tracheophyta Liliopsida Asparagales Orchidaceae Ponthieva racemosa,EXACT_MATCH_PRIMARY_SOURCE_MULT_ACCEPTED
Populus L.,Populus ,Populus L.,Plantae Tracheophyta Magnoliopsida Malpighiales Salicaceae Populus,EXACT_MATCH_PRIMARY_SOURCE_ACCEPTED_SIMPLE
Populus alba L.,Populus alba,Populus alba L.,Plantae Tracheophyta Magnoliopsida Malpighiales Salicaceae Populus alba,EXACT_MATCH_PRIMARY_SOURCE_ACCEPTED_SIMPLE
Populus balsamifera L.,Populus balsamifera,Populus balsamifera L.,Plantae Tracheophyta Magnoliopsida Malpighiales Salicaceae Populus balsamifera,EXACT_MATCH_PRIMARY_SOURCE_ACCEPTED_AMONG_SYNONYMS_SIMPLE
Populus deltoides W. Bartram ex Marshall ssp. deltoides,Populus deltoides,Populus deltoides W. Bartram ex Marshall ssp. deltoides,Plantae Tracheophyta Magnoliopsida Malpighiales Salicaceae Populus deltoides,EXACT_MATCH_PRIMARY_SOURCE_ACCEPTED_AMONG_SYNONYMS_SIMPLE
Populus grandidentata Michx.,Populus grandidentata,Populus grandidentata Michx.,Plantae Tracheophyta Magnoliopsida Malpighiales Salicaceae Populus grandidentata,EXACT_MATCH_PRIMARY_SOURCE_ACCEPTED_SIMPLE
Populus heterophylla L.,Populus heterophylla,Populus heterophylla L.,Plantae Tracheophyta Magnoliopsida Malpighiales Salicaceae Populus heterophylla,EXACT_MATCH_PRIMARY_SOURCE_ACCEPTED_AMONG_SYNONYMS_SIMPLE
Populus nigra L.,Populus nigra,Populus nigra L.,Plantae Tracheophyta Magnoliopsida Malpighiales Salicaceae Populus nigra,EXACT_MATCH_PRIMARY_SOURCE_ACCEPTED_AMONG_SYNONYMS_SIMPLE
Populus tremuloides Michx.,Populus tremuloides,Populus tremuloides Michx.,Plantae Tracheophyta Magnoliopsida Malpighiales Salicaceae Populus tremuloides,EXACT_MATCH_PRIMARY_SOURCE_ACCEPTED_AMONG_SYNONYMS_SIMPLE
Populus ×canadensis Moench (pro sp.) [deltoides × nigra],Populus canadensis,Populus ×canadensis Moench (pro sp.) [deltoides × nigra],Plantae Tracheophyta Magnoliopsida Malpighiales Salicaceae Populus canadensis,EXACT_MATCH_PRIMARY_SOURCE_MULT_ACCEPTED
Populus ×canescens (Aiton) Sm. (pro sp.) [alba × tremula],Populus canescens,Populus ×canescens (Aiton) Sm. (pro sp.) [alba × tremula],Plantae Tracheophyta Magnoliopsida Malpighiales Salicaceae Populus canescens,EXACT_MATCH_PRIMARY_SOURCE_ACCEPTED_SIMPLE
Populus ×jackii Sarg. [balsamifera × deltoides],Populus jackii,Populus ×jackii Sarg. [balsamifera × deltoides],Plantae Tracheophyta Magnoliopsida Malpighiales Salicaceae Populus jackii,EXACT_MATCH_PRIMARY_SOURCE_ACCEPTED_SIMPLE
Portulaca L.,Portulaca ,Portulaca L.,Plantae Tracheophyta Magnoliopsida Caryophyllales Portulacaceae Portulaca,EXACT_MATCH_PRIMARY_SOURCE_ACCEPTED_SIMPLE
Portulaca amilis Speg.,Portulaca amilis,Portulaca amilis Speg.,Plantae Tracheophyta Magnoliopsida Caryophyllales Portulacaceae Portulaca amilis,EXACT_MATCH_PRIMARY_SOURCE_ACCEPTED_SIMPLE
Portulaca grandiflora Hook.,Portulaca grandiflora,Portulaca grandiflora Hook.,Plantae Tracheophyta Magnoliopsida Caryophyllales Portulacaceae Portulaca grandiflora,EXACT_MATCH_PRIMARY_SOURCE_ACCEPTED_SIMPLE
Portulaca halimoides L.,Portulaca halimoides,Portulaca halimoides L.,Plantae Tracheophyta Magnoliopsida Caryophyllales Portulacaceae Portulaca halimoides,EXACT_MATCH_PRIMARY_SOURCE_ACCEPTED_SIMPLE
Portulaca oleracea L.,Portulaca oleracea,Portulaca oleracea L.,Plantae Tracheophyta Magnoliopsida Caryophyllales Portulacaceae Portulaca oleracea,EXACT_MATCH_PRIMARY_SOURCE_ACCEPTED_SIMPLE
Portulaca smallii P. Wilson,Portulaca smallii,Portulaca smallii P. Wilson,Plantae Tracheophyta Magnoliopsida Caryophyllales Portulacaceae Portulaca smallii,EXACT_MATCH_PRIMARY_SOURCE_ACCEPTED_SIMPLE
Potamogeton L.,Potamogeton ,Potamogeton L.,Plantae Tracheophyta Liliopsida Alismatales Potamogetonaceae Potamogeton,EXACT_MATCH_PRIMARY_SOURCE_ACCEPTED_AUTHOR_DISAMBIGUATION
Potamogeton amplifolius Tuck.,Potamogeton amplifolius,Potamogeton amplifolius Tuck.,Plantae Tracheophyta Liliopsida Alismatales Potamogetonaceae Potamogeton amplifolius,EXACT_MATCH_PRIMARY_SOURCE_ACCEPTED_SIMPLE
Potamogeton bicupulatus Fernald,Potamogeton bicupulatus,Potamogeton bicupulatus Fernald,Plantae Tracheophyta Liliopsida Alismatales Potamogetonaceae Potamogeton bicupulatus,EXACT_MATCH_PRIMARY_SOURCE_ACCEPTED_SIMPLE
Potamogeton crispus L.,Potamogeton crispus,Potamogeton crispus L.,Plantae Tracheophyta Liliopsida Alismatales Potamogetonaceae Potamogeton crispus,EXACT_MATCH_PRIMARY_SOURCE_ACCEPTED_AUTHOR_DISAMBIGUATION
Potamogeton diversifolius Raf.,Potamogeton diversifolius,Potamogeton diversifolius Raf.,Plantae Tracheophyta Liliopsida Alismatales Potamogetonaceae Potamogeton diversifolius,EXACT_MATCH_PRIMARY_SOURCE_ACCEPTED_AMONG_SYNONYMS_SIMPLE
Potamogeton epihydrus Raf.,Potamogeton epihydrus,Potamogeton epihydrus Raf.,Plantae Tracheophyta Liliopsida Alismatales Potamogetonaceae Potamogeton epihydrus,EXACT_MATCH_PRIMARY_SOURCE_ACCEPTED_SIMPLE
Potamogeton foliosus Raf.,Potamogeton foliosus,Potamogeton foliosus Raf.,Plantae Tracheophyta Liliopsida Alismatales Potamogetonaceae Potamogeton foliosus,EXACT_MATCH_PRIMARY_SOURCE_ACCEPTED_SIMPLE
Potamogeton hillii Morong,Potamogeton hillii,Potamogeton hillii Morong,Plantae Tracheophyta Liliopsida Alismatales Potamogetonaceae Potamogeton hillii,EXACT_MATCH_PRIMARY_SOURCE_ACCEPTED_SIMPLE
Potamogeton illinoensis Morong,Potamogeton illinoensis,Potamogeton illinoensis Morong,Plantae Tracheophyta Liliopsida Alismatales Potamogetonaceae Potamogeton illinoensis,EXACT_MATCH_PRIMARY_SOURCE_ACCEPTED_SIMPLE
Potamogeton nodosus Poir.,Potamogeton nodosus,Potamogeton nodosus Poir.,Plantae Tracheophyta Liliopsida Alismatales Potamogetonaceae Potamogeton nodosus,EXACT_MATCH_PRIMARY_SOURCE_ACCEPTED_SIMPLE
Potamogeton oakesianus J.W. Robbins,Potamogeton oakesianus,Potamogeton oakesianus J.W. Robbins,Plantae Tracheophyta Liliopsida Alismatales Potamogetonaceae Potamogeton oakesianus,EXACT_MATCH_PRIMARY_SOURCE_MULT_ACCEPTED
Potamogeton perfoliatus L.,Potamogeton perfoliatus,Potamogeton perfoliatus L.,Plantae Tracheophyta Liliopsida Alismatales Potamogetonaceae Potamogeton perfoliatus,EXACT_MATCH_PRIMARY_SOURCE_ACCEPTED_SIMPLE
Potamogeton pulcher Tuck.,Potamogeton pulcher,Potamogeton pulcher Tuck.,Plantae Tracheophyta Liliopsida Alismatales Potamogetonaceae Potamogeton pulcher,EXACT_MATCH_PRIMARY_SOURCE_ACCEPTED_SIMPLE
Potamogeton pusillus L.,Potamogeton pusillus,Potamogeton pusillus L.,Plantae Tracheophyta Liliopsida Alismatales Potamogetonaceae Potamogeton pusillus,EXACT_MATCH_PRIMARY_SOURCE_ACCEPTED_SIMPLE
Potamogeton pusillus L. ssp. tenuissimus (Mert. & W.D.J. Koch) Haynes & C.B. Hellquist,Potamogeton berchtoldii,Potamogeton pusillus L. ssp. tenuissimus (Mert. & W.D.J. Koch) Haynes & C.B. Hellquist,Plantae Tracheophyta Liliopsida Alismatales Potamogetonaceae Potamogeton berchtoldii,MULTI_EXACT_MATCH_PRIMARY_SOURCE_SYNONYMS_INFRASPECIFIC_SCORE
Potamogeton robbinsii Oakes,Potamogeton robbinsii,Potamogeton robbinsii Oakes,Plantae Tracheophyta Liliopsida Alismatales Potamogetonaceae Potamogeton robbinsii,EXACT_MATCH_PRIMARY_SOURCE_ACCEPTED_SIMPLE
Potamogeton spirillus Tuck.,Potamogeton spirillus,Potamogeton spirillus Tuck.,Plantae Tracheophyta Liliopsida Alismatales Potamogetonaceae Potamogeton spirillus,EXACT_MATCH_PRIMARY_SOURCE_ACCEPTED_SIMPLE
Potamogeton strictifolius Benn.,Potamogeton strictifolius,Potamogeton strictifolius Benn.,Plantae Tracheophyta Liliopsida Alismatales Potamogetonaceae Potamogeton strictifolius,EXACT_MATCH_PRIMARY_SOURCE_ACCEPTED_SIMPLE
Potamogeton tennesseensis Fernald,Potamogeton tennesseensis,Potamogeton tennesseensis Fernald,Plantae Tracheophyta Liliopsida Alismatales Potamogetonaceae Potamogeton tennesseensis,EXACT_MATCH_PRIMARY_SOURCE_ACCEPTED_SIMPLE
Potamogeton zosteriformis Fernald,Potamogeton zosteriformis,Potamogeton zosteriformis Fernald,Plantae Tracheophyta Liliopsida Alismatales Potamogetonaceae Potamogeton zosteriformis,EXACT_MATCH_PRIMARY_SOURCE_ACCEPTED_SIMPLE
Potamogeton ×faxonii Morong (pro sp.) [illinoensis × nodosus],Potamogeton faxonii,Potamogeton ×faxonii Morong (pro sp.) [illinoensis × nodosus],Plantae Tracheophyta Liliopsida Alismatales Potamogetonaceae Potamogeton faxonii,EXACT_MATCH_PRIMARY_SOURCE_ACCEPTED_SIMPLE
Potamogeton ×nitens Weber (pro sp.) [gramineus × perfoliatus],Potamogeton nitens,Potamogeton ×nitens Weber (pro sp.) [gramineus × perfoliatus],Plantae Tracheophyta Liliopsida Alismatales Potamogetonaceae Potamogeton nitens,EXACT_MATCH_PRIMARY_SOURCE_ACCEPTED_AMONG_SYNONYMS_SIMPLE
Potentilla L.,Potentilla ,Potentilla L.,Plantae Tracheophyta Magnoliopsida Rosales Rosaceae Potentilla,EXACT_MATCH_PRIMARY_SOURCE_ACCEPTED_AUTHOR_DISAMBIGUATION
Potentilla argentea L.,Potentilla argentea,Potentilla argentea L.,Plantae Tracheophyta Magnoliopsida Rosales Rosaceae Potentilla argentea,EXACT_MATCH_PRIMARY_SOURCE_ACCEPTED_AUTHOR_DISAMBIGUATION
Potentilla arguta Pursh,Potentilla arguta,Potentilla arguta Pursh,Plantae Tracheophyta Magnoliopsida Rosales Rosaceae Potentilla arguta,EXACT_MATCH_PRIMARY_SOURCE_ACCEPTED_AMONG_SYNONYMS_SIMPLE
Potentilla arguta Pursh ssp. arguta,Drymocallis arguta,Potentilla arguta Pursh ssp. arguta,Plantae Tracheophyta Magnoliopsida Rosales Rosaceae Drymocallis arguta,EXACT_MATCH_PRIMARY_SOURCE_ACCEPTED_AMONG_SYNONYMS_SIMPLE
Potentilla canadensis L.,Potentilla canadensis,Potentilla canadensis L.,Plantae Tracheophyta Magnoliopsida Rosales Rosaceae Potentilla canadensis,EXACT_MATCH_PRIMARY_SOURCE_ACCEPTED_SIMPLE
Potentilla intermedia L.,Potentilla intermedia,Potentilla intermedia L.,Plantae Tracheophyta Magnoliopsida Rosales Rosaceae Potentilla intermedia,EXACT_MATCH_PRIMARY_SOURCE_ACCEPTED_AUTHOR_DISAMBIGUATION
Potentilla norvegica L.,Potentilla norvegica,Potentilla norvegica L.,Plantae Tracheophyta Magnoliopsida Rosales Rosaceae Potentilla norvegica,EXACT_MATCH_PRIMARY_SOURCE_ACCEPTED_AUTHOR_DISAMBIGUATION
Potentilla recta L.,Potentilla recta,Potentilla recta L.,Plantae Tracheophyta Magnoliopsida Rosales Rosaceae Potentilla recta,EXACT_MATCH_PRIMARY_SOURCE_ACCEPTED_AUTHOR_DISAMBIGUATION
Potentilla reptans L.,Potentilla reptans,Potentilla reptans L.,Plantae Tracheophyta Magnoliopsida Rosales Rosaceae Potentilla reptans,EXACT_MATCH_PRIMARY_SOURCE_ACCEPTED_AUTHOR_DISAMBIGUATION
Potentilla rivalis Nutt.,Potentilla rivalis,Potentilla rivalis Nutt.,Plantae Tracheophyta Magnoliopsida Rosales Rosaceae Potentilla rivalis,EXACT_MATCH_PRIMARY_SOURCE_ACCEPTED_AMONG_SYNONYMS_SIMPLE
Potentilla simplex Michx.,Potentilla simplex,Potentilla simplex Michx.,Plantae Tracheophyta Magnoliopsida Rosales Rosaceae Potentilla simplex,EXACT_MATCH_PRIMARY_SOURCE_ACCEPTED_SIMPLE
Prenanthes L.,Prenanthes ,Prenanthes L.,Plantae Tracheophyta Magnoliopsida Asterales Asteraceae Prenanthes,EXACT_MATCH_PRIMARY_SOURCE_ACCEPTED_SIMPLE
Prenanthes autumnalis Walter,Nabalus autumnalis,Prenanthes autumnalis Walter,Plantae Tracheophyta Magnoliopsida Asterales Asteraceae Nabalus autumnalis,EXACT_MATCH_PRIMARY_SOURCE_SYNONYM_SIMPLE
Prenanthes roanensis (Chickering) Chickering,Nabalus roanensis,Prenanthes roanensis (Chickering) Chickering,Plantae Tracheophyta Magnoliopsida Asterales Asteraceae Nabalus roanensis,EXACT_MATCH_PRIMARY_SOURCE_SYNONYM_SIMPLE
Prenanthes serpentaria Pursh,Nabalus serpentarius,Prenanthes serpentaria Pursh,Plantae Tracheophyta Magnoliopsida Asterales Asteraceae Nabalus serpentarius,EXACT_MATCH_PRIMARY_SOURCE_SYNONYM_SIMPLE
Prenanthes trifoliolata (Cass.) Fernald,Nabalus trifoliolatus,Prenanthes trifoliolata (Cass.) Fernald,Plantae Tracheophyta Magnoliopsida Asterales Asteraceae Nabalus trifoliolatus,EXACT_MATCH_PRIMARY_SOURCE_SYNONYM_SIMPLE
Proboscidea Schmidel,Proboscidea ,Proboscidea Schmidel,Plantae Tracheophyta Magnoliopsida Lamiales Martyniaceae Proboscidea,MULTI_EXACT_MATCH_PRIMARY_SOURCE_ACCEPTED_HOMONYM
Proboscidea louisianica (Mill.) Thell.,Proboscidea louisianica,Proboscidea louisianica (Mill.) Thell.,Plantae Tracheophyta Magnoliopsida Lamiales Martyniaceae Proboscidea louisianica,EXACT_MATCH_PRIMARY_SOURCE_ACCEPTED_AMONG_SYNONYMS_SIMPLE
Prosartes D. Don,Prosartes ,Prosartes D. Don,Plantae Tracheophyta Liliopsida Liliales Liliaceae Prosartes,EXACT_MATCH_PRIMARY_SOURCE_ACCEPTED_SIMPLE
Prosartes lanuginosa (Michx.) D. Don,Prosartes lanuginosa,Prosartes lanuginosa (Michx.) D. Don,Plantae Tracheophyta Liliopsida Liliales Liliaceae Prosartes lanuginosa,EXACT_MATCH_PRIMARY_SOURCE_ACCEPTED_SIMPLE
Prosartes maculata (Buckley) A. Gray,Prosartes maculata,Prosartes maculata (Buckley) A. Gray,Plantae Tracheophyta Liliopsida Liliales Liliaceae Prosartes maculata,EXACT_MATCH_PRIMARY_SOURCE_ACCEPTED_SIMPLE
Proserpinaca L.,Proserpinaca ,Proserpinaca L.,Plantae Tracheophyta Magnoliopsida Saxifragales Haloragaceae Proserpinaca,EXACT_MATCH_PRIMARY_SOURCE_ACCEPTED_SIMPLE
Proserpinaca intermedia Mack.,Proserpinaca intermedia,Proserpinaca intermedia Mack.,Plantae Tracheophyta Magnoliopsida Saxifragales Haloragaceae Proserpinaca intermedia,EXACT_MATCH_PRIMARY_SOURCE_ACCEPTED_SIMPLE
Proserpinaca palustris L.,Proserpinaca palustris,Proserpinaca palustris L.,Plantae Tracheophyta Magnoliopsida Saxifragales Haloragaceae Proserpinaca palustris,EXACT_MATCH_PRIMARY_SOURCE_ACCEPTED_SIMPLE
Proserpinaca pectinata Lam.,Proserpinaca pectinata,Proserpinaca pectinata Lam.,Plantae Tracheophyta Magnoliopsida Saxifragales Haloragaceae Proserpinaca pectinata,EXACT_MATCH_PRIMARY_SOURCE_ACCEPTED_SIMPLE
Prunella L.,Prunella ,Prunella L.,Plantae Tracheophyta Magnoliopsida Lamiales Lamiaceae Prunella,EXACT_MATCH_PRIMARY_SOURCE_ACCEPTED_AUTHOR_DISAMBIGUATION
Prunella laciniata (L.) L.,Prunella laciniata,Prunella laciniata (L.) L.,Plantae Tracheophyta Magnoliopsida Lamiales Lamiaceae Prunella laciniata,EXACT_MATCH_PRIMARY_SOURCE_ACCEPTED_AUTHOR_DISAMBIGUATION
Prunella vulgaris L.,Prunella vulgaris,Prunella vulgaris L.,Plantae Tracheophyta Magnoliopsida Lamiales Lamiaceae Prunella vulgaris,EXACT_MATCH_PRIMARY_SOURCE_ACCEPTED_AUTHOR_DISAMBIGUATION
Prunus L.,Prunus ,Prunus L.,Plantae Tracheophyta Magnoliopsida Rosales Rosaceae Prunus,EXACT_MATCH_PRIMARY_SOURCE_ACCEPTED_AUTHOR_DISAMBIGUATION
Prunus alleghaniensis Porter,Prunus alleghaniensis,Prunus alleghaniensis Porter,Plantae Tracheophyta Magnoliopsida Rosales Rosaceae Prunus alleghaniensis,EXACT_MATCH_PRIMARY_SOURCE_ACCEPTED_SIMPLE
Prunus americana Marshall,Prunus americana,Prunus americana Marshall,Plantae Tracheophyta Magnoliopsida Rosales Rosaceae Prunus americana,EXACT_MATCH_PRIMARY_SOURCE_ACCEPTED_SIMPLE
Prunus angustifolia Marshall,Prunus angustifolia,Prunus angustifolia Marshall,Plantae Tracheophyta Magnoliopsida Rosales Rosaceae Prunus angustifolia,EXACT_MATCH_PRIMARY_SOURCE_ACCEPTED_AUTHOR_DISAMBIGUATION
Prunus avium (L.) L.,Prunus avium,Prunus avium (L.) L.,Plantae Tracheophyta Magnoliopsida Rosales Rosaceae Prunus avium,EXACT_MATCH_PRIMARY_SOURCE_ACCEPTED_AUTHOR_DISAMBIGUATION
Prunus domestica L.,Prunus domestica,Prunus domestica L.,Plantae Tracheophyta Magnoliopsida Rosales Rosaceae Prunus domestica,EXACT_MATCH_PRIMARY_SOURCE_ACCEPTED_AUTHOR_DISAMBIGUATION
Prunus hortulana L.H. Bailey,Prunus hortulana,Prunus hortulana L.H. Bailey,Plantae Tracheophyta Magnoliopsida Rosales Rosaceae Prunus hortulana,EXACT_MATCH_PRIMARY_SOURCE_ACCEPTED_SIMPLE
Prunus mahaleb L.,Prunus mahaleb,Prunus mahaleb L.,Plantae Tracheophyta Magnoliopsida Rosales Rosaceae Prunus mahaleb,EXACT_MATCH_PRIMARY_SOURCE_ACCEPTED_SIMPLE
Prunus maritima Marshall,Prunus maritima,Prunus maritima Marshall,Plantae Tracheophyta Magnoliopsida Rosales Rosaceae Prunus maritima,EXACT_MATCH_PRIMARY_SOURCE_ACCEPTED_AUTHOR_DISAMBIGUATION
Prunus munsoniana W. Wight & Hedrick,Prunus munsoniana,Prunus munsoniana W. Wight & Hedrick,Plantae Tracheophyta Magnoliopsida Rosales Rosaceae Prunus munsoniana,EXACT_MATCH_PRIMARY_SOURCE_ACCEPTED_SIMPLE
Prunus pensylvanica L. f.,Prunus pensylvanica,Prunus pensylvanica L. f.,Plantae Tracheophyta Magnoliopsida Rosales Rosaceae Prunus pensylvanica,EXACT_MATCH_PRIMARY_SOURCE_ACCEPTED_SIMPLE
Prunus persica (L.) Batsch,Prunus persica,Prunus persica (L.) Batsch,Plantae Tracheophyta Magnoliopsida Rosales Rosaceae Prunus persica,EXACT_MATCH_PRIMARY_SOURCE_ACCEPTED_AMONG_SYNONYMS_SIMPLE
Prunus serotina Ehrh.,Prunus serotina,Prunus serotina Ehrh.,Plantae Tracheophyta Magnoliopsida Rosales Rosaceae Prunus serotina,EXACT_MATCH_PRIMARY_SOURCE_ACCEPTED_AUTHOR_DISAMBIGUATION
Prunus susquehanae hort. ex Willd.,Prunus susquehanae,Prunus susquehanae hort. ex Willd.,Plantae Tracheophyta Magnoliopsida Rosales Rosaceae Prunus susquehanae,EXACT_MATCH_PRIMARY_SOURCE_ACCEPTED_SIMPLE
Prunus virginiana L.,Prunus virginiana,Prunus virginiana L.,Plantae Tracheophyta Magnoliopsida Rosales Rosaceae Prunus virginiana,EXACT_MATCH_PRIMARY_SOURCE_ACCEPTED_AUTHOR_DISAMBIGUATION
Pseudognaphalium Kirp.,Pseudognaphalium ,Pseudognaphalium Kirp.,Plantae Tracheophyta Magnoliopsida Asterales Asteraceae Pseudognaphalium,EXACT_MATCH_PRIMARY_SOURCE_ACCEPTED_SIMPLE
Pseudognaphalium helleri (Britton) Anderb.,Pseudognaphalium helleri,Pseudognaphalium helleri (Britton) Anderb.,Plantae Tracheophyta Magnoliopsida Asterales Asteraceae Pseudognaphalium helleri,EXACT_MATCH_PRIMARY_SOURCE_ACCEPTED_SIMPLE
Pseudognaphalium macounii (Greene) Kartesz,Pseudognaphalium macounii,Pseudognaphalium macounii (Greene) Kartesz,Plantae Tracheophyta Magnoliopsida Asterales Asteraceae Pseudognaphalium macounii,EXACT_MATCH_PRIMARY_SOURCE_ACCEPTED_SIMPLE
Pseudognaphalium obtusifolium (L.) Hilliard & B.L. Burtt,Pseudognaphalium obtusifolium,Pseudognaphalium obtusifolium (L.) Hilliard & B.L. Burtt,Plantae Tracheophyta Magnoliopsida Asterales Asteraceae Pseudognaphalium obtusifolium,EXACT_MATCH_PRIMARY_SOURCE_ACCEPTED_SIMPLE
Pseudognaphalium stramineum (Kunth) Anderb.,Pseudognaphalium stramineum,Pseudognaphalium stramineum (Kunth) Anderb.,Plantae Tracheophyta Magnoliopsida Asterales Asteraceae Pseudognaphalium stramineum,EXACT_MATCH_PRIMARY_SOURCE_ACCEPTED_AMONG_SYNONYMS_SIMPLE
Pseudosasa Makino ex Nakai,Pseudosasa ,Pseudosasa Makino ex Nakai,Plantae Tracheophyta Liliopsida Poales Poaceae Pseudosasa,EXACT_MATCH_PRIMARY_SOURCE_ACCEPTED_AUTHOR_DISAMBIGUATION
Pseudosasa japonica (Siebold & Zucc. ex Steud.) Makino ex Nakai,Pseudosasa japonica,Pseudosasa japonica (Siebold & Zucc. ex Steud.) Makino ex Nakai,Plantae Tracheophyta Liliopsida Poales Poaceae Pseudosasa japonica,EXACT_MATCH_PRIMARY_SOURCE_ACCEPTED_AUTHOR_DISAMBIGUATION
Ptelea L.,Ptelea ,Ptelea L.,Plantae Tracheophyta Magnoliopsida Sapindales Rutaceae Ptelea,EXACT_MATCH_PRIMARY_SOURCE_ACCEPTED_SIMPLE
Ptelea trifoliata L.,Ptelea trifoliata,Ptelea trifoliata L.,Plantae Tracheophyta Magnoliopsida Sapindales Rutaceae Ptelea trifoliata,EXACT_MATCH_PRIMARY_SOURCE_ACCEPTED_AMONG_SYNONYMS_SIMPLE
Pteridium Gleditsch ex Scop.,Pteridium ,Pteridium Gleditsch ex Scop.,Plantae Tracheophyta Polypodiopsida Polypodiales Dennstaedtiaceae Pteridium,MULTI_EXACT_MATCH_PRIMARY_SOURCE_ACCEPTED_HOMONYM
Pteridium aquilinum (L.) Kuhn,Pteridium aquilinum,Pteridium aquilinum (L.) Kuhn,Plantae Tracheophyta Polypodiopsida Polypodiales Dennstaedtiaceae Pteridium aquilinum,EXACT_MATCH_PRIMARY_SOURCE_ACCEPTED_SIMPLE
Pteris L.,Pteris ,Pteris L.,Plantae Tracheophyta Polypodiopsida Polypodiales Pteridaceae Pteris,EXACT_MATCH_PRIMARY_SOURCE_ACCEPTED_AUTHOR_DISAMBIGUATION
Pteris multifida Poir.,Pteris multifida,Pteris multifida Poir.,Plantae Tracheophyta Polypodiopsida Polypodiales Pteridaceae Pteris multifida,EXACT_MATCH_PRIMARY_SOURCE_ACCEPTED_AMONG_SYNONYMS_SIMPLE
Ptilimnium Raf.,Ptilimnium ,Ptilimnium Raf.,Plantae Tracheophyta Magnoliopsida Apiales Apiaceae Ptilimnium,EXACT_MATCH_PRIMARY_SOURCE_ACCEPTED_SIMPLE
Ptilimnium capillaceum (Michx.) Raf.,Ptilimnium capillaceum,Ptilimnium capillaceum (Michx.) Raf.,Plantae Tracheophyta Magnoliopsida Apiales Apiaceae Ptilimnium capillaceum,EXACT_MATCH_PRIMARY_SOURCE_ACCEPTED_AUTHOR_DISAMBIGUATION
Ptilimnium nodosum (Rose) Mathias,Harperella nodosa,Ptilimnium nodosum (Rose) Mathias,Plantae Tracheophyta Magnoliopsida Apiales Apiaceae Harperella nodosa,EXACT_MATCH_PRIMARY_SOURCE_SYNONYM_SIMPLE
Puccinellia Parl.,Puccinellia ,Puccinellia Parl.,Plantae Tracheophyta Liliopsida Poales Poaceae Puccinellia,EXACT_MATCH_PRIMARY_SOURCE_ACCEPTED_SIMPLE
Puccinellia distans (Jacq.) Parl.,Puccinellia distans,Puccinellia distans (Jacq.) Parl.,Plantae Tracheophyta Liliopsida Poales Poaceae Puccinellia distans,EXACT_MATCH_PRIMARY_SOURCE_ACCEPTED_SIMPLE
Puccinellia fasciculata (Torr.) E.P. Bicknell,Puccinellia fasciculata,Puccinellia fasciculata (Torr.) E.P. Bicknell,Plantae Tracheophyta Liliopsida Poales Poaceae Puccinellia fasciculata,EXACT_MATCH_PRIMARY_SOURCE_ACCEPTED_SIMPLE
Pueraria DC.,Pueraria ,Pueraria DC.,Plantae Tracheophyta Magnoliopsida Fabales Fabaceae Pueraria,EXACT_MATCH_PRIMARY_SOURCE_ACCEPTED_AUTHOR_DISAMBIGUATION
Pueraria montana (Lour.) Merr.,Pueraria montana,Pueraria montana (Lour.) Merr.,Plantae Tracheophyta Magnoliopsida Fabales Fabaceae Pueraria montana,EXACT_MATCH_PRIMARY_SOURCE_ACCEPTED_SIMPLE
Pycnanthemum Michx.,Pycnanthemum ,Pycnanthemum Michx.,Plantae Tracheophyta Magnoliopsida Lamiales Lamiaceae Pycnanthemum,EXACT_MATCH_PRIMARY_SOURCE_ACCEPTED_AUTHOR_DISAMBIGUATION
Pycnanthemum beadlei (Small) Fernald,Pycnanthemum beadlei,Pycnanthemum beadlei (Small) Fernald,Plantae Tracheophyta Magnoliopsida Lamiales Lamiaceae Pycnanthemum beadlei,EXACT_MATCH_PRIMARY_SOURCE_ACCEPTED_SIMPLE
Pycnanthemum clinopodioides Torr. & A. Gray,Pycnanthemum clinopodioides,Pycnanthemum clinopodioides Torr. & A. Gray,Plantae Tracheophyta Magnoliopsida Lamiales Lamiaceae Pycnanthemum clinopodioides,EXACT_MATCH_PRIMARY_SOURCE_ACCEPTED_SIMPLE
"Pycnanthemum flexuosum (Walter) Britton, Sterns & Poggenb.",Pycnanthemum flexuosum,"Pycnanthemum flexuosum (Walter) Britton, Sterns & Poggenb.",Plantae Tracheophyta Magnoliopsida Lamiales Lamiaceae Pycnanthemum flexuosum,EXACT_MATCH_PRIMARY_SOURCE_ACCEPTED_SIMPLE
Pycnanthemum incanum (L.) Michx.,Pycnanthemum incanum,Pycnanthemum incanum (L.) Michx.,Plantae Tracheophyta Magnoliopsida Lamiales Lamiaceae Pycnanthemum incanum,EXACT_MATCH_PRIMARY_SOURCE_ACCEPTED_SIMPLE
Pycnanthemum loomisii Nutt.,Pycnanthemum loomisii,Pycnanthemum loomisii Nutt.,Plantae Tracheophyta Magnoliopsida Lamiales Lamiaceae Pycnanthemum loomisii,EXACT_MATCH_PRIMARY_SOURCE_ACCEPTED_SIMPLE
Pycnanthemum monotrichum Fernald,Pycnanthemum monotrichum,Pycnanthemum monotrichum Fernald,Plantae Tracheophyta Magnoliopsida Lamiales Lamiaceae Pycnanthemum monotrichum,EXACT_MATCH_PRIMARY_SOURCE_ACCEPTED_SIMPLE
Pycnanthemum montanum Michx.,Pycnanthemum montanum,Pycnanthemum montanum Michx.,Plantae Tracheophyta Magnoliopsida Lamiales Lamiaceae Pycnanthemum montanum,EXACT_MATCH_PRIMARY_SOURCE_ACCEPTED_SIMPLE
Pycnanthemum muticum (Michx.) Pers.,Pycnanthemum muticum,Pycnanthemum muticum (Michx.) Pers.,Plantae Tracheophyta Magnoliopsida Lamiales Lamiaceae Pycnanthemum muticum,EXACT_MATCH_PRIMARY_SOURCE_ACCEPTED_SIMPLE
Pycnanthemum pycnanthemoides (Leavenworth) Fernald,Pycnanthemum pycnanthemoides,Pycnanthemum pycnanthemoides (Leavenworth) Fernald,Plantae Tracheophyta Magnoliopsida Lamiales Lamiaceae Pycnanthemum pycnanthemoides,EXACT_MATCH_PRIMARY_SOURCE_ACCEPTED_SIMPLE
Pycnanthemum setosum Nutt.,Pycnanthemum setosum,Pycnanthemum setosum Nutt.,Plantae Tracheophyta Magnoliopsida Lamiales Lamiaceae Pycnanthemum setosum,EXACT_MATCH_PRIMARY_SOURCE_ACCEPTED_SIMPLE
Pycnanthemum tenuifolium Schrad.,Pycnanthemum tenuifolium,Pycnanthemum tenuifolium Schrad.,Plantae Tracheophyta Magnoliopsida Lamiales Lamiaceae Pycnanthemum tenuifolium,EXACT_MATCH_PRIMARY_SOURCE_ACCEPTED_SIMPLE
Pycnanthemum torrei Benth.,Pycnanthemum torreyi,Pycnanthemum torrei Benth.,Plantae Tracheophyta Magnoliopsida Lamiales Lamiaceae Pycnanthemum torreyi,FUZZY_MATCH_PRIMARY_SOURCE_ACCEPTED
Pycnanthemum verticillatum (Michx.) Pers.,Pycnanthemum verticillatum,Pycnanthemum verticillatum (Michx.) Pers.,Plantae Tracheophyta Magnoliopsida Lamiales Lamiaceae Pycnanthemum verticillatum,EXACT_MATCH_PRIMARY_SOURCE_ACCEPTED_AUTHOR_DISAMBIGUATION
Pycnanthemum virginianum (L.) T. Dur. & B.D. Jacks. ex B.L. Rob. & Fernald,Pycnanthemum virginianum,Pycnanthemum virginianum (L.) T. Dur. & B.D. Jacks. ex B.L. Rob. & Fernald,Plantae Tracheophyta Magnoliopsida Lamiales Lamiaceae Pycnanthemum virginianum,EXACT_MATCH_PRIMARY_SOURCE_MULT_ACCEPTED
Pyracantha M. Roem.,Pyracantha ,Pyracantha M. Roem.,Plantae Tracheophyta Magnoliopsida Rosales Rosaceae Pyracantha,EXACT_MATCH_PRIMARY_SOURCE_MULT_ACCEPTED
Pyracantha coccinea M. Roem.,Pyracantha coccinea,Pyracantha coccinea M. Roem.,Plantae Tracheophyta Magnoliopsida Rosales Rosaceae Pyracantha coccinea,EXACT_MATCH_PRIMARY_SOURCE_ACCEPTED_SIMPLE
Pyrola L.,Pyrola ,Pyrola L.,Plantae Tracheophyta Magnoliopsida Ericales Ericaceae Pyrola,EXACT_MATCH_PRIMARY_SOURCE_ACCEPTED_SIMPLE
Pyrola americana Sweet,Pyrola americana,Pyrola americana Sweet,Plantae Tracheophyta Magnoliopsida Ericales Ericaceae Pyrola americana,EXACT_MATCH_PRIMARY_SOURCE_ACCEPTED_AMONG_SYNONYMS_SIMPLE
Pyrola chlorantha Sw.,Pyrola chlorantha,Pyrola chlorantha Sw.,Plantae Tracheophyta Magnoliopsida Ericales Ericaceae Pyrola chlorantha,EXACT_MATCH_PRIMARY_SOURCE_ACCEPTED_SIMPLE
Pyrola elliptica Nutt.,Pyrola elliptica,Pyrola elliptica Nutt.,Plantae Tracheophyta Magnoliopsida Ericales Ericaceae Pyrola elliptica,EXACT_MATCH_PRIMARY_SOURCE_ACCEPTED_SIMPLE
Pyrrhopappus DC.,Pyrrhopappus ,Pyrrhopappus DC.,Plantae Tracheophyta Magnoliopsida Asterales Asteraceae Pyrrhopappus,EXACT_MATCH_PRIMARY_SOURCE_ACCEPTED_AUTHOR_DISAMBIGUATION
Pyrrhopappus carolinianus (Walter) DC.,Pyrrhopappus carolinianus,Pyrrhopappus carolinianus (Walter) DC.,Plantae Tracheophyta Magnoliopsida Asterales Asteraceae Pyrrhopappus carolinianus,EXACT_MATCH_PRIMARY_SOURCE_ACCEPTED_SIMPLE
Pyrularia Michx.,Pyrularia ,Pyrularia Michx.,Plantae Tracheophyta Magnoliopsida Santalales Cervantesiaceae Pyrularia,EXACT_MATCH_PRIMARY_SOURCE_ACCEPTED_SIMPLE
Pyrus L.,Pyrus ,Pyrus L.,Plantae Tracheophyta Magnoliopsida Rosales Rosaceae Pyrus,EXACT_MATCH_PRIMARY_SOURCE_ACCEPTED_AUTHOR_DISAMBIGUATION
Pyrus calleryana Decne.,Pyrus calleryana,Pyrus calleryana Decne.,Plantae Tracheophyta Magnoliopsida Rosales Rosaceae Pyrus calleryana,EXACT_MATCH_PRIMARY_SOURCE_ACCEPTED_AUTHOR_DISAMBIGUATION
Pyrus communis L.,Pyrus communis,Pyrus communis L.,Plantae Tracheophyta Magnoliopsida Rosales Rosaceae Pyrus communis,EXACT_MATCH_PRIMARY_SOURCE_ACCEPTED_AUTHOR_DISAMBIGUATION
Pyrus pyrifolia (Burm. f.) Nakai,Pyrus pyrifolia,Pyrus pyrifolia (Burm. f.) Nakai,Plantae Tracheophyta Magnoliopsida Rosales Rosaceae Pyrus pyrifolia,EXACT_MATCH_PRIMARY_SOURCE_ACCEPTED_SIMPLE
Pyxidanthera Michx.,Pyxidanthera ,Pyxidanthera Michx.,Plantae Tracheophyta Magnoliopsida Ericales Diapensiaceae Pyxidanthera,EXACT_MATCH_PRIMARY_SOURCE_ACCEPTED_SIMPLE
Pyxidanthera barbulata Michx.,Pyxidanthera barbulata,Pyxidanthera barbulata Michx.,Plantae Tracheophyta Magnoliopsida Ericales Diapensiaceae Pyxidanthera barbulata,EXACT_MATCH_PRIMARY_SOURCE_ACCEPTED_SIMPLE
Quercus L.,Quercus ,Quercus L.,Plantae Tracheophyta Magnoliopsida Fagales Fagaceae Quercus,EXACT_MATCH_PRIMARY_SOURCE_ACCEPTED_SIMPLE
Quercus acutissima Carruthers,Quercus acutissima,Quercus acutissima Carruthers,Plantae Tracheophyta Magnoliopsida Fagales Fagaceae Quercus acutissima,EXACT_MATCH_PRIMARY_SOURCE_ACCEPTED_SIMPLE
Quercus alba L.,Quercus alba,Quercus alba L.,Plantae Tracheophyta Magnoliopsida Fagales Fagaceae Quercus alba,EXACT_MATCH_PRIMARY_SOURCE_ACCEPTED_AUTHOR_DISAMBIGUATION
Quercus bicolor Willd.,Quercus bicolor,Quercus bicolor Willd.,Plantae Tracheophyta Magnoliopsida Fagales Fagaceae Quercus bicolor,EXACT_MATCH_PRIMARY_SOURCE_ACCEPTED_SIMPLE
Quercus coccinea Münchh.,Quercus coccinea,Quercus coccinea Münchh.,Plantae Tracheophyta Magnoliopsida Fagales Fagaceae Quercus coccinea,EXACT_MATCH_PRIMARY_SOURCE_ACCEPTED_AUTHOR_DISAMBIGUATION
Quercus falcata Michx.,Quercus falcata,Quercus falcata Michx.,Plantae Tracheophyta Magnoliopsida Fagales Fagaceae Quercus falcata,EXACT_MATCH_PRIMARY_SOURCE_ACCEPTED_SIMPLE
Quercus hemisphaerica W. Bartram ex Willd.,Quercus hemisphaerica,Quercus hemisphaerica W. Bartram ex Willd.,Plantae Tracheophyta Magnoliopsida Fagales Fagaceae Quercus hemisphaerica,EXACT_MATCH_PRIMARY_SOURCE_MULT_ACCEPTED
Quercus ilicifolia Wangenh.,Quercus ilicifolia,Quercus ilicifolia Wangenh.,Plantae Tracheophyta Magnoliopsida Fagales Fagaceae Quercus ilicifolia,EXACT_MATCH_PRIMARY_SOURCE_ACCEPTED_AMONG_SYNONYMS_SIMPLE
Quercus imbricaria Michx.,Quercus imbricaria,Quercus imbricaria Michx.,Plantae Tracheophyta Magnoliopsida Fagales Fagaceae Quercus imbricaria,EXACT_MATCH_PRIMARY_SOURCE_ACCEPTED_AUTHOR_DISAMBIGUATION
Quercus incana W. Bartram,Quercus incana,Quercus incana W. Bartram,Plantae Tracheophyta Magnoliopsida Fagales Fagaceae Quercus incana,EXACT_MATCH_PRIMARY_SOURCE_ACCEPTED_AMONG_SYNONYMS_SIMPLE
Quercus laevis Walter,Quercus laevis,Quercus laevis Walter,Plantae Tracheophyta Magnoliopsida Fagales Fagaceae Quercus laevis,EXACT_MATCH_PRIMARY_SOURCE_ACCEPTED_SIMPLE
Quercus laurifolia Michx.,Quercus laurifolia,Quercus laurifolia Michx.,Plantae Tracheophyta Magnoliopsida Fagales Fagaceae Quercus laurifolia,EXACT_MATCH_PRIMARY_SOURCE_ACCEPTED_AMONG_SYNONYMS_SIMPLE
Quercus lyrata Walter,Quercus lyrata,Quercus lyrata Walter,Plantae Tracheophyta Magnoliopsida Fagales Fagaceae Quercus lyrata,EXACT_MATCH_PRIMARY_SOURCE_ACCEPTED_AMONG_SYNONYMS_SIMPLE
Quercus macrocarpa Michx.,Quercus macrocarpa,Quercus macrocarpa Michx.,Plantae Tracheophyta Magnoliopsida Fagales Fagaceae Quercus macrocarpa,EXACT_MATCH_PRIMARY_SOURCE_ACCEPTED_AMONG_SYNONYMS_SIMPLE
Quercus marilandica Münchh.,Quercus marilandica,Quercus marilandica Münchh.,Plantae Tracheophyta Magnoliopsida Fagales Fagaceae Quercus marilandica,EXACT_MATCH_PRIMARY_SOURCE_ACCEPTED_SIMPLE
Quercus michauxii Nutt.,Quercus michauxii,Quercus michauxii Nutt.,Plantae Tracheophyta Magnoliopsida Fagales Fagaceae Quercus michauxii,EXACT_MATCH_PRIMARY_SOURCE_ACCEPTED_AMONG_SYNONYMS_SIMPLE
Quercus montana Willd.,Quercus montana,Quercus montana Willd.,Plantae Tracheophyta Magnoliopsida Fagales Fagaceae Quercus montana,EXACT_MATCH_PRIMARY_SOURCE_ACCEPTED_AMONG_SYNONYMS_SIMPLE
Quercus muehlenbergii Engelm.,Quercus muehlenbergii,Quercus muehlenbergii Engelm.,Plantae Tracheophyta Magnoliopsida Fagales Fagaceae Quercus muehlenbergii,EXACT_MATCH_PRIMARY_SOURCE_ACCEPTED_SIMPLE
Quercus nigra L.,Quercus nigra,Quercus nigra L.,Plantae Tracheophyta Magnoliopsida Fagales Fagaceae Quercus nigra,EXACT_MATCH_PRIMARY_SOURCE_ACCEPTED_AUTHOR_DISAMBIGUATION
Quercus pagoda Raf.,Quercus pagoda,Quercus pagoda Raf.,Plantae Tracheophyta Magnoliopsida Fagales Fagaceae Quercus pagoda,EXACT_MATCH_PRIMARY_SOURCE_ACCEPTED_SIMPLE
Quercus palustris Münchh.,Quercus palustris,Quercus palustris Münchh.,Plantae Tracheophyta Magnoliopsida Fagales Fagaceae Quercus palustris,EXACT_MATCH_PRIMARY_SOURCE_ACCEPTED_AUTHOR_DISAMBIGUATION
Quercus phellos L.,Quercus phellos,Quercus phellos L.,Plantae Tracheophyta Magnoliopsida Fagales Fagaceae Quercus phellos,EXACT_MATCH_PRIMARY_SOURCE_ACCEPTED_SIMPLE
Quercus prinoides Willd.,Quercus prinoides,Quercus prinoides Willd.,Plantae Tracheophyta Magnoliopsida Fagales Fagaceae Quercus prinoides,EXACT_MATCH_PRIMARY_SOURCE_ACCEPTED_AMONG_SYNONYMS_SIMPLE
Quercus rubra L.,Quercus rubra,Quercus rubra L.,Plantae Tracheophyta Magnoliopsida Fagales Fagaceae Quercus rubra,EXACT_MATCH_PRIMARY_SOURCE_ACCEPTED_AUTHOR_DISAMBIGUATION
Quercus shumardii Buckley,Quercus shumardii,Quercus shumardii Buckley,Plantae Tracheophyta Magnoliopsida Fagales Fagaceae Quercus shumardii,EXACT_MATCH_PRIMARY_SOURCE_ACCEPTED_SIMPLE
Quercus stellata Wangenh.,Quercus stellata,Quercus stellata Wangenh.,Plantae Tracheophyta Magnoliopsida Fagales Fagaceae Quercus stellata,EXACT_MATCH_PRIMARY_SOURCE_ACCEPTED_SIMPLE
Quercus velutina Lam.,Quercus velutina,Quercus velutina Lam.,Plantae Tracheophyta Magnoliopsida Fagales Fagaceae Quercus velutina,EXACT_MATCH_PRIMARY_SOURCE_ACCEPTED_AUTHOR_DISAMBIGUATION
Quercus virginiana Mill.,Quercus virginiana,Quercus virginiana Mill.,Plantae Tracheophyta Magnoliopsida Fagales Fagaceae Quercus virginiana,EXACT_MATCH_PRIMARY_SOURCE_ACCEPTED_SIMPLE
Quercus ×beadlei Trel. ex Palmer [alba × michauxii],Quercus beadlei,Quercus ×beadlei Trel. ex Palmer [alba × michauxii],Plantae Tracheophyta Magnoliopsida Fagales Fagaceae Quercus beadlei,EXACT_MATCH_PRIMARY_SOURCE_MULT_ACCEPTED
Quercus ×bebbiana C.K. Schneid. [alba × macrocarpa],Quercus bebbiana,Quercus ×bebbiana C.K. Schneid. [alba × macrocarpa],Plantae Tracheophyta Magnoliopsida Fagales Fagaceae Quercus bebbiana,EXACT_MATCH_PRIMARY_SOURCE_ACCEPTED_SIMPLE
Quercus ×bushii Sarg. [marilandica × velutina],Quercus bushii,Quercus ×bushii Sarg. [marilandica × velutina],Plantae Tracheophyta Magnoliopsida Fagales Fagaceae Quercus bushii,EXACT_MATCH_PRIMARY_SOURCE_ACCEPTED_SIMPLE
Quercus ×caduca Trel. [incana × nigra],Quercus caduca,Quercus ×caduca Trel. [incana × nigra],Plantae Tracheophyta Magnoliopsida Fagales Fagaceae Quercus caduca,EXACT_MATCH_PRIMARY_SOURCE_ACCEPTED_SIMPLE
Quercus ×comptoniae Sarg. [lyrata × virginiana],Quercus comptoniae,Quercus ×comptoniae Sarg. [lyrata × virginiana],Plantae Tracheophyta Magnoliopsida Fagales Fagaceae Quercus comptoniae,EXACT_MATCH_PRIMARY_SOURCE_ACCEPTED_SIMPLE
Quercus ×cravenensis Little [incana × marilandica],Quercus cravenensis,Quercus ×cravenensis Little [incana × marilandica],Plantae Tracheophyta Magnoliopsida Fagales Fagaceae Quercus cravenensis,EXACT_MATCH_PRIMARY_SOURCE_ACCEPTED_SIMPLE
Quercus ×fernaldii Trel. [ilicifolia × rubra],Quercus fernaldii,Quercus ×fernaldii Trel. [ilicifolia × rubra],Plantae Tracheophyta Magnoliopsida Fagales Fagaceae Quercus fernaldii,EXACT_MATCH_PRIMARY_SOURCE_ACCEPTED_SIMPLE
Quercus ×fernowii Trel. [alba × stellata],Quercus fernowii,Quercus ×fernowii Trel. [alba × stellata],Plantae Tracheophyta Magnoliopsida Fagales Fagaceae Quercus fernowii,EXACT_MATCH_PRIMARY_SOURCE_ACCEPTED_SIMPLE
Quercus ×garlandensis Palmer [falcata × nigra],Quercus garlandensis,Quercus ×garlandensis Palmer [falcata × nigra],Plantae Tracheophyta Magnoliopsida Fagales Fagaceae Quercus garlandensis,EXACT_MATCH_PRIMARY_SOURCE_ACCEPTED_SIMPLE
Quercus ×heterophylla Michx. f. (pro sp.) [phellos × rubra],Quercus heterophylla,Quercus ×heterophylla Michx. f. (pro sp.) [phellos × rubra],Plantae Tracheophyta Magnoliopsida Fagales Fagaceae Quercus heterophylla,EXACT_MATCH_PRIMARY_SOURCE_ACCEPTED_AMONG_SYNONYMS_SIMPLE
Quercus ×ludoviciana Sarg. [pagoda × phellos],Quercus ludoviciana,Quercus ×ludoviciana Sarg. [pagoda × phellos],Plantae Tracheophyta Magnoliopsida Fagales Fagaceae Quercus ludoviciana,EXACT_MATCH_PRIMARY_SOURCE_ACCEPTED_SIMPLE
Quercus ×moultonensis Ashe (pro sp.) [phellos × shumardii],Quercus moultonensis,Quercus ×moultonensis Ashe (pro sp.) [phellos × shumardii],Plantae Tracheophyta Magnoliopsida Fagales Fagaceae Quercus moultonensis,EXACT_MATCH_PRIMARY_SOURCE_ACCEPTED_SIMPLE
Quercus ×rudkinii Britton (pro sp.) [marilandica × phellos],Quercus rudkinii,Quercus ×rudkinii Britton (pro sp.) [marilandica × phellos],Plantae Tracheophyta Magnoliopsida Fagales Fagaceae Quercus rudkinii,EXACT_MATCH_PRIMARY_SOURCE_ACCEPTED_SIMPLE
Quercus ×saulii C.K. Schneid. [alba × montana],Quercus saulii,Quercus ×saulii C.K. Schneid. [alba × montana],Plantae Tracheophyta Magnoliopsida Fagales Fagaceae Quercus saulii,EXACT_MATCH_PRIMARY_SOURCE_ACCEPTED_SIMPLE
Quercus ×sterilis Trel. ex Palmer [marilandica × nigra],Quercus sterilis,Quercus ×sterilis Trel. ex Palmer [marilandica × nigra],Plantae Tracheophyta Magnoliopsida Fagales Fagaceae Quercus sterilis,EXACT_MATCH_PRIMARY_SOURCE_ACCEPTED_SIMPLE
Quercus ×subintegra (Engelm.) Trel. [falcata × incana],Quercus subintegra,Quercus ×subintegra (Engelm.) Trel. [falcata × incana],Plantae Tracheophyta Magnoliopsida Fagales Fagaceae Quercus subintegra,EXACT_MATCH_PRIMARY_SOURCE_ACCEPTED_SIMPLE
Ranunculus L.,Ranunculus ,Ranunculus L.,Plantae Tracheophyta Magnoliopsida Ranunculales Ranunculaceae Ranunculus,EXACT_MATCH_PRIMARY_SOURCE_ACCEPTED_SIMPLE
Ranunculus abortivus L.,Ranunculus abortivus,Ranunculus abortivus L.,Plantae Tracheophyta Magnoliopsida Ranunculales Ranunculaceae Ranunculus abortivus,EXACT_MATCH_PRIMARY_SOURCE_ACCEPTED_SIMPLE
Ranunculus acris L.,Ranunculus acris,Ranunculus acris L.,Plantae Tracheophyta Magnoliopsida Ranunculales Ranunculaceae Ranunculus acris,EXACT_MATCH_PRIMARY_SOURCE_ACCEPTED_AMONG_SYNONYMS_SIMPLE
Ranunculus allegheniensis Britton,Ranunculus allegheniensis,Ranunculus allegheniensis Britton,Plantae Tracheophyta Magnoliopsida Ranunculales Ranunculaceae Ranunculus allegheniensis,EXACT_MATCH_PRIMARY_SOURCE_ACCEPTED_SIMPLE
Ranunculus ambigens S. Watson,Ranunculus ambigens,Ranunculus ambigens S. Watson,Plantae Tracheophyta Magnoliopsida Ranunculales Ranunculaceae Ranunculus ambigens,EXACT_MATCH_PRIMARY_SOURCE_ACCEPTED_SIMPLE
Ranunculus bulbosus L.,Ranunculus bulbosus,Ranunculus bulbosus L.,Plantae Tracheophyta Magnoliopsida Ranunculales Ranunculaceae Ranunculus bulbosus,EXACT_MATCH_PRIMARY_SOURCE_ACCEPTED_AUTHOR_DISAMBIGUATION
Ranunculus fascicularis Muhl. ex Bigelow,Ranunculus fascicularis,Ranunculus fascicularis Muhl. ex Bigelow,Plantae Tracheophyta Magnoliopsida Ranunculales Ranunculaceae Ranunculus fascicularis,EXACT_MATCH_PRIMARY_SOURCE_ACCEPTED_AUTHOR_DISAMBIGUATION
Ranunculus ficaria L.,Ranunculus ficaria,Ranunculus ficaria L.,Plantae Tracheophyta Magnoliopsida Ranunculales Ranunculaceae Ranunculus ficaria,EXACT_MATCH_PRIMARY_SOURCE_ACCEPTED_AMONG_SYNONYMS_SIMPLE
Ranunculus flabellaris Raf.,Ranunculus flabellaris,Ranunculus flabellaris Raf.,Plantae Tracheophyta Magnoliopsida Ranunculales Ranunculaceae Ranunculus flabellaris,EXACT_MATCH_PRIMARY_SOURCE_ACCEPTED_AUTHOR_DISAMBIGUATION
Ranunculus hederaceus L.,Ranunculus hederaceus,Ranunculus hederaceus L.,Plantae Tracheophyta Magnoliopsida Ranunculales Ranunculaceae Ranunculus hederaceus,EXACT_MATCH_PRIMARY_SOURCE_ACCEPTED_AMONG_SYNONYMS_SIMPLE
Ranunculus hispidus Michx.,Ranunculus hispidus,Ranunculus hispidus Michx.,Plantae Tracheophyta Magnoliopsida Ranunculales Ranunculaceae Ranunculus hispidus,EXACT_MATCH_PRIMARY_SOURCE_ACCEPTED_AMONG_SYNONYMS_SIMPLE
Ranunculus laxicaulis (Torr. & A. Gray) Darby,Ranunculus laxicaulis,Ranunculus laxicaulis (Torr. & A. Gray) Darby,Plantae Tracheophyta Magnoliopsida Ranunculales Ranunculaceae Ranunculus laxicaulis,EXACT_MATCH_PRIMARY_SOURCE_ACCEPTED_SIMPLE
Ranunculus longirostris Godr.,Ranunculus longirostris,Ranunculus longirostris Godr.,Plantae Tracheophyta Magnoliopsida Ranunculales Ranunculaceae Ranunculus longirostris,EXACT_MATCH_PRIMARY_SOURCE_ACCEPTED_SIMPLE
Ranunculus micranthus Nutt.,Ranunculus micranthus,Ranunculus micranthus Nutt.,Plantae Tracheophyta Magnoliopsida Ranunculales Ranunculaceae Ranunculus micranthus,EXACT_MATCH_PRIMARY_SOURCE_MULT_ACCEPTED
Ranunculus parviflorus L.,Ranunculus parviflorus,Ranunculus parviflorus L.,Plantae Tracheophyta Magnoliopsida Ranunculales Ranunculaceae Ranunculus parviflorus,EXACT_MATCH_PRIMARY_SOURCE_ACCEPTED_AUTHOR_DISAMBIGUATION
Ranunculus pusillus Poir.,Ranunculus pusillus,Ranunculus pusillus Poir.,Plantae Tracheophyta Magnoliopsida Ranunculales Ranunculaceae Ranunculus pusillus,EXACT_MATCH_PRIMARY_SOURCE_ACCEPTED_AMONG_SYNONYMS_SIMPLE
Ranunculus recurvatus Poir.,Ranunculus recurvatus,Ranunculus recurvatus Poir.,Plantae Tracheophyta Magnoliopsida Ranunculales Ranunculaceae Ranunculus recurvatus,EXACT_MATCH_PRIMARY_SOURCE_ACCEPTED_AMONG_SYNONYMS_SIMPLE
Ranunculus repens L.,Ranunculus repens,Ranunculus repens L.,Plantae Tracheophyta Magnoliopsida Ranunculales Ranunculaceae Ranunculus repens,EXACT_MATCH_PRIMARY_SOURCE_ACCEPTED_AUTHOR_DISAMBIGUATION
Ranunculus sardous Crantz,Ranunculus sardous,Ranunculus sardous Crantz,Plantae Tracheophyta Magnoliopsida Ranunculales Ranunculaceae Ranunculus sardous,EXACT_MATCH_PRIMARY_SOURCE_ACCEPTED_SIMPLE
Ranunculus sceleratus L.,Ranunculus sceleratus,Ranunculus sceleratus L.,Plantae Tracheophyta Magnoliopsida Ranunculales Ranunculaceae Ranunculus sceleratus,EXACT_MATCH_PRIMARY_SOURCE_ACCEPTED_AMONG_SYNONYMS_SIMPLE
Ranunculus trichophyllus Chaix,Ranunculus trichophyllus,Ranunculus trichophyllus Chaix,Plantae Tracheophyta Magnoliopsida Ranunculales Ranunculaceae Ranunculus trichophyllus,EXACT_MATCH_PRIMARY_SOURCE_ACCEPTED_AUTHOR_DISAMBIGUATION
Raphanus L.,Raphanus ,Raphanus L.,Plantae Tracheophyta Magnoliopsida Brassicales Brassicaceae Raphanus,EXACT_MATCH_PRIMARY_SOURCE_ACCEPTED_AUTHOR_DISAMBIGUATION
Raphanus raphanistrum L.,Raphanus raphanistrum,Raphanus raphanistrum L.,Plantae Tracheophyta Magnoliopsida Brassicales Brassicaceae Raphanus raphanistrum,EXACT_MATCH_PRIMARY_SOURCE_ACCEPTED_AUTHOR_DISAMBIGUATION
Raphanus sativus L.,Raphanus sativus,Raphanus sativus L.,Plantae Tracheophyta Magnoliopsida Brassicales Brassicaceae Raphanus sativus,EXACT_MATCH_PRIMARY_SOURCE_ACCEPTED_SIMPLE
Ratibida Raf.,Ratibida ,Ratibida Raf.,Plantae Tracheophyta Magnoliopsida Asterales Asteraceae Ratibida,EXACT_MATCH_PRIMARY_SOURCE_ACCEPTED_SIMPLE
Ratibida pinnata (Vent.) Barnhart,Ratibida pinnata,Ratibida pinnata (Vent.) Barnhart,Plantae Tracheophyta Magnoliopsida Asterales Asteraceae Ratibida pinnata,EXACT_MATCH_PRIMARY_SOURCE_ACCEPTED_SIMPLE
Rhamnus L.,Rhamnus ,Rhamnus L.,Plantae Tracheophyta Magnoliopsida Rosales Rhamnaceae Rhamnus,EXACT_MATCH_PRIMARY_SOURCE_ACCEPTED_SIMPLE
Rhamnus cathartica L.,Rhamnus cathartica,Rhamnus cathartica L.,Plantae Tracheophyta Magnoliopsida Rosales Rhamnaceae Rhamnus cathartica,EXACT_MATCH_PRIMARY_SOURCE_ACCEPTED_AUTHOR_DISAMBIGUATION
Rhamnus lanceolata Pursh,Endotropis lanceolata,Rhamnus lanceolata Pursh,Plantae Tracheophyta Magnoliopsida Rosales Rhamnaceae Endotropis lanceolata,EXACT_MATCH_PRIMARY_SOURCE_SYNONYM_SIMPLE
Rheum L.,Rheum ,Rheum L.,Plantae Tracheophyta Magnoliopsida Caryophyllales Polygonaceae Rheum,EXACT_MATCH_PRIMARY_SOURCE_ACCEPTED_AUTHOR_DISAMBIGUATION
Rheum rhabarbarum L.,Rheum rhabarbarum,Rheum rhabarbarum L.,Plantae Tracheophyta Magnoliopsida Caryophyllales Polygonaceae Rheum rhabarbarum,EXACT_MATCH_PRIMARY_SOURCE_ACCEPTED_SIMPLE
Rhexia L.,Rhexia ,Rhexia L.,Plantae Tracheophyta Magnoliopsida Myrtales Melastomataceae Rhexia,MULTI_EXACT_MATCH_PRIMARY_SOURCE_ACCEPTED_HOMONYM
Rhexia aristosa Britton,Rhexia aristosa,Rhexia aristosa Britton,Plantae Tracheophyta Magnoliopsida Myrtales Melastomataceae Rhexia aristosa,EXACT_MATCH_PRIMARY_SOURCE_ACCEPTED_SIMPLE
Rhexia mariana L.,Rhexia mariana,Rhexia mariana L.,Plantae Tracheophyta Magnoliopsida Myrtales Melastomataceae Rhexia mariana,EXACT_MATCH_PRIMARY_SOURCE_ACCEPTED_SIMPLE
Rhexia nashii Small,Rhexia nashii,Rhexia nashii Small,Plantae Tracheophyta Magnoliopsida Myrtales Melastomataceae Rhexia nashii,EXACT_MATCH_PRIMARY_SOURCE_ACCEPTED_SIMPLE
Rhexia petiolata Walter,Rhexia petiolata,Rhexia petiolata Walter,Plantae Tracheophyta Magnoliopsida Myrtales Melastomataceae Rhexia petiolata,EXACT_MATCH_PRIMARY_SOURCE_ACCEPTED_SIMPLE
Rhexia virginica L.,Rhexia virginica,Rhexia virginica L.,Plantae Tracheophyta Magnoliopsida Myrtales Melastomataceae Rhexia virginica,EXACT_MATCH_PRIMARY_SOURCE_ACCEPTED_SIMPLE
Rhododendron L.,Rhododendron ,Rhododendron L.,Plantae Tracheophyta Magnoliopsida Ericales Ericaceae Rhododendron,EXACT_MATCH_PRIMARY_SOURCE_ACCEPTED_AUTHOR_DISAMBIGUATION
Rhododendron arborescens (Pursh) Torr.,Rhododendron arborescens,Rhododendron arborescens (Pursh) Torr.,Plantae Tracheophyta Magnoliopsida Ericales Ericaceae Rhododendron arborescens,EXACT_MATCH_PRIMARY_SOURCE_ACCEPTED_SIMPLE
Rhododendron atlanticum (Ashe) Rehder,Rhododendron atlanticum,Rhododendron atlanticum (Ashe) Rehder,Plantae Tracheophyta Magnoliopsida Ericales Ericaceae Rhododendron atlanticum,EXACT_MATCH_PRIMARY_SOURCE_ACCEPTED_SIMPLE
Rhododendron calendulaceum (Michx.) Torr.,Rhododendron calendulaceum,Rhododendron calendulaceum (Michx.) Torr.,Plantae Tracheophyta Magnoliopsida Ericales Ericaceae Rhododendron calendulaceum,EXACT_MATCH_PRIMARY_SOURCE_ACCEPTED_SIMPLE
Rhododendron catawbiense Michx.,Rhododendron catawbiense,Rhododendron catawbiense Michx.,Plantae Tracheophyta Magnoliopsida Ericales Ericaceae Rhododendron catawbiense,EXACT_MATCH_PRIMARY_SOURCE_ACCEPTED_AMONG_SYNONYMS_SIMPLE
Rhododendron cumberlandense E.L. Braun,Rhododendron cumberlandense,Rhododendron cumberlandense E.L. Braun,Plantae Tracheophyta Magnoliopsida Ericales Ericaceae Rhododendron cumberlandense,EXACT_MATCH_PRIMARY_SOURCE_ACCEPTED_SIMPLE
Rhododendron maximum L.,Rhododendron maximum,Rhododendron maximum L.,Plantae Tracheophyta Magnoliopsida Ericales Ericaceae Rhododendron maximum,EXACT_MATCH_PRIMARY_SOURCE_ACCEPTED_AMONG_SYNONYMS_SIMPLE
Rhododendron periclymenoides (Michx.) Shinners,Rhododendron periclymenoides,Rhododendron periclymenoides (Michx.) Shinners,Plantae Tracheophyta Magnoliopsida Ericales Ericaceae Rhododendron periclymenoides,EXACT_MATCH_PRIMARY_SOURCE_ACCEPTED_SIMPLE
Rhododendron prinophyllum (Small) Millais,Rhododendron roseum,Rhododendron prinophyllum (Small) Millais,Plantae Tracheophyta Magnoliopsida Ericales Ericaceae Rhododendron roseum,EXACT_MATCH_PRIMARY_SOURCE_SYNONYM_SIMPLE
Rhododendron viscosum (L.) Torr.,Rhododendron viscosum,Rhododendron viscosum (L.) Torr.,Plantae Tracheophyta Magnoliopsida Ericales Ericaceae Rhododendron viscosum,EXACT_MATCH_PRIMARY_SOURCE_ACCEPTED_AMONG_SYNONYMS_SIMPLE
Rhodotypos Siebold & Zucc.,Rhodotypos ,Rhodotypos Siebold & Zucc.,Plantae Tracheophyta Magnoliopsida Rosales Rosaceae Rhodotypos,EXACT_MATCH_PRIMARY_SOURCE_ACCEPTED_SIMPLE
Rhodotypos scandens (Thunb.) Makino,Rhodotypos scandens,Rhodotypos scandens (Thunb.) Makino,Plantae Tracheophyta Magnoliopsida Rosales Rosaceae Rhodotypos scandens,EXACT_MATCH_PRIMARY_SOURCE_ACCEPTED_SIMPLE
Rhus L.,Rhus ,Rhus L.,Plantae Tracheophyta Magnoliopsida Sapindales Anacardiaceae Rhus,EXACT_MATCH_PRIMARY_SOURCE_ACCEPTED_SIMPLE
Rhus aromatica Aiton,Rhus aromatica,Rhus aromatica Aiton,Plantae Tracheophyta Magnoliopsida Sapindales Anacardiaceae Rhus aromatica,EXACT_MATCH_PRIMARY_SOURCE_ACCEPTED_SIMPLE
Rhus copallinum L.,Rhus copallina,Rhus copallinum L.,Plantae Tracheophyta Magnoliopsida Sapindales Anacardiaceae Rhus copallina,FUZZY_MATCH_PRIMARY_SOURCE_ACCEPTED
Rhus glabra L.,Rhus glabra,Rhus glabra L.,Plantae Tracheophyta Magnoliopsida Sapindales Anacardiaceae Rhus glabra,EXACT_MATCH_PRIMARY_SOURCE_ACCEPTED_SIMPLE
Rhus michauxii Sarg.,Rhus michauxii,Rhus michauxii Sarg.,Plantae Tracheophyta Magnoliopsida Sapindales Anacardiaceae Rhus michauxii,EXACT_MATCH_PRIMARY_SOURCE_ACCEPTED_SIMPLE
Rhus typhina L.,Rhus typhina,Rhus typhina L.,Plantae Tracheophyta Magnoliopsida Sapindales Anacardiaceae Rhus typhina,EXACT_MATCH_PRIMARY_SOURCE_ACCEPTED_SIMPLE
Rhynchosia Lour.,Rhynchosia ,Rhynchosia Lour.,Plantae Tracheophyta Magnoliopsida Fabales Fabaceae Rhynchosia,EXACT_MATCH_PRIMARY_SOURCE_ACCEPTED_AUTHOR_DISAMBIGUATION
Rhynchosia difformis (Elliott) DC.,Rhynchosia difformis,Rhynchosia difformis (Elliott) DC.,Plantae Tracheophyta Magnoliopsida Fabales Fabaceae Rhynchosia difformis,EXACT_MATCH_PRIMARY_SOURCE_ACCEPTED_SIMPLE
Rhynchosia tomentosa (L.) Hook. & Arn.,Rhynchosia tomentosa,Rhynchosia tomentosa (L.) Hook. & Arn.,Plantae Tracheophyta Magnoliopsida Fabales Fabaceae Rhynchosia tomentosa,EXACT_MATCH_PRIMARY_SOURCE_ACCEPTED_AMONG_SYNONYMS_SIMPLE
Rhynchospora Vahl,Rhynchospora ,Rhynchospora Vahl,Plantae Tracheophyta Liliopsida Poales Cyperaceae Rhynchospora,EXACT_MATCH_PRIMARY_SOURCE_ACCEPTED_AUTHOR_DISAMBIGUATION
Rhynchospora alba (L.) Vahl,Rhynchospora alba,Rhynchospora alba (L.) Vahl,Plantae Tracheophyta Liliopsida Poales Cyperaceae Rhynchospora alba,EXACT_MATCH_PRIMARY_SOURCE_ACCEPTED_SIMPLE
Rhynchospora caduca Elliott,Rhynchospora caduca,Rhynchospora caduca Elliott,Plantae Tracheophyta Liliopsida Poales Cyperaceae Rhynchospora caduca,EXACT_MATCH_PRIMARY_SOURCE_ACCEPTED_SIMPLE
Rhynchospora capillacea Torr.,Rhynchospora capillacea,Rhynchospora capillacea Torr.,Plantae Tracheophyta Liliopsida Poales Cyperaceae Rhynchospora capillacea,EXACT_MATCH_PRIMARY_SOURCE_ACCEPTED_AUTHOR_DISAMBIGUATION
Rhynchospora capitellata (Michx.) Vahl,Rhynchospora capitellata,Rhynchospora capitellata (Michx.) Vahl,Plantae Tracheophyta Liliopsida Poales Cyperaceae Rhynchospora capitellata,EXACT_MATCH_PRIMARY_SOURCE_ACCEPTED_AMONG_SYNONYMS_SIMPLE
Rhynchospora cephalantha A. Gray,Rhynchospora cephalantha,Rhynchospora cephalantha A. Gray,Plantae Tracheophyta Liliopsida Poales Cyperaceae Rhynchospora cephalantha,EXACT_MATCH_PRIMARY_SOURCE_ACCEPTED_AMONG_SYNONYMS_SIMPLE
Rhynchospora chalarocephala Fernald & Gale,Rhynchospora chalarocephala,Rhynchospora chalarocephala Fernald & Gale,Plantae Tracheophyta Liliopsida Poales Cyperaceae Rhynchospora chalarocephala,EXACT_MATCH_PRIMARY_SOURCE_ACCEPTED_SIMPLE
Rhynchospora colorata (L.) H. Pfeiffer,Rhynchospora colorata,Rhynchospora colorata (L.) H. Pfeiffer,Plantae Tracheophyta Liliopsida Poales Cyperaceae Rhynchospora colorata,EXACT_MATCH_PRIMARY_SOURCE_ACCEPTED_SIMPLE
Rhynchospora corniculata (Lam.) A. Gray,Rhynchospora corniculata,Rhynchospora corniculata (Lam.) A. Gray,Plantae Tracheophyta Liliopsida Poales Cyperaceae Rhynchospora corniculata,EXACT_MATCH_PRIMARY_SOURCE_ACCEPTED_SIMPLE
Rhynchospora debilis Gale,Rhynchospora debilis,Rhynchospora debilis Gale,Plantae Tracheophyta Liliopsida Poales Cyperaceae Rhynchospora debilis,EXACT_MATCH_PRIMARY_SOURCE_ACCEPTED_SIMPLE
Rhynchospora fascicularis (Michx.) Vahl,Rhynchospora fascicularis,Rhynchospora fascicularis (Michx.) Vahl,Plantae Tracheophyta Liliopsida Poales Cyperaceae Rhynchospora fascicularis,EXACT_MATCH_PRIMARY_SOURCE_ACCEPTED_AUTHOR_DISAMBIGUATION
Rhynchospora filifolia A. Gray,Rhynchospora filifolia,Rhynchospora filifolia A. Gray,Plantae Tracheophyta Liliopsida Poales Cyperaceae Rhynchospora filifolia,EXACT_MATCH_PRIMARY_SOURCE_MULT_ACCEPTED
Rhynchospora globularis (Chapm.) Small,Rhynchospora globularis,Rhynchospora globularis (Chapm.) Small,Plantae Tracheophyta Liliopsida Poales Cyperaceae Rhynchospora globularis,EXACT_MATCH_PRIMARY_SOURCE_ACCEPTED_AMONG_SYNONYMS_SIMPLE
Rhynchospora glomerata (L.) Vahl,Rhynchospora glomerata,Rhynchospora glomerata (L.) Vahl,Plantae Tracheophyta Liliopsida Poales Cyperaceae Rhynchospora glomerata,EXACT_MATCH_PRIMARY_SOURCE_ACCEPTED_AMONG_SYNONYMS_SIMPLE
Rhynchospora gracilenta A. Gray,Rhynchospora gracilenta,Rhynchospora gracilenta A. Gray,Plantae Tracheophyta Liliopsida Poales Cyperaceae Rhynchospora gracilenta,EXACT_MATCH_PRIMARY_SOURCE_ACCEPTED_AMONG_SYNONYMS_SIMPLE
Rhynchospora grayi Kunth,Rhynchospora grayi,Rhynchospora grayi Kunth,Plantae Tracheophyta Liliopsida Poales Cyperaceae Rhynchospora grayi,EXACT_MATCH_PRIMARY_SOURCE_ACCEPTED_SIMPLE
Rhynchospora harveyi W. Boott,Rhynchospora harveyi,Rhynchospora harveyi W. Boott,Plantae Tracheophyta Liliopsida Poales Cyperaceae Rhynchospora harveyi,EXACT_MATCH_PRIMARY_SOURCE_ACCEPTED_SIMPLE
Rhynchospora inexpansa (Michx.) Vahl,Rhynchospora inexpansa,Rhynchospora inexpansa (Michx.) Vahl,Plantae Tracheophyta Liliopsida Poales Cyperaceae Rhynchospora inexpansa,EXACT_MATCH_PRIMARY_SOURCE_ACCEPTED_AMONG_SYNONYMS_SIMPLE
Rhynchospora inundata (Oakes) Fernald,Rhynchospora inundata,Rhynchospora inundata (Oakes) Fernald,Plantae Tracheophyta Liliopsida Poales Cyperaceae Rhynchospora inundata,EXACT_MATCH_PRIMARY_SOURCE_ACCEPTED_SIMPLE
Rhynchospora macrostachya Torr. ex A. Gray,Rhynchospora macrostachya,Rhynchospora macrostachya Torr. ex A. Gray,Plantae Tracheophyta Liliopsida Poales Cyperaceae Rhynchospora macrostachya,EXACT_MATCH_PRIMARY_SOURCE_ACCEPTED_AMONG_SYNONYMS_SIMPLE
Rhynchospora microcephala (Britton) Britton,Rhynchospora microcephala,Rhynchospora microcephala (Britton) Britton,Plantae Tracheophyta Liliopsida Poales Cyperaceae Rhynchospora microcephala,EXACT_MATCH_PRIMARY_SOURCE_ACCEPTED_AMONG_SYNONYMS_SIMPLE
Rhynchospora miliacea (Lam.) A. Gray,Rhynchospora miliacea,Rhynchospora miliacea (Lam.) A. Gray,Plantae Tracheophyta Liliopsida Poales Cyperaceae Rhynchospora miliacea,EXACT_MATCH_PRIMARY_SOURCE_ACCEPTED_SIMPLE
Rhynchospora nitens (Vahl) A. Gray,Rhynchospora nitens,Rhynchospora nitens (Vahl) A. Gray,Plantae Tracheophyta Liliopsida Poales Cyperaceae Rhynchospora nitens,EXACT_MATCH_PRIMARY_SOURCE_ACCEPTED_SIMPLE
Rhynchospora oligantha A. Gray,Rhynchospora oligantha,Rhynchospora oligantha A. Gray,Plantae Tracheophyta Liliopsida Poales Cyperaceae Rhynchospora oligantha,EXACT_MATCH_PRIMARY_SOURCE_ACCEPTED_SIMPLE
Rhynchospora pallida M.A. Curtis,Rhynchospora pallida,Rhynchospora pallida M.A. Curtis,Plantae Tracheophyta Liliopsida Poales Cyperaceae Rhynchospora pallida,EXACT_MATCH_PRIMARY_SOURCE_ACCEPTED_AMONG_SYNONYMS_SIMPLE
Rhynchospora perplexa Britton,Rhynchospora perplexa,Rhynchospora perplexa Britton,Plantae Tracheophyta Liliopsida Poales Cyperaceae Rhynchospora perplexa,EXACT_MATCH_PRIMARY_SOURCE_ACCEPTED_AMONG_SYNONYMS_SIMPLE
Rhynchospora rariflora (Michx.) Elliott,Rhynchospora rariflora,Rhynchospora rariflora (Michx.) Elliott,Plantae Tracheophyta Liliopsida Poales Cyperaceae Rhynchospora rariflora,EXACT_MATCH_PRIMARY_SOURCE_ACCEPTED_SIMPLE
Rhynchospora recognita (Gale) Kral,Rhynchospora recognita,Rhynchospora recognita (Gale) Kral,Plantae Tracheophyta Liliopsida Poales Cyperaceae Rhynchospora recognita,EXACT_MATCH_PRIMARY_SOURCE_ACCEPTED_SIMPLE
Rhynchospora scirpoides (Torr.) A. Gray,Rhynchospora scirpoides,Rhynchospora scirpoides (Torr.) A. Gray,Plantae Tracheophyta Liliopsida Poales Cyperaceae Rhynchospora scirpoides,EXACT_MATCH_PRIMARY_SOURCE_ACCEPTED_AMONG_SYNONYMS_SIMPLE
Rhynchospora stenophylla Chapm.,Rhynchospora stenophylla,Rhynchospora stenophylla Chapm.,Plantae Tracheophyta Liliopsida Poales Cyperaceae Rhynchospora stenophylla,EXACT_MATCH_PRIMARY_SOURCE_ACCEPTED_SIMPLE
Rhynchospora torreyana A. Gray,Rhynchospora torreyana,Rhynchospora torreyana A. Gray,Plantae Tracheophyta Liliopsida Poales Cyperaceae Rhynchospora torreyana,EXACT_MATCH_PRIMARY_SOURCE_ACCEPTED_AMONG_SYNONYMS_SIMPLE
Rhynchospora wrightiana Boeckeler,Rhynchospora wrightiana,Rhynchospora wrightiana Boeckeler,Plantae Tracheophyta Liliopsida Poales Cyperaceae Rhynchospora wrightiana,EXACT_MATCH_PRIMARY_SOURCE_ACCEPTED_SIMPLE
Ribes L.,Ribes ,Ribes L.,Plantae Tracheophyta Magnoliopsida Saxifragales Grossulariaceae Ribes,EXACT_MATCH_PRIMARY_SOURCE_ACCEPTED_SIMPLE
Ribes americanum Mill.,Ribes americanum,Ribes americanum Mill.,Plantae Tracheophyta Magnoliopsida Saxifragales Grossulariaceae Ribes americanum,EXACT_MATCH_PRIMARY_SOURCE_ACCEPTED_AUTHOR_DISAMBIGUATION
Ribes cynosbati L.,Ribes cynosbati,Ribes cynosbati L.,Plantae Tracheophyta Magnoliopsida Saxifragales Grossulariaceae Ribes cynosbati,EXACT_MATCH_PRIMARY_SOURCE_ACCEPTED_SIMPLE
Ribes glandulosum Grauer,Ribes glandulosum,Ribes glandulosum Grauer,Plantae Tracheophyta Magnoliopsida Saxifragales Grossulariaceae Ribes glandulosum,EXACT_MATCH_PRIMARY_SOURCE_ACCEPTED_AUTHOR_DISAMBIGUATION
Ribes hirtellum Michx.,Ribes hirtellum,Ribes hirtellum Michx.,Plantae Tracheophyta Magnoliopsida Saxifragales Grossulariaceae Ribes hirtellum,EXACT_MATCH_PRIMARY_SOURCE_ACCEPTED_SIMPLE
Ribes lacustre (Pers.) Poir.,Ribes lacustre,Ribes lacustre (Pers.) Poir.,Plantae Tracheophyta Magnoliopsida Saxifragales Grossulariaceae Ribes lacustre,EXACT_MATCH_PRIMARY_SOURCE_ACCEPTED_AMONG_SYNONYMS_SIMPLE
Ribes missouriense Nutt.,Ribes missouriense,Ribes missouriense Nutt.,Plantae Tracheophyta Magnoliopsida Saxifragales Grossulariaceae Ribes missouriense,EXACT_MATCH_PRIMARY_SOURCE_ACCEPTED_AUTHOR_DISAMBIGUATION
Ribes rotundifolium Michx.,Ribes rotundifolium,Ribes rotundifolium Michx.,Plantae Tracheophyta Magnoliopsida Saxifragales Grossulariaceae Ribes rotundifolium,EXACT_MATCH_PRIMARY_SOURCE_ACCEPTED_AMONG_SYNONYMS_SIMPLE
Ribes rubrum L.,Ribes rubrum,Ribes rubrum L.,Plantae Tracheophyta Magnoliopsida Saxifragales Grossulariaceae Ribes rubrum,EXACT_MATCH_PRIMARY_SOURCE_ACCEPTED_AMONG_SYNONYMS_SIMPLE
Ribes triste Pall.,Ribes triste,Ribes triste Pall.,Plantae Tracheophyta Magnoliopsida Saxifragales Grossulariaceae Ribes triste,EXACT_MATCH_PRIMARY_SOURCE_ACCEPTED_AMONG_SYNONYMS_SIMPLE
Richardia L.,Richardia ,Richardia L.,Plantae Tracheophyta Magnoliopsida Gentianales Rubiaceae Richardia,EXACT_MATCH_PRIMARY_SOURCE_ACCEPTED_AUTHOR_DISAMBIGUATION
Richardia brasiliensis Gomes,Richardia brasiliensis,Richardia brasiliensis Gomes,Plantae Tracheophyta Magnoliopsida Gentianales Rubiaceae Richardia brasiliensis,EXACT_MATCH_PRIMARY_SOURCE_ACCEPTED_SIMPLE
Richardia scabra L.,Richardia scabra,Richardia scabra L.,Plantae Tracheophyta Magnoliopsida Gentianales Rubiaceae Richardia scabra,EXACT_MATCH_PRIMARY_SOURCE_ACCEPTED_SIMPLE
Ricinus L.,Ricinus ,Ricinus L.,Plantae Tracheophyta Magnoliopsida Malpighiales Euphorbiaceae Ricinus,EXACT_MATCH_PRIMARY_SOURCE_ACCEPTED_AUTHOR_DISAMBIGUATION
Ricinus communis L.,Ricinus communis,Ricinus communis L.,Plantae Tracheophyta Magnoliopsida Malpighiales Euphorbiaceae Ricinus communis,EXACT_MATCH_PRIMARY_SOURCE_ACCEPTED_SIMPLE
Robinia L.,Robinia ,Robinia L.,Plantae Tracheophyta Magnoliopsida Fabales Fabaceae Robinia,EXACT_MATCH_PRIMARY_SOURCE_ACCEPTED_AUTHOR_DISAMBIGUATION
Robinia hispida L.,Robinia hispida,Robinia hispida L.,Plantae Tracheophyta Magnoliopsida Fabales Fabaceae Robinia hispida,EXACT_MATCH_PRIMARY_SOURCE_ACCEPTED_SIMPLE
Robinia pseudoacacia L.,Robinia pseudoacacia,Robinia pseudoacacia L.,Plantae Tracheophyta Magnoliopsida Fabales Fabaceae Robinia pseudoacacia,EXACT_MATCH_PRIMARY_SOURCE_ACCEPTED_SIMPLE
Robinia viscosa Vent.,Robinia viscosa,Robinia viscosa Vent.,Plantae Tracheophyta Magnoliopsida Fabales Fabaceae Robinia viscosa,EXACT_MATCH_PRIMARY_SOURCE_MULT_ACCEPTED
Rorippa palustris (L.) Besser,Rorippa palustris,Rorippa palustris (L.) Besser,Plantae Tracheophyta Magnoliopsida Brassicales Brassicaceae Rorippa palustris,EXACT_MATCH_PRIMARY_SOURCE_ACCEPTED_AMONG_SYNONYMS_SIMPLE
Rorippa sessiliflora (Nutt.) Hitchc.,Rorippa sessiliflora,Rorippa sessiliflora (Nutt.) Hitchc.,Plantae Tracheophyta Magnoliopsida Brassicales Brassicaceae Rorippa sessiliflora,EXACT_MATCH_PRIMARY_SOURCE_ACCEPTED_SIMPLE
Rorippa sylvestris (L.) Besser,Rorippa sylvestris,Rorippa sylvestris (L.) Besser,Plantae Tracheophyta Magnoliopsida Brassicales Brassicaceae Rorippa sylvestris,EXACT_MATCH_PRIMARY_SOURCE_ACCEPTED_SIMPLE
Rosa L.,Rosa ,Rosa L.,Plantae Tracheophyta Magnoliopsida Rosales Rosaceae Rosa,EXACT_MATCH_PRIMARY_SOURCE_ACCEPTED_AMONG_SYNONYMS_SIMPLE
Rosa blanda Aiton,Rosa blanda,Rosa blanda Aiton,Plantae Tracheophyta Magnoliopsida Rosales Rosaceae Rosa blanda,EXACT_MATCH_PRIMARY_SOURCE_ACCEPTED_AUTHOR_DISAMBIGUATION
Rosa bracteata J.C. Wendl.,Rosa bracteata,Rosa bracteata J.C. Wendl.,Plantae Tracheophyta Magnoliopsida Rosales Rosaceae Rosa bracteata,EXACT_MATCH_PRIMARY_SOURCE_MULT_ACCEPTED
Rosa canina L.,Rosa canina,Rosa canina L.,Plantae Tracheophyta Magnoliopsida Rosales Rosaceae Rosa canina,EXACT_MATCH_PRIMARY_SOURCE_ACCEPTED_AUTHOR_DISAMBIGUATION
Rosa carolina L.,Rosa carolina,Rosa carolina L.,Plantae Tracheophyta Magnoliopsida Rosales Rosaceae Rosa carolina,EXACT_MATCH_PRIMARY_SOURCE_ACCEPTED_AUTHOR_DISAMBIGUATION
Rosa chinensis Jacq.,Rosa chinensis,Rosa chinensis Jacq.,Plantae Tracheophyta Magnoliopsida Rosales Rosaceae Rosa chinensis,EXACT_MATCH_PRIMARY_SOURCE_ACCEPTED_AUTHOR_DISAMBIGUATION
Rosa cinnamomea L.,Rosa cinnamomea,Rosa cinnamomea L.,Plantae Tracheophyta Magnoliopsida Rosales Rosaceae Rosa cinnamomea,EXACT_MATCH_PRIMARY_SOURCE_MULT_ACCEPTED
Rosa gallica L.,Rosa gallica,Rosa gallica L.,Plantae Tracheophyta Magnoliopsida Rosales Rosaceae Rosa gallica,EXACT_MATCH_PRIMARY_SOURCE_ACCEPTED_AUTHOR_DISAMBIGUATION
Rosa laevigata Michx.,Rosa laevigata,Rosa laevigata Michx.,Plantae Tracheophyta Magnoliopsida Rosales Rosaceae Rosa laevigata,EXACT_MATCH_PRIMARY_SOURCE_ACCEPTED_AUTHOR_DISAMBIGUATION
Rosa micrantha Borrer ex Sm.,Rosa micrantha,Rosa micrantha Borrer ex Sm.,Plantae Tracheophyta Magnoliopsida Rosales Rosaceae Rosa micrantha,EXACT_MATCH_PRIMARY_SOURCE_ACCEPTED_AMONG_SYNONYMS_SIMPLE
Rosa multiflora Thunb.,Rosa multiflora,Rosa multiflora Thunb.,Plantae Tracheophyta Magnoliopsida Rosales Rosaceae Rosa multiflora,EXACT_MATCH_PRIMARY_SOURCE_ACCEPTED_AUTHOR_DISAMBIGUATION
Rosa palustris Marshall,Rosa palustris,Rosa palustris Marshall,Plantae Tracheophyta Magnoliopsida Rosales Rosaceae Rosa palustris,EXACT_MATCH_PRIMARY_SOURCE_ACCEPTED_AUTHOR_DISAMBIGUATION
Rosa rubiginosa L.,Rosa rubiginosa,Rosa rubiginosa L.,Plantae Tracheophyta Magnoliopsida Rosales Rosaceae Rosa rubiginosa,EXACT_MATCH_PRIMARY_SOURCE_ACCEPTED_AUTHOR_DISAMBIGUATION
Rosa rugosa Thunb.,Rosa rugosa,Rosa rugosa Thunb.,Plantae Tracheophyta Magnoliopsida Rosales Rosaceae Rosa rugosa,EXACT_MATCH_PRIMARY_SOURCE_ACCEPTED_AUTHOR_DISAMBIGUATION
Rosa setigera Michx.,Rosa setigera,Rosa setigera Michx.,Plantae Tracheophyta Magnoliopsida Rosales Rosaceae Rosa setigera,EXACT_MATCH_PRIMARY_SOURCE_ACCEPTED_SIMPLE
Rosa spinosissima L.,Rosa spinosissima,Rosa spinosissima L.,Plantae Tracheophyta Magnoliopsida Rosales Rosaceae Rosa spinosissima,EXACT_MATCH_PRIMARY_SOURCE_ACCEPTED_AUTHOR_DISAMBIGUATION
Rosa virginiana Mill.,Rosa virginiana,Rosa virginiana Mill.,Plantae Tracheophyta Magnoliopsida Rosales Rosaceae Rosa virginiana,EXACT_MATCH_PRIMARY_SOURCE_MULT_ACCEPTED
Rosa wichuraiana Crép.,Rosa wichuraiana,Rosa wichuraiana Crép.,Plantae Tracheophyta Magnoliopsida Rosales Rosaceae Rosa wichuraiana,EXACT_MATCH_PRIMARY_SOURCE_ACCEPTED_AMONG_SYNONYMS_SIMPLE
Rotala L.,Rotala ,Rotala L.,Plantae Tracheophyta Magnoliopsida Myrtales Lythraceae Rotala,EXACT_MATCH_PRIMARY_SOURCE_ACCEPTED_AUTHOR_DISAMBIGUATION
Rotala ramosior (L.) Koehne,Rotala ramosior,Rotala ramosior (L.) Koehne,Plantae Tracheophyta Magnoliopsida Myrtales Lythraceae Rotala ramosior,EXACT_MATCH_PRIMARY_SOURCE_ACCEPTED_SIMPLE
Rubus L.,Rubus ,Rubus L.,Plantae Tracheophyta Magnoliopsida Rosales Rosaceae Rubus,EXACT_MATCH_PRIMARY_SOURCE_ACCEPTED_AUTHOR_DISAMBIGUATION
Rubus aboriginum Rydb.,Rubus aboriginum,Rubus aboriginum Rydb.,Plantae Tracheophyta Magnoliopsida Rosales Rosaceae Rubus aboriginum,EXACT_MATCH_PRIMARY_SOURCE_ACCEPTED_SIMPLE
Rubus allegheniensis Porter,Rubus allegheniensis,Rubus allegheniensis Porter,Plantae Tracheophyta Magnoliopsida Rosales Rosaceae Rubus allegheniensis,EXACT_MATCH_PRIMARY_SOURCE_ACCEPTED_SIMPLE
Rubus alumnus L.H. Bailey,Rubus alumnus,Rubus alumnus L.H. Bailey,Plantae Tracheophyta Magnoliopsida Rosales Rosaceae Rubus alumnus,EXACT_MATCH_PRIMARY_SOURCE_ACCEPTED_SIMPLE
Rubus argutus Link,Rubus argutus,Rubus argutus Link,Plantae Tracheophyta Magnoliopsida Rosales Rosaceae Rubus argutus,EXACT_MATCH_PRIMARY_SOURCE_ACCEPTED_SIMPLE
Rubus armeniacus Focke,Rubus armeniacus,Rubus armeniacus Focke,Plantae Tracheophyta Magnoliopsida Rosales Rosaceae Rubus armeniacus,EXACT_MATCH_PRIMARY_SOURCE_ACCEPTED_SIMPLE
Rubus baileyanus Britton,Rubus baileyanus,Rubus baileyanus Britton,Plantae Tracheophyta Magnoliopsida Rosales Rosaceae Rubus baileyanus,EXACT_MATCH_PRIMARY_SOURCE_ACCEPTED_SIMPLE
Rubus bellobatus L.H. Bailey,Rubus bellobatus,Rubus bellobatus L.H. Bailey,Plantae Tracheophyta Magnoliopsida Rosales Rosaceae Rubus bellobatus,EXACT_MATCH_PRIMARY_SOURCE_ACCEPTED_SIMPLE
Rubus bifrons Vest ex Tratt.,Rubus bifrons,Rubus bifrons Vest ex Tratt.,Plantae Tracheophyta Magnoliopsida Rosales Rosaceae Rubus bifrons,EXACT_MATCH_PRIMARY_SOURCE_ACCEPTED_AMONG_SYNONYMS_SIMPLE
Rubus boyntonii Ashe,Rubus boyntonii,Rubus boyntonii Ashe,Plantae Tracheophyta Magnoliopsida Rosales Rosaceae Rubus boyntonii,EXACT_MATCH_PRIMARY_SOURCE_ACCEPTED_SIMPLE
Rubus canadensis L.,Rubus canadensis,Rubus canadensis L.,Plantae Tracheophyta Magnoliopsida Rosales Rosaceae Rubus canadensis,EXACT_MATCH_PRIMARY_SOURCE_ACCEPTED_AMONG_SYNONYMS_SIMPLE
Rubus clarus L.H. Bailey,Rubus clarus,Rubus clarus L.H. Bailey,Plantae Tracheophyta Magnoliopsida Rosales Rosaceae Rubus clarus,EXACT_MATCH_PRIMARY_SOURCE_ACCEPTED_SIMPLE
Rubus cuneifolius Pursh,Rubus cuneifolius,Rubus cuneifolius Pursh,Plantae Tracheophyta Magnoliopsida Rosales Rosaceae Rubus cuneifolius,EXACT_MATCH_PRIMARY_SOURCE_ACCEPTED_AUTHOR_DISAMBIGUATION
Rubus defectionis Fernald,Rubus defectionis,Rubus defectionis Fernald,Plantae Tracheophyta Magnoliopsida Rosales Rosaceae Rubus defectionis,EXACT_MATCH_PRIMARY_SOURCE_ACCEPTED_SIMPLE
Rubus fecundus L.H. Bailey,Rubus fecundus,Rubus fecundus L.H. Bailey,Plantae Tracheophyta Magnoliopsida Rosales Rosaceae Rubus fecundus,EXACT_MATCH_PRIMARY_SOURCE_ACCEPTED_SIMPLE
Rubus felix L.H. Bailey,Rubus felix,Rubus felix L.H. Bailey,Plantae Tracheophyta Magnoliopsida Rosales Rosaceae Rubus felix,EXACT_MATCH_PRIMARY_SOURCE_ACCEPTED_SIMPLE
Rubus flagellaris Willd.,Rubus flagellaris,Rubus flagellaris Willd.,Plantae Tracheophyta Magnoliopsida Rosales Rosaceae Rubus flagellaris,EXACT_MATCH_PRIMARY_SOURCE_ACCEPTED_AUTHOR_DISAMBIGUATION
Rubus floricomus Blanch.,Rubus floricomus,Rubus floricomus Blanch.,Plantae Tracheophyta Magnoliopsida Rosales Rosaceae Rubus floricomus,EXACT_MATCH_PRIMARY_SOURCE_ACCEPTED_SIMPLE
Rubus frondosus Bigelow,Rubus frondosus,Rubus frondosus Bigelow,Plantae Tracheophyta Magnoliopsida Rosales Rosaceae Rubus frondosus,EXACT_MATCH_PRIMARY_SOURCE_ACCEPTED_SIMPLE
Rubus geniculatus Kaltenb.,Rubus geniculatus,Rubus geniculatus Kaltenb.,Plantae Tracheophyta Magnoliopsida Rosales Rosaceae Rubus geniculatus,EXACT_MATCH_PRIMARY_SOURCE_ACCEPTED_AMONG_SYNONYMS_SIMPLE
Rubus grimesii L.H. Bailey,Rubus grimesii,Rubus grimesii L.H. Bailey,Plantae Tracheophyta Magnoliopsida Rosales Rosaceae Rubus grimesii,EXACT_MATCH_PRIMARY_SOURCE_ACCEPTED_SIMPLE
Rubus hispidus L.,Rubus hispidus,Rubus hispidus L.,Plantae Tracheophyta Magnoliopsida Rosales Rosaceae Rubus hispidus,EXACT_MATCH_PRIMARY_SOURCE_ACCEPTED_AUTHOR_DISAMBIGUATION
Rubus hypolasius Fernald,Rubus recurvicaulis,Rubus hypolasius Fernald,Plantae Tracheophyta Magnoliopsida Rosales Rosaceae Rubus recurvicaulis,EXACT_MATCH_PRIMARY_SOURCE_SYNONYM_SIMPLE
Rubus idaeus L.,Rubus idaeus,Rubus idaeus L.,Plantae Tracheophyta Magnoliopsida Rosales Rosaceae Rubus idaeus,EXACT_MATCH_PRIMARY_SOURCE_ACCEPTED_AUTHOR_DISAMBIGUATION
Rubus illecebrosus Focke,Rubus illecebrosus,Rubus illecebrosus Focke,Plantae Tracheophyta Magnoliopsida Rosales Rosaceae Rubus illecebrosus,EXACT_MATCH_PRIMARY_SOURCE_ACCEPTED_SIMPLE
Rubus immanis Ashe,Rubus immanis,Rubus immanis Ashe,Plantae Tracheophyta Magnoliopsida Rosales Rosaceae Rubus immanis,EXACT_MATCH_PRIMARY_SOURCE_ACCEPTED_SIMPLE
Rubus iniens L.H. Bailey,Rubus iniens,Rubus iniens L.H. Bailey,Plantae Tracheophyta Magnoliopsida Rosales Rosaceae Rubus iniens,EXACT_MATCH_PRIMARY_SOURCE_ACCEPTED_SIMPLE
Rubus invisus (L.H. Bailey) Britton,Rubus invisus,Rubus invisus (L.H. Bailey) Britton,Plantae Tracheophyta Magnoliopsida Rosales Rosaceae Rubus invisus,EXACT_MATCH_PRIMARY_SOURCE_ACCEPTED_AMONG_SYNONYMS_SIMPLE
Rubus laciniatus Willd.,Rubus laciniatus,Rubus laciniatus Willd.,Plantae Tracheophyta Magnoliopsida Rosales Rosaceae Rubus laciniatus,EXACT_MATCH_PRIMARY_SOURCE_ACCEPTED_AMONG_SYNONYMS_SIMPLE
Rubus laudatus A. Berger,Rubus laudatus,Rubus laudatus A. Berger,Plantae Tracheophyta Magnoliopsida Rosales Rosaceae Rubus laudatus,EXACT_MATCH_PRIMARY_SOURCE_ACCEPTED_SIMPLE
Rubus leviculus L.H. Bailey,Rubus serratus,Rubus leviculus L.H. Bailey,Plantae Tracheophyta Magnoliopsida Rosales Rosaceae Rubus serratus,EXACT_MATCH_PRIMARY_SOURCE_SYNONYM_SIMPLE
Rubus michiganensis (Card ex L.H. Bailey) L.H. Bailey,Rubus michiganensis,Rubus michiganensis (Card ex L.H. Bailey) L.H. Bailey,Plantae Tracheophyta Magnoliopsida Rosales Rosaceae Rubus michiganensis,EXACT_MATCH_PRIMARY_SOURCE_ACCEPTED_SIMPLE
Rubus missouricus L.H. Bailey,Rubus missouricus,Rubus missouricus L.H. Bailey,Plantae Tracheophyta Magnoliopsida Rosales Rosaceae Rubus missouricus,EXACT_MATCH_PRIMARY_SOURCE_ACCEPTED_SIMPLE
Rubus multifer L.H. Bailey,Rubus multifer,Rubus multifer L.H. Bailey,Plantae Tracheophyta Magnoliopsida Rosales Rosaceae Rubus multifer,EXACT_MATCH_PRIMARY_SOURCE_ACCEPTED_SIMPLE
Rubus occidentalis L.,Rubus occidentalis,Rubus occidentalis L.,Plantae Tracheophyta Magnoliopsida Rosales Rosaceae Rubus occidentalis,EXACT_MATCH_PRIMARY_SOURCE_ACCEPTED_AUTHOR_DISAMBIGUATION
Rubus odoratus L.,Rubus odoratus,Rubus odoratus L.,Plantae Tracheophyta Magnoliopsida Rosales Rosaceae Rubus odoratus,EXACT_MATCH_PRIMARY_SOURCE_ACCEPTED_SIMPLE
Rubus ostryifolius Rydb.,Rubus ostryifolius,Rubus ostryifolius Rydb.,Plantae Tracheophyta Magnoliopsida Rosales Rosaceae Rubus ostryifolius,EXACT_MATCH_PRIMARY_SOURCE_ACCEPTED_AMONG_SYNONYMS_SIMPLE
Rubus pascuus L.H. Bailey,Rubus pascuus,Rubus pascuus L.H. Bailey,Plantae Tracheophyta Magnoliopsida Rosales Rosaceae Rubus pascuus,EXACT_MATCH_PRIMARY_SOURCE_ACCEPTED_SIMPLE
Rubus pensilvanicus Poir.,Rubus pensilvanicus,Rubus pensilvanicus Poir.,Plantae Tracheophyta Magnoliopsida Rosales Rosaceae Rubus pensilvanicus,EXACT_MATCH_PRIMARY_SOURCE_ACCEPTED_SIMPLE
Rubus pergratus Blanch.,Rubus pergratus,Rubus pergratus Blanch.,Plantae Tracheophyta Magnoliopsida Rosales Rosaceae Rubus pergratus,EXACT_MATCH_PRIMARY_SOURCE_ACCEPTED_AMONG_SYNONYMS_SIMPLE
Rubus pernagaeus Fernald,Rubus pernagaeus,Rubus pernagaeus Fernald,Plantae Tracheophyta Magnoliopsida Rosales Rosaceae Rubus pernagaeus,EXACT_MATCH_PRIMARY_SOURCE_ACCEPTED_SIMPLE
Rubus philadelphicus Blanch.,Rubus philadelphicus,Rubus philadelphicus Blanch.,Plantae Tracheophyta Magnoliopsida Rosales Rosaceae Rubus philadelphicus,EXACT_MATCH_PRIMARY_SOURCE_ACCEPTED_SIMPLE
Rubus phoenicolasius Maxim.,Rubus phoenicolasius,Rubus phoenicolasius Maxim.,Plantae Tracheophyta Magnoliopsida Rosales Rosaceae Rubus phoenicolasius,EXACT_MATCH_PRIMARY_SOURCE_ACCEPTED_SIMPLE
Rubus plexus Fernald,Rubus plexus,Rubus plexus Fernald,Plantae Tracheophyta Magnoliopsida Rosales Rosaceae Rubus plexus,EXACT_MATCH_PRIMARY_SOURCE_ACCEPTED_SIMPLE
Rubus plicatifolius Blanch.,Rubus heterophyllus,Rubus plicatifolius Blanch.,Plantae Tracheophyta Magnoliopsida Rosales Rosaceae Rubus heterophyllus,EXACT_MATCH_PRIMARY_SOURCE_SYNONYM_SIMPLE
Rubus probabilis L.H. Bailey,Rubus probabilis,Rubus probabilis L.H. Bailey,Plantae Tracheophyta Magnoliopsida Rosales Rosaceae Rubus probabilis,EXACT_MATCH_PRIMARY_SOURCE_ACCEPTED_SIMPLE
Rubus randolphiorum L.H. Bailey,Rubus randolphiorum,Rubus randolphiorum L.H. Bailey,Plantae Tracheophyta Magnoliopsida Rosales Rosaceae Rubus randolphiorum,EXACT_MATCH_PRIMARY_SOURCE_ACCEPTED_SIMPLE
Rubus recurvans Blanch.,Rubus recurvans,Rubus recurvans Blanch.,Plantae Tracheophyta Magnoliopsida Rosales Rosaceae Rubus recurvans,EXACT_MATCH_PRIMARY_SOURCE_ACCEPTED_SIMPLE
Rubus roribaccus (L.H. Bailey) Rydb.,Rubus roribaccus,Rubus roribaccus (L.H. Bailey) Rydb.,Plantae Tracheophyta Magnoliopsida Rosales Rosaceae Rubus roribaccus,EXACT_MATCH_PRIMARY_SOURCE_ACCEPTED_SIMPLE
Rubus rosarius L.H. Bailey,Rubus rosarius,Rubus rosarius L.H. Bailey,Plantae Tracheophyta Magnoliopsida Rosales Rosaceae Rubus rosarius,EXACT_MATCH_PRIMARY_SOURCE_ACCEPTED_SIMPLE
Rubus scambens L.H. Bailey,Rubus scambens,Rubus scambens L.H. Bailey,Plantae Tracheophyta Magnoliopsida Rosales Rosaceae Rubus scambens,EXACT_MATCH_PRIMARY_SOURCE_ACCEPTED_SIMPLE
Rubus sewardianus Fernald,Rubus sewardianus,Rubus sewardianus Fernald,Plantae Tracheophyta Magnoliopsida Rosales Rosaceae Rubus sewardianus,EXACT_MATCH_PRIMARY_SOURCE_ACCEPTED_SIMPLE
Rubus steelei L.H. Bailey,Rubus steelei,Rubus steelei L.H. Bailey,Plantae Tracheophyta Magnoliopsida Rosales Rosaceae Rubus steelei,EXACT_MATCH_PRIMARY_SOURCE_ACCEPTED_SIMPLE
Rubus suus L.H. Bailey,Rubus suus,Rubus suus L.H. Bailey,Plantae Tracheophyta Magnoliopsida Rosales Rosaceae Rubus suus,EXACT_MATCH_PRIMARY_SOURCE_ACCEPTED_SIMPLE
Rubus trivialis Michx.,Rubus trivialis,Rubus trivialis Michx.,Plantae Tracheophyta Magnoliopsida Rosales Rosaceae Rubus trivialis,EXACT_MATCH_PRIMARY_SOURCE_ACCEPTED_AUTHOR_DISAMBIGUATION
Rudbeckia L.,Rudbeckia ,Rudbeckia L.,Plantae Tracheophyta Magnoliopsida Asterales Asteraceae Rudbeckia,EXACT_MATCH_PRIMARY_SOURCE_ACCEPTED_AMONG_SYNONYMS_SIMPLE
Rudbeckia fulgida Aiton,Rudbeckia fulgida,Rudbeckia fulgida Aiton,Plantae Tracheophyta Magnoliopsida Asterales Asteraceae Rudbeckia fulgida,EXACT_MATCH_PRIMARY_SOURCE_ACCEPTED_AUTHOR_DISAMBIGUATION
Rudbeckia heliopsidis Torr. & A. Gray,Rudbeckia heliopsidis,Rudbeckia heliopsidis Torr. & A. Gray,Plantae Tracheophyta Magnoliopsida Asterales Asteraceae Rudbeckia heliopsidis,EXACT_MATCH_PRIMARY_SOURCE_ACCEPTED_SIMPLE
Rudbeckia hirta L.,Rudbeckia hirta,Rudbeckia hirta L.,Plantae Tracheophyta Magnoliopsida Asterales Asteraceae Rudbeckia hirta,EXACT_MATCH_PRIMARY_SOURCE_ACCEPTED_SIMPLE
Rudbeckia laciniata L.,Rudbeckia laciniata,Rudbeckia laciniata L.,Plantae Tracheophyta Magnoliopsida Asterales Asteraceae Rudbeckia laciniata,EXACT_MATCH_PRIMARY_SOURCE_ACCEPTED_SIMPLE
Rudbeckia triloba L.,Rudbeckia triloba,Rudbeckia triloba L.,Plantae Tracheophyta Magnoliopsida Asterales Asteraceae Rudbeckia triloba,EXACT_MATCH_PRIMARY_SOURCE_ACCEPTED_SIMPLE
Ruellia L.,Ruellia ,Ruellia L.,Plantae Tracheophyta Magnoliopsida Lamiales Acanthaceae Ruellia,MULTI_EXACT_MATCH_PRIMARY_SOURCE_ACCEPTED_HOMONYM
Ruellia caroliniensis (J.F. Gmel.) Steud.,Ruellia caroliniensis,Ruellia caroliniensis (J.F. Gmel.) Steud.,Plantae Tracheophyta Magnoliopsida Lamiales Acanthaceae Ruellia caroliniensis,EXACT_MATCH_PRIMARY_SOURCE_ACCEPTED_SIMPLE
Ruellia caroliniensis (J.F. Gmel.) Steud. ssp. ciliosa (Pursh) R.W. Long var. cinerascens (Fernald) Kartesz & Gandhi,Ruellia cinerascens,Ruellia caroliniensis (J.F. Gmel.) Steud. ssp. ciliosa (Pursh) R.W. Long var. cinerascens (Fernald) Kartesz & Gandhi,Plantae Tracheophyta Magnoliopsida Lamiales Acanthaceae Ruellia cinerascens,PARTIAL_EXACT_MATCH_PRIMARY_SOURCE_SIMPLE
Ruellia humilis Nutt.,Ruellia humilis,Ruellia humilis Nutt.,Plantae Tracheophyta Magnoliopsida Lamiales Acanthaceae Ruellia humilis,EXACT_MATCH_PRIMARY_SOURCE_ACCEPTED_AMONG_SYNONYMS_SIMPLE
Ruellia purshiana Fernald,Ruellia purshiana,Ruellia purshiana Fernald,Plantae Tracheophyta Magnoliopsida Lamiales Acanthaceae Ruellia purshiana,EXACT_MATCH_PRIMARY_SOURCE_ACCEPTED_SIMPLE
Ruellia strepens L.,Ruellia strepens,Ruellia strepens L.,Plantae Tracheophyta Magnoliopsida Lamiales Acanthaceae Ruellia strepens,EXACT_MATCH_PRIMARY_SOURCE_ACCEPTED_AMONG_SYNONYMS_SIMPLE
Rumex L.,Rumex ,Rumex L.,Plantae Tracheophyta Magnoliopsida Caryophyllales Polygonaceae Rumex,EXACT_MATCH_PRIMARY_SOURCE_ACCEPTED_SIMPLE
Rumex acetosella L.,Rumex acetosella,Rumex acetosella L.,Plantae Tracheophyta Magnoliopsida Caryophyllales Polygonaceae Rumex acetosella,EXACT_MATCH_PRIMARY_SOURCE_ACCEPTED_AMONG_SYNONYMS_SIMPLE
Rumex altissimus Alph. Wood,Rumex altissimus,Rumex altissimus Alph. Wood,Plantae Tracheophyta Magnoliopsida Caryophyllales Polygonaceae Rumex altissimus,EXACT_MATCH_PRIMARY_SOURCE_ACCEPTED_SIMPLE
Rumex conglomeratus Murray,Rumex conglomeratus,Rumex conglomeratus Murray,Plantae Tracheophyta Magnoliopsida Caryophyllales Polygonaceae Rumex conglomeratus,EXACT_MATCH_PRIMARY_SOURCE_ACCEPTED_SIMPLE
Rumex crispus L.,Rumex crispus,Rumex crispus L.,Plantae Tracheophyta Magnoliopsida Caryophyllales Polygonaceae Rumex crispus,EXACT_MATCH_PRIMARY_SOURCE_ACCEPTED_AMONG_SYNONYMS_SIMPLE
Rumex hastatulus Baldw.,Rumex hastatulus,Rumex hastatulus Baldw.,Plantae Tracheophyta Magnoliopsida Caryophyllales Polygonaceae Rumex hastatulus,EXACT_MATCH_PRIMARY_SOURCE_ACCEPTED_AMONG_SYNONYMS_SIMPLE
Rumex obtusifolius L.,Rumex obtusifolius,Rumex obtusifolius L.,Plantae Tracheophyta Magnoliopsida Caryophyllales Polygonaceae Rumex obtusifolius,EXACT_MATCH_PRIMARY_SOURCE_ACCEPTED_AMONG_SYNONYMS_SIMPLE
Rumex patientia L.,Rumex patientia,Rumex patientia L.,Plantae Tracheophyta Magnoliopsida Caryophyllales Polygonaceae Rumex patientia,EXACT_MATCH_PRIMARY_SOURCE_ACCEPTED_AMONG_SYNONYMS_SIMPLE
Rumex pulcher L.,Rumex pulcher,Rumex pulcher L.,Plantae Tracheophyta Magnoliopsida Caryophyllales Polygonaceae Rumex pulcher,EXACT_MATCH_PRIMARY_SOURCE_ACCEPTED_AMONG_SYNONYMS_SIMPLE
Rumex verticillatus L.,Rumex verticillatus,Rumex verticillatus L.,Plantae Tracheophyta Magnoliopsida Caryophyllales Polygonaceae Rumex verticillatus,EXACT_MATCH_PRIMARY_SOURCE_ACCEPTED_AMONG_SYNONYMS_SIMPLE
Rumex ×acutus L. (pro sp.) [crispus × obtusifolius],Rumex acutus,Rumex ×acutus L. (pro sp.) [crispus × obtusifolius],Plantae Tracheophyta Magnoliopsida Caryophyllales Polygonaceae Rumex acutus,EXACT_MATCH_PRIMARY_SOURCE_ACCEPTED_AMONG_SYNONYMS_SIMPLE
Ruppia L.,Ruppia ,Ruppia L.,Plantae Tracheophyta Liliopsida Alismatales Ruppiaceae Ruppia,EXACT_MATCH_PRIMARY_SOURCE_ACCEPTED_SIMPLE
Ruppia maritima L.,Ruppia maritima,Ruppia maritima L.,Plantae Tracheophyta Liliopsida Alismatales Ruppiaceae Ruppia maritima,EXACT_MATCH_PRIMARY_SOURCE_ACCEPTED_AUTHOR_DISAMBIGUATION
Ruta L.,Ruta ,Ruta L.,Plantae Tracheophyta Magnoliopsida Sapindales Rutaceae Ruta,EXACT_MATCH_PRIMARY_SOURCE_ACCEPTED_SIMPLE
Ruta graveolens L.,Ruta graveolens,Ruta graveolens L.,Plantae Tracheophyta Magnoliopsida Sapindales Rutaceae Ruta graveolens,EXACT_MATCH_PRIMARY_SOURCE_ACCEPTED_SIMPLE
Sabatia Adans.,Sabatia ,Sabatia Adans.,Plantae Tracheophyta Magnoliopsida Gentianales Gentianaceae Sabatia,EXACT_MATCH_PRIMARY_SOURCE_ACCEPTED_AUTHOR_DISAMBIGUATION
Sabatia angularis (L.) Pursh,Sabatia angularis,Sabatia angularis (L.) Pursh,Plantae Tracheophyta Magnoliopsida Gentianales Gentianaceae Sabatia angularis,EXACT_MATCH_PRIMARY_SOURCE_ACCEPTED_SIMPLE
Sabatia brachiata Elliott,Sabatia brachiata,Sabatia brachiata Elliott,Plantae Tracheophyta Magnoliopsida Gentianales Gentianaceae Sabatia brachiata,EXACT_MATCH_PRIMARY_SOURCE_ACCEPTED_SIMPLE
Sabatia calycina (Lam.) A. Heller,Sabatia calycina,Sabatia calycina (Lam.) A. Heller,Plantae Tracheophyta Magnoliopsida Gentianales Gentianaceae Sabatia calycina,EXACT_MATCH_PRIMARY_SOURCE_ACCEPTED_SIMPLE
Sabatia campanulata (L.) Torr.,Sabatia campanulata,Sabatia campanulata (L.) Torr.,Plantae Tracheophyta Magnoliopsida Gentianales Gentianaceae Sabatia campanulata,EXACT_MATCH_PRIMARY_SOURCE_ACCEPTED_AMONG_SYNONYMS_SIMPLE
Sabatia difformis (L.) Druce,Sabatia difformis,Sabatia difformis (L.) Druce,Plantae Tracheophyta Magnoliopsida Gentianales Gentianaceae Sabatia difformis,EXACT_MATCH_PRIMARY_SOURCE_ACCEPTED_SIMPLE
"Sabatia dodecandra (L.) Britton, Sterns & Poggenb.",Sabatia dodecandra,"Sabatia dodecandra (L.) Britton, Sterns & Poggenb.",Plantae Tracheophyta Magnoliopsida Gentianales Gentianaceae Sabatia dodecandra,EXACT_MATCH_PRIMARY_SOURCE_ACCEPTED_SIMPLE
Sabatia kennedyana Fernald,Sabatia kennedyana,Sabatia kennedyana Fernald,Plantae Tracheophyta Magnoliopsida Gentianales Gentianaceae Sabatia kennedyana,EXACT_MATCH_PRIMARY_SOURCE_ACCEPTED_SIMPLE
Sabatia quadrangula Wilbur,Sabatia quadrangula,Sabatia quadrangula Wilbur,Plantae Tracheophyta Magnoliopsida Gentianales Gentianaceae Sabatia quadrangula,EXACT_MATCH_PRIMARY_SOURCE_ACCEPTED_SIMPLE
Sabatia stellaris Pursh,Sabatia stellaris,Sabatia stellaris Pursh,Plantae Tracheophyta Magnoliopsida Gentianales Gentianaceae Sabatia stellaris,EXACT_MATCH_PRIMARY_SOURCE_ACCEPTED_SIMPLE
Saccharum L.,Saccharum ,Saccharum L.,Plantae Tracheophyta Liliopsida Poales Poaceae Saccharum,EXACT_MATCH_PRIMARY_SOURCE_ACCEPTED_AUTHOR_DISAMBIGUATION
Saccharum alopecuroides (L.) Nutt.,Erianthus alopecuroides,Saccharum alopecuroides (L.) Nutt.,Plantae Tracheophyta Liliopsida Poales Poaceae Erianthus alopecuroides,MULTI_EXACT_MATCH_PRIMARY_SOURCE_SYNONYMS_INFRASPECIFIC_SCORE
Saccharum baldwinii Spreng.,Erianthus strictus,Saccharum baldwinii Spreng.,Plantae Tracheophyta Liliopsida Poales Poaceae Erianthus strictus,MULTI_EXACT_MATCH_PRIMARY_SOURCE_SYNONYMS_INFRASPECIFIC_SCORE
Saccharum brevibarbe (Michx.) Pers.,Erianthus brevibarbis,Saccharum brevibarbe (Michx.) Pers.,Plantae Tracheophyta Liliopsida Poales Poaceae Erianthus brevibarbis,EXACT_MATCH_PRIMARY_SOURCE_SYNONYM_SIMPLE
Saccharum coarctatum (Fernald) R. Webster,Erianthus coarctatus,Saccharum coarctatum (Fernald) R. Webster,Plantae Tracheophyta Liliopsida Poales Poaceae Erianthus coarctatus,EXACT_MATCH_PRIMARY_SOURCE_SYNONYM_SIMPLE
Saccharum giganteum (Walter) Pers.,Saccharum giganteum,Saccharum giganteum (Walter) Pers.,Plantae Tracheophyta Liliopsida Poales Poaceae Saccharum giganteum,EXACT_MATCH_PRIMARY_SOURCE_ACCEPTED_AMONG_SYNONYMS_SIMPLE
Sacciolepis Nash,Sacciolepis ,Sacciolepis Nash,Plantae Tracheophyta Liliopsida Poales Poaceae Sacciolepis,EXACT_MATCH_PRIMARY_SOURCE_ACCEPTED_AUTHOR_DISAMBIGUATION
Sacciolepis striata (L.) Nash,Sacciolepis striata,Sacciolepis striata (L.) Nash,Plantae Tracheophyta Liliopsida Poales Poaceae Sacciolepis striata,EXACT_MATCH_PRIMARY_SOURCE_ACCEPTED_SIMPLE
Sagina L.,Sagina ,Sagina L.,Plantae Tracheophyta Magnoliopsida Caryophyllales Caryophyllaceae Sagina,EXACT_MATCH_PRIMARY_SOURCE_ACCEPTED_SIMPLE
Sagina decumbens (Elliott) Torr. & A. Gray,Sagina decumbens,Sagina decumbens (Elliott) Torr. & A. Gray,Plantae Tracheophyta Magnoliopsida Caryophyllales Caryophyllaceae Sagina decumbens,EXACT_MATCH_PRIMARY_SOURCE_ACCEPTED_SIMPLE
Sagina procumbens L.,Sagina procumbens,Sagina procumbens L.,Plantae Tracheophyta Magnoliopsida Caryophyllales Caryophyllaceae Sagina procumbens,EXACT_MATCH_PRIMARY_SOURCE_ACCEPTED_AUTHOR_DISAMBIGUATION
Sagina subulata (Sw.) C. Presl,Sagina subulata,Sagina subulata (Sw.) C. Presl,Plantae Tracheophyta Magnoliopsida Caryophyllales Caryophyllaceae Sagina subulata,EXACT_MATCH_PRIMARY_SOURCE_ACCEPTED_AMONG_SYNONYMS_SIMPLE
Sagittaria L.,Sagittaria ,Sagittaria L.,Plantae Tracheophyta Liliopsida Alismatales Alismataceae Sagittaria,MULTI_EXACT_MATCH_PRIMARY_SOURCE_ACCEPTED_HOMONYM
Sagittaria australis (J.G. Sm.) Small,Sagittaria australis,Sagittaria australis (J.G. Sm.) Small,Plantae Tracheophyta Liliopsida Alismatales Alismataceae Sagittaria australis,MULTI_EXACT_MATCH_PRIMARY_SOURCE_ACCEPTED_HOMONYM
Sagittaria brevirostra Mack. & Bush,Sagittaria brevirostra,Sagittaria brevirostra Mack. & Bush,Plantae Tracheophyta Liliopsida Alismatales Alismataceae Sagittaria brevirostra,EXACT_MATCH_PRIMARY_SOURCE_ACCEPTED_SIMPLE
Sagittaria calycina Engelm.,Sagittaria calycina,Sagittaria calycina Engelm.,Plantae Tracheophyta Liliopsida Alismatales Alismataceae Sagittaria calycina,EXACT_MATCH_PRIMARY_SOURCE_ACCEPTED_AMONG_SYNONYMS_SIMPLE
Sagittaria engelmanniana J.G. Sm.,Sagittaria engelmanniana,Sagittaria engelmanniana J.G. Sm.,Plantae Tracheophyta Liliopsida Alismatales Alismataceae Sagittaria engelmanniana,EXACT_MATCH_PRIMARY_SOURCE_ACCEPTED_SIMPLE
Sagittaria filiformis J.G. Sm.,Sagittaria filiformis,Sagittaria filiformis J.G. Sm.,Plantae Tracheophyta Liliopsida Alismatales Alismataceae Sagittaria filiformis,EXACT_MATCH_PRIMARY_SOURCE_ACCEPTED_SIMPLE
Sagittaria graminea Michx.,Sagittaria graminea,Sagittaria graminea Michx.,Plantae Tracheophyta Liliopsida Alismatales Alismataceae Sagittaria graminea,EXACT_MATCH_PRIMARY_SOURCE_ACCEPTED_SIMPLE
Sagittaria lancifolia L.,Sagittaria lancifolia,Sagittaria lancifolia L.,Plantae Tracheophyta Liliopsida Alismatales Alismataceae Sagittaria lancifolia,EXACT_MATCH_PRIMARY_SOURCE_ACCEPTED_AMONG_SYNONYMS_SIMPLE
Sagittaria latifolia Willd.,Sagittaria latifolia,Sagittaria latifolia Willd.,Plantae Tracheophyta Liliopsida Alismatales Alismataceae Sagittaria latifolia,EXACT_MATCH_PRIMARY_SOURCE_ACCEPTED_SIMPLE
Sagittaria platyphylla (Engelm.) J.G. Sm.,Sagittaria platyphylla,Sagittaria platyphylla (Engelm.) J.G. Sm.,Plantae Tracheophyta Liliopsida Alismatales Alismataceae Sagittaria platyphylla,EXACT_MATCH_PRIMARY_SOURCE_ACCEPTED_SIMPLE
Sagittaria rigida Pursh,Sagittaria rigida,Sagittaria rigida Pursh,Plantae Tracheophyta Liliopsida Alismatales Alismataceae Sagittaria rigida,EXACT_MATCH_PRIMARY_SOURCE_ACCEPTED_SIMPLE
Sagittaria subulata (L.) Buchenau,Sagittaria subulata,Sagittaria subulata (L.) Buchenau,Plantae Tracheophyta Liliopsida Alismatales Alismataceae Sagittaria subulata,EXACT_MATCH_PRIMARY_SOURCE_ACCEPTED_AUTHOR_DISAMBIGUATION
Salicornia L.,Salicornia ,Salicornia L.,Plantae Tracheophyta Magnoliopsida Caryophyllales Amaranthaceae Salicornia,EXACT_MATCH_PRIMARY_SOURCE_ACCEPTED_AUTHOR_DISAMBIGUATION
Salicornia bigelovii Torr.,Salicornia bigelovii,Salicornia bigelovii Torr.,Plantae Tracheophyta Magnoliopsida Caryophyllales Amaranthaceae Salicornia bigelovii,EXACT_MATCH_PRIMARY_SOURCE_ACCEPTED_SIMPLE
Salicornia depressa Standl.,Salicornia virginica,Salicornia depressa Standl.,Plantae Tracheophyta Magnoliopsida Caryophyllales Amaranthaceae Salicornia virginica,EXACT_MATCH_PRIMARY_SOURCE_SYNONYM_SIMPLE
Salix L.,Salix ,Salix L.,Plantae Tracheophyta Magnoliopsida Malpighiales Salicaceae Salix,EXACT_MATCH_PRIMARY_SOURCE_ACCEPTED_AUTHOR_DISAMBIGUATION
Salix alba L.,Salix alba,Salix alba L.,Plantae Tracheophyta Magnoliopsida Malpighiales Salicaceae Salix alba,EXACT_MATCH_PRIMARY_SOURCE_ACCEPTED_AUTHOR_DISAMBIGUATION
Salix babylonica L.,Salix babylonica,Salix babylonica L.,Plantae Tracheophyta Magnoliopsida Malpighiales Salicaceae Salix babylonica,EXACT_MATCH_PRIMARY_SOURCE_ACCEPTED_SIMPLE
Salix caprea L.,Salix caprea,Salix caprea L.,Plantae Tracheophyta Magnoliopsida Malpighiales Salicaceae Salix caprea,EXACT_MATCH_PRIMARY_SOURCE_ACCEPTED_AMONG_SYNONYMS_SIMPLE
Salix caroliniana Michx.,Salix caroliniana,Salix caroliniana Michx.,Plantae Tracheophyta Magnoliopsida Malpighiales Salicaceae Salix caroliniana,EXACT_MATCH_PRIMARY_SOURCE_ACCEPTED_SIMPLE
Salix cinerea L.,Salix cinerea,Salix cinerea L.,Plantae Tracheophyta Magnoliopsida Malpighiales Salicaceae Salix cinerea,EXACT_MATCH_PRIMARY_SOURCE_ACCEPTED_AMONG_SYNONYMS_SIMPLE
Salix discolor Muhl.,Salix discolor,Salix discolor Muhl.,Plantae Tracheophyta Magnoliopsida Malpighiales Salicaceae Salix discolor,EXACT_MATCH_PRIMARY_SOURCE_ACCEPTED_AMONG_SYNONYMS_SIMPLE
Salix eriocephala Michx.,Salix eriocephala,Salix eriocephala Michx.,Plantae Tracheophyta Magnoliopsida Malpighiales Salicaceae Salix eriocephala,EXACT_MATCH_PRIMARY_SOURCE_ACCEPTED_SIMPLE
Salix fragilis L.,Salix fragilis,Salix fragilis L.,Plantae Tracheophyta Magnoliopsida Malpighiales Salicaceae Salix fragilis,EXACT_MATCH_PRIMARY_SOURCE_ACCEPTED_AUTHOR_DISAMBIGUATION
Salix humilis Marshall,Salix humilis,Salix humilis Marshall,Plantae Tracheophyta Magnoliopsida Malpighiales Salicaceae Salix humilis,EXACT_MATCH_PRIMARY_SOURCE_ACCEPTED_AMONG_SYNONYMS_SIMPLE
Salix interior Rowlee,Salix interior,Salix interior Rowlee,Plantae Tracheophyta Magnoliopsida Malpighiales Salicaceae Salix interior,EXACT_MATCH_PRIMARY_SOURCE_ACCEPTED_SIMPLE
Salix lucida Muhl.,Salix lucida,Salix lucida Muhl.,Plantae Tracheophyta Magnoliopsida Malpighiales Salicaceae Salix lucida,EXACT_MATCH_PRIMARY_SOURCE_ACCEPTED_AUTHOR_DISAMBIGUATION
Salix matsudana Koidzumi,Salix matsudana,Salix matsudana Koidzumi,Plantae Tracheophyta Magnoliopsida Malpighiales Salicaceae Salix matsudana,EXACT_MATCH_PRIMARY_SOURCE_ACCEPTED_SIMPLE
Salix nigra Marshall,Salix nigra,Salix nigra Marshall,Plantae Tracheophyta Magnoliopsida Malpighiales Salicaceae Salix nigra,EXACT_MATCH_PRIMARY_SOURCE_ACCEPTED_SIMPLE
Salix pentandra L.,Salix pentandra,Salix pentandra L.,Plantae Tracheophyta Magnoliopsida Malpighiales Salicaceae Salix pentandra,EXACT_MATCH_PRIMARY_SOURCE_ACCEPTED_AMONG_SYNONYMS_SIMPLE
Salix purpurea L.,Salix purpurea,Salix purpurea L.,Plantae Tracheophyta Magnoliopsida Malpighiales Salicaceae Salix purpurea,EXACT_MATCH_PRIMARY_SOURCE_ACCEPTED_SIMPLE
Salix sericea Marshall,Salix sericea,Salix sericea Marshall,Plantae Tracheophyta Magnoliopsida Malpighiales Salicaceae Salix sericea,EXACT_MATCH_PRIMARY_SOURCE_ACCEPTED_AUTHOR_DISAMBIGUATION
Salix viminalis L.,Salix viminalis,Salix viminalis L.,Plantae Tracheophyta Magnoliopsida Malpighiales Salicaceae Salix viminalis,EXACT_MATCH_PRIMARY_SOURCE_ACCEPTED_AMONG_SYNONYMS_SIMPLE
Salix ×bebbii Gandog. [eriocephala × sericea],Salix bebbii,Salix ×bebbii Gandog. [eriocephala × sericea],Plantae Tracheophyta Magnoliopsida Malpighiales Salicaceae Salix bebbii,EXACT_MATCH_PRIMARY_SOURCE_ACCEPTED_SIMPLE
Salix ×ehrhartiana Sm. (pro sp.) [alba × pentandra],Salix hexandra,Salix ×ehrhartiana Sm. (pro sp.) [alba × pentandra],Plantae Tracheophyta Magnoliopsida Malpighiales Salicaceae Salix hexandra,MULTI_EXACT_MATCH_PRIMARY_SOURCE_SYNONYMS_INFRASPECIFIC_SCORE
Salix ×pendulina Wender. [babylonica × euxina],Salix pendulina,Salix ×pendulina Wender. [babylonica × euxina],Plantae Tracheophyta Magnoliopsida Malpighiales Salicaceae Salix pendulina,EXACT_MATCH_PRIMARY_SOURCE_ACCEPTED_SIMPLE
Salix ×rubens Schrank (pro sp.) [alba × fragilis],Salix rubens,Salix ×rubens Schrank (pro sp.) [alba × fragilis],Plantae Tracheophyta Magnoliopsida Malpighiales Salicaceae Salix rubens,EXACT_MATCH_PRIMARY_SOURCE_ACCEPTED_AMONG_SYNONYMS_SIMPLE
Salix ×sepulcralis Simonkai [alba × babylonica],Salix sepulcralis,Salix ×sepulcralis Simonkai [alba × babylonica],Plantae Tracheophyta Magnoliopsida Malpighiales Salicaceae Salix sepulcralis,EXACT_MATCH_PRIMARY_SOURCE_ACCEPTED_SIMPLE
Salpichroa Miers,Salpichroa ,Salpichroa Miers,Plantae Tracheophyta Magnoliopsida Solanales Solanaceae Salpichroa,EXACT_MATCH_PRIMARY_SOURCE_ACCEPTED_SIMPLE
Salpichroa origanifolia (Lam.) Thell.,Salpichroa origanifolia,Salpichroa origanifolia (Lam.) Thell.,Plantae Tracheophyta Magnoliopsida Solanales Solanaceae Salpichroa origanifolia,EXACT_MATCH_PRIMARY_SOURCE_ACCEPTED_AMONG_SYNONYMS_SIMPLE
Salsola L.,Salsola ,Salsola L.,Plantae Tracheophyta Magnoliopsida Caryophyllales Amaranthaceae Salsola,EXACT_MATCH_PRIMARY_SOURCE_ACCEPTED_AUTHOR_DISAMBIGUATION
Salsola kali L.,Salsola kali,Salsola kali L.,Plantae Tracheophyta Magnoliopsida Caryophyllales Amaranthaceae Salsola kali,EXACT_MATCH_PRIMARY_SOURCE_ACCEPTED_SIMPLE
Salsola kali L. ssp. pontica (Pall.) Mosyakin,Salsola squarrosa,Salsola kali L. ssp. pontica (Pall.) Mosyakin,Plantae Tracheophyta Magnoliopsida Caryophyllales Amaranthaceae Salsola squarrosa,MULTI_EXACT_MATCH_PRIMARY_SOURCE_SYNONYMS_INFRASPECIFIC_SCORE
Salsola tragus L.,Salsola tragus,Salsola tragus L.,Plantae Tracheophyta Magnoliopsida Caryophyllales Amaranthaceae Salsola tragus,EXACT_MATCH_PRIMARY_SOURCE_ACCEPTED_SIMPLE
Salvia L.,Salvia ,Salvia L.,Plantae Tracheophyta Magnoliopsida Lamiales Lamiaceae Salvia,EXACT_MATCH_PRIMARY_SOURCE_ACCEPTED_SIMPLE
Salvia lyrata L.,Salvia lyrata,Salvia lyrata L.,Plantae Tracheophyta Magnoliopsida Lamiales Lamiaceae Salvia lyrata,EXACT_MATCH_PRIMARY_SOURCE_ACCEPTED_SIMPLE
Salvia officinalis L.,Salvia officinalis,Salvia officinalis L.,Plantae Tracheophyta Magnoliopsida Lamiales Lamiaceae Salvia officinalis,EXACT_MATCH_PRIMARY_SOURCE_ACCEPTED_AUTHOR_DISAMBIGUATION
Salvia pratensis L.,Salvia pratensis,Salvia pratensis L.,Plantae Tracheophyta Magnoliopsida Lamiales Lamiaceae Salvia pratensis,EXACT_MATCH_PRIMARY_SOURCE_ACCEPTED_AUTHOR_DISAMBIGUATION
Salvia reflexa Hornem.,Salvia reflexa,Salvia reflexa Hornem.,Plantae Tracheophyta Magnoliopsida Lamiales Lamiaceae Salvia reflexa,EXACT_MATCH_PRIMARY_SOURCE_ACCEPTED_SIMPLE
Salvia sclarea L.,Salvia sclarea,Salvia sclarea L.,Plantae Tracheophyta Magnoliopsida Lamiales Lamiaceae Salvia sclarea,EXACT_MATCH_PRIMARY_SOURCE_ACCEPTED_SIMPLE
Salvia urticifolia L.,Salvia urticifolia,Salvia urticifolia L.,Plantae Tracheophyta Magnoliopsida Lamiales Lamiaceae Salvia urticifolia,EXACT_MATCH_PRIMARY_SOURCE_ACCEPTED_SIMPLE
Salvia verbenaca L.,Salvia verbenaca,Salvia verbenaca L.,Plantae Tracheophyta Magnoliopsida Lamiales Lamiaceae Salvia verbenaca,EXACT_MATCH_PRIMARY_SOURCE_ACCEPTED_SIMPLE
Salvinia Ség.,Salvinia ,Salvinia Ség.,Plantae Tracheophyta Polypodiopsida Salviniales Salviniaceae Salvinia,EXACT_MATCH_PRIMARY_SOURCE_ACCEPTED_AUTHOR_DISAMBIGUATION
Salvinia molesta Mitchell,Salvinia molesta,Salvinia molesta Mitchell,Plantae Tracheophyta Polypodiopsida Salviniales Salviniaceae Salvinia molesta,EXACT_MATCH_PRIMARY_SOURCE_ACCEPTED_SIMPLE
Sambucus L.,Sambucus ,Sambucus L.,Plantae Tracheophyta Magnoliopsida Dipsacales Viburnaceae Sambucus,EXACT_MATCH_PRIMARY_SOURCE_ACCEPTED_SIMPLE
Sambucus nigra L.,Sambucus nigra,Sambucus nigra L.,Plantae Tracheophyta Magnoliopsida Dipsacales Viburnaceae Sambucus nigra,EXACT_MATCH_PRIMARY_SOURCE_ACCEPTED_AUTHOR_DISAMBIGUATION
Sambucus nigra L. ssp. canadensis (L.) R. Bolli,Sambucus canadensis,Sambucus nigra L. ssp. canadensis (L.) R. Bolli,Plantae Tracheophyta Magnoliopsida Dipsacales Viburnaceae Sambucus canadensis,MULTI_EXACT_MATCH_PRIMARY_SOURCE_SYNONYMS_INFRASPECIFIC_SCORE
Sambucus racemosa L.,Sambucus racemosa,Sambucus racemosa L.,Plantae Tracheophyta Magnoliopsida Dipsacales Viburnaceae Sambucus racemosa,EXACT_MATCH_PRIMARY_SOURCE_ACCEPTED_AMONG_SYNONYMS_SIMPLE
Samolus L.,Samolus ,Samolus L.,Plantae Tracheophyta Magnoliopsida Ericales Primulaceae Samolus,EXACT_MATCH_PRIMARY_SOURCE_ACCEPTED_SIMPLE
Samolus valerandi L.,Samolus valerandi,Samolus valerandi L.,Plantae Tracheophyta Magnoliopsida Ericales Primulaceae Samolus valerandi,EXACT_MATCH_PRIMARY_SOURCE_ACCEPTED_SIMPLE
Sanguinaria L.,Sanguinaria ,Sanguinaria L.,Plantae Tracheophyta Magnoliopsida Ranunculales Papaveraceae Sanguinaria,EXACT_MATCH_PRIMARY_SOURCE_ACCEPTED_AMONG_SYNONYMS_SIMPLE
Sanguinaria canadensis L.,Sanguinaria canadensis,Sanguinaria canadensis L.,Plantae Tracheophyta Magnoliopsida Ranunculales Papaveraceae Sanguinaria canadensis,EXACT_MATCH_PRIMARY_SOURCE_ACCEPTED_SIMPLE
Sanguisorba L.,Sanguisorba ,Sanguisorba L.,Plantae Tracheophyta Magnoliopsida Rosales Rosaceae Sanguisorba,EXACT_MATCH_PRIMARY_SOURCE_ACCEPTED_SIMPLE
Sanguisorba canadensis L.,Sanguisorba canadensis,Sanguisorba canadensis L.,Plantae Tracheophyta Magnoliopsida Rosales Rosaceae Sanguisorba canadensis,EXACT_MATCH_PRIMARY_SOURCE_ACCEPTED_AUTHOR_DISAMBIGUATION
Sanicula L.,Sanicula ,Sanicula L.,Plantae Tracheophyta Magnoliopsida Apiales Apiaceae Sanicula,EXACT_MATCH_PRIMARY_SOURCE_ACCEPTED_SIMPLE
Sanicula canadensis L.,Sanicula canadensis,Sanicula canadensis L.,Plantae Tracheophyta Magnoliopsida Apiales Apiaceae Sanicula canadensis,EXACT_MATCH_PRIMARY_SOURCE_ACCEPTED_AMONG_SYNONYMS_SIMPLE
Sanicula marilandica L.,Sanicula marilandica,Sanicula marilandica L.,Plantae Tracheophyta Magnoliopsida Apiales Apiaceae Sanicula marilandica,EXACT_MATCH_PRIMARY_SOURCE_ACCEPTED_AUTHOR_DISAMBIGUATION
Sanicula odorata (Raf.) K.M. Pryer & L.R. Phillippe,Sanicula odorata,Sanicula odorata (Raf.) K.M. Pryer & L.R. Phillippe,Plantae Tracheophyta Magnoliopsida Apiales Apiaceae Sanicula odorata,EXACT_MATCH_PRIMARY_SOURCE_ACCEPTED_SIMPLE
Sanicula smallii E.P. Bicknell,Sanicula smallii,Sanicula smallii E.P. Bicknell,Plantae Tracheophyta Magnoliopsida Apiales Apiaceae Sanicula smallii,EXACT_MATCH_PRIMARY_SOURCE_ACCEPTED_SIMPLE
Sanicula trifoliata E.P. Bicknell,Sanicula trifoliata,Sanicula trifoliata E.P. Bicknell,Plantae Tracheophyta Magnoliopsida Apiales Apiaceae Sanicula trifoliata,EXACT_MATCH_PRIMARY_SOURCE_ACCEPTED_SIMPLE
Saponaria L.,Saponaria ,Saponaria L.,Plantae Tracheophyta Magnoliopsida Caryophyllales Caryophyllaceae Saponaria,EXACT_MATCH_PRIMARY_SOURCE_ACCEPTED_SIMPLE
Saponaria officinalis L.,Saponaria officinalis,Saponaria officinalis L.,Plantae Tracheophyta Magnoliopsida Caryophyllales Caryophyllaceae Saponaria officinalis,EXACT_MATCH_PRIMARY_SOURCE_ACCEPTED_SIMPLE
Sarcocornia perennis (Mill.) A.J. Scott,Salicornia perennis,Sarcocornia perennis (Mill.) A.J. Scott,Plantae Tracheophyta Magnoliopsida Caryophyllales Amaranthaceae Salicornia perennis,MULTI_EXACT_MATCH_PRIMARY_SOURCE_SYNONYMS_INFRASPECIFIC_SCORE
Sarracenia L.,Sarracenia ,Sarracenia L.,Plantae Tracheophyta Magnoliopsida Ericales Sarraceniaceae Sarracenia,EXACT_MATCH_PRIMARY_SOURCE_ACCEPTED_AUTHOR_DISAMBIGUATION
Sarracenia flava L.,Sarracenia flava,Sarracenia flava L.,Plantae Tracheophyta Magnoliopsida Ericales Sarraceniaceae Sarracenia flava,EXACT_MATCH_PRIMARY_SOURCE_ACCEPTED_AMONG_SYNONYMS_SIMPLE
Sarracenia purpurea L.,Sarracenia purpurea,Sarracenia purpurea L.,Plantae Tracheophyta Magnoliopsida Ericales Sarraceniaceae Sarracenia purpurea,EXACT_MATCH_PRIMARY_SOURCE_ACCEPTED_SIMPLE
Sarracenia rubra (Case & R.B. Case) S. McPherson & D.E. Schnell ssp. alabamensis,Sarracenia rubra,Sarracenia rubra (Case & R.B. Case) S. McPherson & D.E. Schnell ssp. alabamensis,Plantae Tracheophyta Magnoliopsida Ericales Sarraceniaceae Sarracenia rubra,EXACT_MATCH_PRIMARY_SOURCE_ACCEPTED_SIMPLE
Sarracenia ×catesbaei Elliott (pro sp.) [flava × purpurea],Sarracenia catesbaei,Sarracenia ×catesbaei Elliott (pro sp.) [flava × purpurea],Plantae Tracheophyta Magnoliopsida Ericales Sarraceniaceae Sarracenia catesbaei,EXACT_MATCH_PRIMARY_SOURCE_ACCEPTED_AMONG_SYNONYMS_SIMPLE
Sassafras Nees & Eberm.,Sassafras ,Sassafras Nees & Eberm.,Plantae Tracheophyta Magnoliopsida Laurales Lauraceae Sassafras,EXACT_MATCH_PRIMARY_SOURCE_MULT_ACCEPTED
Sassafras albidum (Nutt.) Nees,Sassafras albidum,Sassafras albidum (Nutt.) Nees,Plantae Tracheophyta Magnoliopsida Laurales Lauraceae Sassafras albidum,EXACT_MATCH_PRIMARY_SOURCE_ACCEPTED_SIMPLE
Satureja L.,Satureja ,Satureja L.,Plantae Tracheophyta Magnoliopsida Lamiales Lamiaceae Satureja,EXACT_MATCH_PRIMARY_SOURCE_ACCEPTED_SIMPLE
Satureja hortensis L.,Satureja hortensis,Satureja hortensis L.,Plantae Tracheophyta Magnoliopsida Lamiales Lamiaceae Satureja hortensis,EXACT_MATCH_PRIMARY_SOURCE_ACCEPTED_SIMPLE
Saururus L.,Saururus ,Saururus L.,Plantae Tracheophyta Magnoliopsida Piperales Saururaceae Saururus,EXACT_MATCH_PRIMARY_SOURCE_ACCEPTED_AUTHOR_DISAMBIGUATION
Saururus cernuus L.,Saururus cernuus,Saururus cernuus L.,Plantae Tracheophyta Magnoliopsida Piperales Saururaceae Saururus cernuus,EXACT_MATCH_PRIMARY_SOURCE_ACCEPTED_AMONG_SYNONYMS_SIMPLE
Saxifraga L.,Saxifraga ,Saxifraga L.,Plantae Tracheophyta Magnoliopsida Saxifragales Saxifragaceae Saxifraga,EXACT_MATCH_PRIMARY_SOURCE_ACCEPTED_AUTHOR_DISAMBIGUATION
Saxifraga careyana A. Gray,Micranthes careyana,Saxifraga careyana A. Gray,Plantae Tracheophyta Magnoliopsida Saxifragales Saxifragaceae Micranthes careyana,EXACT_MATCH_PRIMARY_SOURCE_SYNONYM_SIMPLE
Saxifraga michauxii Britton,Micranthes petiolaris,Saxifraga michauxii Britton,Plantae Tracheophyta Magnoliopsida Saxifragales Saxifragaceae Micranthes petiolaris,MULTI_EXACT_MATCH_PRIMARY_SOURCE_SYNONYMS_INFRASPECIFIC_SCORE
Saxifraga micranthidifolia (Haw.) Steud.,Micranthes micranthidifolia,Saxifraga micranthidifolia (Haw.) Steud.,Plantae Tracheophyta Magnoliopsida Saxifragales Saxifragaceae Micranthes micranthidifolia,MULTI_EXACT_MATCH_PRIMARY_SOURCE_SYNONYMS_INFRASPECIFIC_SCORE
Saxifraga pensylvanica L.,Micranthes pensylvanica,Saxifraga pensylvanica L.,Plantae Tracheophyta Magnoliopsida Saxifragales Saxifragaceae Micranthes pensylvanica,EXACT_MATCH_PRIMARY_SOURCE_SYNONYM_SIMPLE
Saxifraga virginiensis Michx.,Micranthes virginiensis,Saxifraga virginiensis Michx.,Plantae Tracheophyta Magnoliopsida Saxifragales Saxifragaceae Micranthes virginiensis,EXACT_MATCH_PRIMARY_SOURCE_SYNONYM_SIMPLE
Schedonorus pratensis (Huds.) P. Beauv.,Lolium pratense,Schedonorus pratensis (Huds.) P. Beauv.,Plantae Tracheophyta Liliopsida Poales Poaceae Lolium pratense,EXACT_MATCH_PRIMARY_SOURCE_SYNONYM_SIMPLE
Scheuchzeria L.,Scheuchzeria ,Scheuchzeria L.,Plantae Tracheophyta Liliopsida Alismatales Scheuchzeriaceae Scheuchzeria,EXACT_MATCH_PRIMARY_SOURCE_ACCEPTED_SIMPLE
Scheuchzeria palustris L.,Scheuchzeria palustris,Scheuchzeria palustris L.,Plantae Tracheophyta Liliopsida Alismatales Scheuchzeriaceae Scheuchzeria palustris,EXACT_MATCH_PRIMARY_SOURCE_ACCEPTED_SIMPLE
Schizachne Hack.,Schizachne ,Schizachne Hack.,Plantae Tracheophyta Liliopsida Poales Poaceae Schizachne,EXACT_MATCH_PRIMARY_SOURCE_ACCEPTED_SIMPLE
Schizachne purpurascens (Torr.) Swallen,Schizachne purpurascens,Schizachne purpurascens (Torr.) Swallen,Plantae Tracheophyta Liliopsida Poales Poaceae Schizachne purpurascens,EXACT_MATCH_PRIMARY_SOURCE_ACCEPTED_SIMPLE
Schizachyrium Nees,Schizachyrium ,Schizachyrium Nees,Plantae Tracheophyta Liliopsida Poales Poaceae Schizachyrium,EXACT_MATCH_PRIMARY_SOURCE_ACCEPTED_SIMPLE
Schizachyrium littorale (Nash) E.P. Bicknell,Schizachyrium scoparium,Schizachyrium littorale (Nash) E.P. Bicknell,Plantae Tracheophyta Liliopsida Poales Poaceae Schizachyrium scoparium,EXACT_MATCH_PRIMARY_SOURCE_SYNONYM_SIMPLE
Schoenoplectiella Lye,Schoenoplectiella ,Schoenoplectiella Lye,Plantae Tracheophyta Liliopsida Poales Cyperaceae Schoenoplectiella,EXACT_MATCH_PRIMARY_SOURCE_ACCEPTED_SIMPLE
Schoenoplectiella purshiana (Fernald) Lye,Schoenoplectiella purshiana,Schoenoplectiella purshiana (Fernald) Lye,Plantae Tracheophyta Liliopsida Poales Cyperaceae Schoenoplectiella purshiana,EXACT_MATCH_PRIMARY_SOURCE_ACCEPTED_SIMPLE
Schoenoplectiella smithii (A. Gray) Hayas.,Schoenoplectiella smithii,Schoenoplectiella smithii (A. Gray) Hayas.,Plantae Tracheophyta Liliopsida Poales Cyperaceae Schoenoplectiella smithii,EXACT_MATCH_PRIMARY_SOURCE_ACCEPTED_AMONG_SYNONYMS_SIMPLE
Schoenoplectus (Rchb.) Palla,Schoenoplectus ,Schoenoplectus (Rchb.) Palla,Plantae Tracheophyta Liliopsida Poales Cyperaceae Schoenoplectus,EXACT_MATCH_PRIMARY_SOURCE_ACCEPTED_AUTHOR_DISAMBIGUATION
Schoenoplectus acutus (Muhl. ex Bigelow) Á. Löve & D. Löve,Schoenoplectus acutus,Schoenoplectus acutus (Muhl. ex Bigelow) Á. Löve & D. Löve,Plantae Tracheophyta Liliopsida Poales Cyperaceae Schoenoplectus acutus,EXACT_MATCH_PRIMARY_SOURCE_ACCEPTED_SIMPLE
Schoenoplectus americanus (Pers.) Volkart ex Schinz & R. Keller,Schoenoplectus americanus,Schoenoplectus americanus (Pers.) Volkart ex Schinz & R. Keller,Plantae Tracheophyta Liliopsida Poales Cyperaceae Schoenoplectus americanus,EXACT_MATCH_PRIMARY_SOURCE_ACCEPTED_AMONG_SYNONYMS_SIMPLE
Schoenoplectus etuberculatus (Steud.) Soják,Schoenoplectus etuberculatus,Schoenoplectus etuberculatus (Steud.) Soják,Plantae Tracheophyta Liliopsida Poales Cyperaceae Schoenoplectus etuberculatus,EXACT_MATCH_PRIMARY_SOURCE_ACCEPTED_AMONG_SYNONYMS_SIMPLE
Schoenoplectus pungens (Vahl) Palla,Schoenoplectus pungens,Schoenoplectus pungens (Vahl) Palla,Plantae Tracheophyta Liliopsida Poales Cyperaceae Schoenoplectus pungens,EXACT_MATCH_PRIMARY_SOURCE_ACCEPTED_SIMPLE
Schoenoplectus subterminalis (Torr.) Soják,Schoenoplectus subterminalis,Schoenoplectus subterminalis (Torr.) Soják,Plantae Tracheophyta Liliopsida Poales Cyperaceae Schoenoplectus subterminalis,EXACT_MATCH_PRIMARY_SOURCE_ACCEPTED_SIMPLE
Schoenoplectus tabernaemontani (C.C. Gmel.) Palla,Schoenoplectus tabernaemontani,Schoenoplectus tabernaemontani (C.C. Gmel.) Palla,Plantae Tracheophyta Liliopsida Poales Cyperaceae Schoenoplectus tabernaemontani,EXACT_MATCH_PRIMARY_SOURCE_ACCEPTED_AMONG_SYNONYMS_SIMPLE
Schoenoplectus torreyi (Olney) Palla,Schoenoplectus torreyi,Schoenoplectus torreyi (Olney) Palla,Plantae Tracheophyta Liliopsida Poales Cyperaceae Schoenoplectus torreyi,EXACT_MATCH_PRIMARY_SOURCE_ACCEPTED_SIMPLE
Schoenoplectus ×contortus (Eames) S.G. Sm. [americanus × pungens],Schoenoplectus contortus,Schoenoplectus ×contortus (Eames) S.G. Sm. [americanus × pungens],Plantae Tracheophyta Liliopsida Poales Cyperaceae Schoenoplectus contortus,EXACT_MATCH_PRIMARY_SOURCE_ACCEPTED_SIMPLE
Schwalbea L.,Schwalbea ,Schwalbea L.,Plantae Tracheophyta Magnoliopsida Lamiales Orobanchaceae Schwalbea,EXACT_MATCH_PRIMARY_SOURCE_ACCEPTED_SIMPLE
Schwalbea americana L.,Schwalbea americana,Schwalbea americana L.,Plantae Tracheophyta Magnoliopsida Lamiales Orobanchaceae Schwalbea americana,EXACT_MATCH_PRIMARY_SOURCE_ACCEPTED_SIMPLE
Scirpus L.,Scirpus ,Scirpus L.,Plantae Tracheophyta Liliopsida Poales Cyperaceae Scirpus,EXACT_MATCH_PRIMARY_SOURCE_MULT_ACCEPTED
Scirpus ancistrochaetus Schuyler,Scirpus ancistrochaetus,Scirpus ancistrochaetus Schuyler,Plantae Tracheophyta Liliopsida Poales Cyperaceae Scirpus ancistrochaetus,EXACT_MATCH_PRIMARY_SOURCE_ACCEPTED_SIMPLE
Scirpus atrovirens Willd.,Scirpus atrovirens,Scirpus atrovirens Willd.,Plantae Tracheophyta Liliopsida Poales Cyperaceae Scirpus atrovirens,EXACT_MATCH_PRIMARY_SOURCE_ACCEPTED_SIMPLE
Scirpus cyperinus (L.) Kunth,Scirpus cyperinus,Scirpus cyperinus (L.) Kunth,Plantae Tracheophyta Liliopsida Poales Cyperaceae Scirpus cyperinus,EXACT_MATCH_PRIMARY_SOURCE_ACCEPTED_AMONG_SYNONYMS_SIMPLE
Scirpus divaricatus Elliott,Scirpus divaricatus,Scirpus divaricatus Elliott,Plantae Tracheophyta Liliopsida Poales Cyperaceae Scirpus divaricatus,EXACT_MATCH_PRIMARY_SOURCE_ACCEPTED_SIMPLE
Scirpus expansus Fernald,Scirpus expansus,Scirpus expansus Fernald,Plantae Tracheophyta Liliopsida Poales Cyperaceae Scirpus expansus,EXACT_MATCH_PRIMARY_SOURCE_ACCEPTED_SIMPLE
Scirpus flaccidifolius (Fernald) Schuyler,Scirpus flaccidifolius,Scirpus flaccidifolius (Fernald) Schuyler,Plantae Tracheophyta Liliopsida Poales Cyperaceae Scirpus flaccidifolius,EXACT_MATCH_PRIMARY_SOURCE_ACCEPTED_SIMPLE
Scirpus georgianus Harper,Scirpus georgianus,Scirpus georgianus Harper,Plantae Tracheophyta Liliopsida Poales Cyperaceae Scirpus georgianus,EXACT_MATCH_PRIMARY_SOURCE_ACCEPTED_SIMPLE
Scirpus hattorianus Makino,Scirpus hattorianus,Scirpus hattorianus Makino,Plantae Tracheophyta Liliopsida Poales Cyperaceae Scirpus hattorianus,EXACT_MATCH_PRIMARY_SOURCE_ACCEPTED_SIMPLE
Scirpus lineatus Michx.,Scirpus lineatus,Scirpus lineatus Michx.,Plantae Tracheophyta Liliopsida Poales Cyperaceae Scirpus lineatus,EXACT_MATCH_PRIMARY_SOURCE_ACCEPTED_AMONG_SYNONYMS_SIMPLE
Scirpus pendulus Muhl.,Scirpus pendulus,Scirpus pendulus Muhl.,Plantae Tracheophyta Liliopsida Poales Cyperaceae Scirpus pendulus,EXACT_MATCH_PRIMARY_SOURCE_ACCEPTED_AUTHOR_DISAMBIGUATION
Scirpus polyphyllus Vahl,Scirpus polyphyllus,Scirpus polyphyllus Vahl,Plantae Tracheophyta Liliopsida Poales Cyperaceae Scirpus polyphyllus,EXACT_MATCH_PRIMARY_SOURCE_ACCEPTED_SIMPLE
Scleranthus L.,Scleranthus ,Scleranthus L.,Plantae Tracheophyta Magnoliopsida Caryophyllales Caryophyllaceae Scleranthus,EXACT_MATCH_PRIMARY_SOURCE_ACCEPTED_SIMPLE
Scleranthus annuus L.,Scleranthus annuus,Scleranthus annuus L.,Plantae Tracheophyta Magnoliopsida Caryophyllales Caryophyllaceae Scleranthus annuus,EXACT_MATCH_PRIMARY_SOURCE_ACCEPTED_SIMPLE
Scleria P.J. Bergius,Scleria ,Scleria P.J. Bergius,Plantae Tracheophyta Liliopsida Poales Cyperaceae Scleria,EXACT_MATCH_PRIMARY_SOURCE_ACCEPTED_SIMPLE
Scleria ciliata Michx.,Scleria ciliata,Scleria ciliata Michx.,Plantae Tracheophyta Liliopsida Poales Cyperaceae Scleria ciliata,EXACT_MATCH_PRIMARY_SOURCE_ACCEPTED_SIMPLE
Scleria minor W. Stone,Scleria minor,Scleria minor W. Stone,Plantae Tracheophyta Liliopsida Poales Cyperaceae Scleria minor,EXACT_MATCH_PRIMARY_SOURCE_ACCEPTED_SIMPLE
Scleria muehlenbergii Steud.,Scleria muehlenbergii,Scleria muehlenbergii Steud.,Plantae Tracheophyta Liliopsida Poales Cyperaceae Scleria muehlenbergii,EXACT_MATCH_PRIMARY_SOURCE_ACCEPTED_SIMPLE
Scleria oligantha Michx.,Scleria oligantha,Scleria oligantha Michx.,Plantae Tracheophyta Liliopsida Poales Cyperaceae Scleria oligantha,EXACT_MATCH_PRIMARY_SOURCE_ACCEPTED_SIMPLE
Scleria pauciflora Muhl. ex Willd.,Scleria pauciflora,Scleria pauciflora Muhl. ex Willd.,Plantae Tracheophyta Liliopsida Poales Cyperaceae Scleria pauciflora,EXACT_MATCH_PRIMARY_SOURCE_ACCEPTED_AMONG_SYNONYMS_SIMPLE
Scleria reticularis Michx.,Scleria reticularis,Scleria reticularis Michx.,Plantae Tracheophyta Liliopsida Poales Cyperaceae Scleria reticularis,EXACT_MATCH_PRIMARY_SOURCE_ACCEPTED_AUTHOR_DISAMBIGUATION
Scleria triglomerata Michx.,Scleria triglomerata,Scleria triglomerata Michx.,Plantae Tracheophyta Liliopsida Poales Cyperaceae Scleria triglomerata,EXACT_MATCH_PRIMARY_SOURCE_ACCEPTED_SIMPLE
Scleria verticillata Muhl. ex Willd.,Scleria verticillata,Scleria verticillata Muhl. ex Willd.,Plantae Tracheophyta Liliopsida Poales Cyperaceae Scleria verticillata,EXACT_MATCH_PRIMARY_SOURCE_ACCEPTED_AUTHOR_DISAMBIGUATION
Sclerochloa P. Beauv.,Sclerochloa ,Sclerochloa P. Beauv.,Plantae Tracheophyta Liliopsida Poales Poaceae Sclerochloa,EXACT_MATCH_PRIMARY_SOURCE_MULT_ACCEPTED
Sclerochloa dura (L.) P. Beauv.,Sclerochloa dura,Sclerochloa dura (L.) P. Beauv.,Plantae Tracheophyta Liliopsida Poales Poaceae Sclerochloa dura,EXACT_MATCH_PRIMARY_SOURCE_ACCEPTED_SIMPLE
Sclerolepis Cass.,Sclerolepis ,Sclerolepis Cass.,Plantae Tracheophyta Magnoliopsida Asterales Asteraceae Sclerolepis,EXACT_MATCH_PRIMARY_SOURCE_ACCEPTED_AUTHOR_DISAMBIGUATION
"Sclerolepis uniflora (Walter) Britton, Sterns & Poggenb.",Sclerolepis uniflora,"Sclerolepis uniflora (Walter) Britton, Sterns & Poggenb.",Plantae Tracheophyta Magnoliopsida Asterales Asteraceae Sclerolepis uniflora,EXACT_MATCH_PRIMARY_SOURCE_ACCEPTED_AMONG_SYNONYMS_SIMPLE
Scrophularia L.,Scrophularia ,Scrophularia L.,Plantae Tracheophyta Magnoliopsida Lamiales Scrophulariaceae Scrophularia,EXACT_MATCH_PRIMARY_SOURCE_ACCEPTED_SIMPLE
Scrophularia lanceolata Pursh,Scrophularia lanceolata,Scrophularia lanceolata Pursh,Plantae Tracheophyta Magnoliopsida Lamiales Scrophulariaceae Scrophularia lanceolata,EXACT_MATCH_PRIMARY_SOURCE_ACCEPTED_SIMPLE
Scrophularia marilandica L.,Scrophularia marilandica,Scrophularia marilandica L.,Plantae Tracheophyta Magnoliopsida Lamiales Scrophulariaceae Scrophularia marilandica,EXACT_MATCH_PRIMARY_SOURCE_ACCEPTED_SIMPLE
Scutellaria L.,Scutellaria ,Scutellaria L.,Plantae Tracheophyta Magnoliopsida Lamiales Lamiaceae Scutellaria,EXACT_MATCH_PRIMARY_SOURCE_ACCEPTED_AUTHOR_DISAMBIGUATION
Scutellaria arguta Buckley,Scutellaria arguta,Scutellaria arguta Buckley,Plantae Tracheophyta Magnoliopsida Lamiales Lamiaceae Scutellaria arguta,EXACT_MATCH_PRIMARY_SOURCE_ACCEPTED_AUTHOR_DISAMBIGUATION
Scutellaria elliptica Muhl. ex Spreng.,Scutellaria elliptica,Scutellaria elliptica Muhl. ex Spreng.,Plantae Tracheophyta Magnoliopsida Lamiales Lamiaceae Scutellaria elliptica,EXACT_MATCH_PRIMARY_SOURCE_ACCEPTED_AUTHOR_DISAMBIGUATION
Scutellaria galericulata L.,Scutellaria galericulata,Scutellaria galericulata L.,Plantae Tracheophyta Magnoliopsida Lamiales Lamiaceae Scutellaria galericulata,EXACT_MATCH_PRIMARY_SOURCE_ACCEPTED_SIMPLE
Scutellaria incana Biehler,Scutellaria incana,Scutellaria incana Biehler,Plantae Tracheophyta Magnoliopsida Lamiales Lamiaceae Scutellaria incana,EXACT_MATCH_PRIMARY_SOURCE_ACCEPTED_AUTHOR_DISAMBIGUATION
Scutellaria integrifolia L.,Scutellaria integrifolia,Scutellaria integrifolia L.,Plantae Tracheophyta Magnoliopsida Lamiales Lamiaceae Scutellaria integrifolia,EXACT_MATCH_PRIMARY_SOURCE_ACCEPTED_AMONG_SYNONYMS_SIMPLE
Scutellaria lateriflora L.,Scutellaria lateriflora,Scutellaria lateriflora L.,Plantae Tracheophyta Magnoliopsida Lamiales Lamiaceae Scutellaria lateriflora,EXACT_MATCH_PRIMARY_SOURCE_ACCEPTED_SIMPLE
Scutellaria multiglandulosa (Kearney) Small ex Harper,Scutellaria multiglandulosa,Scutellaria multiglandulosa (Kearney) Small ex Harper,Plantae Tracheophyta Magnoliopsida Lamiales Lamiaceae Scutellaria multiglandulosa,EXACT_MATCH_PRIMARY_SOURCE_ACCEPTED_AMONG_SYNONYMS_SIMPLE
Scutellaria nervosa Pursh,Scutellaria nervosa,Scutellaria nervosa Pursh,Plantae Tracheophyta Magnoliopsida Lamiales Lamiaceae Scutellaria nervosa,EXACT_MATCH_PRIMARY_SOURCE_ACCEPTED_SIMPLE
Scutellaria ovata Hill,Scutellaria ovata,Scutellaria ovata Hill,Plantae Tracheophyta Magnoliopsida Lamiales Lamiaceae Scutellaria ovata,EXACT_MATCH_PRIMARY_SOURCE_ACCEPTED_SIMPLE
Scutellaria parvula Michx.,Scutellaria parvula,Scutellaria parvula Michx.,Plantae Tracheophyta Magnoliopsida Lamiales Lamiaceae Scutellaria parvula,EXACT_MATCH_PRIMARY_SOURCE_ACCEPTED_SIMPLE
Scutellaria saxatilis Riddell,Scutellaria saxatilis,Scutellaria saxatilis Riddell,Plantae Tracheophyta Magnoliopsida Lamiales Lamiaceae Scutellaria saxatilis,EXACT_MATCH_PRIMARY_SOURCE_ACCEPTED_SIMPLE
Scutellaria serrata Andrews,Scutellaria serrata,Scutellaria serrata Andrews,Plantae Tracheophyta Magnoliopsida Lamiales Lamiaceae Scutellaria serrata,EXACT_MATCH_PRIMARY_SOURCE_ACCEPTED_AMONG_SYNONYMS_SIMPLE
Secale L.,Secale ,Secale L.,Plantae Tracheophyta Liliopsida Poales Poaceae Secale,EXACT_MATCH_PRIMARY_SOURCE_ACCEPTED_SIMPLE
Secale cereale L.,Secale cereale,Secale cereale L.,Plantae Tracheophyta Liliopsida Poales Poaceae Secale cereale,EXACT_MATCH_PRIMARY_SOURCE_ACCEPTED_AUTHOR_DISAMBIGUATION
Securigera DC.,Securigera ,Securigera DC.,Animalia Arthropoda Insecta Orthoptera Romaleidae Securigera,EXACT_MATCH_PRIMARY_SOURCE_ACCEPTED_AMONG_SYNONYMS_SIMPLE
Securigera varia (L.) Lassen,Coronilla varia,Securigera varia (L.) Lassen,Plantae Tracheophyta Magnoliopsida Fabales Fabaceae Coronilla varia,EXACT_MATCH_PRIMARY_SOURCE_SYNONYM_SIMPLE
Sedum acre L.,Sedum acre,Sedum acre L.,Plantae Tracheophyta Magnoliopsida Saxifragales Crassulaceae Sedum acre,EXACT_MATCH_PRIMARY_SOURCE_ACCEPTED_AMONG_SYNONYMS_SIMPLE
Sedum glaucophyllum R.T. Clausen,Sedum glaucophyllum,Sedum glaucophyllum R.T. Clausen,Plantae Tracheophyta Magnoliopsida Saxifragales Crassulaceae Sedum glaucophyllum,EXACT_MATCH_PRIMARY_SOURCE_ACCEPTED_SIMPLE
Sedum sarmentosum Bunge,Sedum sarmentosum,Sedum sarmentosum Bunge,Plantae Tracheophyta Magnoliopsida Saxifragales Crassulaceae Sedum sarmentosum,EXACT_MATCH_PRIMARY_SOURCE_ACCEPTED_SIMPLE
Sedum ternatum Michx.,Sedum ternatum,Sedum ternatum Michx.,Plantae Tracheophyta Magnoliopsida Saxifragales Crassulaceae Sedum ternatum,EXACT_MATCH_PRIMARY_SOURCE_ACCEPTED_SIMPLE
Selaginella P. Beauv.,Selaginella ,Selaginella P. Beauv.,Plantae Tracheophyta Lycopodiopsida Selaginellales Selaginellaceae Selaginella,EXACT_MATCH_PRIMARY_SOURCE_ACCEPTED_SIMPLE
Selaginella apoda (L.) Spring,Selaginella apoda,Selaginella apoda (L.) Spring,Plantae Tracheophyta Lycopodiopsida Selaginellales Selaginellaceae Selaginella apoda,EXACT_MATCH_PRIMARY_SOURCE_ACCEPTED_AUTHOR_DISAMBIGUATION
Selaginella kraussiana (Kunze) A. Braun,Selaginella kraussiana,Selaginella kraussiana (Kunze) A. Braun,Plantae Tracheophyta Lycopodiopsida Selaginellales Selaginellaceae Selaginella kraussiana,EXACT_MATCH_PRIMARY_SOURCE_ACCEPTED_SIMPLE
Selaginella rupestris (L.) Spring,Selaginella rupestris,Selaginella rupestris (L.) Spring,Plantae Tracheophyta Lycopodiopsida Selaginellales Selaginellaceae Selaginella rupestris,EXACT_MATCH_PRIMARY_SOURCE_ACCEPTED_AMONG_SYNONYMS_SIMPLE
Sempervivum L.,Sempervivum ,Sempervivum L.,Plantae Tracheophyta Magnoliopsida Saxifragales Crassulaceae Sempervivum,EXACT_MATCH_PRIMARY_SOURCE_ACCEPTED_SIMPLE
Sempervivum tectorum L.,Sempervivum tectorum,Sempervivum tectorum L.,Plantae Tracheophyta Magnoliopsida Saxifragales Crassulaceae Sempervivum tectorum,EXACT_MATCH_PRIMARY_SOURCE_ACCEPTED_AUTHOR_DISAMBIGUATION
Senecio L.,Senecio ,Senecio L.,Plantae Tracheophyta Magnoliopsida Asterales Asteraceae Senecio,EXACT_MATCH_PRIMARY_SOURCE_ACCEPTED_AUTHOR_DISAMBIGUATION
Senecio vulgaris L.,Senecio vulgaris,Senecio vulgaris L.,Plantae Tracheophyta Magnoliopsida Asterales Asteraceae Senecio vulgaris,EXACT_MATCH_PRIMARY_SOURCE_ACCEPTED_SIMPLE
Senna Mill.,Senna ,Senna Mill.,Plantae Tracheophyta Magnoliopsida Fabales Fabaceae Senna,EXACT_MATCH_PRIMARY_SOURCE_ACCEPTED_AUTHOR_DISAMBIGUATION
Senna hebecarpa (Fernald) Irwin & Barneby,Senna hebecarpa,Senna hebecarpa (Fernald) Irwin & Barneby,Plantae Tracheophyta Magnoliopsida Fabales Fabaceae Senna hebecarpa,EXACT_MATCH_PRIMARY_SOURCE_ACCEPTED_SIMPLE
Senna marilandica (L.) Link,Senna marilandica,Senna marilandica (L.) Link,Plantae Tracheophyta Magnoliopsida Fabales Fabaceae Senna marilandica,EXACT_MATCH_PRIMARY_SOURCE_ACCEPTED_SIMPLE
Senna obtusifolia (L.) Irwin & Barneby,Senna obtusifolia,Senna obtusifolia (L.) Irwin & Barneby,Plantae Tracheophyta Magnoliopsida Fabales Fabaceae Senna obtusifolia,EXACT_MATCH_PRIMARY_SOURCE_ACCEPTED_SIMPLE
Senna occidentalis (L.) Link,Senna occidentalis,Senna occidentalis (L.) Link,Plantae Tracheophyta Magnoliopsida Fabales Fabaceae Senna occidentalis,EXACT_MATCH_PRIMARY_SOURCE_ACCEPTED_SIMPLE
Sericocarpus Greene,Sericocarpus ,Sericocarpus Greene,Plantae Tracheophyta Magnoliopsida Asterales Asteraceae Sericocarpus,EXACT_MATCH_PRIMARY_SOURCE_ACCEPTED_AUTHOR_DISAMBIGUATION
"Sericocarpus asteroides (L.) Britton, Sterns & Poggenb.",Sericocarpus asteroides,"Sericocarpus asteroides (L.) Britton, Sterns & Poggenb.",Plantae Tracheophyta Magnoliopsida Asterales Asteraceae Sericocarpus asteroides,EXACT_MATCH_PRIMARY_SOURCE_ACCEPTED_AMONG_SYNONYMS_SIMPLE
"Sericocarpus linifolius (L.) Britton, Sterns & Poggenb.",Sericocarpus linifolius,"Sericocarpus linifolius (L.) Britton, Sterns & Poggenb.",Plantae Tracheophyta Magnoliopsida Asterales Asteraceae Sericocarpus linifolius,EXACT_MATCH_PRIMARY_SOURCE_ACCEPTED_SIMPLE
Sesbania Scop.,Sesbania ,Sesbania Scop.,Plantae Tracheophyta Magnoliopsida Fabales Fabaceae Sesbania,EXACT_MATCH_PRIMARY_SOURCE_ACCEPTED_AUTHOR_DISAMBIGUATION
Sesbania herbacea (Mill.) McVaugh,Sesbania herbacea,Sesbania herbacea (Mill.) McVaugh,Plantae Tracheophyta Magnoliopsida Fabales Fabaceae Sesbania herbacea,EXACT_MATCH_PRIMARY_SOURCE_ACCEPTED_SIMPLE
Sesbania punicea (Cav.) Benth.,Sesbania punicea,Sesbania punicea (Cav.) Benth.,Plantae Tracheophyta Magnoliopsida Fabales Fabaceae Sesbania punicea,EXACT_MATCH_PRIMARY_SOURCE_ACCEPTED_SIMPLE
Sesuvium L.,Sesuvium ,Sesuvium L.,Plantae Tracheophyta Magnoliopsida Caryophyllales Aizoaceae Sesuvium,EXACT_MATCH_PRIMARY_SOURCE_ACCEPTED_SIMPLE
"Sesuvium maritimum (Walter) Britton, Sterns & Poggenb.",Sesuvium maritimum,"Sesuvium maritimum (Walter) Britton, Sterns & Poggenb.",Plantae Tracheophyta Magnoliopsida Caryophyllales Aizoaceae Sesuvium maritimum,EXACT_MATCH_PRIMARY_SOURCE_ACCEPTED_SIMPLE
Setaria P. Beauv.,Setaria ,Setaria P. Beauv.,Plantae Tracheophyta Liliopsida Poales Poaceae Setaria,MULTI_EXACT_MATCH_PRIMARY_SOURCE_ACCEPTED_HOMONYM
Setaria faberi Herrm.,Setaria faberi,Setaria faberi Herrm.,Plantae Tracheophyta Liliopsida Poales Poaceae Setaria faberi,EXACT_MATCH_PRIMARY_SOURCE_MULT_ACCEPTED
Setaria italica (L.) P. Beauv.,Setaria italica,Setaria italica (L.) P. Beauv.,Plantae Tracheophyta Liliopsida Poales Poaceae Setaria italica,EXACT_MATCH_PRIMARY_SOURCE_MULT_ACCEPTED
Setaria magna Griseb.,Setaria magna,Setaria magna Griseb.,Plantae Tracheophyta Liliopsida Poales Poaceae Setaria magna,EXACT_MATCH_PRIMARY_SOURCE_ACCEPTED_SIMPLE
Setaria parviflora (Poir.) Kerguélen,Setaria parviflora,Setaria parviflora (Poir.) Kerguélen,Plantae Tracheophyta Liliopsida Poales Poaceae Setaria parviflora,EXACT_MATCH_PRIMARY_SOURCE_ACCEPTED_SIMPLE
Setaria pumila (Poir.) Roem. & Schult.,Setaria pumila,Setaria pumila (Poir.) Roem. & Schult.,Plantae Tracheophyta Liliopsida Poales Poaceae Setaria pumila,EXACT_MATCH_PRIMARY_SOURCE_ACCEPTED_SIMPLE
Setaria verticillata (L.) P. Beauv.,Setaria verticillata,Setaria verticillata (L.) P. Beauv.,Plantae Tracheophyta Liliopsida Poales Poaceae Setaria verticillata,EXACT_MATCH_PRIMARY_SOURCE_ACCEPTED_SIMPLE
Setaria viridis (L.) P. Beauv.,Setaria viridis,Setaria viridis (L.) P. Beauv.,Plantae Tracheophyta Liliopsida Poales Poaceae Setaria viridis,EXACT_MATCH_PRIMARY_SOURCE_ACCEPTED_AMONG_SYNONYMS_SIMPLE
Seymeria Pursh,Seymeria ,Seymeria Pursh,Plantae Tracheophyta Magnoliopsida Lamiales Orobanchaceae Seymeria,EXACT_MATCH_PRIMARY_SOURCE_ACCEPTED_SIMPLE
Seymeria cassioides (J.F. Gmel.) S.F. Blake,Seymeria cassioides,Seymeria cassioides (J.F. Gmel.) S.F. Blake,Plantae Tracheophyta Magnoliopsida Lamiales Orobanchaceae Seymeria cassioides,EXACT_MATCH_PRIMARY_SOURCE_ACCEPTED_SIMPLE
Sherardia L.,Sherardia ,Sherardia L.,Plantae Tracheophyta Magnoliopsida Gentianales Rubiaceae Sherardia,EXACT_MATCH_PRIMARY_SOURCE_ACCEPTED_AUTHOR_DISAMBIGUATION
Sherardia arvensis L.,Sherardia arvensis,Sherardia arvensis L.,Plantae Tracheophyta Magnoliopsida Gentianales Rubiaceae Sherardia arvensis,EXACT_MATCH_PRIMARY_SOURCE_ACCEPTED_SIMPLE
Shortia Torr. & A. Gray,Shortia ,Shortia Torr. & A. Gray,Plantae Tracheophyta Magnoliopsida Ericales Diapensiaceae Shortia,MULTI_EXACT_MATCH_PRIMARY_SOURCE_ACCEPTED_HOMONYM
Shortia galacifolia Torr. & A. Gray,Shortia galacifolia,Shortia galacifolia Torr. & A. Gray,Plantae Tracheophyta Magnoliopsida Ericales Diapensiaceae Shortia galacifolia,EXACT_MATCH_PRIMARY_SOURCE_ACCEPTED_SIMPLE
Sibara Greene,Sibara ,Sibara Greene,Plantae Tracheophyta Magnoliopsida Brassicales Brassicaceae Sibara,EXACT_MATCH_PRIMARY_SOURCE_ACCEPTED_SIMPLE
Sibara virginica (L.) Rollins,Planodes virginicum,Sibara virginica (L.) Rollins,Plantae Tracheophyta Magnoliopsida Brassicales Brassicaceae Planodes virginicum,EXACT_MATCH_PRIMARY_SOURCE_SYNONYM_SIMPLE
Sibbaldiopsis Rydb.,Sibbaldia ,Sibbaldiopsis Rydb.,Plantae Tracheophyta Magnoliopsida Rosales Rosaceae Sibbaldia,EXACT_MATCH_PRIMARY_SOURCE_SYNONYM_SIMPLE
Sibbaldiopsis tridentata (Aiton) Rydb.,Sibbaldia tridentata,Sibbaldiopsis tridentata (Aiton) Rydb.,Plantae Tracheophyta Magnoliopsida Rosales Rosaceae Sibbaldia tridentata,EXACT_MATCH_PRIMARY_SOURCE_SYNONYM_SIMPLE
Sicyos L.,Sicyos ,Sicyos L.,Plantae Tracheophyta Magnoliopsida Cucurbitales Cucurbitaceae Sicyos,EXACT_MATCH_PRIMARY_SOURCE_ACCEPTED_SIMPLE
Sicyos angulatus L.,Sicyos angulatus,Sicyos angulatus L.,Plantae Tracheophyta Magnoliopsida Cucurbitales Cucurbitaceae Sicyos angulatus,EXACT_MATCH_PRIMARY_SOURCE_ACCEPTED_AMONG_SYNONYMS_SIMPLE
Sida L.,Sida ,Sida L.,Plantae Tracheophyta Magnoliopsida Malvales Malvaceae Sida,EXACT_MATCH_PRIMARY_SOURCE_ACCEPTED_AUTHOR_DISAMBIGUATION
Sida elliottii Torr. & A. Gray,Sida elliottii,Sida elliottii Torr. & A. Gray,Plantae Tracheophyta Magnoliopsida Malvales Malvaceae Sida elliottii,EXACT_MATCH_PRIMARY_SOURCE_ACCEPTED_SIMPLE
Sida hermaphrodita (L.) Rusby,Ripariosida hermaphrodita,Sida hermaphrodita (L.) Rusby,Plantae Tracheophyta Magnoliopsida Malvales Malvaceae Ripariosida hermaphrodita,EXACT_MATCH_PRIMARY_SOURCE_SYNONYM_SIMPLE
Sida rhombifolia L.,Sida rhombifolia,Sida rhombifolia L.,Plantae Tracheophyta Magnoliopsida Malvales Malvaceae Sida rhombifolia,EXACT_MATCH_PRIMARY_SOURCE_ACCEPTED_SIMPLE
Sida spinosa L.,Sida spinosa,Sida spinosa L.,Plantae Tracheophyta Magnoliopsida Malvales Malvaceae Sida spinosa,EXACT_MATCH_PRIMARY_SOURCE_ACCEPTED_AMONG_SYNONYMS_SIMPLE
Sideroxylon L.,Sideroxylon ,Sideroxylon L.,Plantae Tracheophyta Magnoliopsida Ericales Sapotaceae Sideroxylon,EXACT_MATCH_PRIMARY_SOURCE_ACCEPTED_AUTHOR_DISAMBIGUATION
Sideroxylon lycioides L.,Sideroxylon lycioides,Sideroxylon lycioides L.,Plantae Tracheophyta Magnoliopsida Ericales Sapotaceae Sideroxylon lycioides,EXACT_MATCH_PRIMARY_SOURCE_ACCEPTED_AUTHOR_DISAMBIGUATION
Silene antirrhina L.,Silene antirrhina,Silene antirrhina L.,Plantae Tracheophyta Magnoliopsida Caryophyllales Caryophyllaceae Silene antirrhina,EXACT_MATCH_PRIMARY_SOURCE_ACCEPTED_AMONG_SYNONYMS_SIMPLE
Silene caroliniana Walter,Silene caroliniana,Silene caroliniana Walter,Plantae Tracheophyta Magnoliopsida Caryophyllales Caryophyllaceae Silene caroliniana,EXACT_MATCH_PRIMARY_SOURCE_ACCEPTED_SIMPLE
Silene dichotoma Ehrh.,Silene dichotoma,Silene dichotoma Ehrh.,Plantae Tracheophyta Magnoliopsida Caryophyllales Caryophyllaceae Silene dichotoma,EXACT_MATCH_PRIMARY_SOURCE_ACCEPTED_AMONG_SYNONYMS_SIMPLE
Silene dioica (L.) Clairville,Silene dioica,Silene dioica (L.) Clairville,Plantae Tracheophyta Magnoliopsida Caryophyllales Caryophyllaceae Silene dioica,EXACT_MATCH_PRIMARY_SOURCE_MULT_ACCEPTED
Silene gallica L.,Silene gallica,Silene gallica L.,Plantae Tracheophyta Magnoliopsida Caryophyllales Caryophyllaceae Silene gallica,EXACT_MATCH_PRIMARY_SOURCE_ACCEPTED_AMONG_SYNONYMS_SIMPLE
Silene latifolia Poir.,Silene latifolia,Silene latifolia Poir.,Plantae Tracheophyta Magnoliopsida Caryophyllales Caryophyllaceae Silene latifolia,EXACT_MATCH_PRIMARY_SOURCE_ACCEPTED_AMONG_SYNONYMS_SIMPLE
Silene nivea (Nutt.) Muhl. ex Otth,Silene nivea,Silene nivea (Nutt.) Muhl. ex Otth,Plantae Tracheophyta Magnoliopsida Caryophyllales Caryophyllaceae Silene nivea,EXACT_MATCH_PRIMARY_SOURCE_ACCEPTED_AMONG_SYNONYMS_SIMPLE
Silene noctiflora L.,Silene noctiflora,Silene noctiflora L.,Plantae Tracheophyta Magnoliopsida Caryophyllales Caryophyllaceae Silene noctiflora,EXACT_MATCH_PRIMARY_SOURCE_ACCEPTED_SIMPLE
Silene ovata Pursh,Silene ovata,Silene ovata Pursh,Plantae Tracheophyta Magnoliopsida Caryophyllales Caryophyllaceae Silene ovata,EXACT_MATCH_PRIMARY_SOURCE_ACCEPTED_SIMPLE
Silene rotundifolia Nutt.,Silene rotundifolia,Silene rotundifolia Nutt.,Plantae Tracheophyta Magnoliopsida Caryophyllales Caryophyllaceae Silene rotundifolia,EXACT_MATCH_PRIMARY_SOURCE_ACCEPTED_AMONG_SYNONYMS_SIMPLE
Silene stellata (L.) W.T. Aiton,Silene stellata,Silene stellata (L.) W.T. Aiton,Plantae Tracheophyta Magnoliopsida Caryophyllales Caryophyllaceae Silene stellata,EXACT_MATCH_PRIMARY_SOURCE_ACCEPTED_AMONG_SYNONYMS_SIMPLE
Silene virginica L.,Silene virginica,Silene virginica L.,Plantae Tracheophyta Magnoliopsida Caryophyllales Caryophyllaceae Silene virginica,EXACT_MATCH_PRIMARY_SOURCE_ACCEPTED_AUTHOR_DISAMBIGUATION
Silene vulgaris (Moench) Garcke,Silene vulgaris,Silene vulgaris (Moench) Garcke,Plantae Tracheophyta Magnoliopsida Caryophyllales Caryophyllaceae Silene vulgaris,EXACT_MATCH_PRIMARY_SOURCE_ACCEPTED_SIMPLE
Silphium L.,Silphium ,Silphium L.,Plantae Tracheophyta Magnoliopsida Asterales Asteraceae Silphium,EXACT_MATCH_PRIMARY_SOURCE_ACCEPTED_SIMPLE
Silphium asteriscus L.,Silphium asteriscus,Silphium asteriscus L.,Plantae Tracheophyta Magnoliopsida Asterales Asteraceae Silphium asteriscus,EXACT_MATCH_PRIMARY_SOURCE_ACCEPTED_AMONG_SYNONYMS_SIMPLE
Silphium compositum Michx.,Silphium compositum,Silphium compositum Michx.,Plantae Tracheophyta Magnoliopsida Asterales Asteraceae Silphium compositum,EXACT_MATCH_PRIMARY_SOURCE_ACCEPTED_SIMPLE
Silphium compositum Michx. var. reniforme (Raf. ex Nutt.) Torr. & A. Gray,Silphium reniforme,Silphium compositum Michx. var. reniforme (Raf. ex Nutt.) Torr. & A. Gray,Plantae Tracheophyta Magnoliopsida Asterales Asteraceae Silphium reniforme,MULTI_EXACT_MATCH_PRIMARY_SOURCE_SYNONYMS_INFRASPECIFIC_SCORE
Silphium laciniatum L.,Silphium laciniatum,Silphium laciniatum L.,Plantae Tracheophyta Magnoliopsida Asterales Asteraceae Silphium laciniatum,EXACT_MATCH_PRIMARY_SOURCE_ACCEPTED_AMONG_SYNONYMS_SIMPLE
Silphium perfoliatum L.,Silphium perfoliatum,Silphium perfoliatum L.,Plantae Tracheophyta Magnoliopsida Asterales Asteraceae Silphium perfoliatum,EXACT_MATCH_PRIMARY_SOURCE_ACCEPTED_SIMPLE
Silphium terebinthinaceum Jacq.,Silphium terebinthinaceum,Silphium terebinthinaceum Jacq.,Plantae Tracheophyta Magnoliopsida Asterales Asteraceae Silphium terebinthinaceum,EXACT_MATCH_PRIMARY_SOURCE_ACCEPTED_AMONG_SYNONYMS_SIMPLE
Silybum Adans.,Silybum ,Silybum Adans.,Plantae Tracheophyta Magnoliopsida Asterales Asteraceae Silybum,EXACT_MATCH_PRIMARY_SOURCE_MULT_ACCEPTED
Silybum marianum (L.) Gaertn.,Silybum marianum,Silybum marianum (L.) Gaertn.,Plantae Tracheophyta Magnoliopsida Asterales Asteraceae Silybum marianum,EXACT_MATCH_PRIMARY_SOURCE_ACCEPTED_SIMPLE
Sinapis L.,Sinapis ,Sinapis L.,Plantae Tracheophyta Magnoliopsida Brassicales Brassicaceae Sinapis,EXACT_MATCH_PRIMARY_SOURCE_ACCEPTED_AUTHOR_DISAMBIGUATION
Sinapis arvensis L.,Sinapis arvensis,Sinapis arvensis L.,Plantae Tracheophyta Magnoliopsida Brassicales Brassicaceae Sinapis arvensis,EXACT_MATCH_PRIMARY_SOURCE_ACCEPTED_AMONG_SYNONYMS_SIMPLE
Sisymbrium L.,Sisymbrium ,Sisymbrium L.,Plantae Tracheophyta Magnoliopsida Brassicales Brassicaceae Sisymbrium,EXACT_MATCH_PRIMARY_SOURCE_ACCEPTED_SIMPLE
Sisymbrium altissimum L.,Sisymbrium altissimum,Sisymbrium altissimum L.,Plantae Tracheophyta Magnoliopsida Brassicales Brassicaceae Sisymbrium altissimum,EXACT_MATCH_PRIMARY_SOURCE_ACCEPTED_AMONG_SYNONYMS_SIMPLE
Sisymbrium officinale (L.) Scop.,Sisymbrium officinale,Sisymbrium officinale (L.) Scop.,Plantae Tracheophyta Magnoliopsida Brassicales Brassicaceae Sisymbrium officinale,EXACT_MATCH_PRIMARY_SOURCE_ACCEPTED_SIMPLE
Sisyrinchium L.,Sisyrinchium ,Sisyrinchium L.,Plantae Tracheophyta Liliopsida Asparagales Iridaceae Sisyrinchium,EXACT_MATCH_PRIMARY_SOURCE_ACCEPTED_AMONG_SYNONYMS_SIMPLE
Sisyrinchium albidum Raf.,Sisyrinchium albidum,Sisyrinchium albidum Raf.,Plantae Tracheophyta Liliopsida Asparagales Iridaceae Sisyrinchium albidum,EXACT_MATCH_PRIMARY_SOURCE_ACCEPTED_SIMPLE
Sisyrinchium angustifolium Mill.,Sisyrinchium angustifolium,Sisyrinchium angustifolium Mill.,Plantae Tracheophyta Liliopsida Asparagales Iridaceae Sisyrinchium angustifolium,EXACT_MATCH_PRIMARY_SOURCE_ACCEPTED_AMONG_SYNONYMS_SIMPLE
Sisyrinchium atlanticum E.P. Bicknell,Sisyrinchium atlanticum,Sisyrinchium atlanticum E.P. Bicknell,Plantae Tracheophyta Liliopsida Asparagales Iridaceae Sisyrinchium atlanticum,EXACT_MATCH_PRIMARY_SOURCE_ACCEPTED_SIMPLE
Sisyrinchium capillare E.P. Bicknell,Sisyrinchium capillare,Sisyrinchium capillare E.P. Bicknell,Plantae Tracheophyta Liliopsida Asparagales Iridaceae Sisyrinchium capillare,EXACT_MATCH_PRIMARY_SOURCE_ACCEPTED_AMONG_SYNONYMS_SIMPLE
Sisyrinchium fuscatum E.P. Bicknell,Sisyrinchium fuscatum,Sisyrinchium fuscatum E.P. Bicknell,Plantae Tracheophyta Liliopsida Asparagales Iridaceae Sisyrinchium fuscatum,EXACT_MATCH_PRIMARY_SOURCE_ACCEPTED_SIMPLE
Sisyrinchium montanum Greene,Sisyrinchium montanum,Sisyrinchium montanum Greene,Plantae Tracheophyta Liliopsida Asparagales Iridaceae Sisyrinchium montanum,EXACT_MATCH_PRIMARY_SOURCE_ACCEPTED_SIMPLE
Sisyrinchium mucronatum Michx.,Sisyrinchium mucronatum,Sisyrinchium mucronatum Michx.,Plantae Tracheophyta Liliopsida Asparagales Iridaceae Sisyrinchium mucronatum,EXACT_MATCH_PRIMARY_SOURCE_ACCEPTED_SIMPLE
Sisyrinchium nashii E.P. Bicknell,Sisyrinchium nashii,Sisyrinchium nashii E.P. Bicknell,Plantae Tracheophyta Liliopsida Asparagales Iridaceae Sisyrinchium nashii,EXACT_MATCH_PRIMARY_SOURCE_ACCEPTED_SIMPLE
Sisyrinchium rosulatum E.P. Bicknell,Sisyrinchium rosulatum,Sisyrinchium rosulatum E.P. Bicknell,Plantae Tracheophyta Liliopsida Asparagales Iridaceae Sisyrinchium rosulatum,EXACT_MATCH_PRIMARY_SOURCE_MULT_ACCEPTED
Sium L.,Sium ,Sium L.,Plantae Tracheophyta Magnoliopsida Apiales Apiaceae Sium,EXACT_MATCH_PRIMARY_SOURCE_ACCEPTED_SIMPLE
Sium suave Walter,Sium suave,Sium suave Walter,Plantae Tracheophyta Magnoliopsida Apiales Apiaceae Sium suave,EXACT_MATCH_PRIMARY_SOURCE_ACCEPTED_SIMPLE
Smallanthus Mack. ex Small,Smallanthus ,Smallanthus Mack. ex Small,Plantae Tracheophyta Magnoliopsida Asterales Asteraceae Smallanthus,EXACT_MATCH_PRIMARY_SOURCE_ACCEPTED_AUTHOR_DISAMBIGUATION
Smilax L.,Smilax ,Smilax L.,Plantae Tracheophyta Liliopsida Liliales Smilacaceae Smilax,EXACT_MATCH_PRIMARY_SOURCE_ACCEPTED_AUTHOR_DISAMBIGUATION
Smilax bona-nox L.,Smilax bona-nox,Smilax bona-nox L.,Plantae Tracheophyta Liliopsida Liliales Smilacaceae Smilax bona-nox,EXACT_MATCH_PRIMARY_SOURCE_ACCEPTED_SIMPLE
Smilax ecirrhata (Engelm. ex Kunth) S. Watson,Smilax ecirrhata,Smilax ecirrhata (Engelm. ex Kunth) S. Watson,Plantae Tracheophyta Liliopsida Liliales Smilacaceae Smilax ecirrhata,EXACT_MATCH_PRIMARY_SOURCE_ACCEPTED_SIMPLE
Smilax glauca Walter,Smilax glauca,Smilax glauca Walter,Plantae Tracheophyta Liliopsida Liliales Smilacaceae Smilax glauca,EXACT_MATCH_PRIMARY_SOURCE_ACCEPTED_AMONG_SYNONYMS_SIMPLE
Smilax herbacea L.,Smilax herbacea,Smilax herbacea L.,Plantae Tracheophyta Liliopsida Liliales Smilacaceae Smilax herbacea,EXACT_MATCH_PRIMARY_SOURCE_ACCEPTED_AMONG_SYNONYMS_SIMPLE
Smilax lasioneura Hook.,Smilax lasioneura,Smilax lasioneura Hook.,Plantae Tracheophyta Liliopsida Liliales Smilacaceae Smilax lasioneura,EXACT_MATCH_PRIMARY_SOURCE_ACCEPTED_SIMPLE
Smilax laurifolia L.,Smilax laurifolia,Smilax laurifolia L.,Plantae Tracheophyta Liliopsida Liliales Smilacaceae Smilax laurifolia,EXACT_MATCH_PRIMARY_SOURCE_ACCEPTED_AUTHOR_DISAMBIGUATION
Smilax pseudochina L.,Smilax pseudochina,Smilax pseudochina L.,Plantae Tracheophyta Liliopsida Liliales Smilacaceae Smilax pseudochina,EXACT_MATCH_PRIMARY_SOURCE_ACCEPTED_AUTHOR_DISAMBIGUATION
Smilax pulverulenta Michx.,Smilax pulverulenta,Smilax pulverulenta Michx.,Plantae Tracheophyta Liliopsida Liliales Smilacaceae Smilax pulverulenta,EXACT_MATCH_PRIMARY_SOURCE_ACCEPTED_SIMPLE
Smilax rotundifolia L.,Smilax rotundifolia,Smilax rotundifolia L.,Plantae Tracheophyta Liliopsida Liliales Smilacaceae Smilax rotundifolia,EXACT_MATCH_PRIMARY_SOURCE_ACCEPTED_AUTHOR_DISAMBIGUATION
Smilax smallii Morong,Smilax maritima,Smilax smallii Morong,Plantae Tracheophyta Liliopsida Liliales Smilacaceae Smilax maritima,EXACT_MATCH_PRIMARY_SOURCE_SYNONYM_SIMPLE
Smilax tamnoides L.,Smilax tamnoides,Smilax tamnoides L.,Plantae Tracheophyta Liliopsida Liliales Smilacaceae Smilax tamnoides,EXACT_MATCH_PRIMARY_SOURCE_ACCEPTED_AUTHOR_DISAMBIGUATION
Smilax walteri Pursh,Smilax walteri,Smilax walteri Pursh,Plantae Tracheophyta Liliopsida Liliales Smilacaceae Smilax walteri,EXACT_MATCH_PRIMARY_SOURCE_ACCEPTED_SIMPLE
Solanum L.,Solanum ,Solanum L.,Plantae Tracheophyta Magnoliopsida Solanales Solanaceae Solanum,EXACT_MATCH_PRIMARY_SOURCE_ACCEPTED_AUTHOR_DISAMBIGUATION
Solanum carolinense L.,Solanum carolinense,Solanum carolinense L.,Plantae Tracheophyta Magnoliopsida Solanales Solanaceae Solanum carolinense,EXACT_MATCH_PRIMARY_SOURCE_ACCEPTED_AUTHOR_DISAMBIGUATION
Solanum dulcamara L.,Solanum dulcamara,Solanum dulcamara L.,Plantae Tracheophyta Magnoliopsida Solanales Solanaceae Solanum dulcamara,EXACT_MATCH_PRIMARY_SOURCE_ACCEPTED_AMONG_SYNONYMS_SIMPLE
Solanum lycopersicum L.,Solanum lycopersicum,Solanum lycopersicum L.,Plantae Tracheophyta Magnoliopsida Solanales Solanaceae Solanum lycopersicum,EXACT_MATCH_PRIMARY_SOURCE_ACCEPTED_AUTHOR_DISAMBIGUATION
Solanum nigrum L.,Solanum nigrum,Solanum nigrum L.,Plantae Tracheophyta Magnoliopsida Solanales Solanaceae Solanum nigrum,EXACT_MATCH_PRIMARY_SOURCE_ACCEPTED_AMONG_SYNONYMS_SIMPLE
Solanum physalifolium Rusby,Solanum physalifolium,Solanum physalifolium Rusby,Plantae Tracheophyta Magnoliopsida Solanales Solanaceae Solanum physalifolium,EXACT_MATCH_PRIMARY_SOURCE_ACCEPTED_SIMPLE
Solanum ptycanthum Dunal,Solanum americanum,Solanum ptycanthum Dunal,Plantae Tracheophyta Magnoliopsida Solanales Solanaceae Solanum americanum,EXACT_MATCH_PRIMARY_SOURCE_SYNONYM_SIMPLE
Solanum rostratum Dunal,Solanum angustifolium,Solanum rostratum Dunal,Plantae Tracheophyta Magnoliopsida Solanales Solanaceae Solanum angustifolium,EXACT_MATCH_PRIMARY_SOURCE_SYNONYM_SIMPLE
Solanum sisymbriifolium Lam.,Solanum sisymbriifolium,Solanum sisymbriifolium Lam.,Plantae Tracheophyta Magnoliopsida Solanales Solanaceae Solanum sisymbriifolium,EXACT_MATCH_PRIMARY_SOURCE_ACCEPTED_SIMPLE
Solanum tuberosum L.,Solanum tuberosum,Solanum tuberosum L.,Plantae Tracheophyta Magnoliopsida Solanales Solanaceae Solanum tuberosum,EXACT_MATCH_PRIMARY_SOURCE_ACCEPTED_AUTHOR_DISAMBIGUATION
Solidago altissima L.,Solidago altissima,Solidago altissima L.,Plantae Tracheophyta Magnoliopsida Asterales Asteraceae Solidago altissima,EXACT_MATCH_PRIMARY_SOURCE_ACCEPTED_AMONG_SYNONYMS_SIMPLE
Solidago arguta Aiton,Solidago arguta,Solidago arguta Aiton,Plantae Tracheophyta Magnoliopsida Asterales Asteraceae Solidago arguta,EXACT_MATCH_PRIMARY_SOURCE_ACCEPTED_AUTHOR_DISAMBIGUATION
Solidago arguta Aiton var. caroliniana A. Gray,Solidago vaseyi,Solidago arguta Aiton var. caroliniana A. Gray,Plantae Tracheophyta Magnoliopsida Asterales Asteraceae Solidago vaseyi,MULTI_EXACT_MATCH_PRIMARY_SOURCE_SYNONYMS_INFRASPECIFIC_SCORE
Solidago arguta Aiton var. harrisii (Steele) Cronquist,Solidago harrisii,Solidago arguta Aiton var. harrisii (Steele) Cronquist,Plantae Tracheophyta Magnoliopsida Asterales Asteraceae Solidago harrisii,MULTI_EXACT_MATCH_PRIMARY_SOURCE_SYNONYMS_INFRASPECIFIC_SCORE
Solidago bicolor L.,Solidago bicolor,Solidago bicolor L.,Plantae Tracheophyta Magnoliopsida Asterales Asteraceae Solidago bicolor,EXACT_MATCH_PRIMARY_SOURCE_ACCEPTED_SIMPLE
Solidago caesia L.,Solidago caesia,Solidago caesia L.,Plantae Tracheophyta Magnoliopsida Asterales Asteraceae Solidago caesia,EXACT_MATCH_PRIMARY_SOURCE_ACCEPTED_SIMPLE
Solidago canadensis L.,Solidago canadensis,Solidago canadensis L.,Plantae Tracheophyta Magnoliopsida Asterales Asteraceae Solidago canadensis,EXACT_MATCH_PRIMARY_SOURCE_ACCEPTED_SIMPLE
Solidago curtisii Torr. & A. Gray,Solidago curtisii,Solidago curtisii Torr. & A. Gray,Plantae Tracheophyta Magnoliopsida Asterales Asteraceae Solidago curtisii,EXACT_MATCH_PRIMARY_SOURCE_ACCEPTED_SIMPLE
Solidago erecta Pursh,Solidago erecta,Solidago erecta Pursh,Plantae Tracheophyta Magnoliopsida Asterales Asteraceae Solidago erecta,EXACT_MATCH_PRIMARY_SOURCE_ACCEPTED_AMONG_SYNONYMS_SIMPLE
Solidago faucibus Wieboldt,Solidago faucibus,Solidago faucibus Wieboldt,Plantae Tracheophyta Magnoliopsida Asterales Asteraceae Solidago faucibus,EXACT_MATCH_PRIMARY_SOURCE_ACCEPTED_SIMPLE
Solidago fistulosa Mill.,Solidago fistulosa,Solidago fistulosa Mill.,Plantae Tracheophyta Magnoliopsida Asterales Asteraceae Solidago fistulosa,EXACT_MATCH_PRIMARY_SOURCE_ACCEPTED_SIMPLE
Solidago flaccidifolia Small,Solidago flaccidifolia,Solidago flaccidifolia Small,Plantae Tracheophyta Magnoliopsida Asterales Asteraceae Solidago flaccidifolia,EXACT_MATCH_PRIMARY_SOURCE_ACCEPTED_SIMPLE
Solidago flexicaulis L.,Solidago flexicaulis,Solidago flexicaulis L.,Plantae Tracheophyta Magnoliopsida Asterales Asteraceae Solidago flexicaulis,EXACT_MATCH_PRIMARY_SOURCE_ACCEPTED_SIMPLE
Solidago gigantea Aiton,Solidago gigantea,Solidago gigantea Aiton,Plantae Tracheophyta Magnoliopsida Asterales Asteraceae Solidago gigantea,EXACT_MATCH_PRIMARY_SOURCE_ACCEPTED_AUTHOR_DISAMBIGUATION
Solidago gracillima Torr. & A. Gray,Solidago gracillima,Solidago gracillima Torr. & A. Gray,Plantae Tracheophyta Magnoliopsida Asterales Asteraceae Solidago gracillima,EXACT_MATCH_PRIMARY_SOURCE_ACCEPTED_SIMPLE
Solidago hispida Muhl. ex Willd.,Solidago hispida,Solidago hispida Muhl. ex Willd.,Plantae Tracheophyta Magnoliopsida Asterales Asteraceae Solidago hispida,EXACT_MATCH_PRIMARY_SOURCE_ACCEPTED_AUTHOR_DISAMBIGUATION
Solidago juncea Aiton,Solidago juncea,Solidago juncea Aiton,Plantae Tracheophyta Magnoliopsida Asterales Asteraceae Solidago juncea,EXACT_MATCH_PRIMARY_SOURCE_ACCEPTED_AMONG_SYNONYMS_SIMPLE
Solidago lancifolia Torr. & A. Gray,Solidago lancifolia,Solidago lancifolia Torr. & A. Gray,Plantae Tracheophyta Magnoliopsida Asterales Asteraceae Solidago lancifolia,EXACT_MATCH_PRIMARY_SOURCE_MULT_ACCEPTED
Solidago latissimifolia Mill.,Solidago latissimifolia,Solidago latissimifolia Mill.,Plantae Tracheophyta Magnoliopsida Asterales Asteraceae Solidago latissimifolia,EXACT_MATCH_PRIMARY_SOURCE_ACCEPTED_SIMPLE
Solidago nemoralis Aiton,Solidago nemoralis,Solidago nemoralis Aiton,Plantae Tracheophyta Magnoliopsida Asterales Asteraceae Solidago nemoralis,EXACT_MATCH_PRIMARY_SOURCE_ACCEPTED_SIMPLE
Solidago odora Aiton,Solidago odora,Solidago odora Aiton,Plantae Tracheophyta Magnoliopsida Asterales Asteraceae Solidago odora,EXACT_MATCH_PRIMARY_SOURCE_ACCEPTED_AUTHOR_DISAMBIGUATION
Solidago patula Muhl. ex Willd.,Solidago patula,Solidago patula Muhl. ex Willd.,Plantae Tracheophyta Magnoliopsida Asterales Asteraceae Solidago patula,EXACT_MATCH_PRIMARY_SOURCE_ACCEPTED_AMONG_SYNONYMS_SIMPLE
Solidago pinetorum Small,Solidago pinetorum,Solidago pinetorum Small,Plantae Tracheophyta Magnoliopsida Asterales Asteraceae Solidago pinetorum,EXACT_MATCH_PRIMARY_SOURCE_ACCEPTED_SIMPLE
Solidago puberula Nutt.,Solidago puberula,Solidago puberula Nutt.,Plantae Tracheophyta Magnoliopsida Asterales Asteraceae Solidago puberula,EXACT_MATCH_PRIMARY_SOURCE_ACCEPTED_AMONG_SYNONYMS_SIMPLE
Solidago puberula Nutt. var. pulverulenta (Nutt.) Chapm.,Solidago pulverulenta,Solidago puberula Nutt. var. pulverulenta (Nutt.) Chapm.,Plantae Tracheophyta Magnoliopsida Asterales Asteraceae Solidago pulverulenta,MULTI_EXACT_MATCH_PRIMARY_SOURCE_SYNONYMS_INFRASPECIFIC_SCORE
Solidago radula Nutt.,Solidago radula,Solidago radula Nutt.,Plantae Tracheophyta Magnoliopsida Asterales Asteraceae Solidago radula,EXACT_MATCH_PRIMARY_SOURCE_ACCEPTED_SIMPLE
Solidago roanensis Porter,Solidago roanensis,Solidago roanensis Porter,Plantae Tracheophyta Magnoliopsida Asterales Asteraceae Solidago roanensis,EXACT_MATCH_PRIMARY_SOURCE_ACCEPTED_SIMPLE
Solidago rugosa Mill.,Solidago rugosa,Solidago rugosa Mill.,Plantae Tracheophyta Magnoliopsida Asterales Asteraceae Solidago rugosa,EXACT_MATCH_PRIMARY_SOURCE_ACCEPTED_SIMPLE
Solidago rupestris Raf.,Solidago rupestris,Solidago rupestris Raf.,Plantae Tracheophyta Magnoliopsida Asterales Asteraceae Solidago rupestris,EXACT_MATCH_PRIMARY_SOURCE_ACCEPTED_SIMPLE
Solidago sempervirens L.,Solidago sempervirens,Solidago sempervirens L.,Plantae Tracheophyta Magnoliopsida Asterales Asteraceae Solidago sempervirens,EXACT_MATCH_PRIMARY_SOURCE_ACCEPTED_AUTHOR_DISAMBIGUATION
Solidago simplex Kunth,Solidago simplex,Solidago simplex Kunth,Plantae Tracheophyta Magnoliopsida Asterales Asteraceae Solidago simplex,EXACT_MATCH_PRIMARY_SOURCE_ACCEPTED_SIMPLE
Solidago simplex Kunth ssp. randii (Porter) Ringius,Solidago randii,Solidago simplex Kunth ssp. randii (Porter) Ringius,Plantae Tracheophyta Magnoliopsida Asterales Asteraceae Solidago randii,MULTI_EXACT_MATCH_PRIMARY_SOURCE_SYNONYMS_INFRASPECIFIC_SCORE
Solidago simplex Kunth ssp. randii (Porter) Ringius var. racemosa (Greene) Ringius,Solidago racemosa,Solidago simplex Kunth ssp. randii (Porter) Ringius var. racemosa (Greene) Ringius,Plantae Tracheophyta Magnoliopsida Asterales Asteraceae Solidago racemosa,PARTIAL_EXACT_MATCH_PRIMARY_SOURCE_SIMPLE
Solidago speciosa Nutt.,Solidago speciosa,Solidago speciosa Nutt.,Plantae Tracheophyta Magnoliopsida Asterales Asteraceae Solidago speciosa,EXACT_MATCH_PRIMARY_SOURCE_ACCEPTED_AUTHOR_DISAMBIGUATION
Solidago sphacelata Raf.,Solidago sphacelata,Solidago sphacelata Raf.,Plantae Tracheophyta Magnoliopsida Asterales Asteraceae Solidago sphacelata,EXACT_MATCH_PRIMARY_SOURCE_ACCEPTED_SIMPLE
Solidago squarrosa Nutt.,Solidago squarrosa,Solidago squarrosa Nutt.,Plantae Tracheophyta Magnoliopsida Asterales Asteraceae Solidago squarrosa,EXACT_MATCH_PRIMARY_SOURCE_ACCEPTED_AMONG_SYNONYMS_SIMPLE
Solidago stricta Aiton,Solidago stricta,Solidago stricta Aiton,Plantae Tracheophyta Magnoliopsida Asterales Asteraceae Solidago stricta,EXACT_MATCH_PRIMARY_SOURCE_ACCEPTED_AUTHOR_DISAMBIGUATION
Solidago tortifolia Elliott,Solidago tortifolia,Solidago tortifolia Elliott,Plantae Tracheophyta Magnoliopsida Asterales Asteraceae Solidago tortifolia,EXACT_MATCH_PRIMARY_SOURCE_ACCEPTED_SIMPLE
Solidago uliginosa Nutt.,Solidago uliginosa,Solidago uliginosa Nutt.,Plantae Tracheophyta Magnoliopsida Asterales Asteraceae Solidago uliginosa,EXACT_MATCH_PRIMARY_SOURCE_ACCEPTED_SIMPLE
Solidago ulmifolia Muhl. ex Willd.,Solidago ulmifolia,Solidago ulmifolia Muhl. ex Willd.,Plantae Tracheophyta Magnoliopsida Asterales Asteraceae Solidago ulmifolia,EXACT_MATCH_PRIMARY_SOURCE_ACCEPTED_AUTHOR_DISAMBIGUATION
Soliva Ruiz & Pav.,Soliva ,Soliva Ruiz & Pav.,Plantae Tracheophyta Magnoliopsida Asterales Asteraceae Soliva,EXACT_MATCH_PRIMARY_SOURCE_ACCEPTED_SIMPLE
Soliva sessilis Ruiz & Pav.,Soliva sessilis,Soliva sessilis Ruiz & Pav.,Plantae Tracheophyta Magnoliopsida Asterales Asteraceae Soliva sessilis,EXACT_MATCH_PRIMARY_SOURCE_ACCEPTED_SIMPLE
Sonchus L.,Sonchus ,Sonchus L.,Plantae Tracheophyta Magnoliopsida Asterales Asteraceae Sonchus,EXACT_MATCH_PRIMARY_SOURCE_ACCEPTED_AUTHOR_DISAMBIGUATION
Sonchus arvensis L.,Sonchus arvensis,Sonchus arvensis L.,Plantae Tracheophyta Magnoliopsida Asterales Asteraceae Sonchus arvensis,EXACT_MATCH_PRIMARY_SOURCE_ACCEPTED_SIMPLE
Sonchus asper (L.) Hill,Sonchus asper,Sonchus asper (L.) Hill,Plantae Tracheophyta Magnoliopsida Asterales Asteraceae Sonchus asper,EXACT_MATCH_PRIMARY_SOURCE_ACCEPTED_AUTHOR_DISAMBIGUATION
Sonchus oleraceus L.,Sonchus oleraceus,Sonchus oleraceus L.,Plantae Tracheophyta Magnoliopsida Asterales Asteraceae Sonchus oleraceus,EXACT_MATCH_PRIMARY_SOURCE_ACCEPTED_AMONG_SYNONYMS_SIMPLE
Sorbaria (Ser. ex DC.) A. Braun,Sorbaria ,Sorbaria (Ser. ex DC.) A. Braun,Plantae Tracheophyta Magnoliopsida Rosales Rosaceae Sorbaria,EXACT_MATCH_PRIMARY_SOURCE_ACCEPTED_SIMPLE
Sorbaria sorbifolia (L.) A. Braun,Sorbaria sorbifolia,Sorbaria sorbifolia (L.) A. Braun,Plantae Tracheophyta Magnoliopsida Rosales Rosaceae Sorbaria sorbifolia,EXACT_MATCH_PRIMARY_SOURCE_ACCEPTED_SIMPLE
Sorbus L.,Sorbus ,Sorbus L.,Plantae Tracheophyta Magnoliopsida Rosales Rosaceae Sorbus,EXACT_MATCH_PRIMARY_SOURCE_ACCEPTED_SIMPLE
Sorbus americana Marshall,Sorbus americana,Sorbus americana Marshall,Plantae Tracheophyta Magnoliopsida Rosales Rosaceae Sorbus americana,EXACT_MATCH_PRIMARY_SOURCE_ACCEPTED_AUTHOR_DISAMBIGUATION
Sorghastrum Nash,Sorghastrum ,Sorghastrum Nash,Plantae Tracheophyta Liliopsida Poales Poaceae Sorghastrum,EXACT_MATCH_PRIMARY_SOURCE_ACCEPTED_AUTHOR_DISAMBIGUATION
Sorghastrum elliottii (C. Mohr) Nash,Sorghastrum elliottii,Sorghastrum elliottii (C. Mohr) Nash,Plantae Tracheophyta Liliopsida Poales Poaceae Sorghastrum elliottii,EXACT_MATCH_PRIMARY_SOURCE_ACCEPTED_SIMPLE
Sorghastrum nutans (L.) Nash,Sorghastrum nutans,Sorghastrum nutans (L.) Nash,Plantae Tracheophyta Liliopsida Poales Poaceae Sorghastrum nutans,EXACT_MATCH_PRIMARY_SOURCE_ACCEPTED_SIMPLE
Sorghum Moench,Sorghum ,Sorghum Moench,Plantae Tracheophyta Liliopsida Poales Poaceae Sorghum,EXACT_MATCH_PRIMARY_SOURCE_ACCEPTED_SIMPLE
Sorghum bicolor (L.) Moench,Sorghum bicolor,Sorghum bicolor (L.) Moench,Plantae Tracheophyta Liliopsida Poales Poaceae Sorghum bicolor,EXACT_MATCH_PRIMARY_SOURCE_ACCEPTED_AMONG_SYNONYMS_SIMPLE
Sorghum bicolor (L.) Moench ssp. drummondii (Nees ex Steud.) de Wet & Harlan,Sorghum drummondii,Sorghum bicolor (L.) Moench ssp. drummondii (Nees ex Steud.) de Wet & Harlan,Plantae Tracheophyta Liliopsida Poales Poaceae Sorghum drummondii,MULTI_EXACT_MATCH_PRIMARY_SOURCE_SYNONYMS_INFRASPECIFIC_SCORE
Sorghum halepense (L.) Pers.,Sorghum halepense,Sorghum halepense (L.) Pers.,Plantae Tracheophyta Liliopsida Poales Poaceae Sorghum halepense,EXACT_MATCH_PRIMARY_SOURCE_ACCEPTED_SIMPLE
Sparganium L.,Sparganium ,Sparganium L.,Plantae Tracheophyta Liliopsida Poales Typhaceae Sparganium,EXACT_MATCH_PRIMARY_SOURCE_ACCEPTED_SIMPLE
Sparganium americanum Nutt.,Sparganium americanum,Sparganium americanum Nutt.,Plantae Tracheophyta Liliopsida Poales Typhaceae Sparganium americanum,EXACT_MATCH_PRIMARY_SOURCE_ACCEPTED_SIMPLE
Sparganium androcladum (Engelm.) Morong,Sparganium androcladum,Sparganium androcladum (Engelm.) Morong,Plantae Tracheophyta Liliopsida Poales Typhaceae Sparganium androcladum,EXACT_MATCH_PRIMARY_SOURCE_ACCEPTED_SIMPLE
Sparganium angustifolium Michx.,Sparganium angustifolium,Sparganium angustifolium Michx.,Plantae Tracheophyta Liliopsida Poales Typhaceae Sparganium angustifolium,EXACT_MATCH_PRIMARY_SOURCE_ACCEPTED_AMONG_SYNONYMS_SIMPLE
Sparganium emersum Rehmann,Sparganium emersum,Sparganium emersum Rehmann,Plantae Tracheophyta Liliopsida Poales Typhaceae Sparganium emersum,EXACT_MATCH_PRIMARY_SOURCE_ACCEPTED_SIMPLE
Sparganium eurycarpum Engelm.,Sparganium eurycarpum,Sparganium eurycarpum Engelm.,Plantae Tracheophyta Liliopsida Poales Typhaceae Sparganium eurycarpum,EXACT_MATCH_PRIMARY_SOURCE_ACCEPTED_AUTHOR_DISAMBIGUATION
Spartina alterniflora Loisel.,Sporobolus alterniflorus,Spartina alterniflora Loisel.,Plantae Tracheophyta Liliopsida Poales Poaceae Sporobolus alterniflorus,EXACT_MATCH_PRIMARY_SOURCE_SYNONYM_SIMPLE
Spartina cynosuroides (L.) Roth,Sporobolus cynosuroides,Spartina cynosuroides (L.) Roth,Plantae Tracheophyta Liliopsida Poales Poaceae Sporobolus cynosuroides,EXACT_MATCH_PRIMARY_SOURCE_SYNONYM_SIMPLE
Spartina patens (Aiton) Muhl.,Sporobolus pumilus,Spartina patens (Aiton) Muhl.,Plantae Tracheophyta Liliopsida Poales Poaceae Sporobolus pumilus,EXACT_MATCH_PRIMARY_SOURCE_SYNONYM_SIMPLE
Spartina pectinata Bosc ex Link,Sporobolus michauxianus,Spartina pectinata Bosc ex Link,Plantae Tracheophyta Liliopsida Poales Poaceae Sporobolus michauxianus,MULTI_EXACT_MATCH_PRIMARY_SOURCE_SYNONYMS_INFRASPECIFIC_SCORE
Spergula L.,Spergula ,Spergula L.,Plantae Tracheophyta Magnoliopsida Caryophyllales Caryophyllaceae Spergula,EXACT_MATCH_PRIMARY_SOURCE_ACCEPTED_SIMPLE
Spergula arvensis L.,Spergula arvensis,Spergula arvensis L.,Plantae Tracheophyta Magnoliopsida Caryophyllales Caryophyllaceae Spergula arvensis,EXACT_MATCH_PRIMARY_SOURCE_ACCEPTED_SIMPLE
Spergula pentandra L.,Spergula pentandra,Spergula pentandra L.,Plantae Tracheophyta Magnoliopsida Caryophyllales Caryophyllaceae Spergula pentandra,EXACT_MATCH_PRIMARY_SOURCE_ACCEPTED_AMONG_SYNONYMS_SIMPLE
Spergularia rubra (L.) J. Presl & C. Presl,Spergularia rubra,Spergularia rubra (L.) J. Presl & C. Presl,Plantae Tracheophyta Magnoliopsida Caryophyllales Caryophyllaceae Spergularia rubra,EXACT_MATCH_PRIMARY_SOURCE_ACCEPTED_SIMPLE
Spermacoce L.,Spermacoce ,Spermacoce L.,Plantae Tracheophyta Magnoliopsida Gentianales Rubiaceae Spermacoce,EXACT_MATCH_PRIMARY_SOURCE_ACCEPTED_AUTHOR_DISAMBIGUATION
Spermacoce glabra Michx.,Spermacoce glabra,Spermacoce glabra Michx.,Plantae Tracheophyta Magnoliopsida Gentianales Rubiaceae Spermacoce glabra,EXACT_MATCH_PRIMARY_SOURCE_ACCEPTED_AUTHOR_DISAMBIGUATION
Spermolepis Raf.,Spermolepis ,Spermolepis Raf.,Plantae Tracheophyta Magnoliopsida Apiales Apiaceae Spermolepis,EXACT_MATCH_PRIMARY_SOURCE_ACCEPTED_AMONG_SYNONYMS_SIMPLE
Spermolepis divaricata (Walter) Raf. ex Ser.,Spermolepis divaricata,Spermolepis divaricata (Walter) Raf. ex Ser.,Plantae Tracheophyta Magnoliopsida Apiales Apiaceae Spermolepis divaricata,EXACT_MATCH_PRIMARY_SOURCE_ACCEPTED_AMONG_SYNONYMS_SIMPLE
Sphagnum L.,Sphagnum ,Sphagnum L.,Plantae Bryophyta Sphagnopsida Sphagnales Sphagnaceae Sphagnum,EXACT_MATCH_PRIMARY_SOURCE_ACCEPTED_AMONG_SYNONYMS_SIMPLE
Sphagnum carolinianum R.E. Andrus,Sphagnum carolinianum,Sphagnum carolinianum R.E. Andrus,Plantae Bryophyta Sphagnopsida Sphagnales Sphagnaceae Sphagnum carolinianum,EXACT_MATCH_PRIMARY_SOURCE_ACCEPTED_SIMPLE
Sphagnum compactum DC.,Sphagnum compactum,Sphagnum compactum DC.,Plantae Bryophyta Sphagnopsida Sphagnales Sphagnaceae Sphagnum compactum,EXACT_MATCH_PRIMARY_SOURCE_ACCEPTED_SIMPLE
Sphagnum strictum Sull.,Sphagnum strictum,Sphagnum strictum Sull.,Plantae Bryophyta Sphagnopsida Sphagnales Sphagnaceae Sphagnum strictum,EXACT_MATCH_PRIMARY_SOURCE_ACCEPTED_AMONG_SYNONYMS_SIMPLE
Sphenopholis Scribn.,Sphenopholis ,Sphenopholis Scribn.,Plantae Tracheophyta Liliopsida Poales Poaceae Sphenopholis,EXACT_MATCH_PRIMARY_SOURCE_ACCEPTED_AUTHOR_DISAMBIGUATION
Sphenopholis filiformis (Chapm.) Scribn.,Sphenopholis filiformis,Sphenopholis filiformis (Chapm.) Scribn.,Plantae Tracheophyta Liliopsida Poales Poaceae Sphenopholis filiformis,EXACT_MATCH_PRIMARY_SOURCE_ACCEPTED_SIMPLE
Sphenopholis intermedia (Rydb.) Rydb.,Sphenopholis intermedia,Sphenopholis intermedia (Rydb.) Rydb.,Plantae Tracheophyta Liliopsida Poales Poaceae Sphenopholis intermedia,EXACT_MATCH_PRIMARY_SOURCE_ACCEPTED_SIMPLE
Sphenopholis nitida (Biehler) Scribn.,Sphenopholis nitida,Sphenopholis nitida (Biehler) Scribn.,Plantae Tracheophyta Liliopsida Poales Poaceae Sphenopholis nitida,EXACT_MATCH_PRIMARY_SOURCE_ACCEPTED_SIMPLE
Sphenopholis obtusata (Michx.) Scribn.,Sphenopholis obtusata,Sphenopholis obtusata (Michx.) Scribn.,Plantae Tracheophyta Liliopsida Poales Poaceae Sphenopholis obtusata,EXACT_MATCH_PRIMARY_SOURCE_ACCEPTED_SIMPLE
Sphenopholis pensylvanica (L.) Hitchc.,Sphenopholis pensylvanica,Sphenopholis pensylvanica (L.) Hitchc.,Plantae Tracheophyta Liliopsida Poales Poaceae Sphenopholis pensylvanica,EXACT_MATCH_PRIMARY_SOURCE_ACCEPTED_SIMPLE
Sphenopholis ×pallens (Biehler) Scribn. (pro sp.) [obtusata × pensylvanica],Sphenopholis pallens,Sphenopholis ×pallens (Biehler) Scribn. (pro sp.) [obtusata × pensylvanica],Plantae Tracheophyta Liliopsida Poales Poaceae Sphenopholis pallens,EXACT_MATCH_PRIMARY_SOURCE_ACCEPTED_SIMPLE
Spigelia L.,Spigelia ,Spigelia L.,Plantae Tracheophyta Magnoliopsida Gentianales Loganiaceae Spigelia,EXACT_MATCH_PRIMARY_SOURCE_ACCEPTED_AMONG_SYNONYMS_SIMPLE
Spigelia marilandica (L.) L.,Spigelia marilandica,Spigelia marilandica (L.) L.,Plantae Tracheophyta Magnoliopsida Gentianales Loganiaceae Spigelia marilandica,EXACT_MATCH_PRIMARY_SOURCE_ACCEPTED_SIMPLE
Spinacia L.,Spinacia ,Spinacia L.,Plantae Tracheophyta Magnoliopsida Caryophyllales Amaranthaceae Spinacia,EXACT_MATCH_PRIMARY_SOURCE_ACCEPTED_SIMPLE
Spinacia oleracea L.,Spinacia oleracea,Spinacia oleracea L.,Plantae Tracheophyta Magnoliopsida Caryophyllales Amaranthaceae Spinacia oleracea,EXACT_MATCH_PRIMARY_SOURCE_ACCEPTED_SIMPLE
Spiraea L.,Spiraea ,Spiraea L.,Plantae Tracheophyta Magnoliopsida Rosales Rosaceae Spiraea,EXACT_MATCH_PRIMARY_SOURCE_ACCEPTED_SIMPLE
Spiraea alba Du Roi,Spiraea alba,Spiraea alba Du Roi,Plantae Tracheophyta Magnoliopsida Rosales Rosaceae Spiraea alba,EXACT_MATCH_PRIMARY_SOURCE_ACCEPTED_AUTHOR_DISAMBIGUATION
Spiraea cantoniensis Lour.,Spiraea cantoniensis,Spiraea cantoniensis Lour.,Plantae Tracheophyta Magnoliopsida Rosales Rosaceae Spiraea cantoniensis,EXACT_MATCH_PRIMARY_SOURCE_ACCEPTED_SIMPLE
Spiraea corymbosa Raf.,Spiraea corymbosa,Spiraea corymbosa Raf.,Plantae Tracheophyta Magnoliopsida Rosales Rosaceae Spiraea corymbosa,EXACT_MATCH_PRIMARY_SOURCE_ACCEPTED_AUTHOR_DISAMBIGUATION
Spiraea japonica L. f.,Spiraea japonica,Spiraea japonica L. f.,Plantae Tracheophyta Magnoliopsida Rosales Rosaceae Spiraea japonica,EXACT_MATCH_PRIMARY_SOURCE_MULT_ACCEPTED
Spiraea prunifolia Siebold & Zucc.,Spiraea prunifolia,Spiraea prunifolia Siebold & Zucc.,Plantae Tracheophyta Magnoliopsida Rosales Rosaceae Spiraea prunifolia,EXACT_MATCH_PRIMARY_SOURCE_ACCEPTED_SIMPLE
Spiraea salicifolia L.,Spiraea salicifolia,Spiraea salicifolia L.,Plantae Tracheophyta Magnoliopsida Rosales Rosaceae Spiraea salicifolia,EXACT_MATCH_PRIMARY_SOURCE_ACCEPTED_AUTHOR_DISAMBIGUATION
Spiraea tomentosa L.,Spiraea tomentosa,Spiraea tomentosa L.,Plantae Tracheophyta Magnoliopsida Rosales Rosaceae Spiraea tomentosa,EXACT_MATCH_PRIMARY_SOURCE_ACCEPTED_AMONG_SYNONYMS_SIMPLE
Spiraea virginiana Britton,Spiraea virginiana,Spiraea virginiana Britton,Plantae Tracheophyta Magnoliopsida Rosales Rosaceae Spiraea virginiana,EXACT_MATCH_PRIMARY_SOURCE_ACCEPTED_SIMPLE
Spiraea ×billiardii Hérincq (pro sp.) [douglasii × salicifolia],Spiraea billiardii,Spiraea ×billiardii Hérincq (pro sp.) [douglasii × salicifolia],Plantae Tracheophyta Magnoliopsida Rosales Rosaceae Spiraea billiardii,EXACT_MATCH_PRIMARY_SOURCE_ACCEPTED_SIMPLE
Spiraea ×bumalda Burven [albiflora × japonica],Spiraea bumalda,Spiraea ×bumalda Burven [albiflora × japonica],Plantae Tracheophyta Magnoliopsida Rosales Rosaceae Spiraea bumalda,EXACT_MATCH_PRIMARY_SOURCE_ACCEPTED_AMONG_SYNONYMS_SIMPLE
Spiranthes Rich.,Spiranthes ,Spiranthes Rich.,Plantae Tracheophyta Liliopsida Asparagales Orchidaceae Spiranthes,EXACT_MATCH_PRIMARY_SOURCE_ACCEPTED_SIMPLE
Spiranthes cernua (L.) Rich.,Spiranthes cernua,Spiranthes cernua (L.) Rich.,Plantae Tracheophyta Liliopsida Asparagales Orchidaceae Spiranthes cernua,EXACT_MATCH_PRIMARY_SOURCE_ACCEPTED_AUTHOR_DISAMBIGUATION
Spiranthes lacera (Raf.) Raf.,Spiranthes lacera,Spiranthes lacera (Raf.) Raf.,Plantae Tracheophyta Liliopsida Asparagales Orchidaceae Spiranthes lacera,EXACT_MATCH_PRIMARY_SOURCE_ACCEPTED_SIMPLE
Spiranthes laciniata (Small) Ames,Spiranthes laciniata,Spiranthes laciniata (Small) Ames,Plantae Tracheophyta Liliopsida Asparagales Orchidaceae Spiranthes laciniata,EXACT_MATCH_PRIMARY_SOURCE_ACCEPTED_SIMPLE
Spiranthes lucida (H.H. Eaton) Ames,Spiranthes lucida,Spiranthes lucida (H.H. Eaton) Ames,Plantae Tracheophyta Liliopsida Asparagales Orchidaceae Spiranthes lucida,EXACT_MATCH_PRIMARY_SOURCE_ACCEPTED_SIMPLE
Spiranthes magnicamporum Sheviak,Spiranthes magnicamporum,Spiranthes magnicamporum Sheviak,Plantae Tracheophyta Liliopsida Asparagales Orchidaceae Spiranthes magnicamporum,EXACT_MATCH_PRIMARY_SOURCE_ACCEPTED_SIMPLE
Spiranthes ochroleuca (Rydb.) Rydb.,Spiranthes ochroleuca,Spiranthes ochroleuca (Rydb.) Rydb.,Plantae Tracheophyta Liliopsida Asparagales Orchidaceae Spiranthes ochroleuca,EXACT_MATCH_PRIMARY_SOURCE_ACCEPTED_SIMPLE
Spiranthes odorata (Nutt.) Lindl.,Spiranthes odorata,Spiranthes odorata (Nutt.) Lindl.,Plantae Tracheophyta Liliopsida Asparagales Orchidaceae Spiranthes odorata,EXACT_MATCH_PRIMARY_SOURCE_ACCEPTED_SIMPLE
Spiranthes ovalis Lindl.,Spiranthes ovalis,Spiranthes ovalis Lindl.,Plantae Tracheophyta Liliopsida Asparagales Orchidaceae Spiranthes ovalis,EXACT_MATCH_PRIMARY_SOURCE_ACCEPTED_SIMPLE
Spiranthes praecox (Walter) S. Watson,Spiranthes praecox,Spiranthes praecox (Walter) S. Watson,Plantae Tracheophyta Liliopsida Asparagales Orchidaceae Spiranthes praecox,EXACT_MATCH_PRIMARY_SOURCE_ACCEPTED_SIMPLE
Spiranthes tuberosa Raf.,Spiranthes tuberosa,Spiranthes tuberosa Raf.,Plantae Tracheophyta Liliopsida Asparagales Orchidaceae Spiranthes tuberosa,EXACT_MATCH_PRIMARY_SOURCE_ACCEPTED_SIMPLE
Spiranthes vernalis Engelm. & A. Gray,Spiranthes vernalis,Spiranthes vernalis Engelm. & A. Gray,Plantae Tracheophyta Liliopsida Asparagales Orchidaceae Spiranthes vernalis,EXACT_MATCH_PRIMARY_SOURCE_ACCEPTED_SIMPLE
Spirodela polyrrhiza (L.) Schleid.,Spirodela polyrhiza,Spirodela polyrrhiza (L.) Schleid.,Plantae Tracheophyta Liliopsida Alismatales Araceae Spirodela polyrhiza,FUZZY_MATCH_PRIMARY_SOURCE_ACCEPTED
Sporobolus clandestinus (Biehler) Hitchc.,Sporobolus clandestinus,Sporobolus clandestinus (Biehler) Hitchc.,Plantae Tracheophyta Liliopsida Poales Poaceae Sporobolus clandestinus,EXACT_MATCH_PRIMARY_SOURCE_ACCEPTED_SIMPLE
Sporobolus compositus (Poir.) Merr.,Sporobolus compositus,Sporobolus compositus (Poir.) Merr.,Plantae Tracheophyta Liliopsida Poales Poaceae Sporobolus compositus,EXACT_MATCH_PRIMARY_SOURCE_ACCEPTED_AUTHOR_DISAMBIGUATION
Sporobolus cryptandrus (Torr.) A. Gray,Sporobolus cryptandrus,Sporobolus cryptandrus (Torr.) A. Gray,Plantae Tracheophyta Liliopsida Poales Poaceae Sporobolus cryptandrus,EXACT_MATCH_PRIMARY_SOURCE_ACCEPTED_SIMPLE
Sporobolus heterolepis (A. Gray) A. Gray,Sporobolus heterolepis,Sporobolus heterolepis (A. Gray) A. Gray,Plantae Tracheophyta Liliopsida Poales Poaceae Sporobolus heterolepis,EXACT_MATCH_PRIMARY_SOURCE_ACCEPTED_SIMPLE
Sporobolus indicus (L.) R. Br.,Sporobolus indicus,Sporobolus indicus (L.) R. Br.,Plantae Tracheophyta Liliopsida Poales Poaceae Sporobolus indicus,EXACT_MATCH_PRIMARY_SOURCE_ACCEPTED_SIMPLE
Sporobolus junceus (P. Beauv.) Kunth,Sporobolus junceus,Sporobolus junceus (P. Beauv.) Kunth,Plantae Tracheophyta Liliopsida Poales Poaceae Sporobolus junceus,EXACT_MATCH_PRIMARY_SOURCE_ACCEPTED_SIMPLE
Sporobolus neglectus Nash,Sporobolus neglectus,Sporobolus neglectus Nash,Plantae Tracheophyta Liliopsida Poales Poaceae Sporobolus neglectus,EXACT_MATCH_PRIMARY_SOURCE_ACCEPTED_SIMPLE
Sporobolus vaginiflorus (Torr. ex A. Gray) Alph. Wood,Sporobolus vaginiflorus,Sporobolus vaginiflorus (Torr. ex A. Gray) Alph. Wood,Plantae Tracheophyta Liliopsida Poales Poaceae Sporobolus vaginiflorus,EXACT_MATCH_PRIMARY_SOURCE_ACCEPTED_AMONG_SYNONYMS_SIMPLE
Sporobolus virginicus (L.) Kunth,Sporobolus virginicus,Sporobolus virginicus (L.) Kunth,Plantae Tracheophyta Liliopsida Poales Poaceae Sporobolus virginicus,EXACT_MATCH_PRIMARY_SOURCE_ACCEPTED_AMONG_SYNONYMS_SIMPLE
Stachys L.,Stachys ,Stachys L.,Plantae Tracheophyta Magnoliopsida Lamiales Lamiaceae Stachys,EXACT_MATCH_PRIMARY_SOURCE_ACCEPTED_SIMPLE
Stachys annua (L.) L.,Stachys annua,Stachys annua (L.) L.,Plantae Tracheophyta Magnoliopsida Lamiales Lamiaceae Stachys annua,EXACT_MATCH_PRIMARY_SOURCE_ACCEPTED_AUTHOR_DISAMBIGUATION
Stachys appalachiana D.B. Poind. & J.B. Nelson,Stachys appalachiana,Stachys appalachiana D.B. Poind. & J.B. Nelson,Plantae Tracheophyta Magnoliopsida Lamiales Lamiaceae Stachys appalachiana,EXACT_MATCH_PRIMARY_SOURCE_ACCEPTED_SIMPLE
Stachys arvensis (L.) L.,Stachys arvensis,Stachys arvensis (L.) L.,Plantae Tracheophyta Magnoliopsida Lamiales Lamiaceae Stachys arvensis,EXACT_MATCH_PRIMARY_SOURCE_ACCEPTED_AUTHOR_DISAMBIGUATION
Stachys aspera Michx.,Stachys aspera,Stachys aspera Michx.,Plantae Tracheophyta Magnoliopsida Lamiales Lamiaceae Stachys aspera,EXACT_MATCH_PRIMARY_SOURCE_ACCEPTED_SIMPLE
Stachys byzantina K. Koch,Stachys byzantina,Stachys byzantina K. Koch,Plantae Tracheophyta Magnoliopsida Lamiales Lamiaceae Stachys byzantina,EXACT_MATCH_PRIMARY_SOURCE_MULT_ACCEPTED
Stachys clingmanii Small,Stachys clingmanii,Stachys clingmanii Small,Plantae Tracheophyta Magnoliopsida Lamiales Lamiaceae Stachys clingmanii,EXACT_MATCH_PRIMARY_SOURCE_ACCEPTED_SIMPLE
Stachys cordata Riddell,Stachys cordata,Stachys cordata Riddell,Plantae Tracheophyta Magnoliopsida Lamiales Lamiaceae Stachys cordata,EXACT_MATCH_PRIMARY_SOURCE_ACCEPTED_AMONG_SYNONYMS_SIMPLE
Stachys eplingii J.B. Nelson,Stachys eplingii,Stachys eplingii J.B. Nelson,Plantae Tracheophyta Magnoliopsida Lamiales Lamiaceae Stachys eplingii,EXACT_MATCH_PRIMARY_SOURCE_ACCEPTED_SIMPLE
Stachys floridana Shuttlw. ex Benth.,Stachys floridana,Stachys floridana Shuttlw. ex Benth.,Plantae Tracheophyta Magnoliopsida Lamiales Lamiaceae Stachys floridana,EXACT_MATCH_PRIMARY_SOURCE_ACCEPTED_AMONG_SYNONYMS_SIMPLE
Stachys germanica L.,Stachys germanica,Stachys germanica L.,Plantae Tracheophyta Magnoliopsida Lamiales Lamiaceae Stachys germanica,EXACT_MATCH_PRIMARY_SOURCE_ACCEPTED_SIMPLE
Stachys hyssopifolia Michx.,Stachys hyssopifolia,Stachys hyssopifolia Michx.,Plantae Tracheophyta Magnoliopsida Lamiales Lamiaceae Stachys hyssopifolia,EXACT_MATCH_PRIMARY_SOURCE_ACCEPTED_AUTHOR_DISAMBIGUATION
Stachys latidens Small ex Britton,Stachys latidens,Stachys latidens Small ex Britton,Plantae Tracheophyta Magnoliopsida Lamiales Lamiaceae Stachys latidens,EXACT_MATCH_PRIMARY_SOURCE_ACCEPTED_AUTHOR_DISAMBIGUATION
Stachys pilosa Nutt.,Stachys pilosa,Stachys pilosa Nutt.,Plantae Tracheophyta Magnoliopsida Lamiales Lamiaceae Stachys pilosa,EXACT_MATCH_PRIMARY_SOURCE_ACCEPTED_SIMPLE
Stachys tenuifolia Willd.,Stachys tenuifolia,Stachys tenuifolia Willd.,Plantae Tracheophyta Magnoliopsida Lamiales Lamiaceae Stachys tenuifolia,EXACT_MATCH_PRIMARY_SOURCE_ACCEPTED_AUTHOR_DISAMBIGUATION
Staphylea L.,Staphylea ,Staphylea L.,Plantae Tracheophyta Magnoliopsida Crossosomatales Staphyleaceae Staphylea,EXACT_MATCH_PRIMARY_SOURCE_ACCEPTED_SIMPLE
Staphylea trifolia L.,Staphylea trifolia,Staphylea trifolia L.,Plantae Tracheophyta Magnoliopsida Crossosomatales Staphyleaceae Staphylea trifolia,EXACT_MATCH_PRIMARY_SOURCE_ACCEPTED_SIMPLE
Steinchisma Raf.,Steinchisma ,Steinchisma Raf.,Plantae Tracheophyta Liliopsida Poales Poaceae Steinchisma,EXACT_MATCH_PRIMARY_SOURCE_ACCEPTED_SIMPLE
Steinchisma hians (Elliott) Nash,Steinchisma hians,Steinchisma hians (Elliott) Nash,Plantae Tracheophyta Liliopsida Poales Poaceae Steinchisma hians,EXACT_MATCH_PRIMARY_SOURCE_ACCEPTED_AMONG_SYNONYMS_SIMPLE
Stellaria corei Shinners,Stellaria corei,Stellaria corei Shinners,Plantae Tracheophyta Magnoliopsida Caryophyllales Caryophyllaceae Stellaria corei,EXACT_MATCH_PRIMARY_SOURCE_ACCEPTED_SIMPLE
Stellaria graminea L.,Stellaria graminea,Stellaria graminea L.,Plantae Tracheophyta Magnoliopsida Caryophyllales Caryophyllaceae Stellaria graminea,EXACT_MATCH_PRIMARY_SOURCE_ACCEPTED_AUTHOR_DISAMBIGUATION
Stellaria longifolia Muhl. ex Willd.,Stellaria longifolia,Stellaria longifolia Muhl. ex Willd.,Plantae Tracheophyta Magnoliopsida Caryophyllales Caryophyllaceae Stellaria longifolia,EXACT_MATCH_PRIMARY_SOURCE_MULT_ACCEPTED
Stellaria media (L.) Vill.,Stellaria media,Stellaria media (L.) Vill.,Plantae Tracheophyta Magnoliopsida Caryophyllales Caryophyllaceae Stellaria media,EXACT_MATCH_PRIMARY_SOURCE_ACCEPTED_AUTHOR_DISAMBIGUATION
Stellaria media (L.) Vill. ssp. pallida (Dumort.) Asch. & Graebn.,Stellaria apetala,Stellaria media (L.) Vill. ssp. pallida (Dumort.) Asch. & Graebn.,Plantae Tracheophyta Magnoliopsida Caryophyllales Caryophyllaceae Stellaria apetala,MULTI_EXACT_MATCH_PRIMARY_SOURCE_SYNONYMS_INFRASPECIFIC_SCORE
Stellaria prostrata Baldw.,Stellaria cuspidata,Stellaria prostrata Baldw.,Plantae Tracheophyta Magnoliopsida Caryophyllales Caryophyllaceae Stellaria cuspidata,EXACT_MATCH_PRIMARY_SOURCE_SYNONYM_SIMPLE
Stellaria pubera Michx.,Stellaria pubera,Stellaria pubera Michx.,Plantae Tracheophyta Magnoliopsida Caryophyllales Caryophyllaceae Stellaria pubera,EXACT_MATCH_PRIMARY_SOURCE_ACCEPTED_SIMPLE
Stenanthium (A. Gray) Kunth,Stenanthium ,Stenanthium (A. Gray) Kunth,Plantae Tracheophyta Liliopsida Liliales Melanthiaceae Stenanthium,EXACT_MATCH_PRIMARY_SOURCE_ACCEPTED_SIMPLE
Stenanthium gramineum (Ker Gawl.) Morong,Stenanthium gramineum,Stenanthium gramineum (Ker Gawl.) Morong,Plantae Tracheophyta Liliopsida Liliales Melanthiaceae Stenanthium gramineum,EXACT_MATCH_PRIMARY_SOURCE_ACCEPTED_AUTHOR_DISAMBIGUATION
Stenaria Raf. ex Steud.,Stenaria ,Stenaria Raf. ex Steud.,Plantae Tracheophyta Magnoliopsida Gentianales Rubiaceae Stenaria,EXACT_MATCH_PRIMARY_SOURCE_ACCEPTED_AUTHOR_DISAMBIGUATION
Stenaria nigricans (Lam.) Terrell,Stenaria nigricans,Stenaria nigricans (Lam.) Terrell,Plantae Tracheophyta Magnoliopsida Gentianales Rubiaceae Stenaria nigricans,EXACT_MATCH_PRIMARY_SOURCE_ACCEPTED_SIMPLE
Stenotaphrum Trin.,Stenotaphrum ,Stenotaphrum Trin.,Plantae Tracheophyta Liliopsida Poales Poaceae Stenotaphrum,EXACT_MATCH_PRIMARY_SOURCE_ACCEPTED_SIMPLE
Stenotaphrum secundatum (Walter) Kuntze,Stenotaphrum secundatum,Stenotaphrum secundatum (Walter) Kuntze,Plantae Tracheophyta Liliopsida Poales Poaceae Stenotaphrum secundatum,EXACT_MATCH_PRIMARY_SOURCE_ACCEPTED_SIMPLE
Stephanandra Siebold & Zucc.,Neillia ,Stephanandra Siebold & Zucc.,Plantae Tracheophyta Magnoliopsida Rosales Rosaceae Neillia,EXACT_MATCH_PRIMARY_SOURCE_SYNONYM_SIMPLE
Stephanandra incisa (Thunb.) Zabel,Neillia incisa,Stephanandra incisa (Thunb.) Zabel,Plantae Tracheophyta Magnoliopsida Rosales Rosaceae Neillia incisa,EXACT_MATCH_PRIMARY_SOURCE_SYNONYM_SIMPLE
Sternbergia Waldst. & Kit.,Sternbergia ,Sternbergia Waldst. & Kit.,Plantae Tracheophyta Liliopsida Asparagales Amaryllidaceae Sternbergia,EXACT_MATCH_PRIMARY_SOURCE_ACCEPTED_AUTHOR_DISAMBIGUATION
Sternbergia lutea (L.) Ker Gawl. ex Spreng.,Sternbergia lutea,Sternbergia lutea (L.) Ker Gawl. ex Spreng.,Plantae Tracheophyta Liliopsida Asparagales Amaryllidaceae Sternbergia lutea,EXACT_MATCH_PRIMARY_SOURCE_ACCEPTED_AMONG_SYNONYMS_SIMPLE
Stewartia L.,Stewartia ,Stewartia L.,Plantae Tracheophyta Magnoliopsida Ericales Theaceae Stewartia,EXACT_MATCH_PRIMARY_SOURCE_ACCEPTED_AUTHOR_DISAMBIGUATION
Stewartia malacodendron L.,Stewartia malacodendron,Stewartia malacodendron L.,Plantae Tracheophyta Magnoliopsida Ericales Theaceae Stewartia malacodendron,EXACT_MATCH_PRIMARY_SOURCE_ACCEPTED_SIMPLE
Stewartia ovata (Cav.) Weath.,Stewartia ovata,Stewartia ovata (Cav.) Weath.,Plantae Tracheophyta Magnoliopsida Ericales Theaceae Stewartia ovata,EXACT_MATCH_PRIMARY_SOURCE_ACCEPTED_SIMPLE
Stillingia Garden ex L.,Stillingia ,Stillingia Garden ex L.,Plantae Tracheophyta Magnoliopsida Malpighiales Euphorbiaceae Stillingia,EXACT_MATCH_PRIMARY_SOURCE_MULT_ACCEPTED
Stillingia sylvatica L.,Stillingia sylvatica,Stillingia sylvatica L.,Plantae Tracheophyta Magnoliopsida Malpighiales Euphorbiaceae Stillingia sylvatica,EXACT_MATCH_PRIMARY_SOURCE_ACCEPTED_SIMPLE
Stipulicida Michx.,Stipulicida ,Stipulicida Michx.,Plantae Tracheophyta Magnoliopsida Caryophyllales Caryophyllaceae Stipulicida,EXACT_MATCH_PRIMARY_SOURCE_ACCEPTED_SIMPLE
Stipulicida setacea Michx.,Stipulicida setacea,Stipulicida setacea Michx.,Plantae Tracheophyta Magnoliopsida Caryophyllales Caryophyllaceae Stipulicida setacea,EXACT_MATCH_PRIMARY_SOURCE_ACCEPTED_SIMPLE
Streptopus Michx.,Streptopus ,Streptopus Michx.,Plantae Tracheophyta Liliopsida Liliales Liliaceae Streptopus,EXACT_MATCH_PRIMARY_SOURCE_ACCEPTED_AUTHOR_DISAMBIGUATION
Streptopus amplexifolius (L.) DC.,Streptopus amplexifolius,Streptopus amplexifolius (L.) DC.,Plantae Tracheophyta Liliopsida Liliales Liliaceae Streptopus amplexifolius,EXACT_MATCH_PRIMARY_SOURCE_ACCEPTED_SIMPLE
Streptopus lanceolatus (Aiton) Reveal,Streptopus lanceolatus,Streptopus lanceolatus (Aiton) Reveal,Plantae Tracheophyta Liliopsida Liliales Liliaceae Streptopus lanceolatus,EXACT_MATCH_PRIMARY_SOURCE_ACCEPTED_SIMPLE
Strophostyles Elliott,Strophostyles ,Strophostyles Elliott,Plantae Tracheophyta Magnoliopsida Fabales Fabaceae Strophostyles,EXACT_MATCH_PRIMARY_SOURCE_ACCEPTED_AUTHOR_DISAMBIGUATION
Strophostyles helvola (L.) Elliott,Strophostyles helvola,Strophostyles helvola (L.) Elliott,Plantae Tracheophyta Magnoliopsida Fabales Fabaceae Strophostyles helvola,EXACT_MATCH_PRIMARY_SOURCE_ACCEPTED_SIMPLE
Strophostyles leiosperma (Torr. & A. Gray) Piper,Strophostyles leiosperma,Strophostyles leiosperma (Torr. & A. Gray) Piper,Plantae Tracheophyta Magnoliopsida Fabales Fabaceae Strophostyles leiosperma,EXACT_MATCH_PRIMARY_SOURCE_ACCEPTED_SIMPLE
Strophostyles umbellata (Muhl. ex Willd.) Britton,Strophostyles umbellata,Strophostyles umbellata (Muhl. ex Willd.) Britton,Plantae Tracheophyta Magnoliopsida Fabales Fabaceae Strophostyles umbellata,EXACT_MATCH_PRIMARY_SOURCE_ACCEPTED_SIMPLE
Stuckenia Börner,Stuckenia ,Stuckenia Börner,Plantae Tracheophyta Liliopsida Alismatales Potamogetonaceae Stuckenia,EXACT_MATCH_PRIMARY_SOURCE_ACCEPTED_SIMPLE
Stuckenia pectinata (L.) Börner,Stuckenia pectinata,Stuckenia pectinata (L.) Börner,Plantae Tracheophyta Liliopsida Alismatales Potamogetonaceae Stuckenia pectinata,EXACT_MATCH_PRIMARY_SOURCE_ACCEPTED_SIMPLE
Stylisma Raf.,Stylisma ,Stylisma Raf.,Plantae Tracheophyta Magnoliopsida Solanales Convolvulaceae Stylisma,EXACT_MATCH_PRIMARY_SOURCE_ACCEPTED_SIMPLE
Stylisma humistrata (Walter) Chapm.,Stylisma humistrata,Stylisma humistrata (Walter) Chapm.,Plantae Tracheophyta Magnoliopsida Solanales Convolvulaceae Stylisma humistrata,EXACT_MATCH_PRIMARY_SOURCE_ACCEPTED_SIMPLE
Stylodon carneus (Medik.) Moldenke,Verbena carnea,Stylodon carneus (Medik.) Moldenke,Plantae Tracheophyta Magnoliopsida Lamiales Verbenaceae Verbena carnea,EXACT_MATCH_PRIMARY_SOURCE_SYNONYM_SIMPLE
Stylophorum Nutt.,Stylophorum ,Stylophorum Nutt.,Plantae Tracheophyta Magnoliopsida Ranunculales Papaveraceae Stylophorum,EXACT_MATCH_PRIMARY_SOURCE_ACCEPTED_SIMPLE
Stylophorum diphyllum (Michx.) Nutt.,Stylophorum diphyllum,Stylophorum diphyllum (Michx.) Nutt.,Plantae Tracheophyta Magnoliopsida Ranunculales Papaveraceae Stylophorum diphyllum,EXACT_MATCH_PRIMARY_SOURCE_ACCEPTED_SIMPLE
Stylosanthes Sw.,Stylosanthes ,Stylosanthes Sw.,Plantae Tracheophyta Magnoliopsida Fabales Fabaceae Stylosanthes,EXACT_MATCH_PRIMARY_SOURCE_ACCEPTED_SIMPLE
"Stylosanthes biflora (L.) Britton, Sterns & Poggenb.",Stylosanthes biflora,"Stylosanthes biflora (L.) Britton, Sterns & Poggenb.",Plantae Tracheophyta Magnoliopsida Fabales Fabaceae Stylosanthes biflora,EXACT_MATCH_PRIMARY_SOURCE_ACCEPTED_SIMPLE
Styphnolobium Schott,Styphnolobium ,Styphnolobium Schott,Plantae Tracheophyta Magnoliopsida Fabales Fabaceae Styphnolobium,EXACT_MATCH_PRIMARY_SOURCE_ACCEPTED_AUTHOR_DISAMBIGUATION
Styphnolobium japonicum (L.) Schott,Styphnolobium japonicum,Styphnolobium japonicum (L.) Schott,Plantae Tracheophyta Magnoliopsida Fabales Fabaceae Styphnolobium japonicum,EXACT_MATCH_PRIMARY_SOURCE_ACCEPTED_SIMPLE
Styrax L.,Styrax ,Styrax L.,Plantae Tracheophyta Magnoliopsida Ericales Styracaceae Styrax,EXACT_MATCH_PRIMARY_SOURCE_ACCEPTED_AMONG_SYNONYMS_SIMPLE
Styrax americanus Lam.,Styrax americanus,Styrax americanus Lam.,Plantae Tracheophyta Magnoliopsida Ericales Styracaceae Styrax americanus,EXACT_MATCH_PRIMARY_SOURCE_ACCEPTED_SIMPLE
Styrax grandifolius Aiton,Styrax grandifolius,Styrax grandifolius Aiton,Plantae Tracheophyta Magnoliopsida Ericales Styracaceae Styrax grandifolius,EXACT_MATCH_PRIMARY_SOURCE_ACCEPTED_SIMPLE
Suaeda Forssk. ex J.F. Gmel.,Suaeda ,Suaeda Forssk. ex J.F. Gmel.,Plantae Tracheophyta Magnoliopsida Caryophyllales Amaranthaceae Suaeda,EXACT_MATCH_PRIMARY_SOURCE_MULT_ACCEPTED
Suaeda linearis (Elliott) Moq.,Suaeda linearis,Suaeda linearis (Elliott) Moq.,Plantae Tracheophyta Magnoliopsida Caryophyllales Amaranthaceae Suaeda linearis,EXACT_MATCH_PRIMARY_SOURCE_ACCEPTED_SIMPLE
Suaeda maritima (L.) Dumort.,Suaeda maritima,Suaeda maritima (L.) Dumort.,Plantae Tracheophyta Magnoliopsida Caryophyllales Amaranthaceae Suaeda maritima,EXACT_MATCH_PRIMARY_SOURCE_ACCEPTED_AMONG_SYNONYMS_SIMPLE
Sullivantia Torr. & A. Gray ex A. Gray,Sullivantia ,Sullivantia Torr. & A. Gray ex A. Gray,Plantae Tracheophyta Magnoliopsida Saxifragales Saxifragaceae Sullivantia,EXACT_MATCH_PRIMARY_SOURCE_ACCEPTED_SIMPLE
Sullivantia sullivantii (Torr. & A. Gray) Britton,Sullivantia sullivantii,Sullivantia sullivantii (Torr. & A. Gray) Britton,Plantae Tracheophyta Magnoliopsida Saxifragales Saxifragaceae Sullivantia sullivantii,EXACT_MATCH_PRIMARY_SOURCE_ACCEPTED_SIMPLE
Symphoricarpos Duham.,Symphoricarpos ,Symphoricarpos Duham.,Plantae Tracheophyta Magnoliopsida Dipsacales Caprifoliaceae Symphoricarpos,EXACT_MATCH_PRIMARY_SOURCE_MULT_ACCEPTED
Symphoricarpos albus (L.) S.F. Blake,Symphoricarpos albus,Symphoricarpos albus (L.) S.F. Blake,Plantae Tracheophyta Magnoliopsida Dipsacales Caprifoliaceae Symphoricarpos albus,EXACT_MATCH_PRIMARY_SOURCE_ACCEPTED_AMONG_SYNONYMS_SIMPLE
Symphoricarpos orbiculatus Moench,Symphoricarpos orbiculatus,Symphoricarpos orbiculatus Moench,Plantae Tracheophyta Magnoliopsida Dipsacales Caprifoliaceae Symphoricarpos orbiculatus,EXACT_MATCH_PRIMARY_SOURCE_ACCEPTED_SIMPLE
Symphyotrichum Nees,Symphyotrichum ,Symphyotrichum Nees,Plantae Tracheophyta Magnoliopsida Asterales Asteraceae Symphyotrichum,EXACT_MATCH_PRIMARY_SOURCE_ACCEPTED_SIMPLE
Symphyotrichum concolor (L.) G.L. Nesom,Symphyotrichum concolor,Symphyotrichum concolor (L.) G.L. Nesom,Plantae Tracheophyta Magnoliopsida Asterales Asteraceae Symphyotrichum concolor,EXACT_MATCH_PRIMARY_SOURCE_ACCEPTED_SIMPLE
Symphyotrichum cordifolium (L.) G.L. Nesom,Symphyotrichum cordifolium,Symphyotrichum cordifolium (L.) G.L. Nesom,Plantae Tracheophyta Magnoliopsida Asterales Asteraceae Symphyotrichum cordifolium,EXACT_MATCH_PRIMARY_SOURCE_ACCEPTED_SIMPLE
Symphyotrichum divaricatum (Nutt.) G.L. Nesom,Symphyotrichum divaricatum,Symphyotrichum divaricatum (Nutt.) G.L. Nesom,Plantae Tracheophyta Magnoliopsida Asterales Asteraceae Symphyotrichum divaricatum,EXACT_MATCH_PRIMARY_SOURCE_ACCEPTED_SIMPLE
Symphyotrichum dumosum (L.) G.L. Nesom,Symphyotrichum dumosum,Symphyotrichum dumosum (L.) G.L. Nesom,Plantae Tracheophyta Magnoliopsida Asterales Asteraceae Symphyotrichum dumosum,EXACT_MATCH_PRIMARY_SOURCE_ACCEPTED_SIMPLE
Symphyotrichum elliottii (Torr. & A. Gray) G.L. Nesom,Symphyotrichum elliottii,Symphyotrichum elliottii (Torr. & A. Gray) G.L. Nesom,Plantae Tracheophyta Magnoliopsida Asterales Asteraceae Symphyotrichum elliottii,EXACT_MATCH_PRIMARY_SOURCE_ACCEPTED_SIMPLE
Symphyotrichum ericoides (L.) G.L. Nesom,Symphyotrichum ericoides,Symphyotrichum ericoides (L.) G.L. Nesom,Plantae Tracheophyta Magnoliopsida Asterales Asteraceae Symphyotrichum ericoides,EXACT_MATCH_PRIMARY_SOURCE_ACCEPTED_SIMPLE
Symphyotrichum grandiflorum (L.) G.L. Nesom,Symphyotrichum grandiflorum,Symphyotrichum grandiflorum (L.) G.L. Nesom,Plantae Tracheophyta Magnoliopsida Asterales Asteraceae Symphyotrichum grandiflorum,EXACT_MATCH_PRIMARY_SOURCE_ACCEPTED_SIMPLE
Symphyotrichum laeve (L.) Á. Löve & D. Löve,Symphyotrichum laeve,Symphyotrichum laeve (L.) Á. Löve & D. Löve,Plantae Tracheophyta Magnoliopsida Asterales Asteraceae Symphyotrichum laeve,EXACT_MATCH_PRIMARY_SOURCE_ACCEPTED_AMONG_SYNONYMS_SIMPLE
Symphyotrichum lanceolatum (Willd.) G.L. Nesom,Symphyotrichum lanceolatum,Symphyotrichum lanceolatum (Willd.) G.L. Nesom,Plantae Tracheophyta Magnoliopsida Asterales Asteraceae Symphyotrichum lanceolatum,EXACT_MATCH_PRIMARY_SOURCE_ACCEPTED_SIMPLE
Symphyotrichum lateriflorum (L.) Á. Löve & D. Löve,Symphyotrichum lateriflorum,Symphyotrichum lateriflorum (L.) Á. Löve & D. Löve,Plantae Tracheophyta Magnoliopsida Asterales Asteraceae Symphyotrichum lateriflorum,EXACT_MATCH_PRIMARY_SOURCE_ACCEPTED_SIMPLE
Symphyotrichum novae-angliae (L.) G.L. Nesom,Symphyotrichum novae-angliae,Symphyotrichum novae-angliae (L.) G.L. Nesom,Plantae Tracheophyta Magnoliopsida Asterales Asteraceae Symphyotrichum novae-angliae,EXACT_MATCH_PRIMARY_SOURCE_ACCEPTED_SIMPLE
Symphyotrichum novi-belgii (L.) G.L. Nesom,Symphyotrichum novi-belgii,Symphyotrichum novi-belgii (L.) G.L. Nesom,Plantae Tracheophyta Magnoliopsida Asterales Asteraceae Symphyotrichum novi-belgii,EXACT_MATCH_PRIMARY_SOURCE_ACCEPTED_SIMPLE
Symphyotrichum oblongifolium (Nutt.) G.L. Nesom,Symphyotrichum oblongifolium,Symphyotrichum oblongifolium (Nutt.) G.L. Nesom,Plantae Tracheophyta Magnoliopsida Asterales Asteraceae Symphyotrichum oblongifolium,EXACT_MATCH_PRIMARY_SOURCE_ACCEPTED_SIMPLE
Symphyotrichum patens (Aiton) G.L. Nesom,Symphyotrichum patens,Symphyotrichum patens (Aiton) G.L. Nesom,Plantae Tracheophyta Magnoliopsida Asterales Asteraceae Symphyotrichum patens,EXACT_MATCH_PRIMARY_SOURCE_ACCEPTED_SIMPLE
Symphyotrichum phlogifolium (Muhl. ex Willd.) G.L. Nesom,Symphyotrichum phlogifolium,Symphyotrichum phlogifolium (Muhl. ex Willd.) G.L. Nesom,Plantae Tracheophyta Magnoliopsida Asterales Asteraceae Symphyotrichum phlogifolium,EXACT_MATCH_PRIMARY_SOURCE_ACCEPTED_SIMPLE
Symphyotrichum pilosum (Willd.) G.L. Nesom,Symphyotrichum pilosum,Symphyotrichum pilosum (Willd.) G.L. Nesom,Plantae Tracheophyta Magnoliopsida Asterales Asteraceae Symphyotrichum pilosum,EXACT_MATCH_PRIMARY_SOURCE_ACCEPTED_SIMPLE
Symphyotrichum praealtum (Poir.) G.L. Nesom,Symphyotrichum praealtum,Symphyotrichum praealtum (Poir.) G.L. Nesom,Plantae Tracheophyta Magnoliopsida Asterales Asteraceae Symphyotrichum praealtum,EXACT_MATCH_PRIMARY_SOURCE_ACCEPTED_SIMPLE
Symphyotrichum pratense (Raf.) G.L. Nesom,Symphyotrichum pratense,Symphyotrichum pratense (Raf.) G.L. Nesom,Plantae Tracheophyta Magnoliopsida Asterales Asteraceae Symphyotrichum pratense,EXACT_MATCH_PRIMARY_SOURCE_ACCEPTED_SIMPLE
Symphyotrichum prenanthoides (Muhl. ex Willd.) G.L. Nesom,Symphyotrichum prenanthoides,Symphyotrichum prenanthoides (Muhl. ex Willd.) G.L. Nesom,Plantae Tracheophyta Magnoliopsida Asterales Asteraceae Symphyotrichum prenanthoides,EXACT_MATCH_PRIMARY_SOURCE_ACCEPTED_SIMPLE
Symphyotrichum puniceum (L.) Á. Löve & D. Löve,Symphyotrichum puniceum,Symphyotrichum puniceum (L.) Á. Löve & D. Löve,Plantae Tracheophyta Magnoliopsida Asterales Asteraceae Symphyotrichum puniceum,EXACT_MATCH_PRIMARY_SOURCE_ACCEPTED_SIMPLE
Symphyotrichum racemosum (Elliott) G.L. Nesom,Symphyotrichum racemosum,Symphyotrichum racemosum (Elliott) G.L. Nesom,Plantae Tracheophyta Magnoliopsida Asterales Asteraceae Symphyotrichum racemosum,EXACT_MATCH_PRIMARY_SOURCE_ACCEPTED_SIMPLE
Symphyotrichum shortii (Lindl.) G.L. Nesom,Symphyotrichum shortii,Symphyotrichum shortii (Lindl.) G.L. Nesom,Plantae Tracheophyta Magnoliopsida Asterales Asteraceae Symphyotrichum shortii,EXACT_MATCH_PRIMARY_SOURCE_ACCEPTED_SIMPLE
Symphyotrichum tenuifolium (L.) G.L. Nesom,Symphyotrichum tenuifolium,Symphyotrichum tenuifolium (L.) G.L. Nesom,Plantae Tracheophyta Magnoliopsida Asterales Asteraceae Symphyotrichum tenuifolium,EXACT_MATCH_PRIMARY_SOURCE_ACCEPTED_SIMPLE
Symphyotrichum undulatum (L.) G.L. Nesom,Symphyotrichum undulatum,Symphyotrichum undulatum (L.) G.L. Nesom,Plantae Tracheophyta Magnoliopsida Asterales Asteraceae Symphyotrichum undulatum,EXACT_MATCH_PRIMARY_SOURCE_ACCEPTED_SIMPLE
Symphyotrichum urophyllum (Lindl.) G.L. Nesom,Symphyotrichum urophyllum,Symphyotrichum urophyllum (Lindl.) G.L. Nesom,Plantae Tracheophyta Magnoliopsida Asterales Asteraceae Symphyotrichum urophyllum,EXACT_MATCH_PRIMARY_SOURCE_ACCEPTED_SIMPLE
Symphyotrichum ×schistosum (Steele) G.L. Nesom [cordifolium × laeve],Symphyotrichum schistosum,Symphyotrichum ×schistosum (Steele) G.L. Nesom [cordifolium × laeve],Plantae Tracheophyta Magnoliopsida Asterales Asteraceae Symphyotrichum schistosum,EXACT_MATCH_PRIMARY_SOURCE_ACCEPTED_SIMPLE
Symphytum L.,Symphytum ,Symphytum L.,Plantae Tracheophyta Magnoliopsida Boraginales Boraginaceae Symphytum,EXACT_MATCH_PRIMARY_SOURCE_ACCEPTED_AUTHOR_DISAMBIGUATION
Symphytum officinale L.,Symphytum officinale,Symphytum officinale L.,Plantae Tracheophyta Magnoliopsida Boraginales Boraginaceae Symphytum officinale,EXACT_MATCH_PRIMARY_SOURCE_ACCEPTED_SIMPLE
Symplocarpus Salisb. ex W.P.C. Barton,Symplocarpus ,Symplocarpus Salisb. ex W.P.C. Barton,Plantae Tracheophyta Liliopsida Alismatales Araceae Symplocarpus,EXACT_MATCH_PRIMARY_SOURCE_MULT_ACCEPTED
Symplocarpus foetidus (L.) Salisb. ex W.P.C. Barton,Symplocarpus foetidus,Symplocarpus foetidus (L.) Salisb. ex W.P.C. Barton,Plantae Tracheophyta Liliopsida Alismatales Araceae Symplocarpus foetidus,EXACT_MATCH_PRIMARY_SOURCE_MULT_ACCEPTED
Symplocos Jacq.,Symplocos ,Symplocos Jacq.,Plantae Tracheophyta Magnoliopsida Ericales Symplocaceae Symplocos,EXACT_MATCH_PRIMARY_SOURCE_ACCEPTED_SIMPLE
Symplocos tinctoria (L.) L'Hér.,Symplocos tinctoria,Symplocos tinctoria (L.) L'Hér.,Plantae Tracheophyta Magnoliopsida Ericales Symplocaceae Symplocos tinctoria,EXACT_MATCH_PRIMARY_SOURCE_ACCEPTED_AMONG_SYNONYMS_SIMPLE
Synandra Nutt.,Synandra ,Synandra Nutt.,Plantae Tracheophyta Magnoliopsida Lamiales Lamiaceae Synandra,EXACT_MATCH_PRIMARY_SOURCE_ACCEPTED_AMONG_SYNONYMS_SIMPLE
Synandra hispidula (Michx.) Britton,Synandra hispidula,Synandra hispidula (Michx.) Britton,Plantae Tracheophyta Magnoliopsida Lamiales Lamiaceae Synandra hispidula,EXACT_MATCH_PRIMARY_SOURCE_ACCEPTED_AMONG_SYNONYMS_SIMPLE
Syringa L.,Syringa ,Syringa L.,Plantae Tracheophyta Magnoliopsida Lamiales Oleaceae Syringa,EXACT_MATCH_PRIMARY_SOURCE_ACCEPTED_AUTHOR_DISAMBIGUATION
Syringa vulgaris L.,Syringa vulgaris,Syringa vulgaris L.,Plantae Tracheophyta Magnoliopsida Lamiales Oleaceae Syringa vulgaris,EXACT_MATCH_PRIMARY_SOURCE_ACCEPTED_SIMPLE
Taenidia (Torr. & A. Gray) Drude,Taenidia ,Taenidia (Torr. & A. Gray) Drude,Plantae Tracheophyta Magnoliopsida Apiales Apiaceae Taenidia,EXACT_MATCH_PRIMARY_SOURCE_ACCEPTED_AMONG_SYNONYMS_SIMPLE
Taenidia integerrima (L.) Drude,Taenidia integerrima,Taenidia integerrima (L.) Drude,Plantae Tracheophyta Magnoliopsida Apiales Apiaceae Taenidia integerrima,EXACT_MATCH_PRIMARY_SOURCE_ACCEPTED_SIMPLE
Taenidia montana (Mack.) Cronquist,Taenidia montana,Taenidia montana (Mack.) Cronquist,Plantae Tracheophyta Magnoliopsida Apiales Apiaceae Taenidia montana,EXACT_MATCH_PRIMARY_SOURCE_ACCEPTED_SIMPLE
Tagetes L.,Tagetes ,Tagetes L.,Plantae Tracheophyta Magnoliopsida Asterales Asteraceae Tagetes,EXACT_MATCH_PRIMARY_SOURCE_ACCEPTED_SIMPLE
Tagetes erecta L.,Tagetes erecta,Tagetes erecta L.,Plantae Tracheophyta Magnoliopsida Asterales Asteraceae Tagetes erecta,EXACT_MATCH_PRIMARY_SOURCE_ACCEPTED_SIMPLE
Tagetes minuta L.,Tagetes minuta,Tagetes minuta L.,Plantae Tracheophyta Magnoliopsida Asterales Asteraceae Tagetes minuta,EXACT_MATCH_PRIMARY_SOURCE_ACCEPTED_SIMPLE
Tamarix L.,Tamarix ,Tamarix L.,Plantae Tracheophyta Magnoliopsida Caryophyllales Tamaricaceae Tamarix,EXACT_MATCH_PRIMARY_SOURCE_ACCEPTED_SIMPLE
Tamarix parviflora DC.,Tamarix parviflora,Tamarix parviflora DC.,Plantae Tracheophyta Magnoliopsida Caryophyllales Tamaricaceae Tamarix parviflora,EXACT_MATCH_PRIMARY_SOURCE_ACCEPTED_SIMPLE
Tamarix ramosissima Ledeb.,Tamarix ramosissima,Tamarix ramosissima Ledeb.,Plantae Tracheophyta Magnoliopsida Caryophyllales Tamaricaceae Tamarix ramosissima,EXACT_MATCH_PRIMARY_SOURCE_ACCEPTED_AMONG_SYNONYMS_SIMPLE
Tanacetum L.,Tanacetum ,Tanacetum L.,Plantae Tracheophyta Magnoliopsida Asterales Asteraceae Tanacetum,EXACT_MATCH_PRIMARY_SOURCE_ACCEPTED_AUTHOR_DISAMBIGUATION
Tanacetum vulgare L.,Tanacetum vulgare,Tanacetum vulgare L.,Plantae Tracheophyta Magnoliopsida Asterales Asteraceae Tanacetum vulgare,EXACT_MATCH_PRIMARY_SOURCE_ACCEPTED_SIMPLE
Taraxacum laevigatum (Willd.) DC.,Taraxacum erythrospermum,Taraxacum laevigatum (Willd.) DC.,Plantae Tracheophyta Magnoliopsida Asterales Asteraceae Taraxacum erythrospermum,EXACT_MATCH_PRIMARY_SOURCE_SYNONYM_SIMPLE
Taraxacum officinale F.H. Wigg.,Taraxacum officinale,Taraxacum officinale F.H. Wigg.,Plantae Tracheophyta Magnoliopsida Asterales Asteraceae Taraxacum officinale,EXACT_MATCH_PRIMARY_SOURCE_MULT_ACCEPTED
Taraxacum officinale F.H. Wigg. ssp. officinale,Taraxacum campylodes,Taraxacum officinale F.H. Wigg. ssp. officinale,Plantae Tracheophyta Magnoliopsida Asterales Asteraceae Taraxacum campylodes,EXACT_MATCH_PRIMARY_SOURCE_ACCEPTED_AMONG_SYNONYMS_SIMPLE
Taxodium Rich.,Taxodium ,Taxodium Rich.,Plantae Tracheophyta Pinopsida Pinales Cupressaceae Taxodium,EXACT_MATCH_PRIMARY_SOURCE_ACCEPTED_SIMPLE
Taxodium ascendens Brongn.,Taxodium distichum,Taxodium ascendens Brongn.,Plantae Tracheophyta Pinopsida Pinales Cupressaceae Taxodium distichum,EXACT_MATCH_PRIMARY_SOURCE_SYNONYM_SIMPLE
Taxus L.,Taxus ,Taxus L.,Plantae Tracheophyta Pinopsida Pinales Taxaceae Taxus,EXACT_MATCH_PRIMARY_SOURCE_ACCEPTED_AUTHOR_DISAMBIGUATION
Taxus canadensis Marshall,Taxus canadensis,Taxus canadensis Marshall,Plantae Tracheophyta Pinopsida Pinales Taxaceae Taxus canadensis,EXACT_MATCH_PRIMARY_SOURCE_ACCEPTED_AUTHOR_DISAMBIGUATION
Teesdalia W.T. Aiton,Teesdalia ,Teesdalia W.T. Aiton,Plantae Tracheophyta Magnoliopsida Brassicales Brassicaceae Teesdalia,EXACT_MATCH_PRIMARY_SOURCE_MULT_ACCEPTED
Teesdalia nudicaulis (L.) W.T. Aiton,Teesdalia nudicaulis,Teesdalia nudicaulis (L.) W.T. Aiton,Plantae Tracheophyta Magnoliopsida Brassicales Brassicaceae Teesdalia nudicaulis,EXACT_MATCH_PRIMARY_SOURCE_MULT_ACCEPTED
Tephrosia Pers.,Tephrosia ,Tephrosia Pers.,Plantae Tracheophyta Magnoliopsida Fabales Fabaceae Tephrosia,EXACT_MATCH_PRIMARY_SOURCE_ACCEPTED_AMONG_SYNONYMS_SIMPLE
Tephrosia hispidula (Michx.) Pers.,Tephrosia hispidula,Tephrosia hispidula (Michx.) Pers.,Plantae Tracheophyta Magnoliopsida Fabales Fabaceae Tephrosia hispidula,EXACT_MATCH_PRIMARY_SOURCE_ACCEPTED_SIMPLE
Tephrosia purpurea (L.) Pers.,Tephrosia purpurea,Tephrosia purpurea (L.) Pers.,Plantae Tracheophyta Magnoliopsida Fabales Fabaceae Tephrosia purpurea,EXACT_MATCH_PRIMARY_SOURCE_ACCEPTED_AMONG_SYNONYMS_SIMPLE
Tephrosia spicata (Walter) Torr. & A. Gray,Tephrosia spicata,Tephrosia spicata (Walter) Torr. & A. Gray,Plantae Tracheophyta Magnoliopsida Fabales Fabaceae Tephrosia spicata,EXACT_MATCH_PRIMARY_SOURCE_ACCEPTED_SIMPLE
Tephrosia virginiana (L.) Pers.,Tephrosia virginiana,Tephrosia virginiana (L.) Pers.,Plantae Tracheophyta Magnoliopsida Fabales Fabaceae Tephrosia virginiana,EXACT_MATCH_PRIMARY_SOURCE_ACCEPTED_SIMPLE
Tetragonotheca L.,Tetragonotheca ,Tetragonotheca L.,Plantae Tracheophyta Magnoliopsida Asterales Asteraceae Tetragonotheca,EXACT_MATCH_PRIMARY_SOURCE_ACCEPTED_SIMPLE
Tetragonotheca helianthoides L.,Tetragonotheca helianthoides,Tetragonotheca helianthoides L.,Plantae Tracheophyta Magnoliopsida Asterales Asteraceae Tetragonotheca helianthoides,EXACT_MATCH_PRIMARY_SOURCE_ACCEPTED_SIMPLE
Teucrium L.,Teucrium ,Teucrium L.,Plantae Tracheophyta Magnoliopsida Lamiales Lamiaceae Teucrium,EXACT_MATCH_PRIMARY_SOURCE_ACCEPTED_SIMPLE
Teucrium canadense L.,Teucrium canadense,Teucrium canadense L.,Plantae Tracheophyta Magnoliopsida Lamiales Lamiaceae Teucrium canadense,EXACT_MATCH_PRIMARY_SOURCE_ACCEPTED_AUTHOR_DISAMBIGUATION
Thalictrum L.,Thalictrum ,Thalictrum L.,Plantae Tracheophyta Magnoliopsida Ranunculales Ranunculaceae Thalictrum,EXACT_MATCH_PRIMARY_SOURCE_ACCEPTED_AUTHOR_DISAMBIGUATION
Thalictrum clavatum DC.,Thalictrum clavatum,Thalictrum clavatum DC.,Plantae Tracheophyta Magnoliopsida Ranunculales Ranunculaceae Thalictrum clavatum,EXACT_MATCH_PRIMARY_SOURCE_ACCEPTED_AMONG_SYNONYMS_SIMPLE
Thalictrum coriaceum (Britton) Small,Thalictrum coriaceum,Thalictrum coriaceum (Britton) Small,Plantae Tracheophyta Magnoliopsida Ranunculales Ranunculaceae Thalictrum coriaceum,EXACT_MATCH_PRIMARY_SOURCE_ACCEPTED_SIMPLE
Thalictrum dioicum L.,Thalictrum dioicum,Thalictrum dioicum L.,Plantae Tracheophyta Magnoliopsida Ranunculales Ranunculaceae Thalictrum dioicum,EXACT_MATCH_PRIMARY_SOURCE_ACCEPTED_AMONG_SYNONYMS_SIMPLE
Thalictrum macrostylum Small & A. Heller,Thalictrum macrostylum,Thalictrum macrostylum Small & A. Heller,Plantae Tracheophyta Magnoliopsida Ranunculales Ranunculaceae Thalictrum macrostylum,EXACT_MATCH_PRIMARY_SOURCE_ACCEPTED_SIMPLE
Thalictrum pubescens Pursh,Thalictrum pubescens,Thalictrum pubescens Pursh,Plantae Tracheophyta Magnoliopsida Ranunculales Ranunculaceae Thalictrum pubescens,EXACT_MATCH_PRIMARY_SOURCE_ACCEPTED_AMONG_SYNONYMS_SIMPLE
Thalictrum revolutum DC.,Thalictrum revolutum,Thalictrum revolutum DC.,Plantae Tracheophyta Magnoliopsida Ranunculales Ranunculaceae Thalictrum revolutum,EXACT_MATCH_PRIMARY_SOURCE_ACCEPTED_AMONG_SYNONYMS_SIMPLE
Thalictrum thalictroides (L.) Eames & B. Boivin,Thalictrum thalictroides,Thalictrum thalictroides (L.) Eames & B. Boivin,Plantae Tracheophyta Magnoliopsida Ranunculales Ranunculaceae Thalictrum thalictroides,EXACT_MATCH_PRIMARY_SOURCE_ACCEPTED_SIMPLE
Thaspium Nutt.,Thaspium ,Thaspium Nutt.,Plantae Tracheophyta Magnoliopsida Apiales Apiaceae Thaspium,EXACT_MATCH_PRIMARY_SOURCE_ACCEPTED_SIMPLE
Thaspium barbinode (Michx.) Nutt.,Thaspium barbinode,Thaspium barbinode (Michx.) Nutt.,Plantae Tracheophyta Magnoliopsida Apiales Apiaceae Thaspium barbinode,EXACT_MATCH_PRIMARY_SOURCE_ACCEPTED_SIMPLE
Thaspium trifoliatum (L.) A. Gray,Thaspium trifoliatum,Thaspium trifoliatum (L.) A. Gray,Plantae Tracheophyta Magnoliopsida Apiales Apiaceae Thaspium trifoliatum,EXACT_MATCH_PRIMARY_SOURCE_ACCEPTED_AMONG_SYNONYMS_SIMPLE
Thelypteris Schmidel,Thelypteris ,Thelypteris Schmidel,Plantae Tracheophyta Polypodiopsida Polypodiales Thelypteridaceae Thelypteris,EXACT_MATCH_PRIMARY_SOURCE_ACCEPTED_AUTHOR_DISAMBIGUATION
Thelypteris noveboracensis (L.) Nieuwl.,Amauropelta noveboracensis,Thelypteris noveboracensis (L.) Nieuwl.,Plantae Tracheophyta Polypodiopsida Polypodiales Thelypteridaceae Amauropelta noveboracensis,EXACT_MATCH_PRIMARY_SOURCE_SYNONYM_SIMPLE
Thelypteris palustris Schott,Thelypteris palustris,Thelypteris palustris Schott,Plantae Tracheophyta Polypodiopsida Polypodiales Thelypteridaceae Thelypteris palustris,EXACT_MATCH_PRIMARY_SOURCE_ACCEPTED_SIMPLE
Thelypteris simulata (Davenport) Nieuwl.,Coryphopteris simulata,Thelypteris simulata (Davenport) Nieuwl.,Plantae Tracheophyta Polypodiopsida Polypodiales Thelypteridaceae Coryphopteris simulata,EXACT_MATCH_PRIMARY_SOURCE_SYNONYM_SIMPLE
Themeda Forssk.,Themeda ,Themeda Forssk.,Plantae Tracheophyta Liliopsida Poales Poaceae Themeda,EXACT_MATCH_PRIMARY_SOURCE_ACCEPTED_AUTHOR_DISAMBIGUATION
Themeda arguens (L.) Hack.,Themeda arguens,Themeda arguens (L.) Hack.,Plantae Tracheophyta Liliopsida Poales Poaceae Themeda arguens,EXACT_MATCH_PRIMARY_SOURCE_ACCEPTED_AMONG_SYNONYMS_SIMPLE
Thermopsis R. Br.,Thermopsis ,Thermopsis R. Br.,Plantae Tracheophyta Magnoliopsida Fabales Fabaceae Thermopsis,MULTI_EXACT_MATCH_PRIMARY_SOURCE_ACCEPTED_HOMONYM
Thermopsis mollis (Michx.) M.A. Curtis ex A. Gray,Thermopsis mollis,Thermopsis mollis (Michx.) M.A. Curtis ex A. Gray,Plantae Tracheophyta Magnoliopsida Fabales Fabaceae Thermopsis mollis,EXACT_MATCH_PRIMARY_SOURCE_MULT_ACCEPTED
Thermopsis villosa (Walter) Fernald & B.G. Schub.,Thermopsis villosa,Thermopsis villosa (Walter) Fernald & B.G. Schub.,Plantae Tracheophyta Magnoliopsida Fabales Fabaceae Thermopsis villosa,EXACT_MATCH_PRIMARY_SOURCE_ACCEPTED_SIMPLE
Thlaspi L.,Thlaspi ,Thlaspi L.,Plantae Tracheophyta Magnoliopsida Brassicales Brassicaceae Thlaspi,EXACT_MATCH_PRIMARY_SOURCE_ACCEPTED_AUTHOR_DISAMBIGUATION
Thlaspi alliaceum L.,Mummenhoffia alliacea,Thlaspi alliaceum L.,Plantae Tracheophyta Magnoliopsida Brassicales Brassicaceae Mummenhoffia alliacea,EXACT_MATCH_PRIMARY_SOURCE_SYNONYM_SIMPLE
Thlaspi arvense L.,Thlaspi arvense,Thlaspi arvense L.,Plantae Tracheophyta Magnoliopsida Brassicales Brassicaceae Thlaspi arvense,EXACT_MATCH_PRIMARY_SOURCE_ACCEPTED_SIMPLE
Thuja L.,Thuja ,Thuja L.,Plantae Tracheophyta Pinopsida Pinales Cupressaceae Thuja,EXACT_MATCH_PRIMARY_SOURCE_ACCEPTED_SIMPLE
Thuja occidentalis L.,Thuja occidentalis,Thuja occidentalis L.,Plantae Tracheophyta Pinopsida Pinales Cupressaceae Thuja occidentalis,EXACT_MATCH_PRIMARY_SOURCE_ACCEPTED_SIMPLE
Thymus L.,Thymus ,Thymus L.,Plantae Tracheophyta Magnoliopsida Lamiales Lamiaceae Thymus,EXACT_MATCH_PRIMARY_SOURCE_ACCEPTED_AUTHOR_DISAMBIGUATION
Thymus pulegioides L.,Thymus pulegioides,Thymus pulegioides L.,Plantae Tracheophyta Magnoliopsida Lamiales Lamiaceae Thymus pulegioides,EXACT_MATCH_PRIMARY_SOURCE_ACCEPTED_AUTHOR_DISAMBIGUATION
Tiarella L.,Tiarella ,Tiarella L.,Plantae Tracheophyta Magnoliopsida Saxifragales Saxifragaceae Tiarella,EXACT_MATCH_PRIMARY_SOURCE_ACCEPTED_AMONG_SYNONYMS_SIMPLE
Tiarella cordifolia L.,Tiarella cordifolia,Tiarella cordifolia L.,Plantae Tracheophyta Magnoliopsida Saxifragales Saxifragaceae Tiarella cordifolia,EXACT_MATCH_PRIMARY_SOURCE_ACCEPTED_SIMPLE
Tiarella cordifolia L. var. austrina Lakela,Tiarella austrina,Tiarella cordifolia L. var. austrina Lakela,Plantae Tracheophyta Magnoliopsida Saxifragales Saxifragaceae Tiarella austrina,MULTI_EXACT_MATCH_PRIMARY_SOURCE_SYNONYMS_INFRASPECIFIC_SCORE
Tilia L.,Tilia ,Tilia L.,Plantae Tracheophyta Magnoliopsida Malvales Malvaceae Tilia,EXACT_MATCH_PRIMARY_SOURCE_ACCEPTED_SIMPLE
Tilia americana L.,Tilia americana,Tilia americana L.,Plantae Tracheophyta Magnoliopsida Malvales Malvaceae Tilia americana,EXACT_MATCH_PRIMARY_SOURCE_ACCEPTED_AUTHOR_DISAMBIGUATION
Tillandsia L.,Tillandsia ,Tillandsia L.,Plantae Tracheophyta Liliopsida Poales Bromeliaceae Tillandsia,EXACT_MATCH_PRIMARY_SOURCE_ACCEPTED_AUTHOR_DISAMBIGUATION
Tillandsia usneoides (L.) L.,Tillandsia usneoides,Tillandsia usneoides (L.) L.,Plantae Tracheophyta Liliopsida Poales Bromeliaceae Tillandsia usneoides,EXACT_MATCH_PRIMARY_SOURCE_ACCEPTED_SIMPLE
Tipularia Nutt.,Tipularia ,Tipularia Nutt.,Plantae Tracheophyta Liliopsida Asparagales Orchidaceae Tipularia,EXACT_MATCH_PRIMARY_SOURCE_ACCEPTED_AUTHOR_DISAMBIGUATION
Tipularia discolor (Pursh) Nutt.,Tipularia discolor,Tipularia discolor (Pursh) Nutt.,Plantae Tracheophyta Liliopsida Asparagales Orchidaceae Tipularia discolor,EXACT_MATCH_PRIMARY_SOURCE_ACCEPTED_SIMPLE
Torilis Adans.,Torilis ,Torilis Adans.,Plantae Tracheophyta Magnoliopsida Apiales Apiaceae Torilis,EXACT_MATCH_PRIMARY_SOURCE_ACCEPTED_SIMPLE
Torilis arvensis (Huds.) Link,Torilis arvensis,Torilis arvensis (Huds.) Link,Plantae Tracheophyta Magnoliopsida Apiales Apiaceae Torilis arvensis,EXACT_MATCH_PRIMARY_SOURCE_ACCEPTED_SIMPLE
Torilis japonica (Houtt.) DC.,Torilis japonica,Torilis japonica (Houtt.) DC.,Plantae Tracheophyta Magnoliopsida Apiales Apiaceae Torilis japonica,EXACT_MATCH_PRIMARY_SOURCE_ACCEPTED_SIMPLE
Torreyochloa Church,Torreyochloa ,Torreyochloa Church,Plantae Tracheophyta Liliopsida Poales Poaceae Torreyochloa,EXACT_MATCH_PRIMARY_SOURCE_ACCEPTED_SIMPLE
Torreyochloa pallida (Torr.) Church,Torreyochloa pallida,Torreyochloa pallida (Torr.) Church,Plantae Tracheophyta Liliopsida Poales Poaceae Torreyochloa pallida,EXACT_MATCH_PRIMARY_SOURCE_ACCEPTED_SIMPLE
Toxicodendron Mill.,Toxicodendron ,Toxicodendron Mill.,Plantae Tracheophyta Magnoliopsida Sapindales Anacardiaceae Toxicodendron,EXACT_MATCH_PRIMARY_SOURCE_ACCEPTED_AMONG_SYNONYMS_SIMPLE
Toxicodendron pubescens Mill.,Toxicodendron pubescens,Toxicodendron pubescens Mill.,Plantae Tracheophyta Magnoliopsida Sapindales Anacardiaceae Toxicodendron pubescens,EXACT_MATCH_PRIMARY_SOURCE_ACCEPTED_SIMPLE
Toxicodendron radicans (L.) Kuntze,Toxicodendron radicans,Toxicodendron radicans (L.) Kuntze,Plantae Tracheophyta Magnoliopsida Sapindales Anacardiaceae Toxicodendron radicans,EXACT_MATCH_PRIMARY_SOURCE_ACCEPTED_SIMPLE
Toxicodendron rydbergii (Small ex Rydb.) Greene,Toxicodendron rydbergii,Toxicodendron rydbergii (Small ex Rydb.) Greene,Plantae Tracheophyta Magnoliopsida Sapindales Anacardiaceae Toxicodendron rydbergii,EXACT_MATCH_PRIMARY_SOURCE_ACCEPTED_SIMPLE
Toxicodendron vernix (L.) Kuntze,Toxicodendron vernix,Toxicodendron vernix (L.) Kuntze,Plantae Tracheophyta Magnoliopsida Sapindales Anacardiaceae Toxicodendron vernix,EXACT_MATCH_PRIMARY_SOURCE_ACCEPTED_AMONG_SYNONYMS_SIMPLE
Trachelospermum Lem.,Trachelospermum ,Trachelospermum Lem.,Plantae Tracheophyta Magnoliopsida Gentianales Apocynaceae Trachelospermum,EXACT_MATCH_PRIMARY_SOURCE_ACCEPTED_SIMPLE
Trachelospermum difforme (Walter) A. Gray,Thyrsanthella difformis,Trachelospermum difforme (Walter) A. Gray,Plantae Tracheophyta Magnoliopsida Gentianales Apocynaceae Thyrsanthella difformis,EXACT_MATCH_PRIMARY_SOURCE_SYNONYM_SIMPLE
Tradescantia L.,Tradescantia ,Tradescantia L.,Plantae Tracheophyta Liliopsida Commelinales Commelinaceae Tradescantia,EXACT_MATCH_PRIMARY_SOURCE_ACCEPTED_SIMPLE
Tradescantia ohiensis Raf.,Tradescantia ohiensis,Tradescantia ohiensis Raf.,Plantae Tracheophyta Liliopsida Commelinales Commelinaceae Tradescantia ohiensis,EXACT_MATCH_PRIMARY_SOURCE_ACCEPTED_SIMPLE
Tradescantia subaspera Ker Gawl.,Tradescantia subaspera,Tradescantia subaspera Ker Gawl.,Plantae Tracheophyta Liliopsida Commelinales Commelinaceae Tradescantia subaspera,EXACT_MATCH_PRIMARY_SOURCE_ACCEPTED_AUTHOR_DISAMBIGUATION
Tradescantia virginiana L.,Tradescantia virginiana,Tradescantia virginiana L.,Plantae Tracheophyta Liliopsida Commelinales Commelinaceae Tradescantia virginiana,EXACT_MATCH_PRIMARY_SOURCE_ACCEPTED_SIMPLE
Tragia L.,Tragia ,Tragia L.,Plantae Tracheophyta Magnoliopsida Malpighiales Euphorbiaceae Tragia,EXACT_MATCH_PRIMARY_SOURCE_ACCEPTED_SIMPLE
Tragia urens L.,Tragia urens,Tragia urens L.,Plantae Tracheophyta Magnoliopsida Malpighiales Euphorbiaceae Tragia urens,EXACT_MATCH_PRIMARY_SOURCE_ACCEPTED_SIMPLE
Tragia urticifolia Michx.,Tragia urticifolia,Tragia urticifolia Michx.,Plantae Tracheophyta Magnoliopsida Malpighiales Euphorbiaceae Tragia urticifolia,EXACT_MATCH_PRIMARY_SOURCE_ACCEPTED_AMONG_SYNONYMS_SIMPLE
Tragopogon L.,Tragopogon ,Tragopogon L.,Plantae Tracheophyta Magnoliopsida Asterales Asteraceae Tragopogon,EXACT_MATCH_PRIMARY_SOURCE_ACCEPTED_AUTHOR_DISAMBIGUATION
Tragopogon dubius Scop.,Tragopogon dubius,Tragopogon dubius Scop.,Plantae Tracheophyta Magnoliopsida Asterales Asteraceae Tragopogon dubius,EXACT_MATCH_PRIMARY_SOURCE_ACCEPTED_AUTHOR_DISAMBIGUATION
Tragopogon porrifolius L.,Tragopogon porrifolius,Tragopogon porrifolius L.,Plantae Tracheophyta Magnoliopsida Asterales Asteraceae Tragopogon porrifolius,EXACT_MATCH_PRIMARY_SOURCE_ACCEPTED_AMONG_SYNONYMS_SIMPLE
Tragopogon pratensis L.,Tragopogon pratensis,Tragopogon pratensis L.,Plantae Tracheophyta Magnoliopsida Asterales Asteraceae Tragopogon pratensis,EXACT_MATCH_PRIMARY_SOURCE_ACCEPTED_SIMPLE
Tragus Haller,Tragus ,Tragus Haller,Plantae Tracheophyta Liliopsida Poales Poaceae Tragus,EXACT_MATCH_PRIMARY_SOURCE_ACCEPTED_AMONG_SYNONYMS_SIMPLE
Tragus berteronianus Schult.,Tragus berteronianus,Tragus berteronianus Schult.,Plantae Tracheophyta Liliopsida Poales Poaceae Tragus berteronianus,EXACT_MATCH_PRIMARY_SOURCE_ACCEPTED_SIMPLE
Trapa L.,Trapa ,Trapa L.,Plantae Tracheophyta Magnoliopsida Myrtales Lythraceae Trapa,EXACT_MATCH_PRIMARY_SOURCE_ACCEPTED_AUTHOR_DISAMBIGUATION
Trapa natans L.,Trapa natans,Trapa natans L.,Plantae Tracheophyta Magnoliopsida Myrtales Lythraceae Trapa natans,EXACT_MATCH_PRIMARY_SOURCE_ACCEPTED_AUTHOR_DISAMBIGUATION
Trautvetteria Fisch. & C.A. Mey.,Trautvetteria ,Trautvetteria Fisch. & C.A. Mey.,Plantae Tracheophyta Magnoliopsida Ranunculales Ranunculaceae Trautvetteria,EXACT_MATCH_PRIMARY_SOURCE_ACCEPTED_SIMPLE
Trautvetteria caroliniensis (Walter) Vail,Trautvetteria carolinensis,Trautvetteria caroliniensis (Walter) Vail,Plantae Tracheophyta Magnoliopsida Ranunculales Ranunculaceae Trautvetteria carolinensis,EXACT_MATCH_PRIMARY_SOURCE_SYNONYM_SIMPLE
Triadenum Raf.,Triadenum ,Triadenum Raf.,Plantae Tracheophyta Magnoliopsida Malpighiales Hypericaceae Triadenum,EXACT_MATCH_PRIMARY_SOURCE_ACCEPTED_SIMPLE
Triadenum fraseri (Spach) Gleason,Triadenum fraseri,Triadenum fraseri (Spach) Gleason,Plantae Tracheophyta Magnoliopsida Malpighiales Hypericaceae Triadenum fraseri,EXACT_MATCH_PRIMARY_SOURCE_ACCEPTED_AMONG_SYNONYMS_SIMPLE
Triadenum tubulosum (Walter) Gleason,Triadenum tubulosum,Triadenum tubulosum (Walter) Gleason,Plantae Tracheophyta Magnoliopsida Malpighiales Hypericaceae Triadenum tubulosum,EXACT_MATCH_PRIMARY_SOURCE_ACCEPTED_SIMPLE
Triadenum virginicum (L.) Raf.,Triadenum virginicum,Triadenum virginicum (L.) Raf.,Plantae Tracheophyta Magnoliopsida Malpighiales Hypericaceae Triadenum virginicum,EXACT_MATCH_PRIMARY_SOURCE_ACCEPTED_SIMPLE
Triadenum walteri (J.G. Gmel.) Gleason,Triadenum walteri,Triadenum walteri (J.G. Gmel.) Gleason,Plantae Tracheophyta Magnoliopsida Malpighiales Hypericaceae Triadenum walteri,EXACT_MATCH_PRIMARY_SOURCE_ACCEPTED_SIMPLE
Triantha (Nutt.) Baker,Triantha ,Triantha (Nutt.) Baker,Plantae Tracheophyta Liliopsida Alismatales Tofieldiaceae Triantha,EXACT_MATCH_PRIMARY_SOURCE_ACCEPTED_AUTHOR_DISAMBIGUATION
Triantha glutinosa (Michx.) Baker,Triantha glutinosa,Triantha glutinosa (Michx.) Baker,Plantae Tracheophyta Liliopsida Alismatales Tofieldiaceae Triantha glutinosa,EXACT_MATCH_PRIMARY_SOURCE_ACCEPTED_SIMPLE
Triantha racemosa (Walter) Small,Triantha racemosa,Triantha racemosa (Walter) Small,Plantae Tracheophyta Liliopsida Alismatales Tofieldiaceae Triantha racemosa,EXACT_MATCH_PRIMARY_SOURCE_ACCEPTED_SIMPLE
Trianthema L.,Trianthema ,Trianthema L.,Plantae Tracheophyta Magnoliopsida Caryophyllales Aizoaceae Trianthema,EXACT_MATCH_PRIMARY_SOURCE_ACCEPTED_SIMPLE
Trianthema portulacastrum L.,Trianthema portulacastrum,Trianthema portulacastrum L.,Plantae Tracheophyta Magnoliopsida Caryophyllales Aizoaceae Trianthema portulacastrum,EXACT_MATCH_PRIMARY_SOURCE_ACCEPTED_SIMPLE
Tribulus L.,Tribulus ,Tribulus L.,Plantae Tracheophyta Magnoliopsida Zygophyllales Zygophyllaceae Tribulus,EXACT_MATCH_PRIMARY_SOURCE_ACCEPTED_AUTHOR_DISAMBIGUATION
Tribulus terrestris L.,Tribulus terrestris,Tribulus terrestris L.,Plantae Tracheophyta Magnoliopsida Zygophyllales Zygophyllaceae Tribulus terrestris,EXACT_MATCH_PRIMARY_SOURCE_ACCEPTED_AMONG_SYNONYMS_SIMPLE
Trichomanes L.,Trichomanes ,Trichomanes L.,Plantae Tracheophyta Polypodiopsida Hymenophyllales Hymenophyllaceae Trichomanes,EXACT_MATCH_PRIMARY_SOURCE_ACCEPTED_AUTHOR_DISAMBIGUATION
Trichomanes boschianum Sturm,Vandenboschia boschiana,Trichomanes boschianum Sturm,Plantae Tracheophyta Polypodiopsida Hymenophyllales Hymenophyllaceae Vandenboschia boschiana,MULTI_EXACT_MATCH_PRIMARY_SOURCE_SYNONYMS_INFRASPECIFIC_SCORE
Trichomanes intricatum Farrar,Crepidomanes intricatum,Trichomanes intricatum Farrar,Plantae Tracheophyta Polypodiopsida Hymenophyllales Hymenophyllaceae Crepidomanes intricatum,EXACT_MATCH_PRIMARY_SOURCE_SYNONYM_SIMPLE
Trichophorum Pers.,Trichophorum ,Trichophorum Pers.,Plantae Tracheophyta Liliopsida Poales Cyperaceae Trichophorum,EXACT_MATCH_PRIMARY_SOURCE_ACCEPTED_SIMPLE
Trichophorum planifolium (Spreng.) Palla,Trichophorum planifolium,Trichophorum planifolium (Spreng.) Palla,Plantae Tracheophyta Liliopsida Poales Cyperaceae Trichophorum planifolium,EXACT_MATCH_PRIMARY_SOURCE_ACCEPTED_SIMPLE
Trichostema L.,Trichostema ,Trichostema L.,Plantae Tracheophyta Magnoliopsida Lamiales Lamiaceae Trichostema,EXACT_MATCH_PRIMARY_SOURCE_ACCEPTED_AUTHOR_DISAMBIGUATION
Trichostema brachiatum L.,Trichostema brachiatum,Trichostema brachiatum L.,Plantae Tracheophyta Magnoliopsida Lamiales Lamiaceae Trichostema brachiatum,EXACT_MATCH_PRIMARY_SOURCE_ACCEPTED_AUTHOR_DISAMBIGUATION
Trichostema dichotomum L.,Trichostema dichotomum,Trichostema dichotomum L.,Plantae Tracheophyta Magnoliopsida Lamiales Lamiaceae Trichostema dichotomum,EXACT_MATCH_PRIMARY_SOURCE_ACCEPTED_AUTHOR_DISAMBIGUATION
Trichostema setaceum Houtt.,Trichostema setaceum,Trichostema setaceum Houtt.,Plantae Tracheophyta Magnoliopsida Lamiales Lamiaceae Trichostema setaceum,EXACT_MATCH_PRIMARY_SOURCE_ACCEPTED_SIMPLE
Trichostomum Bruch,Trichostomum ,Trichostomum Bruch,Plantae Bryophyta Bryopsida Pottiales Pottiaceae Trichostomum,EXACT_MATCH_PRIMARY_SOURCE_ACCEPTED_AUTHOR_DISAMBIGUATION
Tridens Roem. & Schult.,Tridens ,Tridens Roem. & Schult.,Plantae Tracheophyta Liliopsida Poales Poaceae Tridens,EXACT_MATCH_PRIMARY_SOURCE_ACCEPTED_AUTHOR_DISAMBIGUATION
Tridens flavus (L.) Hitchc.,Tridens flavus,Tridens flavus (L.) Hitchc.,Plantae Tracheophyta Liliopsida Poales Poaceae Tridens flavus,EXACT_MATCH_PRIMARY_SOURCE_ACCEPTED_SIMPLE
Tridens strictus (Nutt.) Nash,Tridens strictus,Tridens strictus (Nutt.) Nash,Plantae Tracheophyta Liliopsida Poales Poaceae Tridens strictus,EXACT_MATCH_PRIMARY_SOURCE_ACCEPTED_SIMPLE
Trientalis borealis Raf.,Lysimachia borealis,Trientalis borealis Raf.,Plantae Tracheophyta Magnoliopsida Ericales Primulaceae Lysimachia borealis,EXACT_MATCH_PRIMARY_SOURCE_SYNONYM_SIMPLE
Trifolium L.,Trifolium ,Trifolium L.,Plantae Tracheophyta Magnoliopsida Fabales Fabaceae Trifolium,MULTI_EXACT_MATCH_PRIMARY_SOURCE_ACCEPTED_HOMONYM
Trifolium arvense L.,Trifolium arvense,Trifolium arvense L.,Plantae Tracheophyta Magnoliopsida Fabales Fabaceae Trifolium arvense,EXACT_MATCH_PRIMARY_SOURCE_ACCEPTED_AMONG_SYNONYMS_SIMPLE
Trifolium aureum Pollich,Trifolium aureum,Trifolium aureum Pollich,Plantae Tracheophyta Magnoliopsida Fabales Fabaceae Trifolium aureum,EXACT_MATCH_PRIMARY_SOURCE_ACCEPTED_AUTHOR_DISAMBIGUATION
Trifolium calcaricum J.L. Collins & T.F. Wieboldt,Trifolium calcaricum,Trifolium calcaricum J.L. Collins & T.F. Wieboldt,Plantae Tracheophyta Magnoliopsida Fabales Fabaceae Trifolium calcaricum,EXACT_MATCH_PRIMARY_SOURCE_ACCEPTED_SIMPLE
Trifolium campestre Schreb.,Trifolium campestre,Trifolium campestre Schreb.,Plantae Tracheophyta Magnoliopsida Fabales Fabaceae Trifolium campestre,EXACT_MATCH_PRIMARY_SOURCE_ACCEPTED_AMONG_SYNONYMS_SIMPLE
Trifolium carolinianum Michx.,Trifolium carolinianum,Trifolium carolinianum Michx.,Plantae Tracheophyta Magnoliopsida Fabales Fabaceae Trifolium carolinianum,EXACT_MATCH_PRIMARY_SOURCE_ACCEPTED_SIMPLE
Trifolium dubium Sibth.,Trifolium dubium,Trifolium dubium Sibth.,Plantae Tracheophyta Magnoliopsida Fabales Fabaceae Trifolium dubium,EXACT_MATCH_PRIMARY_SOURCE_ACCEPTED_SIMPLE
Trifolium hirtum All.,Trifolium hirtum,Trifolium hirtum All.,Plantae Tracheophyta Magnoliopsida Fabales Fabaceae Trifolium hirtum,EXACT_MATCH_PRIMARY_SOURCE_ACCEPTED_SIMPLE
Trifolium hybridum L.,Trifolium hybridum,Trifolium hybridum L.,Plantae Tracheophyta Magnoliopsida Fabales Fabaceae Trifolium hybridum,EXACT_MATCH_PRIMARY_SOURCE_ACCEPTED_AUTHOR_DISAMBIGUATION
Trifolium incarnatum L.,Trifolium incarnatum,Trifolium incarnatum L.,Plantae Tracheophyta Magnoliopsida Fabales Fabaceae Trifolium incarnatum,EXACT_MATCH_PRIMARY_SOURCE_ACCEPTED_AMONG_SYNONYMS_SIMPLE
Trifolium pratense L.,Trifolium pratense,Trifolium pratense L.,Plantae Tracheophyta Magnoliopsida Fabales Fabaceae Trifolium pratense,EXACT_MATCH_PRIMARY_SOURCE_ACCEPTED_SIMPLE
Trifolium reflexum L.,Trifolium reflexum,Trifolium reflexum L.,Plantae Tracheophyta Magnoliopsida Fabales Fabaceae Trifolium reflexum,EXACT_MATCH_PRIMARY_SOURCE_ACCEPTED_AUTHOR_DISAMBIGUATION
Trifolium repens L.,Trifolium repens,Trifolium repens L.,Plantae Tracheophyta Magnoliopsida Fabales Fabaceae Trifolium repens,EXACT_MATCH_PRIMARY_SOURCE_ACCEPTED_AUTHOR_DISAMBIGUATION
Trifolium resupinatum L.,Trifolium resupinatum,Trifolium resupinatum L.,Plantae Tracheophyta Magnoliopsida Fabales Fabaceae Trifolium resupinatum,EXACT_MATCH_PRIMARY_SOURCE_ACCEPTED_AUTHOR_DISAMBIGUATION
Trifolium striatum L.,Trifolium striatum,Trifolium striatum L.,Plantae Tracheophyta Magnoliopsida Fabales Fabaceae Trifolium striatum,EXACT_MATCH_PRIMARY_SOURCE_ACCEPTED_SIMPLE
Trifolium vesiculosum Savi,Trifolium vesiculosum,Trifolium vesiculosum Savi,Plantae Tracheophyta Magnoliopsida Fabales Fabaceae Trifolium vesiculosum,EXACT_MATCH_PRIMARY_SOURCE_ACCEPTED_SIMPLE
Trifolium virginicum Small ex Small & Vail,Trifolium virginicum,Trifolium virginicum Small ex Small & Vail,Plantae Tracheophyta Magnoliopsida Fabales Fabaceae Trifolium virginicum,EXACT_MATCH_PRIMARY_SOURCE_ACCEPTED_SIMPLE
Triglochin L.,Triglochin ,Triglochin L.,Plantae Tracheophyta Liliopsida Alismatales Juncaginaceae Triglochin,EXACT_MATCH_PRIMARY_SOURCE_ACCEPTED_SIMPLE
Triglochin striata Ruiz & Pav.,Triglochin striata,Triglochin striata Ruiz & Pav.,Plantae Tracheophyta Liliopsida Alismatales Juncaginaceae Triglochin striata,EXACT_MATCH_PRIMARY_SOURCE_ACCEPTED_SIMPLE
Trillium L.,Trillium ,Trillium L.,Plantae Tracheophyta Liliopsida Liliales Melanthiaceae Trillium,EXACT_MATCH_PRIMARY_SOURCE_ACCEPTED_SIMPLE
Trillium cernuum L.,Trillium cernuum,Trillium cernuum L.,Plantae Tracheophyta Liliopsida Liliales Melanthiaceae Trillium cernuum,EXACT_MATCH_PRIMARY_SOURCE_ACCEPTED_AUTHOR_DISAMBIGUATION
Trillium cuneatum Raf.,Trillium cuneatum,Trillium cuneatum Raf.,Plantae Tracheophyta Liliopsida Liliales Melanthiaceae Trillium cuneatum,EXACT_MATCH_PRIMARY_SOURCE_ACCEPTED_SIMPLE
Trillium erectum L.,Trillium erectum,Trillium erectum L.,Plantae Tracheophyta Liliopsida Liliales Melanthiaceae Trillium erectum,EXACT_MATCH_PRIMARY_SOURCE_ACCEPTED_AUTHOR_DISAMBIGUATION
Trillium flexipes Raf.,Trillium flexipes,Trillium flexipes Raf.,Plantae Tracheophyta Liliopsida Liliales Melanthiaceae Trillium flexipes,EXACT_MATCH_PRIMARY_SOURCE_ACCEPTED_SIMPLE
Trillium grandiflorum (Michx.) Salisb.,Trillium grandiflorum,Trillium grandiflorum (Michx.) Salisb.,Plantae Tracheophyta Liliopsida Liliales Melanthiaceae Trillium grandiflorum,EXACT_MATCH_PRIMARY_SOURCE_ACCEPTED_SIMPLE
Trillium luteum (Muhl.) Harbison,Trillium luteum,Trillium luteum (Muhl.) Harbison,Plantae Tracheophyta Liliopsida Liliales Melanthiaceae Trillium luteum,EXACT_MATCH_PRIMARY_SOURCE_ACCEPTED_SIMPLE
Trillium nivale Riddell,Trillium nivale,Trillium nivale Riddell,Plantae Tracheophyta Liliopsida Liliales Melanthiaceae Trillium nivale,EXACT_MATCH_PRIMARY_SOURCE_ACCEPTED_SIMPLE
Trillium pusillum Michx.,Trillium pusillum,Trillium pusillum Michx.,Plantae Tracheophyta Liliopsida Liliales Melanthiaceae Trillium pusillum,EXACT_MATCH_PRIMARY_SOURCE_ACCEPTED_AUTHOR_DISAMBIGUATION
Trillium sessile L.,Trillium sessile,Trillium sessile L.,Plantae Tracheophyta Liliopsida Liliales Melanthiaceae Trillium sessile,EXACT_MATCH_PRIMARY_SOURCE_ACCEPTED_SIMPLE
Trillium sulcatum Patrick,Trillium sulcatum,Trillium sulcatum Patrick,Plantae Tracheophyta Liliopsida Liliales Melanthiaceae Trillium sulcatum,EXACT_MATCH_PRIMARY_SOURCE_ACCEPTED_SIMPLE
Trillium undulatum Willd.,Trillium undulatum,Trillium undulatum Willd.,Plantae Tracheophyta Liliopsida Liliales Melanthiaceae Trillium undulatum,EXACT_MATCH_PRIMARY_SOURCE_ACCEPTED_SIMPLE
Trillium vaseyi Harbison,Trillium vaseyi,Trillium vaseyi Harbison,Plantae Tracheophyta Liliopsida Liliales Melanthiaceae Trillium vaseyi,EXACT_MATCH_PRIMARY_SOURCE_ACCEPTED_SIMPLE
Triodanis Raf. ex Greene,Triodanis ,Triodanis Raf. ex Greene,Plantae Tracheophyta Magnoliopsida Asterales Campanulaceae Triodanis,EXACT_MATCH_PRIMARY_SOURCE_ACCEPTED_AUTHOR_DISAMBIGUATION
Triodanis biflora (Ruiz & Pav.) Greene,Triodanis biflora,Triodanis biflora (Ruiz & Pav.) Greene,Plantae Tracheophyta Magnoliopsida Asterales Campanulaceae Triodanis biflora,EXACT_MATCH_PRIMARY_SOURCE_ACCEPTED_AMONG_SYNONYMS_SIMPLE
Triodanis perfoliata (L.) Nieuwl.,Triodanis perfoliata,Triodanis perfoliata (L.) Nieuwl.,Plantae Tracheophyta Magnoliopsida Asterales Campanulaceae Triodanis perfoliata,EXACT_MATCH_PRIMARY_SOURCE_ACCEPTED_SIMPLE
Triosteum L.,Triosteum ,Triosteum L.,Plantae Tracheophyta Magnoliopsida Dipsacales Caprifoliaceae Triosteum,EXACT_MATCH_PRIMARY_SOURCE_ACCEPTED_SIMPLE
Triosteum angustifolium L.,Triosteum angustifolium,Triosteum angustifolium L.,Plantae Tracheophyta Magnoliopsida Dipsacales Caprifoliaceae Triosteum angustifolium,EXACT_MATCH_PRIMARY_SOURCE_ACCEPTED_SIMPLE
Triosteum aurantiacum E.P. Bicknell,Triosteum aurantiacum,Triosteum aurantiacum E.P. Bicknell,Plantae Tracheophyta Magnoliopsida Dipsacales Caprifoliaceae Triosteum aurantiacum,EXACT_MATCH_PRIMARY_SOURCE_ACCEPTED_SIMPLE
Triosteum perfoliatum L.,Triosteum perfoliatum,Triosteum perfoliatum L.,Plantae Tracheophyta Magnoliopsida Dipsacales Caprifoliaceae Triosteum perfoliatum,EXACT_MATCH_PRIMARY_SOURCE_ACCEPTED_SIMPLE
Triphora Nutt.,Triphora ,Triphora Nutt.,Plantae Tracheophyta Liliopsida Asparagales Orchidaceae Triphora,EXACT_MATCH_PRIMARY_SOURCE_ACCEPTED_AUTHOR_DISAMBIGUATION
Triplasis P. Beauv.,Triplasis ,Triplasis P. Beauv.,Plantae Tracheophyta Liliopsida Poales Poaceae Triplasis,EXACT_MATCH_PRIMARY_SOURCE_ACCEPTED_SIMPLE
Triplasis purpurea (Walter) Chapm.,Triplasis purpurea,Triplasis purpurea (Walter) Chapm.,Plantae Tracheophyta Liliopsida Poales Poaceae Triplasis purpurea,EXACT_MATCH_PRIMARY_SOURCE_ACCEPTED_SIMPLE
Tripsacum L.,Tripsacum ,Tripsacum L.,Plantae Tracheophyta Liliopsida Poales Poaceae Tripsacum,EXACT_MATCH_PRIMARY_SOURCE_ACCEPTED_SIMPLE
Tripsacum dactyloides (L.) L.,Tripsacum dactyloides,Tripsacum dactyloides (L.) L.,Plantae Tracheophyta Liliopsida Poales Poaceae Tripsacum dactyloides,EXACT_MATCH_PRIMARY_SOURCE_ACCEPTED_AUTHOR_DISAMBIGUATION
Trisetum Pers.,Trisetum ,Trisetum Pers.,Plantae Tracheophyta Liliopsida Poales Poaceae Trisetum,EXACT_MATCH_PRIMARY_SOURCE_ACCEPTED_AUTHOR_DISAMBIGUATION
Trisetum spicatum (L.) K. Richt.,Koeleria spicata,Trisetum spicatum (L.) K. Richt.,Plantae Tracheophyta Liliopsida Poales Poaceae Koeleria spicata,EXACT_MATCH_PRIMARY_SOURCE_ACCEPTED_AMONG_SYNONYMS_SIMPLE
Tristagma Poepp.,Tristagma ,Tristagma Poepp.,Plantae Tracheophyta Liliopsida Asparagales Amaryllidaceae Tristagma,EXACT_MATCH_PRIMARY_SOURCE_ACCEPTED_AUTHOR_DISAMBIGUATION
Tristagma uniflorum (Lindl.) Traub,Ipheion uniflorum,Tristagma uniflorum (Lindl.) Traub,Plantae Tracheophyta Liliopsida Asparagales Amaryllidaceae Ipheion uniflorum,EXACT_MATCH_PRIMARY_SOURCE_SYNONYM_SIMPLE
Triticum L.,Triticum ,Triticum L.,Plantae Tracheophyta Liliopsida Poales Poaceae Triticum,EXACT_MATCH_PRIMARY_SOURCE_ACCEPTED_SIMPLE
Triticum aestivum L.,Triticum aestivum,Triticum aestivum L.,Plantae Tracheophyta Liliopsida Poales Poaceae Triticum aestivum,EXACT_MATCH_PRIMARY_SOURCE_ACCEPTED_AMONG_SYNONYMS_SIMPLE
Tropaeolum L.,Tropaeolum ,Tropaeolum L.,Plantae Tracheophyta Magnoliopsida Brassicales Tropaeolaceae Tropaeolum,EXACT_MATCH_PRIMARY_SOURCE_ACCEPTED_SIMPLE
Tropaeolum majus L.,Tropaeolum majus,Tropaeolum majus L.,Plantae Tracheophyta Magnoliopsida Brassicales Tropaeolaceae Tropaeolum majus,EXACT_MATCH_PRIMARY_SOURCE_ACCEPTED_SIMPLE
Tsuga Carrière,Tsuga ,Tsuga Carrière,Plantae Tracheophyta Pinopsida Pinales Pinaceae Tsuga,EXACT_MATCH_PRIMARY_SOURCE_ACCEPTED_SIMPLE
Tsuga canadensis (L.) Carrière,Tsuga canadensis,Tsuga canadensis (L.) Carrière,Plantae Tracheophyta Pinopsida Pinales Pinaceae Tsuga canadensis,EXACT_MATCH_PRIMARY_SOURCE_ACCEPTED_SIMPLE
Tsuga caroliniana Engelm.,Tsuga caroliniana,Tsuga caroliniana Engelm.,Plantae Tracheophyta Pinopsida Pinales Pinaceae Tsuga caroliniana,EXACT_MATCH_PRIMARY_SOURCE_ACCEPTED_SIMPLE
Tussilago L.,Tussilago ,Tussilago L.,Plantae Tracheophyta Magnoliopsida Asterales Asteraceae Tussilago,EXACT_MATCH_PRIMARY_SOURCE_ACCEPTED_SIMPLE
Tussilago farfara L.,Tussilago farfara,Tussilago farfara L.,Plantae Tracheophyta Magnoliopsida Asterales Asteraceae Tussilago farfara,EXACT_MATCH_PRIMARY_SOURCE_ACCEPTED_SIMPLE
Typha L.,Typha ,Typha L.,Plantae Tracheophyta Liliopsida Poales Typhaceae Typha,EXACT_MATCH_PRIMARY_SOURCE_ACCEPTED_AUTHOR_DISAMBIGUATION
Typha angustifolia L.,Typha angustifolia,Typha angustifolia L.,Plantae Tracheophyta Liliopsida Poales Typhaceae Typha angustifolia,EXACT_MATCH_PRIMARY_SOURCE_ACCEPTED_AUTHOR_DISAMBIGUATION
Typha domingensis Pers.,Typha domingensis,Typha domingensis Pers.,Plantae Tracheophyta Liliopsida Poales Typhaceae Typha domingensis,EXACT_MATCH_PRIMARY_SOURCE_ACCEPTED_AUTHOR_DISAMBIGUATION
Typha latifolia L.,Typha latifolia,Typha latifolia L.,Plantae Tracheophyta Liliopsida Poales Typhaceae Typha latifolia,EXACT_MATCH_PRIMARY_SOURCE_ACCEPTED_AUTHOR_DISAMBIGUATION
Typha ×glauca Godr. (pro sp.) [angustifolia or domingensis × latifolia],Typha glauca,Typha ×glauca Godr. (pro sp.) [angustifolia or domingensis × latifolia],Plantae Tracheophyta Liliopsida Poales Typhaceae Typha glauca,EXACT_MATCH_PRIMARY_SOURCE_ACCEPTED_AMONG_SYNONYMS_SIMPLE
Ulex L.,Ulex ,Ulex L.,Plantae Tracheophyta Magnoliopsida Fabales Fabaceae Ulex,EXACT_MATCH_PRIMARY_SOURCE_ACCEPTED_SIMPLE
Ulex europaeus L.,Ulex europaeus,Ulex europaeus L.,Plantae Tracheophyta Magnoliopsida Fabales Fabaceae Ulex europaeus,EXACT_MATCH_PRIMARY_SOURCE_ACCEPTED_AUTHOR_DISAMBIGUATION
Ulmus L.,Ulmus ,Ulmus L.,Plantae Tracheophyta Magnoliopsida Rosales Ulmaceae Ulmus,EXACT_MATCH_PRIMARY_SOURCE_ACCEPTED_AUTHOR_DISAMBIGUATION
Ulmus alata Michx.,Ulmus alata,Ulmus alata Michx.,Plantae Tracheophyta Magnoliopsida Rosales Ulmaceae Ulmus alata,EXACT_MATCH_PRIMARY_SOURCE_ACCEPTED_SIMPLE
Ulmus americana L.,Ulmus americana,Ulmus americana L.,Plantae Tracheophyta Magnoliopsida Rosales Ulmaceae Ulmus americana,EXACT_MATCH_PRIMARY_SOURCE_ACCEPTED_AUTHOR_DISAMBIGUATION
Ulmus glabra Huds.,Ulmus glabra,Ulmus glabra Huds.,Plantae Tracheophyta Magnoliopsida Rosales Ulmaceae Ulmus glabra,EXACT_MATCH_PRIMARY_SOURCE_ACCEPTED_AMONG_SYNONYMS_SIMPLE
Ulmus parvifolia Jacq.,Ulmus parvifolia,Ulmus parvifolia Jacq.,Plantae Tracheophyta Magnoliopsida Rosales Ulmaceae Ulmus parvifolia,EXACT_MATCH_PRIMARY_SOURCE_ACCEPTED_SIMPLE
Ulmus procera Salisb.,Ulmus procera,Ulmus procera Salisb.,Plantae Tracheophyta Magnoliopsida Rosales Ulmaceae Ulmus procera,EXACT_MATCH_PRIMARY_SOURCE_ACCEPTED_AMONG_SYNONYMS_SIMPLE
Ulmus pumila L.,Ulmus pumila,Ulmus pumila L.,Plantae Tracheophyta Magnoliopsida Rosales Ulmaceae Ulmus pumila,EXACT_MATCH_PRIMARY_SOURCE_ACCEPTED_AUTHOR_DISAMBIGUATION
Ulmus rubra Muhl.,Ulmus rubra,Ulmus rubra Muhl.,Plantae Tracheophyta Magnoliopsida Rosales Ulmaceae Ulmus rubra,EXACT_MATCH_PRIMARY_SOURCE_ACCEPTED_AUTHOR_DISAMBIGUATION
Uniola L.,Uniola ,Uniola L.,Plantae Tracheophyta Liliopsida Poales Poaceae Uniola,EXACT_MATCH_PRIMARY_SOURCE_ACCEPTED_SIMPLE
Uniola paniculata L.,Uniola paniculata,Uniola paniculata L.,Plantae Tracheophyta Liliopsida Poales Poaceae Uniola paniculata,EXACT_MATCH_PRIMARY_SOURCE_ACCEPTED_AUTHOR_DISAMBIGUATION
Urochloa P. Beauv.,Urochloa ,Urochloa P. Beauv.,Plantae Tracheophyta Liliopsida Poales Poaceae Urochloa,EXACT_MATCH_PRIMARY_SOURCE_ACCEPTED_SIMPLE
Urochloa adspersa (Trin.) R. Webster,Urochloa adspersa,Urochloa adspersa (Trin.) R. Webster,Plantae Tracheophyta Liliopsida Poales Poaceae Urochloa adspersa,EXACT_MATCH_PRIMARY_SOURCE_ACCEPTED_SIMPLE
Urochloa platyphylla (Munro ex C. Wright) R.D. Webster,Urochloa platyphylla,Urochloa platyphylla (Munro ex C. Wright) R.D. Webster,Plantae Tracheophyta Liliopsida Poales Poaceae Urochloa platyphylla,EXACT_MATCH_PRIMARY_SOURCE_ACCEPTED_SIMPLE
Urochloa ramosa (L.) Nguyen,Urochloa ramosa,Urochloa ramosa (L.) Nguyen,Plantae Tracheophyta Liliopsida Poales Poaceae Urochloa ramosa,EXACT_MATCH_PRIMARY_SOURCE_MULT_ACCEPTED
Urochloa texana (Buckley) R. Webster,Urochloa texana,Urochloa texana (Buckley) R. Webster,Plantae Tracheophyta Liliopsida Poales Poaceae Urochloa texana,EXACT_MATCH_PRIMARY_SOURCE_ACCEPTED_SIMPLE
Urtica L.,Urtica ,Urtica L.,Plantae Tracheophyta Magnoliopsida Rosales Urticaceae Urtica,EXACT_MATCH_PRIMARY_SOURCE_ACCEPTED_AUTHOR_DISAMBIGUATION
Urtica dioica L.,Urtica dioica,Urtica dioica L.,Plantae Tracheophyta Magnoliopsida Rosales Urticaceae Urtica dioica,EXACT_MATCH_PRIMARY_SOURCE_ACCEPTED_AMONG_SYNONYMS_SIMPLE
Urtica urens L.,Urtica urens,Urtica urens L.,Plantae Tracheophyta Magnoliopsida Rosales Urticaceae Urtica urens,EXACT_MATCH_PRIMARY_SOURCE_ACCEPTED_AMONG_SYNONYMS_SIMPLE
Usnea Dill. ex Adans.,Usnea ,Usnea Dill. ex Adans.,Fungi Ascomycota Lecanoromycetes Lecanorales Parmeliaceae Usnea,EXACT_MATCH_PRIMARY_SOURCE_ACCEPTED_SIMPLE
Utricularia L.,Utricularia ,Utricularia L.,Plantae Tracheophyta Magnoliopsida Lamiales Lentibulariaceae Utricularia,EXACT_MATCH_PRIMARY_SOURCE_ACCEPTED_SIMPLE
Utricularia cornuta Michx.,Utricularia cornuta,Utricularia cornuta Michx.,Plantae Tracheophyta Magnoliopsida Lamiales Lentibulariaceae Utricularia cornuta,EXACT_MATCH_PRIMARY_SOURCE_ACCEPTED_SIMPLE
Utricularia geminiscapa Benj.,Utricularia geminiscapa,Utricularia geminiscapa Benj.,Plantae Tracheophyta Magnoliopsida Lamiales Lentibulariaceae Utricularia geminiscapa,EXACT_MATCH_PRIMARY_SOURCE_ACCEPTED_SIMPLE
Utricularia gibba L.,Utricularia gibba,Utricularia gibba L.,Plantae Tracheophyta Magnoliopsida Lamiales Lentibulariaceae Utricularia gibba,EXACT_MATCH_PRIMARY_SOURCE_ACCEPTED_AMONG_SYNONYMS_SIMPLE
Utricularia inflata Walter,Utricularia inflata,Utricularia inflata Walter,Plantae Tracheophyta Magnoliopsida Lamiales Lentibulariaceae Utricularia inflata,EXACT_MATCH_PRIMARY_SOURCE_ACCEPTED_AMONG_SYNONYMS_SIMPLE
Utricularia juncea Vahl,Utricularia juncea,Utricularia juncea Vahl,Plantae Tracheophyta Magnoliopsida Lamiales Lentibulariaceae Utricularia juncea,EXACT_MATCH_PRIMARY_SOURCE_ACCEPTED_AMONG_SYNONYMS_SIMPLE
Utricularia macrorhiza Leconte,Utricularia macrorhiza,Utricularia macrorhiza Leconte,Plantae Tracheophyta Magnoliopsida Lamiales Lentibulariaceae Utricularia macrorhiza,EXACT_MATCH_PRIMARY_SOURCE_ACCEPTED_AUTHOR_DISAMBIGUATION
Utricularia olivacea C. Wright ex Griseb.,Utricularia olivacea,Utricularia olivacea C. Wright ex Griseb.,Plantae Tracheophyta Magnoliopsida Lamiales Lentibulariaceae Utricularia olivacea,EXACT_MATCH_PRIMARY_SOURCE_MULT_ACCEPTED
Utricularia purpurea Walter,Utricularia purpurea,Utricularia purpurea Walter,Plantae Tracheophyta Magnoliopsida Lamiales Lentibulariaceae Utricularia purpurea,EXACT_MATCH_PRIMARY_SOURCE_ACCEPTED_AMONG_SYNONYMS_SIMPLE
Utricularia radiata Small,Utricularia radiata,Utricularia radiata Small,Plantae Tracheophyta Magnoliopsida Lamiales Lentibulariaceae Utricularia radiata,EXACT_MATCH_PRIMARY_SOURCE_ACCEPTED_SIMPLE
Utricularia striata Leconte ex Torr.,Utricularia striata,Utricularia striata Leconte ex Torr.,Plantae Tracheophyta Magnoliopsida Lamiales Lentibulariaceae Utricularia striata,EXACT_MATCH_PRIMARY_SOURCE_ACCEPTED_AUTHOR_DISAMBIGUATION
Utricularia subulata L.,Utricularia subulata,Utricularia subulata L.,Plantae Tracheophyta Magnoliopsida Lamiales Lentibulariaceae Utricularia subulata,EXACT_MATCH_PRIMARY_SOURCE_ACCEPTED_SIMPLE
Uvularia L.,Uvularia ,Uvularia L.,Plantae Tracheophyta Liliopsida Liliales Colchicaceae Uvularia,EXACT_MATCH_PRIMARY_SOURCE_ACCEPTED_SIMPLE
Uvularia grandiflora Sm.,Uvularia grandiflora,Uvularia grandiflora Sm.,Plantae Tracheophyta Liliopsida Liliales Colchicaceae Uvularia grandiflora,EXACT_MATCH_PRIMARY_SOURCE_ACCEPTED_SIMPLE
Uvularia perfoliata L.,Uvularia perfoliata,Uvularia perfoliata L.,Plantae Tracheophyta Liliopsida Liliales Colchicaceae Uvularia perfoliata,EXACT_MATCH_PRIMARY_SOURCE_ACCEPTED_SIMPLE
Uvularia puberula Michx.,Uvularia puberula,Uvularia puberula Michx.,Plantae Tracheophyta Liliopsida Liliales Colchicaceae Uvularia puberula,EXACT_MATCH_PRIMARY_SOURCE_ACCEPTED_AMONG_SYNONYMS_SIMPLE
Uvularia sessilifolia L.,Uvularia sessilifolia,Uvularia sessilifolia L.,Plantae Tracheophyta Liliopsida Liliales Colchicaceae Uvularia sessilifolia,EXACT_MATCH_PRIMARY_SOURCE_ACCEPTED_SIMPLE
Vaccaria hispanica (Mill.) Rauschert,Gypsophila vaccaria,Vaccaria hispanica (Mill.) Rauschert,Plantae Tracheophyta Magnoliopsida Caryophyllales Caryophyllaceae Gypsophila vaccaria,EXACT_MATCH_PRIMARY_SOURCE_SYNONYM_SIMPLE
Vaccinium L.,Vaccinium ,Vaccinium L.,Plantae Tracheophyta Magnoliopsida Ericales Ericaceae Vaccinium,EXACT_MATCH_PRIMARY_SOURCE_ACCEPTED_SIMPLE
Vaccinium angustifolium Aiton,Vaccinium angustifolium,Vaccinium angustifolium Aiton,Plantae Tracheophyta Magnoliopsida Ericales Ericaceae Vaccinium angustifolium,EXACT_MATCH_PRIMARY_SOURCE_ACCEPTED_AUTHOR_DISAMBIGUATION
Vaccinium arboreum Marshall,Vaccinium arboreum,Vaccinium arboreum Marshall,Plantae Tracheophyta Magnoliopsida Ericales Ericaceae Vaccinium arboreum,EXACT_MATCH_PRIMARY_SOURCE_ACCEPTED_AMONG_SYNONYMS_SIMPLE
Vaccinium caesariense Mack.,Vaccinium caesariense,Vaccinium caesariense Mack.,Plantae Tracheophyta Magnoliopsida Ericales Ericaceae Vaccinium caesariense,EXACT_MATCH_PRIMARY_SOURCE_ACCEPTED_SIMPLE
Vaccinium corymbosum L.,Vaccinium corymbosum,Vaccinium corymbosum L.,Plantae Tracheophyta Magnoliopsida Ericales Ericaceae Vaccinium corymbosum,EXACT_MATCH_PRIMARY_SOURCE_ACCEPTED_AMONG_SYNONYMS_SIMPLE
Vaccinium crassifolium Andrews,Vaccinium crassifolium,Vaccinium crassifolium Andrews,Plantae Tracheophyta Magnoliopsida Ericales Ericaceae Vaccinium crassifolium,EXACT_MATCH_PRIMARY_SOURCE_ACCEPTED_SIMPLE
Vaccinium erythrocarpum Michx.,Vaccinium erythrocarpum,Vaccinium erythrocarpum Michx.,Plantae Tracheophyta Magnoliopsida Ericales Ericaceae Vaccinium erythrocarpum,EXACT_MATCH_PRIMARY_SOURCE_ACCEPTED_SIMPLE
Vaccinium macrocarpon Aiton,Vaccinium macrocarpon,Vaccinium macrocarpon Aiton,Plantae Tracheophyta Magnoliopsida Ericales Ericaceae Vaccinium macrocarpon,EXACT_MATCH_PRIMARY_SOURCE_ACCEPTED_SIMPLE
Vaccinium myrtilloides Michx.,Vaccinium myrtilloides,Vaccinium myrtilloides Michx.,Plantae Tracheophyta Magnoliopsida Ericales Ericaceae Vaccinium myrtilloides,EXACT_MATCH_PRIMARY_SOURCE_ACCEPTED_AUTHOR_DISAMBIGUATION
Vaccinium oxycoccos L.,Vaccinium oxycoccos,Vaccinium oxycoccos L.,Plantae Tracheophyta Magnoliopsida Ericales Ericaceae Vaccinium oxycoccos,EXACT_MATCH_PRIMARY_SOURCE_ACCEPTED_AMONG_SYNONYMS_SIMPLE
Vaccinium pallidum Aiton,Vaccinium pallidum,Vaccinium pallidum Aiton,Plantae Tracheophyta Magnoliopsida Ericales Ericaceae Vaccinium pallidum,EXACT_MATCH_PRIMARY_SOURCE_ACCEPTED_SIMPLE
Vaccinium stamineum L.,Vaccinium stamineum,Vaccinium stamineum L.,Plantae Tracheophyta Magnoliopsida Ericales Ericaceae Vaccinium stamineum,EXACT_MATCH_PRIMARY_SOURCE_ACCEPTED_SIMPLE
Vaccinium tenellum Aiton,Vaccinium tenellum,Vaccinium tenellum Aiton,Plantae Tracheophyta Magnoliopsida Ericales Ericaceae Vaccinium tenellum,EXACT_MATCH_PRIMARY_SOURCE_ACCEPTED_AMONG_SYNONYMS_SIMPLE
Vaccinium ×carolinianum Ashe (pro sp.) [pallidum × simulatum],Vaccinium carolinianum,Vaccinium ×carolinianum Ashe (pro sp.) [pallidum × simulatum],Plantae Tracheophyta Magnoliopsida Ericales Ericaceae Vaccinium carolinianum,EXACT_MATCH_PRIMARY_SOURCE_ACCEPTED_SIMPLE
Vaccinium ×marianum S. Watson (pro sp.) [formosum × fuscatum × pallidum],Vaccinium marianum,Vaccinium ×marianum S. Watson (pro sp.) [formosum × fuscatum × pallidum],Plantae Tracheophyta Magnoliopsida Ericales Ericaceae Vaccinium marianum,EXACT_MATCH_PRIMARY_SOURCE_ACCEPTED_AMONG_SYNONYMS_SIMPLE
Vachellia Wight & Arn.,Vachellia ,Vachellia Wight & Arn.,Plantae Tracheophyta Magnoliopsida Fabales Fabaceae Vachellia,EXACT_MATCH_PRIMARY_SOURCE_ACCEPTED_SIMPLE
Vachellia constricta (Benth.) Seigler & Ebinger,Vachellia constricta,Vachellia constricta (Benth.) Seigler & Ebinger,Plantae Tracheophyta Magnoliopsida Fabales Fabaceae Vachellia constricta,EXACT_MATCH_PRIMARY_SOURCE_ACCEPTED_SIMPLE
Valeriana L.,Valeriana ,Valeriana L.,Plantae Tracheophyta Magnoliopsida Dipsacales Caprifoliaceae Valeriana,EXACT_MATCH_PRIMARY_SOURCE_ACCEPTED_SIMPLE
Valeriana pauciflora Michx.,Valeriana pauciflora,Valeriana pauciflora Michx.,Plantae Tracheophyta Magnoliopsida Dipsacales Caprifoliaceae Valeriana pauciflora,EXACT_MATCH_PRIMARY_SOURCE_ACCEPTED_AMONG_SYNONYMS_SIMPLE
Valerianella Mill.,Valerianella ,Valerianella Mill.,Plantae Tracheophyta Magnoliopsida Dipsacales Caprifoliaceae Valerianella,EXACT_MATCH_PRIMARY_SOURCE_ACCEPTED_AUTHOR_DISAMBIGUATION
Valerianella locusta (L.) Lat.,Valerianella locusta,Valerianella locusta (L.) Lat.,Plantae Tracheophyta Magnoliopsida Dipsacales Caprifoliaceae Valerianella locusta,EXACT_MATCH_PRIMARY_SOURCE_ACCEPTED_AMONG_SYNONYMS_SIMPLE
Valerianella radiata (L.) Dufr.,Valerianella radiata,Valerianella radiata (L.) Dufr.,Plantae Tracheophyta Magnoliopsida Dipsacales Caprifoliaceae Valerianella radiata,EXACT_MATCH_PRIMARY_SOURCE_ACCEPTED_SIMPLE
Valerianella umbilicata (Sull.) Alph. Wood,Valerianella umbilicata,Valerianella umbilicata (Sull.) Alph. Wood,Plantae Tracheophyta Magnoliopsida Dipsacales Caprifoliaceae Valerianella umbilicata,EXACT_MATCH_PRIMARY_SOURCE_ACCEPTED_SIMPLE
Vallisneria L.,Vallisneria ,Vallisneria L.,Plantae Tracheophyta Liliopsida Alismatales Hydrocharitaceae Vallisneria,EXACT_MATCH_PRIMARY_SOURCE_ACCEPTED_SIMPLE
Vallisneria americana Michx.,Vallisneria americana,Vallisneria americana Michx.,Plantae Tracheophyta Liliopsida Alismatales Hydrocharitaceae Vallisneria americana,EXACT_MATCH_PRIMARY_SOURCE_ACCEPTED_SIMPLE
Veratrum L.,Veratrum ,Veratrum L.,Plantae Tracheophyta Liliopsida Liliales Melanthiaceae Veratrum,EXACT_MATCH_PRIMARY_SOURCE_ACCEPTED_SIMPLE
Veratrum hybridum (Walter) J.H. Zimmerman ex Zomlefer,Veratrum hybridum,Veratrum hybridum (Walter) J.H. Zimmerman ex Zomlefer,Plantae Tracheophyta Liliopsida Liliales Melanthiaceae Veratrum hybridum,EXACT_MATCH_PRIMARY_SOURCE_ACCEPTED_AMONG_SYNONYMS_SIMPLE
Veratrum virginicum (L.) W.T. Aiton,Melanthium virginicum,Veratrum virginicum (L.) W.T. Aiton,Plantae Tracheophyta Liliopsida Liliales Melanthiaceae Melanthium virginicum,EXACT_MATCH_PRIMARY_SOURCE_SYNONYM_SIMPLE
Veratrum viride Aiton,Veratrum viride,Veratrum viride Aiton,Plantae Tracheophyta Liliopsida Liliales Melanthiaceae Veratrum viride,EXACT_MATCH_PRIMARY_SOURCE_ACCEPTED_AMONG_SYNONYMS_SIMPLE
Verbascum L.,Verbascum ,Verbascum L.,Plantae Tracheophyta Magnoliopsida Lamiales Scrophulariaceae Verbascum,EXACT_MATCH_PRIMARY_SOURCE_ACCEPTED_SIMPLE
Verbascum blattaria L.,Verbascum blattaria,Verbascum blattaria L.,Plantae Tracheophyta Magnoliopsida Lamiales Scrophulariaceae Verbascum blattaria,EXACT_MATCH_PRIMARY_SOURCE_ACCEPTED_AMONG_SYNONYMS_SIMPLE
Verbascum lychnitis L.,Verbascum lychnitis,Verbascum lychnitis L.,Plantae Tracheophyta Magnoliopsida Lamiales Scrophulariaceae Verbascum lychnitis,EXACT_MATCH_PRIMARY_SOURCE_ACCEPTED_AMONG_SYNONYMS_SIMPLE
Verbascum phlomoides L.,Verbascum phlomoides,Verbascum phlomoides L.,Plantae Tracheophyta Magnoliopsida Lamiales Scrophulariaceae Verbascum phlomoides,EXACT_MATCH_PRIMARY_SOURCE_ACCEPTED_AMONG_SYNONYMS_SIMPLE
Verbena L.,Verbena ,Verbena L.,Plantae Tracheophyta Magnoliopsida Lamiales Verbenaceae Verbena,EXACT_MATCH_PRIMARY_SOURCE_ACCEPTED_SIMPLE
Verbena bonariensis L.,Verbena bonariensis,Verbena bonariensis L.,Plantae Tracheophyta Magnoliopsida Lamiales Verbenaceae Verbena bonariensis,EXACT_MATCH_PRIMARY_SOURCE_ACCEPTED_AMONG_SYNONYMS_SIMPLE
Verbena bracteata Cav. ex Lag. & Rodr.,Verbena bracteata,Verbena bracteata Cav. ex Lag. & Rodr.,Plantae Tracheophyta Magnoliopsida Lamiales Verbenaceae Verbena bracteata,EXACT_MATCH_PRIMARY_SOURCE_ACCEPTED_AMONG_SYNONYMS_SIMPLE
Verbena brasiliensis Vell.,Verbena brasiliensis,Verbena brasiliensis Vell.,Plantae Tracheophyta Magnoliopsida Lamiales Verbenaceae Verbena brasiliensis,EXACT_MATCH_PRIMARY_SOURCE_ACCEPTED_SIMPLE
Verbena hastata L.,Verbena hastata,Verbena hastata L.,Plantae Tracheophyta Magnoliopsida Lamiales Verbenaceae Verbena hastata,EXACT_MATCH_PRIMARY_SOURCE_ACCEPTED_SIMPLE
Verbena incompta P.W. Michael,Verbena incompta,Verbena incompta P.W. Michael,Plantae Tracheophyta Magnoliopsida Lamiales Verbenaceae Verbena incompta,EXACT_MATCH_PRIMARY_SOURCE_ACCEPTED_SIMPLE
Verbena officinalis L.,Verbena officinalis,Verbena officinalis L.,Plantae Tracheophyta Magnoliopsida Lamiales Verbenaceae Verbena officinalis,EXACT_MATCH_PRIMARY_SOURCE_ACCEPTED_SIMPLE
Verbena rigida Spreng.,Verbena rigida,Verbena rigida Spreng.,Plantae Tracheophyta Magnoliopsida Lamiales Verbenaceae Verbena rigida,EXACT_MATCH_PRIMARY_SOURCE_ACCEPTED_SIMPLE
Verbena riparia Raf. ex Small & A. Heller,Verbena riparia,Verbena riparia Raf. ex Small & A. Heller,Plantae Tracheophyta Magnoliopsida Lamiales Verbenaceae Verbena riparia,EXACT_MATCH_PRIMARY_SOURCE_ACCEPTED_AMONG_SYNONYMS_SIMPLE
Verbena scabra Vahl,Verbena scabra,Verbena scabra Vahl,Plantae Tracheophyta Magnoliopsida Lamiales Verbenaceae Verbena scabra,EXACT_MATCH_PRIMARY_SOURCE_ACCEPTED_AUTHOR_DISAMBIGUATION
Verbena simplex Lehm.,Verbena simplex,Verbena simplex Lehm.,Plantae Tracheophyta Magnoliopsida Lamiales Verbenaceae Verbena simplex,EXACT_MATCH_PRIMARY_SOURCE_ACCEPTED_SIMPLE
Verbena urticifolia L.,Verbena urticifolia,Verbena urticifolia L.,Plantae Tracheophyta Magnoliopsida Lamiales Verbenaceae Verbena urticifolia,EXACT_MATCH_PRIMARY_SOURCE_ACCEPTED_SIMPLE
Verbena ×blanchardii Moldenke [hastata × simplex],Verbena blanchardii,Verbena ×blanchardii Moldenke [hastata × simplex],Plantae Tracheophyta Magnoliopsida Lamiales Verbenaceae Verbena blanchardii,EXACT_MATCH_PRIMARY_SOURCE_ACCEPTED_SIMPLE
Verbena ×engelmannii Moldenke [hastata × urticifolia],Verbena engelmannii,Verbena ×engelmannii Moldenke [hastata × urticifolia],Plantae Tracheophyta Magnoliopsida Lamiales Verbenaceae Verbena engelmannii,EXACT_MATCH_PRIMARY_SOURCE_ACCEPTED_SIMPLE
Verbesina L.,Verbesina ,Verbesina L.,Plantae Tracheophyta Magnoliopsida Asterales Asteraceae Verbesina,EXACT_MATCH_PRIMARY_SOURCE_ACCEPTED_SIMPLE
Verbesina alternifolia (L.) Britton ex Kearney,Verbesina alternifolia,Verbesina alternifolia (L.) Britton ex Kearney,Plantae Tracheophyta Magnoliopsida Asterales Asteraceae Verbesina alternifolia,EXACT_MATCH_PRIMARY_SOURCE_ACCEPTED_AMONG_SYNONYMS_SIMPLE
Verbesina occidentalis (L.) Walter,Verbesina occidentalis,Verbesina occidentalis (L.) Walter,Plantae Tracheophyta Magnoliopsida Asterales Asteraceae Verbesina occidentalis,EXACT_MATCH_PRIMARY_SOURCE_ACCEPTED_SIMPLE
Verbesina virginica L.,Verbesina virginica,Verbesina virginica L.,Plantae Tracheophyta Magnoliopsida Asterales Asteraceae Verbesina virginica,EXACT_MATCH_PRIMARY_SOURCE_ACCEPTED_SIMPLE
Vernonia Schreb.,Vernonia ,Vernonia Schreb.,Plantae Tracheophyta Magnoliopsida Asterales Asteraceae Vernonia,EXACT_MATCH_PRIMARY_SOURCE_ACCEPTED_AUTHOR_DISAMBIGUATION
Vernonia gigantea (Walter) Trel.,Vernonia gigantea,Vernonia gigantea (Walter) Trel.,Plantae Tracheophyta Magnoliopsida Asterales Asteraceae Vernonia gigantea,EXACT_MATCH_PRIMARY_SOURCE_ACCEPTED_AMONG_SYNONYMS_SIMPLE
Vernonia glauca (L.) Willd.,Vernonia glauca,Vernonia glauca (L.) Willd.,Plantae Tracheophyta Magnoliopsida Asterales Asteraceae Vernonia glauca,EXACT_MATCH_PRIMARY_SOURCE_ACCEPTED_AMONG_SYNONYMS_SIMPLE
Vernonia noveboracensis (L.) Michx.,Vernonia noveboracensis,Vernonia noveboracensis (L.) Michx.,Plantae Tracheophyta Magnoliopsida Asterales Asteraceae Vernonia noveboracensis,EXACT_MATCH_PRIMARY_SOURCE_ACCEPTED_AMONG_SYNONYMS_SIMPLE
Veronica L.,Veronica ,Veronica L.,Plantae Tracheophyta Magnoliopsida Lamiales Plantaginaceae Veronica,EXACT_MATCH_PRIMARY_SOURCE_ACCEPTED_SIMPLE
Veronica agrestis L.,Veronica agrestis,Veronica agrestis L.,Plantae Tracheophyta Magnoliopsida Lamiales Plantaginaceae Veronica agrestis,EXACT_MATCH_PRIMARY_SOURCE_ACCEPTED_AMONG_SYNONYMS_SIMPLE
Veronica americana Schwein. ex Benth.,Veronica americana,Veronica americana Schwein. ex Benth.,Plantae Tracheophyta Magnoliopsida Lamiales Plantaginaceae Veronica americana,EXACT_MATCH_PRIMARY_SOURCE_ACCEPTED_AMONG_SYNONYMS_SIMPLE
Veronica anagallis-aquatica L.,Veronica anagallis-aquatica,Veronica anagallis-aquatica L.,Plantae Tracheophyta Magnoliopsida Lamiales Plantaginaceae Veronica anagallis-aquatica,EXACT_MATCH_PRIMARY_SOURCE_ACCEPTED_SIMPLE
Veronica arvensis L.,Veronica arvensis,Veronica arvensis L.,Plantae Tracheophyta Magnoliopsida Lamiales Plantaginaceae Veronica arvensis,EXACT_MATCH_PRIMARY_SOURCE_ACCEPTED_AUTHOR_DISAMBIGUATION
Veronica beccabunga L.,Veronica beccabunga,Veronica beccabunga L.,Plantae Tracheophyta Magnoliopsida Lamiales Plantaginaceae Veronica beccabunga,EXACT_MATCH_PRIMARY_SOURCE_ACCEPTED_AMONG_SYNONYMS_SIMPLE
Veronica chamaedrys L.,Veronica chamaedrys,Veronica chamaedrys L.,Plantae Tracheophyta Magnoliopsida Lamiales Plantaginaceae Veronica chamaedrys,EXACT_MATCH_PRIMARY_SOURCE_ACCEPTED_AMONG_SYNONYMS_SIMPLE
Veronica dillenii Crantz,Veronica dillenii,Veronica dillenii Crantz,Plantae Tracheophyta Magnoliopsida Lamiales Plantaginaceae Veronica dillenii,EXACT_MATCH_PRIMARY_SOURCE_ACCEPTED_SIMPLE
Veronica hederifolia L.,Veronica hederifolia,Veronica hederifolia L.,Plantae Tracheophyta Magnoliopsida Lamiales Plantaginaceae Veronica hederifolia,EXACT_MATCH_PRIMARY_SOURCE_ACCEPTED_AUTHOR_DISAMBIGUATION
Veronica officinalis L.,Veronica officinalis,Veronica officinalis L.,Plantae Tracheophyta Magnoliopsida Lamiales Plantaginaceae Veronica officinalis,EXACT_MATCH_PRIMARY_SOURCE_ACCEPTED_SIMPLE
Veronica peregrina L.,Veronica peregrina,Veronica peregrina L.,Plantae Tracheophyta Magnoliopsida Lamiales Plantaginaceae Veronica peregrina,EXACT_MATCH_PRIMARY_SOURCE_ACCEPTED_AMONG_SYNONYMS_SIMPLE
Veronica persica Poir.,Veronica persica,Veronica persica Poir.,Plantae Tracheophyta Magnoliopsida Lamiales Plantaginaceae Veronica persica,EXACT_MATCH_PRIMARY_SOURCE_ACCEPTED_SIMPLE
Veronica polita Fr.,Veronica polita,Veronica polita Fr.,Plantae Tracheophyta Magnoliopsida Lamiales Plantaginaceae Veronica polita,EXACT_MATCH_PRIMARY_SOURCE_ACCEPTED_SIMPLE
Veronica scutellata L.,Veronica scutellata,Veronica scutellata L.,Plantae Tracheophyta Magnoliopsida Lamiales Plantaginaceae Veronica scutellata,EXACT_MATCH_PRIMARY_SOURCE_ACCEPTED_SIMPLE
Veronica serpyllifolia L.,Veronica serpyllifolia,Veronica serpyllifolia L.,Plantae Tracheophyta Magnoliopsida Lamiales Plantaginaceae Veronica serpyllifolia,EXACT_MATCH_PRIMARY_SOURCE_ACCEPTED_AUTHOR_DISAMBIGUATION
Veronicastrum Heist. ex Fabr.,Veronicastrum ,Veronicastrum Heist. ex Fabr.,Plantae Tracheophyta Magnoliopsida Lamiales Plantaginaceae Veronicastrum,EXACT_MATCH_PRIMARY_SOURCE_ACCEPTED_AUTHOR_DISAMBIGUATION
Veronicastrum virginicum (L.) Farw.,Veronicastrum virginicum,Veronicastrum virginicum (L.) Farw.,Plantae Tracheophyta Magnoliopsida Lamiales Plantaginaceae Veronicastrum virginicum,EXACT_MATCH_PRIMARY_SOURCE_ACCEPTED_SIMPLE
Viburnum L.,Viburnum ,Viburnum L.,Plantae Tracheophyta Magnoliopsida Dipsacales Viburnaceae Viburnum,EXACT_MATCH_PRIMARY_SOURCE_ACCEPTED_SIMPLE
Viburnum acerifolium L.,Viburnum acerifolium,Viburnum acerifolium L.,Plantae Tracheophyta Magnoliopsida Dipsacales Viburnaceae Viburnum acerifolium,EXACT_MATCH_PRIMARY_SOURCE_ACCEPTED_AMONG_SYNONYMS_SIMPLE
Viburnum dentatum L.,Viburnum dentatum,Viburnum dentatum L.,Plantae Tracheophyta Magnoliopsida Dipsacales Viburnaceae Viburnum dentatum,EXACT_MATCH_PRIMARY_SOURCE_ACCEPTED_AMONG_SYNONYMS_SIMPLE
Viburnum dilatatum Thunb.,Viburnum dilatatum,Viburnum dilatatum Thunb.,Plantae Tracheophyta Magnoliopsida Dipsacales Viburnaceae Viburnum dilatatum,EXACT_MATCH_PRIMARY_SOURCE_ACCEPTED_SIMPLE
Viburnum lantana L.,Viburnum lantana,Viburnum lantana L.,Plantae Tracheophyta Magnoliopsida Dipsacales Viburnaceae Viburnum lantana,EXACT_MATCH_PRIMARY_SOURCE_ACCEPTED_AMONG_SYNONYMS_SIMPLE
Viburnum lantanoides Michx.,Viburnum lantanoides,Viburnum lantanoides Michx.,Plantae Tracheophyta Magnoliopsida Dipsacales Viburnaceae Viburnum lantanoides,EXACT_MATCH_PRIMARY_SOURCE_ACCEPTED_AMONG_SYNONYMS_SIMPLE
Viburnum lentago L.,Viburnum lentago,Viburnum lentago L.,Plantae Tracheophyta Magnoliopsida Dipsacales Viburnaceae Viburnum lentago,EXACT_MATCH_PRIMARY_SOURCE_ACCEPTED_AUTHOR_DISAMBIGUATION
Viburnum nudum L.,Viburnum nudum,Viburnum nudum L.,Plantae Tracheophyta Magnoliopsida Dipsacales Viburnaceae Viburnum nudum,EXACT_MATCH_PRIMARY_SOURCE_ACCEPTED_SIMPLE
Viburnum opulus L.,Viburnum opulus,Viburnum opulus L.,Plantae Tracheophyta Magnoliopsida Dipsacales Viburnaceae Viburnum opulus,EXACT_MATCH_PRIMARY_SOURCE_ACCEPTED_SIMPLE
Viburnum prunifolium L.,Viburnum prunifolium,Viburnum prunifolium L.,Plantae Tracheophyta Magnoliopsida Dipsacales Viburnaceae Viburnum prunifolium,EXACT_MATCH_PRIMARY_SOURCE_ACCEPTED_SIMPLE
Viburnum rafinesqueanum Schult.,Viburnum rafinesqueanum,Viburnum rafinesqueanum Schult.,Plantae Tracheophyta Magnoliopsida Dipsacales Viburnaceae Viburnum rafinesqueanum,EXACT_MATCH_PRIMARY_SOURCE_ACCEPTED_SIMPLE
Viburnum recognitum Fernald,Viburnum recognitum,Viburnum recognitum Fernald,Plantae Tracheophyta Magnoliopsida Dipsacales Viburnaceae Viburnum recognitum,EXACT_MATCH_PRIMARY_SOURCE_ACCEPTED_SIMPLE
Viburnum rufidulum Raf.,Viburnum rufidulum,Viburnum rufidulum Raf.,Plantae Tracheophyta Magnoliopsida Dipsacales Viburnaceae Viburnum rufidulum,EXACT_MATCH_PRIMARY_SOURCE_ACCEPTED_SIMPLE
Viburnum sieboldii Miq.,Viburnum sieboldii,Viburnum sieboldii Miq.,Plantae Tracheophyta Magnoliopsida Dipsacales Viburnaceae Viburnum sieboldii,EXACT_MATCH_PRIMARY_SOURCE_ACCEPTED_SIMPLE
Vicia L.,Vicia ,Vicia L.,Plantae Tracheophyta Magnoliopsida Fabales Fabaceae Vicia,EXACT_MATCH_PRIMARY_SOURCE_ACCEPTED_SIMPLE
Vicia americana Muhl. ex Willd.,Vicia americana,Vicia americana Muhl. ex Willd.,Plantae Tracheophyta Magnoliopsida Fabales Fabaceae Vicia americana,EXACT_MATCH_PRIMARY_SOURCE_ACCEPTED_AMONG_SYNONYMS_SIMPLE
Vicia caroliniana Walter,Vicia caroliniana,Vicia caroliniana Walter,Plantae Tracheophyta Magnoliopsida Fabales Fabaceae Vicia caroliniana,EXACT_MATCH_PRIMARY_SOURCE_ACCEPTED_SIMPLE
Vicia cracca L.,Vicia cracca,Vicia cracca L.,Plantae Tracheophyta Magnoliopsida Fabales Fabaceae Vicia cracca,EXACT_MATCH_PRIMARY_SOURCE_ACCEPTED_AUTHOR_DISAMBIGUATION
Vicia faba L.,Vicia faba,Vicia faba L.,Plantae Tracheophyta Magnoliopsida Fabales Fabaceae Vicia faba,EXACT_MATCH_PRIMARY_SOURCE_ACCEPTED_SIMPLE
Vicia grandiflora Scop.,Vicia grandiflora,Vicia grandiflora Scop.,Plantae Tracheophyta Magnoliopsida Fabales Fabaceae Vicia grandiflora,EXACT_MATCH_PRIMARY_SOURCE_ACCEPTED_AMONG_SYNONYMS_SIMPLE
Vicia hirsuta (L.) Gray,Vicia hirsuta,Vicia hirsuta (L.) Gray,Plantae Tracheophyta Magnoliopsida Fabales Fabaceae Vicia hirsuta,EXACT_MATCH_PRIMARY_SOURCE_ACCEPTED_AUTHOR_DISAMBIGUATION
Vicia lathyroides L.,Vicia lathyroides,Vicia lathyroides L.,Plantae Tracheophyta Magnoliopsida Fabales Fabaceae Vicia lathyroides,EXACT_MATCH_PRIMARY_SOURCE_ACCEPTED_AUTHOR_DISAMBIGUATION
Vicia sativa L.,Vicia sativa,Vicia sativa L.,Plantae Tracheophyta Magnoliopsida Fabales Fabaceae Vicia sativa,EXACT_MATCH_PRIMARY_SOURCE_ACCEPTED_AUTHOR_DISAMBIGUATION
Vicia tetrasperma (L.) Schreb.,Vicia tetrasperma,Vicia tetrasperma (L.) Schreb.,Plantae Tracheophyta Magnoliopsida Fabales Fabaceae Vicia tetrasperma,EXACT_MATCH_PRIMARY_SOURCE_ACCEPTED_AMONG_SYNONYMS_SIMPLE
Vicia villosa Roth,Vicia villosa,Vicia villosa Roth,Plantae Tracheophyta Magnoliopsida Fabales Fabaceae Vicia villosa,EXACT_MATCH_PRIMARY_SOURCE_ACCEPTED_AMONG_SYNONYMS_SIMPLE
Vigna Savi,Vigna ,Vigna Savi,Plantae Tracheophyta Magnoliopsida Fabales Fabaceae Vigna,EXACT_MATCH_PRIMARY_SOURCE_ACCEPTED_SIMPLE
Vigna luteola (Jacq.) Benth.,Vigna luteola,Vigna luteola (Jacq.) Benth.,Plantae Tracheophyta Magnoliopsida Fabales Fabaceae Vigna luteola,EXACT_MATCH_PRIMARY_SOURCE_ACCEPTED_SIMPLE
Vigna radiata (L.) R. Wilczek,Vigna radiata,Vigna radiata (L.) R. Wilczek,Plantae Tracheophyta Magnoliopsida Fabales Fabaceae Vigna radiata,EXACT_MATCH_PRIMARY_SOURCE_ACCEPTED_SIMPLE
Vigna unguiculata (L.) Walp.,Vigna unguiculata,Vigna unguiculata (L.) Walp.,Plantae Tracheophyta Magnoliopsida Fabales Fabaceae Vigna unguiculata,EXACT_MATCH_PRIMARY_SOURCE_ACCEPTED_AUTHOR_DISAMBIGUATION
Vinca L.,Vinca ,Vinca L.,Plantae Tracheophyta Magnoliopsida Gentianales Apocynaceae Vinca,EXACT_MATCH_PRIMARY_SOURCE_ACCEPTED_SIMPLE
Vinca major L.,Vinca major,Vinca major L.,Plantae Tracheophyta Magnoliopsida Gentianales Apocynaceae Vinca major,EXACT_MATCH_PRIMARY_SOURCE_ACCEPTED_AMONG_SYNONYMS_SIMPLE
Vinca minor L.,Vinca minor,Vinca minor L.,Plantae Tracheophyta Magnoliopsida Gentianales Apocynaceae Vinca minor,EXACT_MATCH_PRIMARY_SOURCE_ACCEPTED_AUTHOR_DISAMBIGUATION
Viola L.,Viola ,Viola L.,Plantae Tracheophyta Magnoliopsida Malpighiales Violaceae Viola,EXACT_MATCH_PRIMARY_SOURCE_ACCEPTED_AUTHOR_DISAMBIGUATION
Viola affinis Leconte,Viola affinis,Viola affinis Leconte,Plantae Tracheophyta Magnoliopsida Malpighiales Violaceae Viola affinis,EXACT_MATCH_PRIMARY_SOURCE_ACCEPTED_SIMPLE
Viola arvensis Murray,Viola arvensis,Viola arvensis Murray,Plantae Tracheophyta Magnoliopsida Malpighiales Violaceae Viola arvensis,EXACT_MATCH_PRIMARY_SOURCE_ACCEPTED_SIMPLE
Viola blanda Willd.,Viola blanda,Viola blanda Willd.,Plantae Tracheophyta Magnoliopsida Malpighiales Violaceae Viola blanda,EXACT_MATCH_PRIMARY_SOURCE_ACCEPTED_AUTHOR_DISAMBIGUATION
Viola brittoniana Pollard,Viola brittoniana,Viola brittoniana Pollard,Plantae Tracheophyta Magnoliopsida Malpighiales Violaceae Viola brittoniana,EXACT_MATCH_PRIMARY_SOURCE_ACCEPTED_SIMPLE
Viola brittoniana Pollard var. pectinata (E.P. Bicknell) Alexander,Viola pectinata,Viola brittoniana Pollard var. pectinata (E.P. Bicknell) Alexander,Plantae Tracheophyta Magnoliopsida Malpighiales Violaceae Viola pectinata,MULTI_EXACT_MATCH_PRIMARY_SOURCE_SYNONYMS_INFRASPECIFIC_SCORE
Viola canadensis L.,Viola canadensis,Viola canadensis L.,Plantae Tracheophyta Magnoliopsida Malpighiales Violaceae Viola canadensis,EXACT_MATCH_PRIMARY_SOURCE_ACCEPTED_SIMPLE
Viola cucullata Aiton,Viola cucullata,Viola cucullata Aiton,Plantae Tracheophyta Magnoliopsida Malpighiales Violaceae Viola cucullata,EXACT_MATCH_PRIMARY_SOURCE_ACCEPTED_AMONG_SYNONYMS_SIMPLE
Viola hastata Michx.,Viola hastata,Viola hastata Michx.,Plantae Tracheophyta Magnoliopsida Malpighiales Violaceae Viola hastata,EXACT_MATCH_PRIMARY_SOURCE_ACCEPTED_SIMPLE
Viola hirsutula Brainerd,Viola hirsutula,Viola hirsutula Brainerd,Plantae Tracheophyta Magnoliopsida Malpighiales Violaceae Viola hirsutula,EXACT_MATCH_PRIMARY_SOURCE_ACCEPTED_SIMPLE
Viola labradorica Schrank,Viola labradorica,Viola labradorica Schrank,Plantae Tracheophyta Magnoliopsida Malpighiales Violaceae Viola labradorica,EXACT_MATCH_PRIMARY_SOURCE_ACCEPTED_SIMPLE
Viola lanceolata L.,Viola lanceolata,Viola lanceolata L.,Plantae Tracheophyta Magnoliopsida Malpighiales Violaceae Viola lanceolata,EXACT_MATCH_PRIMARY_SOURCE_ACCEPTED_AMONG_SYNONYMS_SIMPLE
Viola lanceolata L. ssp. vittata (Greene) N.H. Russell,Viola vittata,Viola lanceolata L. ssp. vittata (Greene) N.H. Russell,Plantae Tracheophyta Magnoliopsida Malpighiales Violaceae Viola vittata,MULTI_EXACT_MATCH_PRIMARY_SOURCE_SYNONYMS_INFRASPECIFIC_SCORE
Viola macloskeyi Lloyd,Viola macloskeyi,Viola macloskeyi Lloyd,Plantae Tracheophyta Magnoliopsida Malpighiales Violaceae Viola macloskeyi,EXACT_MATCH_PRIMARY_SOURCE_ACCEPTED_SIMPLE
Viola macloskeyi Lloyd ssp. pallens (Banks ex Ging) M.S. Baker,Viola palustris,Viola macloskeyi Lloyd ssp. pallens (Banks ex Ging) M.S. Baker,Plantae Tracheophyta Magnoliopsida Malpighiales Violaceae Viola palustris,MULTI_EXACT_MATCH_PRIMARY_SOURCE_SYNONYMS_INFRASPECIFIC_SCORE
Viola odorata L.,Viola odorata,Viola odorata L.,Plantae Tracheophyta Magnoliopsida Malpighiales Violaceae Viola odorata,EXACT_MATCH_PRIMARY_SOURCE_ACCEPTED_AMONG_SYNONYMS_SIMPLE
Viola pedata L.,Viola pedata,Viola pedata L.,Plantae Tracheophyta Magnoliopsida Malpighiales Violaceae Viola pedata,EXACT_MATCH_PRIMARY_SOURCE_ACCEPTED_SIMPLE
Viola pubescens Aiton,Viola pubescens,Viola pubescens Aiton,Plantae Tracheophyta Magnoliopsida Malpighiales Violaceae Viola pubescens,EXACT_MATCH_PRIMARY_SOURCE_ACCEPTED_SIMPLE
Viola pubescens Aiton var. scabriuscula Schwein. ex Torr. & A. Gray,Viola eriocarpa,Viola pubescens Aiton var. scabriuscula Schwein. ex Torr. & A. Gray,Plantae Tracheophyta Magnoliopsida Malpighiales Violaceae Viola eriocarpa,MULTI_EXACT_MATCH_PRIMARY_SOURCE_SYNONYMS_INFRASPECIFIC_SCORE
Viola rostrata Pursh,Viola rostrata,Viola rostrata Pursh,Plantae Tracheophyta Magnoliopsida Malpighiales Violaceae Viola rostrata,EXACT_MATCH_PRIMARY_SOURCE_ACCEPTED_AMONG_SYNONYMS_SIMPLE
Viola rotundifolia Michx.,Viola rotundifolia,Viola rotundifolia Michx.,Plantae Tracheophyta Magnoliopsida Malpighiales Violaceae Viola rotundifolia,EXACT_MATCH_PRIMARY_SOURCE_ACCEPTED_AUTHOR_DISAMBIGUATION
Viola sagittata Aiton,Viola sagittata,Viola sagittata Aiton,Plantae Tracheophyta Magnoliopsida Malpighiales Violaceae Viola sagittata,EXACT_MATCH_PRIMARY_SOURCE_ACCEPTED_SIMPLE
Viola septentrionalis Greene,Viola septentrionalis,Viola septentrionalis Greene,Plantae Tracheophyta Magnoliopsida Malpighiales Violaceae Viola septentrionalis,EXACT_MATCH_PRIMARY_SOURCE_ACCEPTED_SIMPLE
Viola sororia Willd.,Viola sororia,Viola sororia Willd.,Plantae Tracheophyta Magnoliopsida Malpighiales Violaceae Viola sororia,EXACT_MATCH_PRIMARY_SOURCE_ACCEPTED_SIMPLE
Viola striata Aiton,Viola striata,Viola striata Aiton,Plantae Tracheophyta Magnoliopsida Malpighiales Violaceae Viola striata,EXACT_MATCH_PRIMARY_SOURCE_ACCEPTED_AUTHOR_DISAMBIGUATION
Viola tricolor L.,Viola tricolor,Viola tricolor L.,Plantae Tracheophyta Magnoliopsida Malpighiales Violaceae Viola tricolor,EXACT_MATCH_PRIMARY_SOURCE_ACCEPTED_SIMPLE
Viola triloba Schwein.,Viola palmata,Viola triloba Schwein.,Plantae Tracheophyta Magnoliopsida Malpighiales Violaceae Viola palmata,EXACT_MATCH_PRIMARY_SOURCE_SYNONYM_SIMPLE
Viola villosa Walter,Viola villosa,Viola villosa Walter,Plantae Tracheophyta Magnoliopsida Malpighiales Violaceae Viola villosa,EXACT_MATCH_PRIMARY_SOURCE_ACCEPTED_SIMPLE
Viola walteri House,Viola walteri,Viola walteri House,Plantae Tracheophyta Magnoliopsida Malpighiales Violaceae Viola walteri,EXACT_MATCH_PRIMARY_SOURCE_ACCEPTED_SIMPLE
Viola ×bernardii Greene (pro sp.) [pedatifida × sororia],Viola bernardii,Viola ×bernardii Greene (pro sp.) [pedatifida × sororia],Plantae Tracheophyta Magnoliopsida Malpighiales Violaceae Viola bernardii,EXACT_MATCH_PRIMARY_SOURCE_ACCEPTED_SIMPLE
Viola ×bissellii House [cucullata × sororia],Viola bissellii,Viola ×bissellii House [cucullata × sororia],Plantae Tracheophyta Magnoliopsida Malpighiales Violaceae Viola bissellii,EXACT_MATCH_PRIMARY_SOURCE_ACCEPTED_SIMPLE
Viola ×brauniae Grover ex Cooperr. [rostrata × striata],Viola brauniae,Viola ×brauniae Grover ex Cooperr. [rostrata × striata],Plantae Tracheophyta Magnoliopsida Malpighiales Violaceae Viola brauniae,EXACT_MATCH_PRIMARY_SOURCE_MULT_ACCEPTED
Viola ×dissita House [hirsutula × triloba],Viola dissita,Viola ×dissita House [hirsutula × triloba],Plantae Tracheophyta Magnoliopsida Malpighiales Violaceae Viola dissita,EXACT_MATCH_PRIMARY_SOURCE_ACCEPTED_SIMPLE
Viola ×esculenta Elliott (pro sp.) [septemloba × triloba],Viola esculenta,Viola ×esculenta Elliott (pro sp.) [septemloba × triloba],Plantae Tracheophyta Magnoliopsida Malpighiales Violaceae Viola esculenta,EXACT_MATCH_PRIMARY_SOURCE_ACCEPTED_AMONG_SYNONYMS_SIMPLE
Viola ×hollickii House [affinis × sagittata],Viola hollickii,Viola ×hollickii House [affinis × sagittata],Plantae Tracheophyta Magnoliopsida Malpighiales Violaceae Viola hollickii,EXACT_MATCH_PRIMARY_SOURCE_ACCEPTED_SIMPLE
Viola ×notabilis E.P. Bicknell (pro sp.) [brittoniana × cucullata],Viola notabilis,Viola ×notabilis E.P. Bicknell (pro sp.) [brittoniana × cucullata],Plantae Tracheophyta Magnoliopsida Malpighiales Violaceae Viola notabilis,EXACT_MATCH_PRIMARY_SOURCE_ACCEPTED_SIMPLE
Viola ×porteriana Pollard (pro sp.) [cucullata × sagittata],Viola porteriana,Viola ×porteriana Pollard (pro sp.) [cucullata × sagittata],Plantae Tracheophyta Magnoliopsida Malpighiales Violaceae Viola porteriana,EXACT_MATCH_PRIMARY_SOURCE_ACCEPTED_SIMPLE
Viola ×primulifolia L. (pro sp.) [lanceolata × macloskeyi],Viola primulifolia,Viola ×primulifolia L. (pro sp.) [lanceolata × macloskeyi],Plantae Tracheophyta Magnoliopsida Malpighiales Violaceae Viola primulifolia,EXACT_MATCH_PRIMARY_SOURCE_ACCEPTED_AMONG_SYNONYMS_SIMPLE
Vitex L.,Vitex ,Vitex L.,Plantae Tracheophyta Magnoliopsida Lamiales Lamiaceae Vitex,EXACT_MATCH_PRIMARY_SOURCE_ACCEPTED_SIMPLE
Vitex agnus-castus L.,Vitex agnus-castus,Vitex agnus-castus L.,Plantae Tracheophyta Magnoliopsida Lamiales Lamiaceae Vitex agnus-castus,EXACT_MATCH_PRIMARY_SOURCE_ACCEPTED_AUTHOR_DISAMBIGUATION
Vitis L.,Vitis ,Vitis L.,Plantae Tracheophyta Magnoliopsida Vitales Vitaceae Vitis,EXACT_MATCH_PRIMARY_SOURCE_ACCEPTED_SIMPLE
Vitis aestivalis Michx.,Vitis aestivalis,Vitis aestivalis Michx.,Plantae Tracheophyta Magnoliopsida Vitales Vitaceae Vitis aestivalis,EXACT_MATCH_PRIMARY_SOURCE_ACCEPTED_AMONG_SYNONYMS_SIMPLE
Vitis cinerea (Engelm.) Engelm. ex Millard,Vitis cinerea,Vitis cinerea (Engelm.) Engelm. ex Millard,Plantae Tracheophyta Magnoliopsida Vitales Vitaceae Vitis cinerea,EXACT_MATCH_PRIMARY_SOURCE_ACCEPTED_AMONG_SYNONYMS_SIMPLE
Vitis labrusca L.,Vitis labrusca,Vitis labrusca L.,Plantae Tracheophyta Magnoliopsida Vitales Vitaceae Vitis labrusca,EXACT_MATCH_PRIMARY_SOURCE_ACCEPTED_AMONG_SYNONYMS_SIMPLE
Vitis riparia Michx.,Vitis riparia,Vitis riparia Michx.,Plantae Tracheophyta Magnoliopsida Vitales Vitaceae Vitis riparia,EXACT_MATCH_PRIMARY_SOURCE_ACCEPTED_AMONG_SYNONYMS_SIMPLE
Vitis rotundifolia Michx.,Vitis rotundifolia,Vitis rotundifolia Michx.,Plantae Tracheophyta Magnoliopsida Vitales Vitaceae Vitis rotundifolia,EXACT_MATCH_PRIMARY_SOURCE_ACCEPTED_AMONG_SYNONYMS_SIMPLE
Vitis rupestris Scheele,Vitis rupestris,Vitis rupestris Scheele,Plantae Tracheophyta Magnoliopsida Vitales Vitaceae Vitis rupestris,EXACT_MATCH_PRIMARY_SOURCE_ACCEPTED_SIMPLE
Vitis vinifera L.,Vitis vinifera,Vitis vinifera L.,Plantae Tracheophyta Magnoliopsida Vitales Vitaceae Vitis vinifera,EXACT_MATCH_PRIMARY_SOURCE_ACCEPTED_AMONG_SYNONYMS_SIMPLE
Vitis vulpina L.,Vitis vulpina,Vitis vulpina L.,Plantae Tracheophyta Magnoliopsida Vitales Vitaceae Vitis vulpina,EXACT_MATCH_PRIMARY_SOURCE_ACCEPTED_AMONG_SYNONYMS_SIMPLE
Vittaria Sm.,Vittaria ,Vittaria Sm.,Plantae Tracheophyta Polypodiopsida Polypodiales Pteridaceae Vittaria,EXACT_MATCH_PRIMARY_SOURCE_ACCEPTED_SIMPLE
Vittaria appalachiana Farrar & Mickel,Vittaria appalachiana,Vittaria appalachiana Farrar & Mickel,Plantae Tracheophyta Polypodiopsida Polypodiales Pteridaceae Vittaria appalachiana,EXACT_MATCH_PRIMARY_SOURCE_ACCEPTED_SIMPLE
Vulpia bromoides (L.) Gray,Festuca bromoides,Vulpia bromoides (L.) Gray,Plantae Tracheophyta Liliopsida Poales Poaceae Festuca bromoides,EXACT_MATCH_PRIMARY_SOURCE_SYNONYM_SIMPLE
Vulpia elliotea (Raf.) Fernald,Festuca sciurea,Vulpia elliotea (Raf.) Fernald,Plantae Tracheophyta Liliopsida Poales Poaceae Festuca sciurea,EXACT_MATCH_PRIMARY_SOURCE_SYNONYM_SIMPLE
Vulpia octoflora (Walter) Rydb.,Festuca octoflora,Vulpia octoflora (Walter) Rydb.,Plantae Tracheophyta Liliopsida Poales Poaceae Festuca octoflora,EXACT_MATCH_PRIMARY_SOURCE_SYNONYM_SIMPLE
Waldsteinia Willd.,Waldsteinia ,Waldsteinia Willd.,Plantae Tracheophyta Magnoliopsida Rosales Rosaceae Waldsteinia,EXACT_MATCH_PRIMARY_SOURCE_ACCEPTED_SIMPLE
Waldsteinia fragarioides (Michx.) Tratt.,Geum fragarioides,Waldsteinia fragarioides (Michx.) Tratt.,Plantae Tracheophyta Magnoliopsida Rosales Rosaceae Geum fragarioides,EXACT_MATCH_PRIMARY_SOURCE_SYNONYM_SIMPLE
Wisteria Nutt.,Wisteria ,Wisteria Nutt.,Plantae Tracheophyta Magnoliopsida Fabales Fabaceae Wisteria,EXACT_MATCH_PRIMARY_SOURCE_ACCEPTED_SIMPLE
Wisteria floribunda (Willd.) DC.,Wisteria floribunda,Wisteria floribunda (Willd.) DC.,Plantae Tracheophyta Magnoliopsida Fabales Fabaceae Wisteria floribunda,EXACT_MATCH_PRIMARY_SOURCE_ACCEPTED_AUTHOR_DISAMBIGUATION
Wisteria frutescens (L.) Poir.,Wisteria frutescens,Wisteria frutescens (L.) Poir.,Plantae Tracheophyta Magnoliopsida Fabales Fabaceae Wisteria frutescens,EXACT_MATCH_PRIMARY_SOURCE_ACCEPTED_SIMPLE
Wisteria sinensis (Sims) DC.,Wisteria sinensis,Wisteria sinensis (Sims) DC.,Plantae Tracheophyta Magnoliopsida Fabales Fabaceae Wisteria sinensis,EXACT_MATCH_PRIMARY_SOURCE_ACCEPTED_AMONG_SYNONYMS_SIMPLE
Wolffia Horkel ex Schleid.,Wolffia ,Wolffia Horkel ex Schleid.,Plantae Tracheophyta Liliopsida Alismatales Araceae Wolffia,EXACT_MATCH_PRIMARY_SOURCE_MULT_ACCEPTED
Wolffia borealis (Engelm. ex Hegelm.) Landolt ex Landolt & Wildi,Wolffia borealis,Wolffia borealis (Engelm. ex Hegelm.) Landolt ex Landolt & Wildi,Plantae Tracheophyta Liliopsida Alismatales Araceae Wolffia borealis,EXACT_MATCH_PRIMARY_SOURCE_ACCEPTED_AMONG_SYNONYMS_SIMPLE
Wolffia brasiliensis Weddell,Wolffia brasiliensis,Wolffia brasiliensis Weddell,Plantae Tracheophyta Liliopsida Alismatales Araceae Wolffia brasiliensis,EXACT_MATCH_PRIMARY_SOURCE_ACCEPTED_SIMPLE
Wolffia columbiana Karst.,Wolffia columbiana,Wolffia columbiana Karst.,Plantae Tracheophyta Liliopsida Alismatales Araceae Wolffia columbiana,EXACT_MATCH_PRIMARY_SOURCE_ACCEPTED_SIMPLE
Wolffiella Hegelm.,Wolffiella ,Wolffiella Hegelm.,Plantae Tracheophyta Liliopsida Alismatales Araceae Wolffiella,EXACT_MATCH_PRIMARY_SOURCE_ACCEPTED_AMONG_SYNONYMS_SIMPLE
Wolffiella gladiata (Hegelm.) Hegelm.,Wolffiella gladiata,Wolffiella gladiata (Hegelm.) Hegelm.,Plantae Tracheophyta Liliopsida Alismatales Araceae Wolffiella gladiata,EXACT_MATCH_PRIMARY_SOURCE_ACCEPTED_SIMPLE
Woodsia R. Br.,Woodsia ,Woodsia R. Br.,Plantae Tracheophyta Polypodiopsida Polypodiales Woodsiaceae Woodsia,MULTI_EXACT_MATCH_PRIMARY_SOURCE_ACCEPTED_HOMONYM
Woodsia ilvensis (L.) R. Br.,Woodsia ilvensis,Woodsia ilvensis (L.) R. Br.,Plantae Tracheophyta Polypodiopsida Polypodiales Woodsiaceae Woodsia ilvensis,EXACT_MATCH_PRIMARY_SOURCE_ACCEPTED_SIMPLE
Woodsia obtusa (Spreng.) Torr.,Physematium obtusum,Woodsia obtusa (Spreng.) Torr.,Plantae Tracheophyta Polypodiopsida Polypodiales Woodsiaceae Physematium obtusum,EXACT_MATCH_PRIMARY_SOURCE_SYNONYM_SIMPLE
Woodwardia Sm.,Woodwardia ,Woodwardia Sm.,Plantae Tracheophyta Polypodiopsida Polypodiales Blechnaceae Woodwardia,MULTI_EXACT_MATCH_PRIMARY_SOURCE_ACCEPTED_HOMONYM
Woodwardia areolata (L.) T. Moore,Lorinseria areolata,Woodwardia areolata (L.) T. Moore,Plantae Tracheophyta Polypodiopsida Polypodiales Blechnaceae Lorinseria areolata,EXACT_MATCH_PRIMARY_SOURCE_SYNONYM_SIMPLE
Woodwardia virginica (L.) Sm.,Anchistea virginica,Woodwardia virginica (L.) Sm.,Plantae Tracheophyta Polypodiopsida Polypodiales Blechnaceae Anchistea virginica,EXACT_MATCH_PRIMARY_SOURCE_SYNONYM_SIMPLE
Xanthium L.,Xanthium ,Xanthium L.,Plantae Tracheophyta Magnoliopsida Asterales Asteraceae Xanthium,EXACT_MATCH_PRIMARY_SOURCE_ACCEPTED_SIMPLE
Xanthium spinosum L.,Xanthium spinosum,Xanthium spinosum L.,Plantae Tracheophyta Magnoliopsida Asterales Asteraceae Xanthium spinosum,EXACT_MATCH_PRIMARY_SOURCE_ACCEPTED_SIMPLE
Xanthium strumarium L.,Xanthium strumarium,Xanthium strumarium L.,Plantae Tracheophyta Magnoliopsida Asterales Asteraceae Xanthium strumarium,EXACT_MATCH_PRIMARY_SOURCE_ACCEPTED_AUTHOR_DISAMBIGUATION
Xanthium strumarium L. var. canadense (Mill.) Torr. & A. Gray,Xanthium orientale,Xanthium strumarium L. var. canadense (Mill.) Torr. & A. Gray,Plantae Tracheophyta Magnoliopsida Asterales Asteraceae Xanthium orientale,MULTI_EXACT_MATCH_PRIMARY_SOURCE_SYNONYMS_INFRASPECIFIC_SCORE
Xanthorhiza Marshall,Xanthorhiza ,Xanthorhiza Marshall,Plantae Tracheophyta Magnoliopsida Ranunculales Ranunculaceae Xanthorhiza,EXACT_MATCH_PRIMARY_SOURCE_ACCEPTED_AUTHOR_DISAMBIGUATION
Xanthorhiza simplicissima Marshall,Xanthorhiza simplicissima,Xanthorhiza simplicissima Marshall,Plantae Tracheophyta Magnoliopsida Ranunculales Ranunculaceae Xanthorhiza simplicissima,EXACT_MATCH_PRIMARY_SOURCE_ACCEPTED_AUTHOR_DISAMBIGUATION
Xerophyllum Michx.,Xerophyllum ,Xerophyllum Michx.,Plantae Tracheophyta Liliopsida Liliales Melanthiaceae Xerophyllum,EXACT_MATCH_PRIMARY_SOURCE_ACCEPTED_AUTHOR_DISAMBIGUATION
Xerophyllum asphodeloides (L.) Nutt.,Xerophyllum asphodeloides,Xerophyllum asphodeloides (L.) Nutt.,Plantae Tracheophyta Liliopsida Liliales Melanthiaceae Xerophyllum asphodeloides,EXACT_MATCH_PRIMARY_SOURCE_ACCEPTED_AUTHOR_DISAMBIGUATION
Xyris L.,Xyris ,Xyris L.,Plantae Tracheophyta Liliopsida Poales Xyridaceae Xyris,EXACT_MATCH_PRIMARY_SOURCE_MULT_ACCEPTED
Xyris ambigua Bey. ex Kunth,Xyris ambigua,Xyris ambigua Bey. ex Kunth,Plantae Tracheophyta Liliopsida Poales Xyridaceae Xyris ambigua,EXACT_MATCH_PRIMARY_SOURCE_ACCEPTED_AMONG_SYNONYMS_SIMPLE
Xyris caroliniana Walter,Xyris caroliniana,Xyris caroliniana Walter,Plantae Tracheophyta Liliopsida Poales Xyridaceae Xyris caroliniana,EXACT_MATCH_PRIMARY_SOURCE_ACCEPTED_SIMPLE
Xyris difformis Chapm.,Xyris difformis,Xyris difformis Chapm.,Plantae Tracheophyta Liliopsida Poales Xyridaceae Xyris difformis,EXACT_MATCH_PRIMARY_SOURCE_ACCEPTED_SIMPLE
Xyris fimbriata Elliott,Xyris fimbriata,Xyris fimbriata Elliott,Plantae Tracheophyta Liliopsida Poales Xyridaceae Xyris fimbriata,EXACT_MATCH_PRIMARY_SOURCE_ACCEPTED_AMONG_SYNONYMS_SIMPLE
Xyris jupicai Rich.,Xyris jupicai,Xyris jupicai Rich.,Plantae Tracheophyta Liliopsida Poales Xyridaceae Xyris jupicai,EXACT_MATCH_PRIMARY_SOURCE_ACCEPTED_AUTHOR_DISAMBIGUATION
Xyris laxifolia Mart.,Xyris laxifolia,Xyris laxifolia Mart.,Plantae Tracheophyta Liliopsida Poales Xyridaceae Xyris laxifolia,EXACT_MATCH_PRIMARY_SOURCE_ACCEPTED_SIMPLE
Xyris platylepis Chapm.,Xyris platylepis,Xyris platylepis Chapm.,Plantae Tracheophyta Liliopsida Poales Xyridaceae Xyris platylepis,EXACT_MATCH_PRIMARY_SOURCE_ACCEPTED_SIMPLE
Xyris smalliana Nash,Xyris smalliana,Xyris smalliana Nash,Plantae Tracheophyta Liliopsida Poales Xyridaceae Xyris smalliana,EXACT_MATCH_PRIMARY_SOURCE_ACCEPTED_SIMPLE
Xyris torta Sm.,Xyris torta,Xyris torta Sm.,Plantae Tracheophyta Liliopsida Poales Xyridaceae Xyris torta,EXACT_MATCH_PRIMARY_SOURCE_ACCEPTED_SIMPLE
Youngia Cass.,Youngia ,Youngia Cass.,Plantae Tracheophyta Magnoliopsida Asterales Asteraceae Youngia,EXACT_MATCH_PRIMARY_SOURCE_ACCEPTED_AUTHOR_DISAMBIGUATION
Youngia japonica (L.) DC.,Youngia japonica,Youngia japonica (L.) DC.,Plantae Tracheophyta Magnoliopsida Asterales Asteraceae Youngia japonica,EXACT_MATCH_PRIMARY_SOURCE_ACCEPTED_SIMPLE
Yucca L.,Yucca ,Yucca L.,Plantae Tracheophyta Liliopsida Asparagales Asparagaceae Yucca,EXACT_MATCH_PRIMARY_SOURCE_ACCEPTED_SIMPLE
Yucca filamentosa L.,Yucca filamentosa,Yucca filamentosa L.,Plantae Tracheophyta Liliopsida Asparagales Asparagaceae Yucca filamentosa,EXACT_MATCH_PRIMARY_SOURCE_ACCEPTED_AUTHOR_DISAMBIGUATION
Yucca flaccida Haw.,Yucca flaccida,Yucca flaccida Haw.,Plantae Tracheophyta Liliopsida Asparagales Asparagaceae Yucca flaccida,EXACT_MATCH_PRIMARY_SOURCE_ACCEPTED_SIMPLE
Zannichellia L.,Zannichellia ,Zannichellia L.,Plantae Tracheophyta Liliopsida Alismatales Potamogetonaceae Zannichellia,EXACT_MATCH_PRIMARY_SOURCE_ACCEPTED_SIMPLE
Zannichellia palustris L.,Zannichellia palustris,Zannichellia palustris L.,Plantae Tracheophyta Liliopsida Alismatales Potamogetonaceae Zannichellia palustris,EXACT_MATCH_PRIMARY_SOURCE_ACCEPTED_SIMPLE
Zanthoxylum L.,Zanthoxylum ,Zanthoxylum L.,Plantae Tracheophyta Magnoliopsida Sapindales Rutaceae Zanthoxylum,EXACT_MATCH_PRIMARY_SOURCE_ACCEPTED_SIMPLE
Zanthoxylum americanum Mill.,Zanthoxylum americanum,Zanthoxylum americanum Mill.,Plantae Tracheophyta Magnoliopsida Sapindales Rutaceae Zanthoxylum americanum,EXACT_MATCH_PRIMARY_SOURCE_ACCEPTED_SIMPLE
Zanthoxylum clava-herculis L.,Zanthoxylum clava-herculis,Zanthoxylum clava-herculis L.,Plantae Tracheophyta Magnoliopsida Sapindales Rutaceae Zanthoxylum clava-herculis,EXACT_MATCH_PRIMARY_SOURCE_ACCEPTED_AMONG_SYNONYMS_SIMPLE
Zea L.,Zea ,Zea L.,Plantae Tracheophyta Liliopsida Poales Poaceae Zea,EXACT_MATCH_PRIMARY_SOURCE_ACCEPTED_AMONG_SYNONYMS_SIMPLE
Zea mays L.,Zea mays,Zea mays L.,Plantae Tracheophyta Liliopsida Poales Poaceae Zea mays,EXACT_MATCH_PRIMARY_SOURCE_ACCEPTED_SIMPLE
Zenobia D. Don,Zenobia ,Zenobia D. Don,Plantae Tracheophyta Magnoliopsida Ericales Ericaceae Zenobia,MULTI_EXACT_MATCH_PRIMARY_SOURCE_ACCEPTED_HOMONYM
Zenobia pulverulenta (W. Bartram ex Willd.) Pollard,Zenobia pulverulenta,Zenobia pulverulenta (W. Bartram ex Willd.) Pollard,Plantae Tracheophyta Magnoliopsida Ericales Ericaceae Zenobia pulverulenta,EXACT_MATCH_PRIMARY_SOURCE_ACCEPTED_SIMPLE
Zephyranthes Herb.,Zephyranthes ,Zephyranthes Herb.,Plantae Tracheophyta Liliopsida Asparagales Amaryllidaceae Zephyranthes,EXACT_MATCH_PRIMARY_SOURCE_ACCEPTED_AUTHOR_DISAMBIGUATION
Zigadenus Michx.,Zigadenus ,Zigadenus Michx.,Plantae Tracheophyta Liliopsida Liliales Melanthiaceae Zigadenus,EXACT_MATCH_PRIMARY_SOURCE_ACCEPTED_SIMPLE
Zigadenus densus (Desr.) Fernald,Stenanthium densum,Zigadenus densus (Desr.) Fernald,Plantae Tracheophyta Liliopsida Liliales Melanthiaceae Stenanthium densum,EXACT_MATCH_PRIMARY_SOURCE_SYNONYM_SIMPLE
Zigadenus elegans Pursh,Anticlea elegans,Zigadenus elegans Pursh,Plantae Tracheophyta Liliopsida Liliales Melanthiaceae Anticlea elegans,EXACT_MATCH_PRIMARY_SOURCE_SYNONYM_SIMPLE
Zigadenus glaberrimus Michx.,Zigadenus glaberrimus,Zigadenus glaberrimus Michx.,Plantae Tracheophyta Liliopsida Liliales Melanthiaceae Zigadenus glaberrimus,EXACT_MATCH_PRIMARY_SOURCE_ACCEPTED_AMONG_SYNONYMS_SIMPLE
Zigadenus leimanthoides A. Gray,Stenanthium leimanthoides,Zigadenus leimanthoides A. Gray,Plantae Tracheophyta Liliopsida Liliales Melanthiaceae Stenanthium leimanthoides,EXACT_MATCH_PRIMARY_SOURCE_SYNONYM_SIMPLE
Zizania L.,Zizania ,Zizania L.,Plantae Tracheophyta Liliopsida Poales Poaceae Zizania,EXACT_MATCH_PRIMARY_SOURCE_ACCEPTED_SIMPLE
Zizania aquatica L.,Zizania aquatica,Zizania aquatica L.,Plantae Tracheophyta Liliopsida Poales Poaceae Zizania aquatica,EXACT_MATCH_PRIMARY_SOURCE_ACCEPTED_SIMPLE
Zizaniopsis Döll & Asch.,Zizaniopsis ,Zizaniopsis Döll & Asch.,Plantae Tracheophyta Liliopsida Poales Poaceae Zizaniopsis,EXACT_MATCH_PRIMARY_SOURCE_ACCEPTED_SIMPLE
Zizaniopsis miliacea (Michx.) Döll & Asch.,Zizaniopsis miliacea,Zizaniopsis miliacea (Michx.) Döll & Asch.,Plantae Tracheophyta Liliopsida Poales Poaceae Zizaniopsis miliacea,EXACT_MATCH_PRIMARY_SOURCE_ACCEPTED_AUTHOR_DISAMBIGUATION
Zizia W.D.J. Koch,Zizia ,Zizia W.D.J. Koch,Plantae Tracheophyta Magnoliopsida Apiales Apiaceae Zizia,EXACT_MATCH_PRIMARY_SOURCE_ACCEPTED_SIMPLE
Zizia aptera (A. Gray) Fernald,Zizia aptera,Zizia aptera (A. Gray) Fernald,Plantae Tracheophyta Magnoliopsida Apiales Apiaceae Zizia aptera,EXACT_MATCH_PRIMARY_SOURCE_ACCEPTED_SIMPLE
Zizia aurea (L.) W.D.J. Koch,Zizia aurea,Zizia aurea (L.) W.D.J. Koch,Plantae Tracheophyta Magnoliopsida Apiales Apiaceae Zizia aurea,EXACT_MATCH_PRIMARY_SOURCE_ACCEPTED_SIMPLE
Zizia trifoliata (Michx.) Fernald,Zizia trifoliata,Zizia trifoliata (Michx.) Fernald,Plantae Tracheophyta Magnoliopsida Apiales Apiaceae Zizia trifoliata,EXACT_MATCH_PRIMARY_SOURCE_ACCEPTED_SIMPLE
Zornia J.F. Gmel.,Zornia ,Zornia J.F. Gmel.,Plantae Tracheophyta Magnoliopsida Fabales Fabaceae Zornia,EXACT_MATCH_PRIMARY_SOURCE_ACCEPTED_AMONG_SYNONYMS_SIMPLE
Zornia bracteata Walter ex J.F. Gmel.,Zornia bracteata,Zornia bracteata Walter ex J.F. Gmel.,Plantae Tracheophyta Magnoliopsida Fabales Fabaceae Zornia bracteata,EXACT_MATCH_PRIMARY_SOURCE_ACCEPTED_SIMPLE
Zostera L.,Zostera ,Zostera L.,Plantae Tracheophyta Liliopsida Alismatales Zosteraceae Zostera,EXACT_MATCH_PRIMARY_SOURCE_ACCEPTED_SIMPLE
Zostera marina L.,Zostera marina,Zostera marina L.,Plantae Tracheophyta Liliopsida Alismatales Zosteraceae Zostera marina,EXACT_MATCH_PRIMARY_SOURCE_ACCEPTED_AUTHOR_DISAMBIGUATION
Zoysia Willd.,Zoysia ,Zoysia Willd.,Plantae Tracheophyta Liliopsida Poales Poaceae Zoysia,EXACT_MATCH_PRIMARY_SOURCE_ACCEPTED_AUTHOR_DISAMBIGUATION
Zoysia japonica Steud.,Zoysia japonica,Zoysia japonica Steud.,Plantae Tracheophyta Liliopsida Poales Poaceae Zoysia japonica,EXACT_MATCH_PRIMARY_SOURCE_ACCEPTED_SIMPLE
