image_path,relative_image_path,site_id,year,site_year,plot_id,subplot_id,subplot_base,subplot_row,subplot_col,image_date,is_straightened,crop_id,grid_size,grid_row,grid_col,x_min,y_min,x_max,y_max,species_count,Allium textile,Argemone polyanthemos,Aristida purpurea,Artemisia frigida,Astragalus gracilis,Astragalus mollissimus,Astragalus pectinatus,Atriplex canescens,Bouteloua dactyloides,Bouteloua gracilis,Carex duriuscula,Euphorbia glyptosperma,Cirsium canescens,Cleome serrulata Pursh,Erigeron canadensis,Cryptantha crassisepala,Cryptantha minima,Dalea candida,Descurainia pinnata,Distichlis spicata,Echinocereus viridiflorus,Elymus elymoides,Ericameria nauseosa,Eriogonum effusum,Eritrichium nanum,Pelecyphora vivipara,Evolvulus nuttallianus,Grindelia squarrosa,Gutierrezia sarothrae,Helianthus annuus,Hesperostipa comata,Heterotheca villosa,Lactuca serriola,Lepidium densiflorum,Lepidium montanum,Leucocrinum montanum,Liatris punctata,Linum rigidum,Lithospermum incisum,Lobularia maritima,Lomatium nuttallii,Lygodesmia juncea,Xanthisma spinulosum,Machaeranthera tanacetifolia,Mirabilis linearis,Muhlenbergia torreyi,Munroa squarrosa,Oenothera albicaulis,Oenothera suffrutescens,Opuntia polyacantha,Aphyllon fasciculatum,Elymus smithii,Penstemon albidus,Phemeranthus parviflorus,Picradeniopsis oppositifolia,Plantago patagonica,Portulaca oleracea,Ladeania lanceolata,Pediomelum tenuiflorum,Ratibida columnifera,Salsola collina,Sisymbrium altissimum,Solanum triflorum,Sophora nuttalliana,Sphaeralcea coccinea,Sporobolus cryptandrus,Thelesperma filifolium,Thelesperma megapotamicum,Tradescantia occidentalis,Tragopogon dubius,Verbena bracteata,Vicia americana,Festuca octoflora
/users/PAS2099/jianyanggu/PlotDiversiVision/data/CPER_009/CPER_009_PlantDiversity_31_1_1_20140528-straightened.jpg,CPER_009/CPER_009_PlantDiversity_31_1_1_20140528-straightened.jpg,CPER,2014,,CPER_009,31_1_1,31,1,1,20140528,true,CPER_009_PlantDiversity_31_1_1_20140528-straightened_r0_c0,3,0,0,0,0,614,600,73,0.0006928691873326898,6.070550443837419e-05,0.0018778895027935505,0.001115970779210329,0.0005145628820173442,0.0017143313307315111,0.0003664643445517868,0.0002938272664323449,0.01680590584874153,0.13065163791179657,0.001448786468245089,0.0014705241192132235,7.532878225902095e-05,6.629682047787355e-06,0.000490684702526778,0.0002376818738412112,0.0008857876528054476,0.0003297847288195044,0.0007460445631295443,0.006023406982421875,0.0003208648704458028,0.0016140693332999945,9.867995686363429e-05,4.457059549167752e-05,9.294263350057008e-07,0.00020092389604542404,0.002164061414077878,0.0007737125270068645,0.000501130532938987,0.0005098655819892883,0.003309228690341115,0.0005230450187809765,0.00053227978060022,0.0001597096852492541,5.7705488870851696e-05,0.008863593451678753,0.0006990070105530322,0.0012030121870338917,0.0006615137681365013,3.200725404894911e-05,0.00035288810613565147,0.0028743399307131767,0.005354959052056074,0.0008425011183135211,0.00038797411252744496,0.006972151342779398,0.3497966527938843,0.0010981162777170539,0.0010008536046370864,0.00026361222262494266,0.007039068732410669,0.007509761024266481,0.0034845382906496525,0.20354481041431427,0.0002514426887501031,0.1286427527666092,0.0011293409625068307,0.001274566282518208,0.0005323610384948552,0.012501481920480728,9.315286297351122e-05,0.0002330242277821526,2.1346086214180104e-05,0.0007988028810359538,0.0017895858036354184,0.06197497621178627,0.0022392726968973875,0.005341086536645889,0.001098334090784192,0.0015139196766540408,0.00014028996520210057,1.3188619959692005e-05,0.0018101836321875453
/users/PAS2099/jianyanggu/PlotDiversiVision/data/CPER_009/CPER_009_PlantDiversity_31_1_1_20140528-straightened.jpg,CPER_009/CPER_009_PlantDiversity_31_1_1_20140528-straightened.jpg,CPER,2014,,CPER_009,31_1_1,31,1,1,20140528,true,CPER_009_PlantDiversity_31_1_1_20140528-straightened_r0_c1,3,0,1,614,0,1227,600,73,0.0009495372069068253,3.89812485082075e-05,0.0011735960142686963,0.008103227242827415,0.0009119287133216858,0.0004742552409879863,0.0010532172163948417,4.244809315423481e-05,0.009828123264014721,0.017765095457434654,0.002449812600389123,0.0005483772838488221,7.227085006888956e-05,5.1404117584752385e-06,0.00020091650367248803,0.0015943424077704549,0.00287763518281281,0.004024508874863386,0.003355683060362935,0.0035741233732551336,0.0010320348665118217,0.00014880580420140177,0.0001644418080104515,0.0007224800647236407,5.173579211259494e-06,0.0007549087749794126,0.001458692830055952,6.611964636249468e-05,0.0030343374237418175,4.426229133969173e-05,0.010582719929516315,0.00021295617625582963,8.490675099892542e-05,0.00022069895931053907,0.0003923503099940717,0.0017104273429140449,0.00012707756832242012,0.0018918700516223907,8.247767254943028e-05,6.500200106529519e-05,0.004421272315084934,0.0031082388013601303,0.029660958796739578,0.005181230138987303,0.0001564452686579898,0.00969341117888689,0.05349395424127579,0.00043525415821932256,0.0006293366895988584,0.0009615146555006504,0.015182196162641048,0.00011371188156772405,0.000280669832136482,0.5969437956809998,0.000942205311730504,0.13969172537326813,0.0008522903081029654,0.0036201737821102142,0.0002611842646729201,0.003518040757626295,4.2344101530034095e-05,0.0005862528923898935,3.0252271244535223e-05,0.0013818320585414767,0.002515784464776516,0.004858485888689756,0.006587475538253784,0.031212031841278076,1.1340383025526535e-05,0.00017287740774918348,1.3614559975394513e-05,2.3751517801429145e-06,0.0015928347129374743
/users/PAS2099/jianyanggu/PlotDiversiVision/data/CPER_009/CPER_009_PlantDiversity_31_1_1_20140528-straightened.jpg,CPER_009/CPER_009_PlantDiversity_31_1_1_20140528-straightened.jpg,CPER,2014,,CPER_009,31_1_1,31,1,1,20140528,true,CPER_009_PlantDiversity_31_1_1_20140528-straightened_r0_c2,3,0,2,1227,0,1841,600,73,0.00037036003777757287,1.775779492163565e-05,0.001978127518668771,0.00020465713168960065,0.00012149238318670541,3.576815652195364e-05,8.998290286399424e-05,8.146942127496004e-05,0.13759928941726685,0.06034012883901596,0.0013133810134604573,0.0006844053277745843,1.4309671314549632e-05,1.261711076949723e-06,2.8331447538221255e-05,7.357874710578471e-05,0.00015094038099050522,0.000488294695969671,0.0001886166719486937,0.04444045573472977,7.183866546256468e-05,0.0019178959773853421,6.614021458517527e-06,0.0001057204426615499,2.4702160317247035e-06,2.9633847589138895e-05,0.0005520285340026021,1.2099697414669208e-05,8.41048859001603e-06,2.2121769234217936e-06,0.007787676528096199,3.756386649911292e-05,0.0002444626879878342,1.4041946997167543e-05,2.9430728318402544e-05,0.004386826418340206,1.7252332327188924e-05,3.421155270189047e-05,1.4903164810675662e-05,0.00011709152022376657,3.0622718441009056e-06,0.0006395245436578989,0.00013970678264740855,7.901827302703168e-06,1.739839353831485e-05,0.004534062929451466,0.6799953579902649,0.00019486846576910466,0.000174226428498514,4.624931170837954e-05,0.000751890183892101,0.0015719592338427901,4.37722701462917e-05,0.006931154523044825,8.57961094880011e-06,0.023557351902127266,5.982412039884366e-05,5.172095188754611e-05,5.285303632263094e-05,0.00010751974332379177,2.150005275325384e-05,5.649748709402047e-05,1.2864250493294094e-05,0.0001834310678532347,0.00033512123627588153,0.012659949250519276,2.4575570932938717e-05,4.513660314842127e-05,6.4786763687152416e-06,7.553020986961201e-05,2.6159959816141054e-05,3.555388502718415e-06,0.004045159090310335
/users/PAS2099/jianyanggu/PlotDiversiVision/data/CPER_009/CPER_009_PlantDiversity_31_1_1_20140528-straightened.jpg,CPER_009/CPER_009_PlantDiversity_31_1_1_20140528-straightened.jpg,CPER,2014,,CPER_009,31_1_1,31,1,1,20140528,true,CPER_009_PlantDiversity_31_1_1_20140528-straightened_r1_c0,3,1,0,0,600,614,1199,73,0.009762240573763847,0.000117825526103843,0.001098171342164278,0.0041753677651286125,0.004042492713779211,0.0007799151935614645,0.2341403216123581,0.0003619769122451544,0.029064727947115898,0.015311595052480698,0.01849455013871193,0.0013896386371925473,0.0003397800028324127,1.4315301996248309e-05,0.0002250422548968345,5.114474333822727e-05,0.00010538267815718427,0.0007083217496983707,0.0015524672344326973,0.19826558232307434,0.0031450074166059494,0.001629095640964806,0.0005755320889875293,0.0002032381744356826,4.056994293932803e-05,0.0002546932373661548,8.292559505207464e-05,8.048806921578944e-05,0.00015549914678558707,0.0001588542654644698,0.03287339583039284,9.90103289950639e-05,0.0005928033497184515,0.0012157226447016,0.00040916245779953897,0.08787047117948532,0.0005802031373605132,0.007194930221885443,0.00022445752983912826,0.00010448204557178542,0.01271091215312481,0.059237897396087646,0.0006120223551988602,0.0001931081060320139,0.00044234259985387325,0.0049551199190318584,0.08344263583421707,0.002009547781199217,0.0022136333864182234,0.002210696693509817,0.009887417778372765,0.004919935949146748,1.6990636140690185e-05,0.0617496483027935,7.544760592281818e-05,0.009718840010464191,0.00011571418872335926,0.01444616075605154,0.0018572239205241203,0.0065074218437075615,0.0014589866623282433,0.009115876629948616,0.0004065889515914023,0.002744128927588463,0.004598286468535662,0.03432849794626236,0.000726373225916177,0.0024838470853865147,0.00011783045920310542,0.005844529718160629,0.00010016329179052263,8.73833050718531e-05,0.003173400415107608
/users/PAS2099/jianyanggu/PlotDiversiVision/data/CPER_009/CPER_009_PlantDiversity_31_1_1_20140528-straightened.jpg,CPER_009/CPER_009_PlantDiversity_31_1_1_20140528-straightened.jpg,CPER,2014,,CPER_009,31_1_1,31,1,1,20140528,true,CPER_009_PlantDiversity_31_1_1_20140528-straightened_r1_c1,3,1,1,614,600,1227,1199,73,0.007376151625066996,2.592017517599743e-05,0.0009668396087363362,0.054528169333934784,0.01691938377916813,9.462850721320137e-05,0.05304684489965439,6.831088830949739e-05,0.004569800104945898,0.035721998661756516,0.046055909246206284,0.0023998436518013477,0.0002928170142695308,9.162997230305336e-06,0.0004496187320910394,1.0050155651697423e-05,0.00015313387848436832,0.006534061394631863,0.0052416203543543816,0.024262724444270134,0.0002301830390933901,0.0011176413390785456,0.00039168898365460336,0.005015038885176182,2.523554485378554e-06,0.0005863954429514706,0.00022115552565082908,0.000297761958790943,0.001804393483325839,0.00016047313692979515,0.03621761128306389,0.0006354636279866099,0.0005739665357396007,0.0005718161119148135,0.00012293533654883504,0.007194352801889181,0.0015211217105388641,0.0031527304090559483,9.510475501883775e-05,6.4589862631692085e-06,0.008148165419697762,0.020026763901114464,0.002587949624285102,0.002633119933307171,0.00023097643861547112,0.02066468819975853,0.0024862259160727262,0.0003304497804492712,0.0007871872512623668,0.00018295872723683715,0.01866443268954754,0.0015214700251817703,0.00035243891761638224,0.30881237983703613,0.0003936602734029293,0.0035558424424380064,0.0006395296659320593,0.011720250360667706,0.001303110970184207,0.002899648854508996,0.0021490571089088917,0.0037055397406220436,7.367230136878788e-05,0.002491352381184697,0.00491406349465251,0.21043597161769867,0.016895391047000885,0.024977771565318108,3.7034304114058614e-05,0.002126013860106468,9.353207133244723e-06,0.00039535932592116296,0.005202417261898518
/users/PAS2099/jianyanggu/PlotDiversiVision/data/CPER_009/CPER_009_PlantDiversity_31_1_1_20140528-straightened.jpg,CPER_009/CPER_009_PlantDiversity_31_1_1_20140528-straightened.jpg,CPER,2014,,CPER_009,31_1_1,31,1,1,20140528,true,CPER_009_PlantDiversity_31_1_1_20140528-straightened_r1_c2,3,1,2,1227,600,1841,1199,73,0.006480023264884949,0.00034652644535526633,0.0016970051219686866,0.02027435228228569,0.0015211391728371382,9.010074427351356e-05,0.0020408506970852613,0.0002713864669203758,0.012482664547860622,0.013954665511846542,0.03836872801184654,0.030842605978250504,0.00011924668069696054,3.953546183765866e-05,0.0015202921349555254,1.958768189069815e-05,0.0003166722890455276,0.003618306713178754,0.0037249133456498384,0.02575463242828846,0.0003006679762620479,0.00139293959364295,0.0004541887028608471,0.0006117281736806035,7.030098004179308e-06,0.0050298492424190044,0.0005236901342868805,0.0024834296200424433,0.0007534782635048032,0.001294184010475874,0.012019673362374306,0.004905691836029291,0.0011257842415943742,0.00812646746635437,0.00040502846240997314,0.012150970287621021,0.0009311457397416234,0.006489175837486982,0.0002835168852470815,0.00011362809163983911,0.001357737579382956,0.041797515004873276,0.0022561822552233934,0.0015562736662104726,0.00045237308950163424,0.003467368660494685,0.01259679812937975,0.0031165825203061104,0.004262659233063459,0.0033505763858556747,0.005599740892648697,0.001825196435675025,0.00029190469649620354,0.5440934896469116,0.0003587012179195881,0.018412327393889427,0.0032928220462054014,0.0033004682045429945,0.0051608881913125515,0.0066402750089764595,0.0022272872738540173,0.005496084690093994,0.00020492984913289547,0.0003101862093899399,0.005779700353741646,0.08536732941865921,0.003743403125554323,0.00582369789481163,0.00022260202968027443,0.0020668855868279934,0.0001703698217170313,6.162928912090138e-05,0.0024504363536834717
/users/PAS2099/jianyanggu/PlotDiversiVision/data/CPER_009/CPER_009_PlantDiversity_31_1_1_20140528-straightened.jpg,CPER_009/CPER_009_PlantDiversity_31_1_1_20140528-straightened.jpg,CPER,2014,,CPER_009,31_1_1,31,1,1,20140528,true,CPER_009_PlantDiversity_31_1_1_20140528-straightened_r2_c0,3,2,0,0,1199,614,1799,73,0.02749093994498253,0.0001031804276863113,0.0064144255593419075,0.002775763627141714,0.0003732846234925091,8.669360977364704e-05,0.0028908553067594767,2.81210413959343e-05,0.01775883324444294,0.02902846969664097,0.17284242808818817,0.007256528362631798,3.0324315957841463e-05,7.992162863956764e-06,0.00024410197511315346,1.012565098790219e-05,0.00010189706517849118,0.0004501538351178169,0.0008832567255012691,0.017609477043151855,4.4507385609904304e-05,0.009546462446451187,0.0002765151730272919,0.004662239458411932,0.0004809241509065032,0.003091277088969946,0.00011126416939077899,0.00025604708935134113,6.780044350307435e-05,7.384105992969126e-05,0.18104612827301025,0.00013160830712877214,0.0007576743373647332,0.001387238153256476,4.232562059769407e-05,0.018832776695489883,0.0001870060368673876,0.002460598014295101,5.405316551332362e-05,2.4232143914559856e-05,0.0015166824450716376,0.02875887043774128,9.589594264980406e-05,6.621418287977576e-05,0.00021970907982904464,0.008070021867752075,0.0707814022898674,9.536626021144912e-05,0.00013271087664179504,0.00011481883120723069,0.010220238007605076,0.03507116064429283,8.246112884080503e-06,0.10100287199020386,8.808638813206926e-05,0.007487447001039982,0.0028171318117529154,0.0010255029192194343,0.00039703818038105965,0.00035850534914061427,0.0014926445437595248,0.00047135783825069666,0.0001989978045457974,2.6456402338226326e-05,0.0004164799174759537,0.1773453801870346,0.0015334486961364746,0.004719176329672337,0.00029818344046361744,0.009508954361081123,0.0001123080583056435,6.188437691889703e-05,0.02556540258228779
/users/PAS2099/jianyanggu/PlotDiversiVision/data/CPER_009/CPER_009_PlantDiversity_31_1_1_20140528-straightened.jpg,CPER_009/CPER_009_PlantDiversity_31_1_1_20140528-straightened.jpg,CPER,2014,,CPER_009,31_1_1,31,1,1,20140528,true,CPER_009_PlantDiversity_31_1_1_20140528-straightened_r2_c1,3,2,1,614,1199,1227,1799,73,7.330960943363607e-05,0.00019203060946892947,1.4877793546475004e-05,0.012719991616904736,1.632809653528966e-05,1.3367990732149337e-06,9.879455319605768e-06,3.145042501273565e-05,0.00018943316536024213,0.00024039404524955899,0.00047414127038791776,0.027313701808452606,1.4937106243451126e-05,0.00015028905181679875,0.6654056906700134,0.00015200377674773335,0.0014431182062253356,0.00046789392945356667,0.00024577396106906235,0.00012169524416094646,0.0006822687573730946,9.418850822839886e-05,5.125943789607845e-05,1.0577941793599166e-05,4.7464204726566095e-06,0.0006985334912315011,0.0007461025379598141,0.008630580268800259,0.00023256275744643062,0.00029651200748048723,0.00012126936780987307,0.0024881449062377214,0.0022122927475720644,0.004164156969636679,4.1772625991143286e-05,0.0008612783276475966,0.0011781083885580301,0.000683232385199517,0.0016536094481125474,0.00016250864428002387,7.738899512332864e-06,0.00011847462155856192,0.0019705984741449356,0.0005899860407225788,3.996353370894212e-06,2.0151588614680804e-05,0.00035515741910785437,0.00032041766098700464,0.0018523220205679536,8.487179002258927e-05,0.0024228235706686974,1.2947616596648004e-05,4.6641794142487925e-06,0.21552185714244843,5.262637205305509e-05,0.00523710809648037,0.025191951543092728,0.002568380907177925,0.0023409114219248295,0.0020087752491235733,0.0001915689354063943,0.0002782552328426391,2.1435547751025297e-05,4.6271939027064946e-06,0.000982613186351955,0.0004849465622100979,0.001209335750900209,0.0011751101119443774,5.565409082919359e-06,8.162412996171042e-05,0.0004905394744127989,3.1375516300613526e-06,9.349047468276694e-05
/users/PAS2099/jianyanggu/PlotDiversiVision/data/CPER_009/CPER_009_PlantDiversity_31_1_1_20140528-straightened.jpg,CPER_009/CPER_009_PlantDiversity_31_1_1_20140528-straightened.jpg,CPER,2014,,CPER_009,31_1_1,31,1,1,20140528,true,CPER_009_PlantDiversity_31_1_1_20140528-straightened_r2_c2,3,2,2,1227,1199,1841,1799,73,0.0013459691544994712,3.369566002220381e-06,0.0010033653816208243,2.1165031284908764e-05,0.0002677870506886393,2.829493041645037e-06,0.0003907144127879292,1.80600236490136e-05,0.19110549986362457,0.17144837975502014,0.0068832263350486755,3.20593171636574e-05,0.00010386048961663619,2.6947543574351585e-07,1.4829096244284301e-06,2.034963108599186e-05,6.937893340364099e-05,6.0031929024262354e-05,3.750702308025211e-05,0.0032500172965228558,2.02641876967391e-05,0.0008397514466196299,3.6956109397578984e-05,1.050386254064506e-05,1.4803194225976313e-08,0.00022193891345523298,6.69581932015717e-05,4.103687751921825e-05,1.5413181245094165e-05,1.8844253645511344e-05,0.002312603872269392,1.2741374121105764e-05,4.843633359996602e-05,4.392580194689799e-06,1.2145242180849891e-06,0.0036542320158332586,0.0007088592974469066,6.298880907706916e-05,5.478055390994996e-05,3.112749595857167e-07,7.071061554597691e-05,0.0038062124513089657,0.00027880098787136376,0.00015913865354377776,2.3110846086638048e-05,0.13310407102108002,0.09267664700746536,0.00016275599773507565,3.299632953712717e-05,1.0368111361458432e-05,0.0001774182601366192,0.0024224233347922564,3.0471366699202918e-05,0.023262571543455124,0.00011355699825799093,0.00033004782744683325,1.253349864782649e-06,0.0004316342528909445,6.7942361056339e-05,0.0005716480081900954,4.114503462915309e-05,8.377001358894631e-05,2.2136712232168065e-06,3.499735248624347e-05,5.278916796669364e-05,0.35356780886650085,0.0011567623587325215,0.002469993894919753,2.262108500872273e-05,0.0003871270455420017,8.24866583570838e-06,3.755597163035418e-06,0.00023744355712551624
/users/PAS2099/jianyanggu/PlotDiversiVision/data/CPER_009/CPER_009_PlantDiversity_31_1_4_20140528-straightened.jpg,CPER_009/CPER_009_PlantDiversity_31_1_4_20140528-straightened.jpg,CPER,2014,,CPER_009,31_1_4,31,1,4,20140528,true,CPER_009_PlantDiversity_31_1_4_20140528-straightened_r0_c0,3,0,0,0,0,653,646,73,0.0017554644728079438,3.069633976338082e-06,0.009929007850587368,0.0002685875806491822,0.002844534581527114,0.0005894621717743576,0.0010510385036468506,7.091766747180372e-05,0.4432002007961273,0.29431965947151184,0.0069898744113743305,3.5783101338893175e-05,2.49861586780753e-05,3.877671304053365e-07,2.7885439521924127e-06,9.95850859908387e-05,0.00030907164909876883,0.0010780667653307319,5.786056135548279e-05,0.0007256098324432969,0.0009159281034953892,0.0006814497755840421,3.045294579351321e-05,0.0006094557465985417,1.6270893183900625e-06,0.005181885790079832,0.0012309090234339237,6.649831448157784e-06,0.00013934883463662118,7.589248525619041e-06,0.052703022956848145,9.512557880952954e-05,9.609825610823464e-06,5.531947863346431e-06,4.4335487473290414e-05,0.00199394254013896,0.0007758509018458426,0.0001270490320166573,0.0001480556675232947,5.322965535015101e-06,0.00017858513456303626,0.004525034688413143,0.0018947962671518326,0.002316669560968876,0.00013359395961742848,0.03869982063770294,0.013159720227122307,0.00020112903439439833,0.0004692580259870738,9.40481768338941e-05,0.0008629329968243837,0.00041475746547803283,0.00018869257473852485,0.07202660292387009,0.0010774171678349376,0.0010081168729811907,3.4320485156058567e-06,7.041142816888168e-05,0.00015561742475256324,0.0015576063888147473,9.223329470842145e-06,1.0902077519858722e-05,7.801357241987716e-06,0.0006126819644123316,0.0005164418835192919,0.028386717662215233,0.0007395487045869231,0.0024468530900776386,2.0307481463532895e-05,5.47988383914344e-05,4.6221152842917945e-06,2.2031949811207596e-06,8.05247254902497e-05
/users/PAS2099/jianyanggu/PlotDiversiVision/data/CPER_009/CPER_009_PlantDiversity_31_1_4_20140528-straightened.jpg,CPER_009/CPER_009_PlantDiversity_31_1_4_20140528-straightened.jpg,CPER,2014,,CPER_009,31_1_4,31,1,4,20140528,true,CPER_009_PlantDiversity_31_1_4_20140528-straightened_r0_c1,3,0,1,653,0,1305,646,73,0.0013454180443659425,6.565769581357017e-07,0.0065926373936235905,7.896548777353019e-05,0.004658146761357784,4.065260145580396e-05,0.0033302721567451954,0.00017727934755384922,0.46382567286491394,0.23245877027511597,0.020593203604221344,0.0001340555609203875,5.05493808304891e-05,9.535735330246098e-07,1.135502429860935e-06,1.2017389963148162e-05,9.185526141664013e-05,0.0007984972908161581,4.4573269406100735e-05,0.0040362137369811535,0.0007766392081975937,9.895049879560247e-05,7.385480421362445e-05,0.000330550130456686,2.658556013557245e-06,0.0020540705882012844,0.0006256488850340247,1.8444245597493136e-06,0.00040867971256375313,2.560866732892464e-06,0.03483220562338829,4.446678576641716e-05,1.1710249054885935e-05,1.2239602256158832e-05,1.795216121536214e-05,0.0018054646207019687,0.002046202775090933,4.584839552990161e-05,0.00013553335156757385,2.9141345294192433e-05,0.000318020349368453,0.0074835573323071,0.0009013572125695646,0.0009190507116727531,0.0003010818618349731,0.09979941695928574,0.030628584325313568,4.4228760089026764e-05,8.102982974378392e-05,4.0836628613760695e-05,0.0008276557782664895,6.40438956907019e-05,0.00016585255798418075,0.029810389503836632,0.0005463171983137727,0.0014944322174414992,5.567114840232534e-06,0.00022717835963703692,0.00024538362049497664,0.0005703556234948337,0.0001548701839055866,3.7842120946152136e-05,2.6115159926121123e-05,0.0006493966211564839,0.00029434746829792857,0.0368657261133194,0.0016175932250916958,0.004172574263066053,1.5869583876337856e-05,3.2054504117695615e-05,4.146892933931667e-06,6.918112831044709e-06,2.0397712432895787e-05
/users/PAS2099/jianyanggu/PlotDiversiVision/data/CPER_009/CPER_009_PlantDiversity_31_1_4_20140528-straightened.jpg,CPER_009/CPER_009_PlantDiversity_31_1_4_20140528-straightened.jpg,CPER,2014,,CPER_009,31_1_4,31,1,4,20140528,true,CPER_009_PlantDiversity_31_1_4_20140528-straightened_r0_c2,3,0,2,1305,0,1958,646,73,0.0027846505399793386,4.792895538230368e-07,0.004715791437774897,4.0852228266885504e-05,0.0001558897492941469,1.8242390069644898e-05,0.0002123441081494093,4.97121800435707e-06,0.17550131678581238,0.4861447215080261,0.01623275876045227,1.7126812963397242e-05,9.84936923487112e-06,3.414185911765344e-08,8.58833857364516e-08,2.617440259200521e-06,1.160043575509917e-05,4.12270164815709e-05,5.183367647987325e-06,9.399736154591665e-05,0.0002320501080248505,0.0007384670898318291,4.9688478611642495e-06,7.434328290401027e-05,6.741942684129754e-07,0.0012271973537281156,5.523249274119735e-05,3.67154984814988e-06,1.2961081665707752e-05,3.7323979995562695e-07,0.12198801338672638,1.811818037822377e-05,6.477460829046322e-06,1.3529049738281174e-06,6.230810413399013e-06,0.0018540432211011648,0.00012889938079752028,1.6016832887544297e-05,1.464308297727257e-05,3.1399983413393784e-07,8.238034934038296e-05,0.001238295342773199,8.05807503638789e-05,3.242469756514765e-05,3.313340857857838e-05,0.12641462683677673,0.009155070409178734,1.3558920727518853e-05,9.473129466641694e-06,4.143766636843793e-05,0.0002954410738311708,0.0003000890137627721,8.982439612736925e-05,0.012802429497241974,2.922072962974198e-05,0.0005335806054063141,1.0814314919116441e-06,4.647190962714376e-06,0.00010815729183377698,4.8570997023489326e-05,3.0037274427741067e-06,2.1286293758748798e-06,1.8679759250517236e-06,4.174291461822577e-05,9.213640441885218e-05,0.03543072193861008,0.00011594203533604741,0.0003062225878238678,4.112584065296687e-06,2.092074828397017e-05,3.779766757361358e-07,1.0214873782388167e-06,0.0002879461972042918
/users/PAS2099/jianyanggu/PlotDiversiVision/data/CPER_009/CPER_009_PlantDiversity_31_1_4_20140528-straightened.jpg,CPER_009/CPER_009_PlantDiversity_31_1_4_20140528-straightened.jpg,CPER,2014,,CPER_009,31_1_4,31,1,4,20140528,true,CPER_009_PlantDiversity_31_1_4_20140528-straightened_r1_c0,3,1,0,0,646,653,1291,73,0.0008317457395605743,2.6786126454680925e-06,0.007723649963736534,0.000952873844653368,0.005839198362082243,0.0005185034824535251,0.0011051337933167815,2.022147600655444e-05,0.05807900056242943,0.16962872445583344,0.003697178326547146,5.706669981009327e-05,9.80996701400727e-05,6.717812084389152e-07,2.1472083062690217e-06,1.7371194189763628e-05,0.00030891888309270144,0.0007886294042691588,6.015476901666261e-05,0.00994031596928835,0.00011717458255589008,0.0008322725188918412,1.2521551980171353e-05,0.0006486296188086271,2.0260147266526474e-06,0.0007616705261170864,0.0003214871685486287,1.0137980098079424e-05,1.8103884940501302e-05,9.316841897089034e-06,0.13695302605628967,0.00011791353608714417,6.705065970891155e-06,2.151694570784457e-05,5.321433854987845e-05,0.001720226719044149,0.0009698161738924682,5.0307422498008236e-05,2.9498491130652837e-05,1.288368594032363e-06,0.00019787067139986902,0.009727622382342815,0.003483394393697381,0.0014961789129301906,7.162902329582721e-05,0.05474196746945381,0.06646761298179626,0.00020787675748579204,0.00021351220493670553,2.360327198402956e-05,0.0013435831060633063,0.007370127830654383,0.0002777891349978745,0.09103431552648544,0.0007855608128011227,0.000882232969161123,6.189214218466077e-06,7.36051079002209e-05,0.00017339622718282044,0.0005124901072122157,3.578888936317526e-05,3.605885285651311e-05,1.3653225323650986e-06,0.0017717883456498384,0.00020670959202107042,0.3436647951602936,0.002204521792009473,0.010409337468445301,9.79586457106052e-06,4.259092020220123e-05,6.55899430057616e-06,1.3797155133943306e-06,0.0001895455934572965
/users/PAS2099/jianyanggu/PlotDiversiVision/data/CPER_009/CPER_009_PlantDiversity_31_1_4_20140528-straightened.jpg,CPER_009/CPER_009_PlantDiversity_31_1_4_20140528-straightened.jpg,CPER,2014,,CPER_009,31_1_4,31,1,4,20140528,true,CPER_009_PlantDiversity_31_1_4_20140528-straightened_r1_c1,3,1,1,653,646,1305,1291,73,0.0019924200605601072,2.0490486349444836e-05,0.00032621040008962154,0.0001212457354995422,0.00306099490262568,2.9869259378756396e-05,0.0024102951865643263,2.355239848839119e-05,0.3286502957344055,0.22969409823417664,0.007371628191322088,0.00016196089563891292,9.00788145372644e-05,1.9803906070592348e-07,8.562254265598312e-07,6.818824545007374e-07,1.3244244655652437e-05,0.00024342721735592932,7.645381629117765e-06,0.014890302903950214,9.730590136314277e-06,0.00016810074157547206,1.8206677623311407e-06,0.00012098331353627145,3.0768163128414017e-07,0.0005259567988105118,9.880399011308327e-05,1.0236351045023184e-05,1.3401123624134925e-06,6.42015356788761e-06,0.0098417392000556,1.8339896996621974e-05,2.384666913712863e-05,1.2326923751970753e-05,1.0097771792061394e-06,0.000599933264311403,0.0013270253548398614,0.00016055835294537246,3.5121764085488394e-05,8.885556326276856e-07,2.7648904506349936e-05,0.006363619118928909,7.550407462986186e-05,4.148012158111669e-05,0.00013855575525667518,0.02548588253557682,0.01375227514654398,0.00010838422167580575,3.851489964290522e-05,2.313802497155848e-06,0.00014255971473176032,0.0011934376088902354,6.144294457044452e-05,0.05798588693141937,7.16105496394448e-05,8.018808148335665e-05,8.456599061901215e-06,3.9576832932652906e-05,0.0006327814189717174,0.0006488607032224536,3.521137477946468e-05,1.7042704712366685e-05,2.59827447735006e-06,0.00011874878691742197,4.787226498592645e-05,0.28297728300094604,0.0009766300208866596,0.006574243772774935,3.70985217159614e-05,0.00018380669644102454,5.308279924065573e-06,4.352286850917153e-06,4.689620982389897e-05
/users/PAS2099/jianyanggu/PlotDiversiVision/data/CPER_009/CPER_009_PlantDiversity_31_1_4_20140528-straightened.jpg,CPER_009/CPER_009_PlantDiversity_31_1_4_20140528-straightened.jpg,CPER,2014,,CPER_009,31_1_4,31,1,4,20140528,true,CPER_009_PlantDiversity_31_1_4_20140528-straightened_r1_c2,3,1,2,1305,646,1958,1291,73,0.11843395978212357,0.00012044670438626781,0.001137230545282364,0.0001838618773035705,0.013613106682896614,0.0019341842271387577,0.004981003701686859,4.864686343353242e-05,0.1358577460050583,0.15709474682807922,0.048192378133535385,2.6114586944459006e-05,0.0001897561742225662,1.788285430848191e-07,2.7398849056226027e-07,6.428575943573378e-06,8.621739834779873e-05,0.00021803508570883423,1.5379406249849126e-05,0.001113729435019195,0.00019008072558790445,0.0008102469728328288,1.0715034477470908e-05,0.0012690015137195587,9.228409112438385e-07,0.000801161746494472,0.000323893764289096,1.8017493857769296e-05,1.003827310341876e-05,2.7797774237114936e-05,0.0769096165895462,6.65045517962426e-05,1.2673940545937512e-05,1.1388312486815266e-05,1.348207842966076e-05,0.1537591814994812,0.0016080894274637103,0.0004457979812286794,0.0005451789475046098,3.413629201531876e-07,0.0009216813487000763,0.02747134305536747,0.000562862551305443,0.000150571737322025,0.0007545766420662403,0.004728457424789667,0.016723087057471275,0.0035895714536309242,0.0002278112224303186,2.2416717911255546e-05,0.0036030709743499756,0.05191078037023544,0.00033144315239042044,0.06045139580965042,0.00025210442254319787,0.0021021177526563406,1.08932426883257e-05,2.2760004867450334e-05,0.0003060557646676898,0.0003341012925375253,1.8043285308522172e-05,7.542420462414157e-06,1.731509473756887e-05,0.0010468588443472981,0.000512109138071537,0.07006922364234924,0.003582622390240431,0.02818939834833145,0.0009471734520047903,0.0009915847331285477,2.290055590492557e-06,2.864822590709082e-06,4.8346788389608264e-05
/users/PAS2099/jianyanggu/PlotDiversiVision/data/CPER_009/CPER_009_PlantDiversity_31_1_4_20140528-straightened.jpg,CPER_009/CPER_009_PlantDiversity_31_1_4_20140528-straightened.jpg,CPER,2014,,CPER_009,31_1_4,31,1,4,20140528,true,CPER_009_PlantDiversity_31_1_4_20140528-straightened_r2_c0,3,2,0,0,1291,653,1937,73,0.004922034218907356,2.465300497078715e-07,0.002863690722733736,0.00013723473239224404,0.000509241595864296,1.696619733593252e-06,7.746630581095815e-05,1.1330636880302336e-05,0.214448019862175,0.19016589224338531,0.02464657835662365,4.5951925130793825e-05,1.5874375094426796e-06,2.5549744009367714e-07,5.713722543987387e-07,2.8024651328451e-06,5.7512312196195126e-05,8.369205897906795e-05,5.1952894864371046e-05,0.1124737486243248,1.7949234461411834e-05,0.0077612497843801975,5.345218232832849e-05,9.53993367147632e-06,5.603725185210351e-06,3.248636858188547e-05,0.0002535840030759573,2.3799552764103282e-06,5.371214683691505e-06,1.1153902050864417e-06,0.006316161248832941,1.8674150851438753e-05,8.788363629719242e-06,4.689541583502432e-06,2.6840648388315458e-06,0.029032791033387184,0.0003079811576753855,0.00046104882494546473,6.857403059257194e-05,6.4816163103387225e-06,0.00010483089135959744,0.0021810256876051426,9.633368790673558e-06,4.583617737807799e-06,0.00012755091302096844,0.04001938924193382,0.10751578956842422,2.9398519473033957e-05,1.833511851145886e-05,4.927966438117437e-05,0.00034800730645656586,0.025280384346842766,1.364572995044e-06,0.052040841430425644,0.00011883293336723,0.0006077087018638849,3.4512901038397104e-05,0.0002041821862803772,3.7284331483533606e-05,0.00010836590081453323,2.5513927539577708e-05,6.915138328622561e-06,4.67536119685974e-05,2.0300236428738572e-05,9.35506250243634e-05,0.17380447685718536,0.00015371438348665833,0.00030494167003780603,2.355030483158771e-05,2.425268030492589e-05,2.0098663298995234e-05,1.1461700069048675e-06,0.0017613100353628397
/users/PAS2099/jianyanggu/PlotDiversiVision/data/CPER_009/CPER_009_PlantDiversity_31_1_4_20140528-straightened.jpg,CPER_009/CPER_009_PlantDiversity_31_1_4_20140528-straightened.jpg,CPER,2014,,CPER_009,31_1_4,31,1,4,20140528,true,CPER_009_PlantDiversity_31_1_4_20140528-straightened_r2_c1,3,2,1,653,1291,1305,1937,73,0.00017748239042703062,1.3757894521404523e-05,0.0003682100505102426,7.762806490063667e-05,0.0002596181584522128,2.4682560251676477e-05,0.00039771106094121933,2.4153410777216777e-05,0.2413909137248993,0.09528962522745132,0.003403478767722845,0.00548997987061739,1.3227002455096226e-05,1.3055902172709466e-06,4.071857620147057e-05,3.9045585253916215e-06,5.1359933422645554e-05,0.0003086689976043999,6.0195111473149154e-06,0.02296076901257038,6.0301095800241455e-05,0.00017646838387008756,3.6168476071907207e-06,1.3325861800694838e-05,1.546710279853869e-07,0.00010187835869146511,0.00020593107910826802,6.722429679939523e-05,7.859012839617208e-06,3.932078107027337e-05,0.000740153482183814,5.8664729294832796e-05,0.0008837078930810094,8.369323950319085e-06,3.1817165790926083e-07,0.0007597259245812893,0.0013242970453575253,5.457526276586577e-05,0.0001488157140556723,1.1835634268209105e-06,1.1937482668145094e-05,0.0009588460670784116,0.00015415703819599003,3.433481469983235e-05,4.63384494651109e-05,0.0025472992565482855,0.031900253146886826,3.900942829204723e-05,5.5905504268594086e-05,2.9705788620049134e-06,0.00028168389690108597,0.00036982042365707457,5.2843111916445196e-05,0.19799697399139404,3.2613996154395863e-05,0.00048681008047424257,0.00010923741501756012,0.00017663407197687775,0.0008138241828419268,0.0011480526300147176,3.675362313515507e-05,1.857949246186763e-05,8.008333679754287e-06,3.3552118111401796e-05,0.00010018340253736824,0.38336804509162903,0.0014094917569309473,0.0025016728322952986,3.641242074081674e-05,0.00017122704593930393,4.400998295750469e-05,5.916767804592382e-06,8.751161658437923e-05
/users/PAS2099/jianyanggu/PlotDiversiVision/data/CPER_009/CPER_009_PlantDiversity_31_1_4_20140528-straightened.jpg,CPER_009/CPER_009_PlantDiversity_31_1_4_20140528-straightened.jpg,CPER,2014,,CPER_009,31_1_4,31,1,4,20140528,true,CPER_009_PlantDiversity_31_1_4_20140528-straightened_r2_c2,3,2,2,1305,1291,1958,1937,73,0.0007654974469915032,3.974600701894815e-07,0.001788778812624514,7.5606229074765e-05,0.0037999837659299374,9.452446101931855e-05,0.000861453649122268,2.033098462561611e-05,0.32864585518836975,0.42368000745773315,0.0045092543587088585,2.6166517272940837e-05,1.1420669579820242e-05,4.438520662120027e-08,2.2323659720768774e-07,3.039540388272144e-05,0.00011846981942653656,0.00012337912630755454,3.8892462725925725e-06,0.00045749713899567723,0.000185160301043652,0.0002841791429091245,9.016452167998068e-06,0.00018730432202573866,7.549861180677908e-08,0.001984761795029044,0.00044226591126061976,3.8965677049418446e-06,3.133156133117154e-05,2.094555213716376e-07,0.016037024557590485,4.375852950033732e-05,8.74500983627513e-07,3.7894255910941865e-06,2.211204991908744e-05,0.0012537615839391947,0.000459434901131317,3.023639328603167e-05,2.0406663679750636e-05,6.213545589162095e-08,0.00018360308604314923,0.00266991276293993,0.0004975413903594017,0.00030736002372577786,5.1520433771656826e-05,0.048294469714164734,0.04286952689290047,7.964739052113146e-05,5.908199091209099e-05,9.317652256868314e-06,0.005612585227936506,0.0004367367073427886,0.0005665910430252552,0.06139276921749115,0.0002617102290969342,0.0006841488066129386,6.27170095413021e-07,3.7912061088718474e-05,5.3823092457605526e-05,0.00019116622570436448,5.555256848310819e-06,2.3753273126203567e-06,2.3602420640145283e-07,0.00016963416419457644,0.0004673398216255009,0.048312898725271225,0.00011508009629324079,0.0005713573773391545,1.3725750704907114e-06,3.6770566111954395e-06,2.0590088922745053e-07,8.304597827191174e-07,7.659439143026248e-05
/users/PAS2099/jianyanggu/PlotDiversiVision/data/CPER_009/CPER_009_PlantDiversity_32_1_2_20140528-straightened.jpg,CPER_009/CPER_009_PlantDiversity_32_1_2_20140528-straightened.jpg,CPER,2014,,CPER_009,32_1_2,32,1,2,20140528,true,CPER_009_PlantDiversity_32_1_2_20140528-straightened_r0_c0,3,0,0,0,0,677,696,73,0.0016981700900942087,1.0446399755892344e-05,0.006052220705896616,5.4011754400562495e-05,0.00033707646070979536,7.396908040391281e-05,0.001047857804223895,1.8491264199838042e-05,0.09679657220840454,0.3737013339996338,0.0013992339372634888,3.242706952732988e-05,2.9779008400510065e-05,1.0440850672921442e-07,6.657730722281485e-08,6.005315640322806e-07,4.844147952098865e-06,0.0010977769270539284,2.5056646336452104e-05,0.000459605420473963,5.763179433415644e-05,0.0003943800402339548,2.4000221401365707e-06,8.578562301408965e-06,2.6512037010206768e-08,7.123584509827197e-05,0.00030638050520792603,4.980141511623515e-06,3.336883310112171e-06,2.097845026582945e-06,0.45307302474975586,0.00031190889421850443,4.363819698482985e-06,1.4069765938984347e-06,3.2713435302866856e-06,0.0005657212459482253,0.000197014378500171,0.0006763104465790093,0.00011339507182128727,5.5493472927992116e-08,0.00010367442882852629,0.01565544679760933,0.001105948118492961,3.1464180210605264e-05,0.00040813334635458887,0.0191130880266428,0.0002955709060188383,0.0003535496653057635,0.0007554810727015138,0.00014635057596024126,0.0009047237690538168,0.00098227069247514,0.0002190221130149439,0.0013057925971224904,1.7696458598948084e-05,0.0003275117778684944,4.757780061481753e-06,2.0607338228728622e-05,0.00015858111146371812,0.00034160970244556665,5.223462835601822e-07,6.94379332344397e-06,3.741782393262838e-06,0.00025474553694948554,0.002705399179831147,0.010850501246750355,0.0009314438211731613,0.004187008365988731,1.708538729872089e-05,1.490725753683364e-05,1.0821379419212462e-06,1.585423160577193e-05,0.00012237473856657743
/users/PAS2099/jianyanggu/PlotDiversiVision/data/CPER_009/CPER_009_PlantDiversity_32_1_2_20140528-straightened.jpg,CPER_009/CPER_009_PlantDiversity_32_1_2_20140528-straightened.jpg,CPER,2014,,CPER_009,32_1_2,32,1,2,20140528,true,CPER_009_PlantDiversity_32_1_2_20140528-straightened_r0_c1,3,0,1,677,0,1355,696,73,0.001302359509281814,2.4025413949857466e-05,0.0017530244076624513,0.00022619184164796025,0.0014478632947430015,0.000176243091118522,0.0014649973018094897,4.455137241166085e-05,0.012572879903018475,0.13530738651752472,0.0010052573634311557,6.546448275912553e-05,5.5535889259772375e-05,1.221111006088904e-06,9.427775466974708e-07,2.1000871129217558e-05,0.00013422810297925025,0.0022247207816690207,9.812923235585913e-05,0.0001293659006478265,0.0001923887903103605,0.0016632539918646216,2.6308358428650536e-05,8.593269012635574e-05,7.719359018665273e-08,0.0007532304152846336,0.00034457523724995553,6.46472763037309e-05,4.6251228923210874e-05,1.0715766620705836e-05,0.6926743984222412,0.0003585476952139288,3.610606290749274e-05,1.4003211617819034e-05,6.396654498530552e-05,0.013227027840912342,0.0003158118634019047,0.00027666284586302936,0.0007961892406456172,3.9624620740141836e-07,0.00020966623560525477,0.004286985844373703,0.001467805472202599,0.0013053636066615582,0.0006180796190164983,0.04110616818070412,0.012724190019071102,0.0005644406192004681,0.0006483253091573715,4.0206763515016064e-05,0.0034928813111037016,0.009036097675561905,0.0024828591849654913,0.02748684771358967,0.0007131334277801216,0.0017765326192602515,1.6956171748461202e-05,0.00035728883813135326,0.000394019007217139,0.001229188754223287,3.239688521716744e-05,6.2977233028505e-05,6.107802619226277e-06,0.0005243972991593182,0.000804880284704268,0.011827358976006508,0.0011673206463456154,0.006158182397484779,0.00021049646602477878,0.00012615241575986147,5.755791789852083e-06,4.311513748689322e-06,0.00010667360766092315
/users/PAS2099/jianyanggu/PlotDiversiVision/data/CPER_009/CPER_009_PlantDiversity_32_1_2_20140528-straightened.jpg,CPER_009/CPER_009_PlantDiversity_32_1_2_20140528-straightened.jpg,CPER,2014,,CPER_009,32_1_2,32,1,2,20140528,true,CPER_009_PlantDiversity_32_1_2_20140528-straightened_r0_c2,3,0,2,1355,0,2032,696,73,0.0002825359988491982,1.551259032339658e-07,4.895990514341975e-06,0.997442364692688,4.607962637237506e-06,0.0002935848315246403,3.6835710488958284e-05,2.1740415832027793e-06,4.3182106310268864e-05,8.089358743745834e-05,5.452902041724883e-05,4.706380877905758e-06,5.693827347386105e-07,1.481682554427266e-10,4.488819342896022e-07,1.1759036169678438e-05,0.00012837811664212495,2.342589368709014e-06,1.0258527254336514e-05,1.190340753964847e-06,9.883223128781538e-08,8.161482583091129e-06,9.417766477781697e-08,1.1298027402517619e-06,1.5541799029961112e-06,2.1022970031481236e-05,2.322844557056669e-05,7.544304594375717e-07,1.8230598186619318e-07,1.6532983693196002e-07,0.0004888120456598699,0.00014560138515662402,1.6306120187437045e-07,5.036587253925973e-07,9.46599925555347e-07,0.00017397510237060487,1.6478276165798889e-06,3.090512450398819e-07,9.271726639781264e-07,2.6295130517439702e-09,3.921991265087854e-06,3.385717491255491e-06,2.7247289835941046e-05,1.5930888821458211e-06,5.343227371668036e-07,4.545342017081566e-05,2.6407858513266547e-06,1.6551733779124334e-06,5.578975105891004e-06,1.011220501823118e-05,0.00010650311742210761,4.433886260812869e-06,2.331702262381441e-07,4.324323526816443e-06,2.0514744392130524e-06,0.00015574101416859776,6.288084364314273e-07,3.63177463214015e-07,5.570320354308933e-06,6.75681746997725e-07,1.6512309741756326e-07,4.35955115563047e-07,3.2813463946013144e-08,2.5381770683452487e-05,0.0002850671298801899,2.262242924189195e-05,1.324313529948995e-07,2.9042200822004816e-07,1.2403912705849507e-06,2.6968268684868235e-07,2.8287851705499634e-07,4.808604217032553e-07,6.484995083155809e-06
/users/PAS2099/jianyanggu/PlotDiversiVision/data/CPER_009/CPER_009_PlantDiversity_32_1_2_20140528-straightened.jpg,CPER_009/CPER_009_PlantDiversity_32_1_2_20140528-straightened.jpg,CPER,2014,,CPER_009,32_1_2,32,1,2,20140528,true,CPER_009_PlantDiversity_32_1_2_20140528-straightened_r1_c0,3,1,0,0,696,677,1391,73,0.0006954891723580658,2.112931042574928e-06,0.007656983565539122,0.00017166495672427118,0.000345953565556556,0.00015017615805845708,0.0011464402778074145,1.6562024029553868e-05,0.12224026769399643,0.24573685228824615,0.0022147498093545437,6.189393025124446e-05,1.5727695426903665e-05,1.8951382685372664e-07,6.611958269786555e-07,4.656268174585421e-06,1.7315585864707828e-05,0.000486924487631768,1.912964398798067e-05,0.0010848152451217175,4.249086487106979e-05,0.0016573669854551554,4.00645831177826e-06,0.0001540450903121382,1.8663548928543605e-07,0.0006789532490074635,0.00018828264728654176,6.324262358248234e-06,8.508925930073019e-06,6.816173936385894e-07,0.478705495595932,7.830037793610245e-05,1.135609818447847e-05,1.687451367615722e-05,2.302200300619006e-05,0.0006615676684305072,0.00022543252271134406,0.00040012694080360234,9.31419253902277e-06,2.27397080720948e-07,0.00012563301424961537,0.008906276896595955,0.0005217763246037066,7.01566823408939e-05,0.0006642583757638931,0.04181605577468872,0.005540041718631983,0.00014116357488092035,0.00013084812962915748,5.7700512115843594e-05,0.0008455706993117929,0.007199328858405352,7.567537249997258e-05,0.03632210195064545,3.611797365010716e-05,0.0014041014946997166,9.966364814317785e-06,2.4577102522016503e-05,4.690768037107773e-05,6.244484393391758e-05,1.9841967514366843e-05,1.8922362869489007e-05,4.952338258590316e-06,0.00012939772568643093,0.00013902064529247582,0.027546942234039307,0.00024149424280039966,0.0021248403936624527,1.3679165931534953e-05,3.621980067691766e-05,1.4789737861065078e-06,2.6646039259503596e-06,0.0007786554051563144
/users/PAS2099/jianyanggu/PlotDiversiVision/data/CPER_009/CPER_009_PlantDiversity_32_1_2_20140528-straightened.jpg,CPER_009/CPER_009_PlantDiversity_32_1_2_20140528-straightened.jpg,CPER,2014,,CPER_009,32_1_2,32,1,2,20140528,true,CPER_009_PlantDiversity_32_1_2_20140528-straightened_r1_c1,3,1,1,677,696,1355,1391,73,0.03509620949625969,5.156295173947001e-06,0.0017727970844134688,0.00022221854305826128,0.002921688836067915,0.00024690982536412776,0.0035126865841448307,8.705418622412253e-06,0.15804091095924377,0.24049139022827148,0.06801094114780426,0.00018163397908210754,0.00013088094419799745,5.889771728107007e-07,1.1323809303576127e-06,1.053407572726428e-06,1.3671430679096375e-05,0.0007707169861532748,9.507495633442886e-06,0.0004765742924064398,4.922294829157181e-05,0.0013906777603551745,3.1318922992795706e-06,0.0001641840353840962,2.1646533241437282e-06,0.0016447812085971236,0.0002163978642784059,3.841714351437986e-05,1.5502282622037455e-05,3.929801550839329e-06,0.0379217155277729,7.613453635713086e-05,2.802927883749362e-05,3.5711980217456585e-06,3.1134050004766323e-06,0.009580360725522041,0.003691050922498107,0.00038798461901023984,0.00013195880455896258,3.1873207717580954e-07,5.0652535719564185e-05,0.006773154251277447,0.00019277390674687922,7.020158955128863e-05,0.00010830479732248932,0.06450357288122177,0.006293844431638718,0.00012812740169465542,0.00011895136412931606,2.5163650207105093e-05,0.0013805399648845196,0.004759913310408592,0.00038723053876310587,0.17443424463272095,9.984206553781405e-05,0.001288867904804647,3.0015671654837206e-05,8.338999032275751e-05,0.00046604976523667574,0.00038002774817869067,3.136281520710327e-05,9.38673474593088e-06,2.1434301743283868e-05,0.00020016431517433375,0.0005566151812672615,0.1666674166917801,0.0005281639751046896,0.0022794795222580433,0.00010455218580318615,0.00016891700215637684,9.080425115826074e-06,4.9393929657526314e-05,0.0005311502609401941
/users/PAS2099/jianyanggu/PlotDiversiVision/data/CPER_009/CPER_009_PlantDiversity_32_1_2_20140528-straightened.jpg,CPER_009/CPER_009_PlantDiversity_32_1_2_20140528-straightened.jpg,CPER,2014,,CPER_009,32_1_2,32,1,2,20140528,true,CPER_009_PlantDiversity_32_1_2_20140528-straightened_r1_c2,3,1,2,1355,696,2032,1391,73,0.00880710780620575,0.006084376014769077,0.0018604211509227753,0.004832086618989706,0.005006360821425915,0.5706075429916382,0.003149820724502206,3.065394776058383e-05,0.03268594667315483,0.036638934165239334,0.0008890512399375439,0.004616511519998312,0.044089242815971375,1.684457089368152e-07,4.298890053178184e-05,0.00010853930143639445,0.0007785921334289014,0.004266644362360239,0.003043190576136112,2.2519665435538627e-05,0.00010747547639766708,0.00027686680550687015,3.3463427371316357e-06,0.00011198213178431615,1.6062912209235947e-06,0.0052072214893996716,0.00635505048558116,0.0015529108932241797,2.201596180384513e-05,6.354386641760357e-06,0.02389604039490223,0.0016919177724048495,0.0002423697878839448,8.705355867277831e-05,0.00016757624689489603,0.008151335641741753,0.000547097937669605,0.0013382129836827517,0.0020820950157940388,2.2677916433622158e-07,0.0009578893077559769,0.0003171606222167611,0.025265835225582123,0.0003475179255474359,0.00010421491606393829,0.004537732340395451,0.000123771489597857,0.003853444941341877,0.08766186237335205,0.0009737313375808299,0.0083788326010108,0.00028047472005710006,0.0001276867842534557,0.01001767348498106,1.6585959201620426e-06,0.002052741590887308,0.00011044469283660874,4.405555228004232e-05,0.000756915018428117,0.0008391911396756768,1.2826124020648422e-06,0.0006539716850966215,1.0775992450362537e-05,0.04789385199546814,0.016753550618886948,0.0049436576664447784,0.000633068208117038,0.0018168670358136296,0.0001199048783746548,0.00027727478300221264,2.9390008421614766e-05,0.0002749386476352811,0.0004292288504075259
/users/PAS2099/jianyanggu/PlotDiversiVision/data/CPER_009/CPER_009_PlantDiversity_32_1_2_20140528-straightened.jpg,CPER_009/CPER_009_PlantDiversity_32_1_2_20140528-straightened.jpg,CPER,2014,,CPER_009,32_1_2,32,1,2,20140528,true,CPER_009_PlantDiversity_32_1_2_20140528-straightened_r2_c0,3,2,0,0,1391,677,2087,73,0.04011521115899086,0.0005046178121119738,0.00035469370777718723,0.003753595519810915,0.008561180904507637,0.0005968940677121282,0.05745011195540428,0.0002409720327705145,0.009216674603521824,0.0419151596724987,0.0007970736478455365,0.0014586903853341937,0.0013263602741062641,1.072529539669631e-05,0.00011318284668959677,1.394196897308575e-05,0.0002406009443802759,0.029701896011829376,4.8154248361242935e-05,0.0031459040474146605,0.00035869405837729573,0.015419960021972656,2.1746840502601117e-05,0.00036458877730183303,1.2158818663010607e-06,0.0032872846350073814,0.002554988721385598,0.004602546337991953,5.177834736969089e-06,0.0005912106134928763,0.07523439079523087,0.0024667817633599043,0.0006097821751609445,0.0005460467073135078,0.0005840955418534577,0.024423912167549133,0.006915410980582237,0.013307448476552963,0.002141362987458706,7.381229352176888e-06,0.002088935347273946,0.023209817707538605,0.0017473427578806877,0.0007249524351209402,0.005919533781707287,0.025777118280529976,0.007953457534313202,0.001900981878861785,0.0023042631801217794,0.0010397068690508604,0.022795310243964195,0.27885231375694275,0.0013302924344316125,0.13768742978572845,0.0005591323715634644,0.0020106423180550337,0.0005075212684459984,0.012278491631150246,0.019785726442933083,0.008379978127777576,0.004585477523505688,0.00040999948396347463,0.0007376451976597309,0.00044637644896283746,0.012207317166030407,0.04002441465854645,0.0024448044132441282,0.023539913818240166,0.0016150173032656312,0.0024800668470561504,0.00014643819304183125,0.00010448074317537248,0.001395528670400381
/users/PAS2099/jianyanggu/PlotDiversiVision/data/CPER_009/CPER_009_PlantDiversity_32_1_2_20140528-straightened.jpg,CPER_009/CPER_009_PlantDiversity_32_1_2_20140528-straightened.jpg,CPER,2014,,CPER_009,32_1_2,32,1,2,20140528,true,CPER_009_PlantDiversity_32_1_2_20140528-straightened_r2_c1,3,2,1,677,1391,1355,2087,73,0.020381025969982147,0.0023573320358991623,0.012563285417854786,0.009570485912263393,0.001953938975930214,0.008089527487754822,0.012270665727555752,0.00019200745737180114,0.2835147976875305,0.10625094175338745,0.08987180888652802,0.0017234903061762452,0.09315861016511917,2.3655618406337453e-06,0.00032483763061463833,8.796008478384465e-05,0.000994379399344325,0.0012820013798773289,0.0011596374679356813,0.001966771436855197,0.0001579657255206257,0.0002311215503141284,2.317756661796011e-05,0.0018922195304185152,3.929753802367486e-05,0.0064909993670880795,0.005029765889048576,0.001917374785989523,8.821109076961875e-05,0.0005422209505923092,0.06152711808681488,0.0062733665108680725,0.0031778535339981318,0.0011830596486106515,0.00021640417980961502,0.010528458282351494,0.01253848522901535,0.0014068863820284605,0.0008972510113380849,2.3245393094839528e-05,0.0005432250327430665,0.014614306390285492,0.003976141102612019,0.006003925576806068,0.000490081962198019,0.007998942397534847,0.00744861364364624,0.006417383905500174,0.00383383734151721,0.0006489584920927882,0.019230525940656662,0.0008331838180311024,0.0022961280774325132,0.08200670778751373,0.00016067139222286642,0.017590869218111038,0.00039621940231882036,0.0006098540616221726,0.005486734677106142,0.006154141388833523,0.0007055241730995476,0.0020611430518329144,0.0014139560516923666,0.004232547711580992,0.008004008792340755,0.022554578259587288,0.001187282265163958,0.002530302619561553,0.0002009122254094109,0.0016917934408411384,0.00236448273062706,0.00017880140512716025,0.004233872052282095
/users/PAS2099/jianyanggu/PlotDiversiVision/data/CPER_009/CPER_009_PlantDiversity_32_1_2_20140528-straightened.jpg,CPER_009/CPER_009_PlantDiversity_32_1_2_20140528-straightened.jpg,CPER,2014,,CPER_009,32_1_2,32,1,2,20140528,true,CPER_009_PlantDiversity_32_1_2_20140528-straightened_r2_c2,3,2,2,1355,1391,2032,2087,73,0.08148432523012161,4.627658927347511e-05,0.001088995486497879,0.002164734760299325,0.0012537321308627725,0.00028284438303671777,0.019451629370450974,0.00014488110900856555,0.07733815908432007,0.18010081350803375,0.16478632390499115,0.0002355027972953394,0.0002403896360192448,2.2288674017545418e-07,1.9322906155139208e-06,1.1171387086506002e-06,1.0900749657594133e-05,0.00030538003193214536,9.450962534174323e-05,0.0018294657347723842,0.00014402643137145787,0.0004439458716660738,4.927132249576971e-05,0.0006842162692919374,4.662688297685236e-06,0.0031687601003795862,0.00011685304343700409,6.937881698831916e-05,8.206906386476476e-06,1.2760418030666187e-05,0.18015028536319733,0.0002114257076755166,4.491650179261342e-05,3.485699198790826e-05,2.1300498701748438e-05,0.06678420305252075,0.0022957148030400276,9.034595859702677e-05,0.0002973425143864006,2.089176859954023e-06,0.0011299423640593886,0.01847878284752369,0.0002714904840104282,3.6867757444269955e-05,7.30957617633976e-05,0.07380165159702301,0.004246048163622618,9.29872621782124e-05,0.0002827731950674206,6.149624095996842e-05,0.003184537636116147,0.0026189095806330442,0.0015246390830725431,0.04635227471590042,4.401935075293295e-05,0.0010768010979518294,1.714117570372764e-05,5.441390021587722e-05,0.0005082879215478897,0.0006324249552562833,0.00013161517563275993,6.99669835739769e-05,1.0928395568043925e-05,0.0005159418215043843,0.0012666538823395967,0.054751917719841,0.000497613160405308,0.0016258450923487544,9.706619312055409e-05,0.0006603630026802421,2.069197535092826e-06,0.0001305740006500855,0.0002541792346164584
/users/PAS2099/jianyanggu/PlotDiversiVision/data/CPER_009/CPER_009_PlantDiversity_32_1_4_20140528-straightened.jpg,CPER_009/CPER_009_PlantDiversity_32_1_4_20140528-straightened.jpg,CPER,2014,,CPER_009,32_1_4,32,1,4,20140528,true,CPER_009_PlantDiversity_32_1_4_20140528-straightened_r0_c0,3,0,0,0,0,811,778,73,0.01675153523683548,6.822141585871577e-05,0.009160335175693035,0.001367955352179706,0.004435668233782053,0.0011639840668067336,0.0024581830948591232,0.0001570600870763883,0.10768554359674454,0.11052556335926056,0.008937492966651917,0.0001889785926323384,0.000839038984850049,2.22507924263482e-06,6.334890258585801e-06,7.607050065416843e-05,0.0011647657956928015,0.001175792422145605,0.0010407967492938042,0.0017452421598136425,0.001624487224034965,0.0017295744037255645,7.367298530880362e-05,0.00038182587013579905,3.7026152313046623e-06,0.015749702230095863,0.0024151478428393602,0.00012411117495503277,8.454353519482538e-05,2.4107821445795707e-05,0.11583951860666275,0.00021558992739301175,0.0003135618462692946,6.311519973678514e-05,0.0001968021970242262,0.03531854599714279,0.0005529401241801679,0.00024555856361985207,0.000767868768889457,2.283902358612977e-05,0.0003651199222076684,0.016934003680944443,0.0027110560331493616,0.006617451552301645,0.000586459063924849,0.14466923475265503,0.04765155538916588,0.0008066804730333388,0.00047647871542721987,0.0035528382286429405,0.003435735125094652,0.007011158857494593,0.0006298222579061985,0.1642722636461258,0.00203371187672019,0.0041633970104157925,9.004386083688587e-05,0.00042446848237887025,0.002720504067838192,0.0009311437606811523,1.5322812032536604e-05,0.0005352169391699135,0.00014881954120937735,0.0005794541211798787,0.00526804942637682,0.13116125762462616,0.0004640193365048617,0.0058359610848128796,0.00023548927856609225,0.000146339152706787,2.1688569177058525e-05,4.4235650420887396e-05,0.0007630682666786015
/users/PAS2099/jianyanggu/PlotDiversiVision/data/CPER_009/CPER_009_PlantDiversity_32_1_4_20140528-straightened.jpg,CPER_009/CPER_009_PlantDiversity_32_1_4_20140528-straightened.jpg,CPER,2014,,CPER_009,32_1_4,32,1,4,20140528,true,CPER_009_PlantDiversity_32_1_4_20140528-straightened_r0_c1,3,0,1,811,0,1623,778,73,0.032101064920425415,1.907786281662993e-05,0.0033359061926603317,3.396769898245111e-05,0.00275713624432683,0.00014261601609177887,0.00017571941134519875,1.1178904969710857e-05,0.31177473068237305,0.2584663927555084,0.006019061431288719,9.292741742683575e-05,5.934878208790906e-05,6.280558295657102e-08,2.680553507161676e-06,1.6309944840031676e-05,3.95625684177503e-05,0.002080052625387907,2.9613593142130412e-05,0.0002839289081748575,0.00029325037030503154,0.0003709465090651065,4.309637915866915e-06,4.4330630771582946e-05,7.731675566446938e-08,0.0008844735566526651,0.00041643998702056706,5.4207157518249005e-06,2.34619637922151e-05,1.1196274499525316e-05,0.09573741257190704,2.234072599094361e-05,9.718446381157264e-05,5.265655545372283e-06,5.8038767747348174e-06,0.005113731604069471,0.002446454716846347,0.0003447960480116308,0.00012751675967592746,2.410506283467839e-07,0.00032544168061576784,0.012641359120607376,0.000510486017446965,8.330467971973121e-05,0.0006550921243615448,0.017831934615969658,0.001588977756910026,0.00037410412915050983,0.00014580326387658715,7.58874011808075e-05,0.0008082521962933242,0.0029242276214063168,0.0002274862927151844,0.045065753161907196,3.548178938217461e-05,0.0061512780375778675,9.51082165556727e-06,1.6501067875651643e-05,0.00043399815331213176,0.0019142470555379987,1.7333844652966945e-06,2.1254820239846595e-05,8.663732842251193e-06,0.00029657132108695805,0.00021865130111109465,0.16030676662921906,0.0022656407672911882,0.02064756490290165,0.00021987246873322874,0.0004043888475280255,6.277139618759975e-06,6.946066605451051e-06,0.0003805756859946996
/users/PAS2099/jianyanggu/PlotDiversiVision/data/CPER_009/CPER_009_PlantDiversity_32_1_4_20140528-straightened.jpg,CPER_009/CPER_009_PlantDiversity_32_1_4_20140528-straightened.jpg,CPER,2014,,CPER_009,32_1_4,32,1,4,20140528,true,CPER_009_PlantDiversity_32_1_4_20140528-straightened_r0_c2,3,0,2,1623,0,2434,778,73,0.0016997160855680704,9.393488289788365e-05,0.004006512463092804,0.00012933365360368043,0.0018204430816695094,1.9441878976067528e-05,0.00018504576291888952,9.862892511591781e-06,0.26007330417633057,0.28171736001968384,0.03012542985379696,0.0015761114191263914,0.00014702347107231617,8.521660674887244e-07,6.985066647757776e-06,0.00012896022235509008,0.0007605370483361185,0.0034829641226679087,6.351492629619315e-05,0.0003702011308632791,9.27838627831079e-05,0.00013514193415176123,8.765146958467085e-06,5.0362650654278696e-05,9.19795809295465e-07,0.0033112431410700083,0.0007188270101323724,0.00016917005996219814,2.647918154252693e-05,2.457739901728928e-05,0.015789827331900597,0.0005037477822043002,1.4015965462021995e-05,0.00014643352187704295,2.089695590257179e-05,0.003586048260331154,0.0019071822753176093,0.00014539931726176292,0.0012340403627604246,2.152708248104318e-06,1.8720265870797448e-05,0.0031421335879713297,0.0007948741549625993,0.0006614520098082721,2.4246162865892984e-05,0.10809256881475449,0.12116513401269913,0.0003745307039935142,0.00026461321976967156,2.131415021722205e-05,0.0010586518328636885,0.00033138570142909884,0.00027302128728479147,0.09144209325313568,0.0003273475740570575,0.0049571688286960125,2.0543960999930277e-05,0.0008496257942169905,0.0023987216409295797,0.004388726316392422,7.570025627501309e-05,5.546044485527091e-05,1.6374826373066753e-05,0.0001676564570516348,0.0005529379704967141,0.03694932907819748,0.002958705648779869,0.0039794910699129105,2.2256406737142242e-05,9.393846994498745e-05,6.456733535742387e-05,9.505044545221608e-06,0.00014169886708259583
/users/PAS2099/jianyanggu/PlotDiversiVision/data/CPER_009/CPER_009_PlantDiversity_32_1_4_20140528-straightened.jpg,CPER_009/CPER_009_PlantDiversity_32_1_4_20140528-straightened.jpg,CPER,2014,,CPER_009,32_1_4,32,1,4,20140528,true,CPER_009_PlantDiversity_32_1_4_20140528-straightened_r1_c0,3,1,0,0,778,811,1557,73,0.00018438516417518258,1.254225480806781e-05,0.026435166597366333,0.0008039079257287085,0.01563461869955063,0.05469522625207901,0.00755590945482254,0.0008196791168302298,0.1978597193956375,0.17163223028182983,0.0002789488062262535,0.0002993414527736604,0.00017377904441673309,2.2878182903696143e-08,3.956589807785349e-06,0.00029751317924819887,0.0009389282204210758,0.0001604271528776735,0.00011467092554084957,0.0004446278908289969,0.0027646792586892843,0.0014779135817661881,6.927763024577871e-05,0.00031335430685430765,1.0626940820657182e-06,0.10961920768022537,0.0022557855118066072,9.95442460407503e-05,9.509709343547001e-05,4.793635162059218e-05,0.1090819388628006,0.0025663399137556553,1.4920854482625145e-05,1.282578432437731e-05,0.00010167422442464158,0.0025753232184797525,7.813257980160415e-05,0.0004386305226944387,0.0002909917966462672,1.5932129144857754e-06,0.000744784832932055,0.0012882923474535346,0.033711664378643036,0.00865892879664898,0.004615664482116699,0.04783139377832413,0.0038829557597637177,0.00048243653145618737,0.0007358103175647557,0.002091862726956606,0.00846848264336586,0.003928846679627895,0.0033974626567214727,0.0366612933576107,0.00540515873581171,0.0025264755822718143,0.00013795119593851268,0.00016780200530774891,0.0010180234676226974,0.0005950527265667915,1.2711659110209439e-05,2.4713388484087773e-05,0.00020521058468148112,0.005491408985108137,0.004978136159479618,0.09383813291788101,0.0015379776014015079,0.016533618792891502,0.00026405102107673883,8.261453331215307e-05,1.6047237295424566e-05,1.1170727702847216e-05,0.0004020404303446412
/users/PAS2099/jianyanggu/PlotDiversiVision/data/CPER_009/CPER_009_PlantDiversity_32_1_4_20140528-straightened.jpg,CPER_009/CPER_009_PlantDiversity_32_1_4_20140528-straightened.jpg,CPER,2014,,CPER_009,32_1_4,32,1,4,20140528,true,CPER_009_PlantDiversity_32_1_4_20140528-straightened_r1_c1,3,1,1,811,778,1623,1557,73,0.01773231476545334,1.4624004052166129e-06,0.0025824084877967834,0.00022654877102468163,0.0008696370059624314,0.00017376060714013875,0.001288263825699687,1.659838017076254e-05,0.11108759790658951,0.24349252879619598,0.03611580282449722,2.3611313736182638e-05,0.00010730592475738376,1.2525279657893407e-07,1.899124697501975e-07,1.8474981970939552e-06,1.536704621685203e-05,0.00010252335778204724,1.5032958799565677e-05,0.0011986522004008293,0.00013406093057710677,0.0025440596509724855,9.658361705078278e-06,9.018090349854901e-05,6.879436682538653e-07,0.0019699055701494217,0.00021116988500580192,2.5632755296101095e-06,6.454998128901934e-06,9.045091928783222e-07,0.24470862746238708,9.175001468975097e-05,5.368023721530335e-06,3.840951649181079e-06,1.514589530415833e-05,0.003653662744909525,0.001515215146355331,0.0001466742978664115,2.4616025257273577e-05,3.3970826507356833e-07,0.00012371866614557803,0.004953287076205015,0.000207975332159549,3.5663953894982114e-05,0.0002281479974044487,0.23108349740505219,0.0013862027553841472,5.125119423610158e-05,7.128074503270909e-05,8.404372783843428e-05,0.0012861229479312897,0.0037413628306239843,0.00035299875889904797,0.04738720506429672,2.363429121032823e-05,0.001955530373379588,2.2643966985924635e-06,1.0614477105264086e-05,8.25270326458849e-05,2.246356052637566e-05,6.206077159731649e-06,1.4870975064695813e-05,5.010004315408878e-06,0.0002141977020073682,0.00013646016304846853,0.035140566527843475,6.120361649664119e-05,0.0006463333265855908,2.7182155463378876e-05,5.388975114328787e-05,1.6550446844121325e-06,8.760890523262788e-06,0.0004074072348885238
/users/PAS2099/jianyanggu/PlotDiversiVision/data/CPER_009/CPER_009_PlantDiversity_32_1_4_20140528-straightened.jpg,CPER_009/CPER_009_PlantDiversity_32_1_4_20140528-straightened.jpg,CPER,2014,,CPER_009,32_1_4,32,1,4,20140528,true,CPER_009_PlantDiversity_32_1_4_20140528-straightened_r1_c2,3,1,2,1623,778,2434,1557,73,0.07385579496622086,2.682118747543427e-06,0.000871867872774601,0.0002115404640790075,0.0003304620331618935,5.02479488204699e-05,0.0036813863553106785,7.565959549538093e-06,0.013767000287771225,0.07601558417081833,0.010255538858473301,1.465151171942125e-06,3.3635416912147775e-05,9.99976546012249e-09,1.5275016096438776e-07,4.724190034721687e-07,3.6377143715071725e-06,4.8479181714355946e-05,2.6599078410072252e-05,0.0003832607762888074,7.470970558642875e-06,0.0005352481384761631,1.3800261513097212e-05,0.00012834396329708397,3.669881607493153e-07,4.967504719388671e-05,3.0284076274256222e-05,8.67004359861312e-07,4.4862749746243935e-06,4.057480396113533e-07,0.6399667859077454,3.403242226340808e-05,1.4909741139490507e-06,4.125955911149504e-06,1.7815047613112256e-05,0.09683306515216827,0.00016498687909916043,0.0001548903383081779,5.5575717851752415e-05,2.9186719530116534e-07,0.0006715052877552807,0.02659861370921135,0.00017939787358045578,1.2106430403946433e-05,0.00011846715642604977,0.036236364394426346,0.0002377742057433352,0.00012141816841904074,0.00012089221854694188,3.264063343522139e-05,0.0010190524626523256,0.005112854298204184,0.00013177705113776028,0.0013919234042987227,2.392343412793707e-05,0.0029530711472034454,4.7655126422796457e-07,8.516474736097734e-06,4.179116785962833e-06,2.7811336622107774e-05,1.033804892358603e-05,4.062223888467997e-05,8.278953828266822e-06,0.00022506342793349177,0.00014762047794647515,0.003230447880923748,0.00015256230835802853,0.0031483524944633245,2.6147170501644723e-05,0.00013727654004469514,3.632914342688309e-07,8.276552762254141e-06,0.00031040245085023344
/users/PAS2099/jianyanggu/PlotDiversiVision/data/CPER_009/CPER_009_PlantDiversity_32_1_4_20140528-straightened.jpg,CPER_009/CPER_009_PlantDiversity_32_1_4_20140528-straightened.jpg,CPER,2014,,CPER_009,32_1_4,32,1,4,20140528,true,CPER_009_PlantDiversity_32_1_4_20140528-straightened_r2_c0,3,2,0,0,1557,811,2335,73,0.0024096809793263674,2.975646566483192e-05,0.0016169934533536434,0.0007263048319146037,0.005123957060277462,0.0005169010255485773,0.007110436912626028,0.00012248005077708513,0.1318635791540146,0.12156186252832413,0.004506859462708235,0.0005065785371698439,0.0006570584955625236,3.2592780030427093e-07,4.262918992026243e-06,4.7394776629516855e-05,0.0004164045676589012,0.0014903262490406632,4.856812665821053e-06,0.006322947796434164,5.3819141612621024e-05,0.0014812125591561198,2.3285303541342728e-05,0.0006749431486241519,1.0751243735285243e-06,0.0009123188210651278,0.004011941142380238,5.9399895690148696e-05,1.6232092093559913e-05,0.0001744461915222928,0.03443543240427971,0.0020713242702186108,3.906954952981323e-05,1.4679640116810333e-05,5.170582880964503e-06,0.005103630479425192,0.005000261124223471,0.0015504745533689857,0.0015891334041953087,1.510504432644666e-07,7.110267324605957e-05,0.014520599506795406,0.0005738009349443018,4.888096736976877e-05,0.0017631620867177844,0.005349497310817242,0.0024822300765663385,0.0007593048503622413,0.0015740261878818274,1.4546356396749616e-05,0.013555457815527916,0.031803619116544724,0.005188353359699249,0.07447613775730133,0.0006901007727719843,0.0020243613980710506,7.861226913519204e-05,0.0012203565565869212,0.0032855370081961155,0.004422623664140701,2.007004695769865e-05,2.4989682060549967e-05,3.1850919185671955e-05,0.0008318680920638144,0.0010907703544944525,0.36167284846305847,0.011036328040063381,0.11842019110918045,0.0002890717005357146,0.00015777224325574934,5.0712929805740714e-05,9.118834714172408e-05,0.0001230495108757168
/users/PAS2099/jianyanggu/PlotDiversiVision/data/CPER_009/CPER_009_PlantDiversity_32_1_4_20140528-straightened.jpg,CPER_009/CPER_009_PlantDiversity_32_1_4_20140528-straightened.jpg,CPER,2014,,CPER_009,32_1_4,32,1,4,20140528,true,CPER_009_PlantDiversity_32_1_4_20140528-straightened_r2_c1,3,2,1,811,1557,1623,2335,73,0.07698043435811996,2.5016362997121178e-05,0.0005407285061664879,0.0013790088705718517,0.000823538051918149,0.0004058282356709242,0.00720853079110384,8.946068555815145e-05,0.04123673588037491,0.0587686225771904,0.013545002788305283,4.3476418795762584e-05,0.002623695880174637,8.927612071829572e-08,4.383007023989194e-07,4.4672768126474693e-05,0.0003522589395288378,0.000873227312695235,1.706976763671264e-05,0.009330952540040016,0.0013662953861057758,0.001668817363679409,6.417021359084174e-05,3.228047353331931e-05,8.557937292152928e-08,0.09903203696012497,0.0003910143568646163,4.12957051594276e-05,2.6095581233676057e-06,6.261296948650852e-05,0.05359605699777603,0.0008016240899451077,4.455412636161782e-06,3.1542924261884764e-05,1.1758123036997858e-05,0.04993720352649689,0.006691924296319485,0.00036890237242914736,0.0003195093886461109,1.8387579814316268e-07,0.00018242635997012258,0.01255128439515829,0.000503841380123049,0.00012035128747811541,0.0003782619605772197,0.40584588050842285,0.0016408027149736881,0.0002610944793559611,0.0005844617262482643,0.025134919211268425,0.005062634125351906,0.01014226209372282,0.00012241081276442856,0.004240684676915407,2.4514261895092204e-05,0.004245670046657324,3.652347686511348e-06,3.5703706089407206e-05,2.2378206267603673e-05,0.0005687489756383002,0.00013360656157601625,4.7456058382522315e-05,4.599666681315284e-06,0.00039384368574246764,0.0013828438241034746,0.09469333291053772,0.00012212070578243583,0.0016764738829806447,0.00023402036458719522,0.0007305445033125579,3.984432169090724e-06,9.01200019143289e-06,0.00018299509247299284
/users/PAS2099/jianyanggu/PlotDiversiVision/data/CPER_009/CPER_009_PlantDiversity_32_1_4_20140528-straightened.jpg,CPER_009/CPER_009_PlantDiversity_32_1_4_20140528-straightened.jpg,CPER,2014,,CPER_009,32_1_4,32,1,4,20140528,true,CPER_009_PlantDiversity_32_1_4_20140528-straightened_r2_c2,3,2,2,1623,1557,2434,2335,73,0.04091329500079155,7.892426765465643e-06,0.0006432973896153271,0.0003983186325058341,0.0009043475729413331,4.057579644722864e-05,0.0017698433948680758,1.8507213098928332e-05,0.23898687958717346,0.28237414360046387,0.24624788761138916,7.671055209357291e-05,0.00018923787865787745,3.0332952150047277e-08,1.013875021271815e-06,1.2907646578241838e-06,1.1776471183111425e-05,0.00014790688874199986,1.5962736142682843e-05,0.001975608291104436,1.2723593499686103e-05,0.0003587489190977067,9.947396392817609e-06,3.733343328349292e-05,8.668395139466156e-07,0.0003046126221306622,6.532879342557862e-05,4.000986518803984e-05,1.0590806596155744e-05,2.747956841631094e-06,0.030650822445750237,0.0001800616446416825,2.563998532423284e-05,3.419015047256835e-05,1.1692540283547714e-05,0.026753507554531097,0.001173880766145885,0.0007944753160700202,0.00010694703814806417,1.662838826632651e-07,0.00012473933747969568,0.026284530758857727,0.00011100473784608766,1.696543040452525e-05,4.976080163032748e-05,0.017080459743738174,0.006804096978157759,0.0006578296888619661,0.00015207836986519396,7.476562586816726e-06,0.0011308927787467837,0.0027048520278185606,0.0002515885280445218,0.036174505949020386,2.8876787837361917e-05,0.0019377218559384346,6.866954208817333e-06,6.572900019818917e-05,0.000335151853505522,0.00041175662772729993,1.162649095931556e-05,4.731014269054867e-05,4.84388874610886e-06,0.00012633785081561655,0.00036167848156765103,0.02651332877576351,0.0005094883963465691,0.0019374853000044823,3.707796349772252e-05,0.0002999449789058417,1.5108307707123458e-06,4.6342905989149585e-05,0.00046740443212911487
/users/PAS2099/jianyanggu/PlotDiversiVision/data/CPER_009/CPER_009_PlantDiversity_40_1_1_20140528-straightened.jpg,CPER_009/CPER_009_PlantDiversity_40_1_1_20140528-straightened.jpg,CPER,2014,,CPER_009,40_1_1,40,1,1,20140528,true,CPER_009_PlantDiversity_40_1_1_20140528-straightened_r0_c0,3,0,0,0,0,627,638,73,0.0014876502100378275,3.066856493205705e-07,0.0012461496517062187,0.00011636719136731699,5.1976163376821205e-05,6.39844392935629e-06,0.001048811012879014,6.382354968081927e-06,0.30407020449638367,0.36556899547576904,0.08331546932458878,4.969315341440961e-05,1.251173671334982e-05,1.0197018696089799e-07,9.296651910517539e-07,2.51611538715224e-07,3.1627141652279533e-06,5.235165008343756e-05,4.504014214035124e-06,0.02971203252673149,8.043038178584538e-06,0.0013505789684131742,6.534106887556845e-06,1.2452550436137244e-05,3.525166789586365e-07,6.071137613616884e-05,7.468505828001071e-06,4.57321493740892e-06,2.7884996143257013e-06,4.249878202244872e-06,0.008494732901453972,1.757149766490329e-05,5.56443483219482e-05,1.2299442460061982e-06,1.6165699889825191e-07,0.0036038458347320557,0.0004655952798202634,1.4529878171742894e-05,8.540501767129172e-06,1.149043555415119e-06,1.2493374015321024e-05,0.0013947592815384269,3.153969009872526e-05,2.8250742616364732e-06,1.662500471866224e-05,0.02627885527908802,0.03522554412484169,2.9588459256046917e-06,4.7459316192544065e-06,1.0675718840502668e-05,0.00013536833284888417,0.0023381176870316267,1.8837725974663044e-06,0.004815878812223673,4.848831395065645e-06,0.0003046142228413373,2.1611911506624892e-05,0.00011702111078193411,2.3204158424050547e-05,8.035836071940139e-05,2.5697598175611347e-05,6.2376002460950986e-06,1.3794551705359481e-05,1.0268144023939385e-06,3.3191285183420405e-05,0.12691885232925415,4.970414738636464e-05,0.0002682535850908607,7.230335086205741e-06,0.0001666386961005628,3.637154441094026e-05,2.6477332539798226e-06,0.0007714825333096087
/users/PAS2099/jianyanggu/PlotDiversiVision/data/CPER_009/CPER_009_PlantDiversity_40_1_1_20140528-straightened.jpg,CPER_009/CPER_009_PlantDiversity_40_1_1_20140528-straightened.jpg,CPER,2014,,CPER_009,40_1_1,40,1,1,20140528,true,CPER_009_PlantDiversity_40_1_1_20140528-straightened_r0_c1,3,0,1,627,0,1255,638,73,0.010675797238945961,6.068787843105383e-05,0.0007717784028500319,0.000785434793215245,0.00012860079004894942,0.00022706674644723535,0.0011216893326491117,4.2892545025097206e-05,0.13718727231025696,0.3178112506866455,0.42040878534317017,0.0001832309499150142,0.00016137045167852193,7.62439526624803e-07,4.8290185077348724e-05,3.9275651033676695e-06,5.78068065806292e-05,0.0002278910978930071,0.00016314811364281923,0.004222889430820942,7.762927270960063e-05,0.0003315327921882272,1.716468614176847e-05,0.00011624851322267205,1.2734221854771022e-05,0.0015200761845335364,0.00010120787919731811,0.00033543826430104673,1.6414245692430995e-05,0.00015871296636760235,0.019278643652796745,0.001205161097459495,0.0008688069647178054,8.500381954945624e-05,1.1191750672878698e-05,0.00728854164481163,0.0006446826737374067,0.00011747666576411575,6.677678902633488e-05,2.828963624779135e-05,0.0002172587119275704,0.010259140282869339,0.0010250021005049348,0.0003916467831004411,3.591525455703959e-05,0.0031039672903716564,0.007419831119477749,0.00020364148076623678,0.00015610519039910287,0.00032751038088463247,0.00021810819453094155,0.0003697669308166951,1.7702795958030038e-05,0.003818265628069639,0.00013240744010545313,0.003092503175139427,0.0004852954007219523,0.00010811481479322538,0.00046771104098297656,0.001695560640655458,4.7813966375542805e-05,8.130730566335842e-05,0.00035839315387420356,5.813831012346782e-05,0.0010213098721578717,0.031954582780599594,0.0005636208225041628,0.0025373303797096014,0.0001259288255823776,0.00207880767993629,0.0005813833558931947,1.6118641724460758e-05,0.0004575392522383481
/users/PAS2099/jianyanggu/PlotDiversiVision/data/CPER_009/CPER_009_PlantDiversity_40_1_1_20140528-straightened.jpg,CPER_009/CPER_009_PlantDiversity_40_1_1_20140528-straightened.jpg,CPER,2014,,CPER_009,40_1_1,40,1,1,20140528,true,CPER_009_PlantDiversity_40_1_1_20140528-straightened_r0_c2,3,0,2,1255,0,1882,638,73,0.01880365051329136,1.7822889276430942e-05,0.004954949952661991,0.0021895053796470165,0.002201498718932271,0.0004055000899825245,0.006577376741915941,2.4880455384845845e-05,0.09307598322629929,0.1953936517238617,0.15383382141590118,0.0008224265766330063,0.00013083955855108798,4.909895778837381e-07,1.2563957170641515e-05,5.50696950085694e-06,5.982050788588822e-05,0.0014533264329656959,5.7083518186118454e-05,0.0015230033313855529,6.0955931985517964e-05,0.0006152081768959761,7.53359881855431e-06,0.0002449762832839042,1.371008238493232e-05,0.00995201151818037,0.000734618806745857,0.00011240074672969058,2.7514844987308607e-05,5.818430508952588e-05,0.07058517634868622,0.0006714857299812138,0.00018297969654668123,4.483802695176564e-05,9.758986379893031e-06,0.004562554880976677,0.0018272519810125232,0.0004622660926543176,9.646583930589259e-05,5.714119879485224e-07,0.00029859808273613453,0.010373750701546669,0.0004953454481437802,6.284938717726618e-05,0.00036138916038908064,0.05639145150780678,0.002434513997286558,0.00019303224689792842,0.00012126927322242409,0.0001975480845430866,0.0023570028133690357,0.0023255296982824802,0.00017061049584299326,0.16064061224460602,6.0017766372766346e-05,0.0013216343941166997,0.00034122049692086875,0.00022859925229568034,0.002473399043083191,0.0004913143930025399,5.6569548178231344e-05,0.0001459331251680851,2.680425859580282e-05,0.00021753595501650125,0.000793864019215107,0.1734992414712906,0.0014448908623307943,0.009554997086524963,0.00014797135372646153,0.0002161561860702932,7.934937457321212e-06,3.4725679142866284e-05,0.0006995623698458076
/users/PAS2099/jianyanggu/PlotDiversiVision/data/CPER_009/CPER_009_PlantDiversity_40_1_1_20140528-straightened.jpg,CPER_009/CPER_009_PlantDiversity_40_1_1_20140528-straightened.jpg,CPER,2014,,CPER_009,40_1_1,40,1,1,20140528,true,CPER_009_PlantDiversity_40_1_1_20140528-straightened_r1_c0,3,1,0,0,638,627,1275,73,0.0040413751266896725,1.4256530448619742e-05,0.0007977330824360251,0.0003052066604141146,0.0007216546800918877,8.362080552615225e-05,0.0021279656793922186,7.12694600224495e-05,0.5441922545433044,0.15310698747634888,0.014764024876058102,0.0013593729818239808,1.1149344572913833e-05,1.836167911051234e-07,3.338013993925415e-05,1.633352894714335e-06,1.1417531823099125e-05,0.0001700909633655101,0.00013484281953424215,0.011379633098840714,2.1590845790342428e-05,0.00035828491672873497,2.4463670342811383e-05,3.3678410545689985e-05,1.306008243773249e-06,0.0007680626004002988,0.00010387461952632293,8.60480940900743e-05,1.9124488972011022e-05,2.9567301680799574e-05,0.010716632939875126,0.0002207354555139318,8.603955939179286e-05,0.00010298765846528113,2.871263859560713e-06,0.00418901676312089,0.0005277120508253574,0.0004901117063127458,0.00013316210242919624,1.8104354239767417e-05,5.780390347354114e-05,0.005747722461819649,0.0008674916462041438,4.036533209728077e-05,1.5018199519545306e-05,0.0031911910045892,0.004914112389087677,0.0001925039105117321,0.0003479445294942707,6.0542857681866735e-05,0.0010328948264941573,0.0014582830481231213,1.0260057024424896e-05,0.013327403925359249,1.7610107533982955e-05,0.001389996730722487,3.546486186678521e-05,7.078446651576087e-05,0.0006092214025557041,0.001480761799030006,1.880401759990491e-05,2.1903928427491337e-05,5.9663372667273507e-05,3.39969847118482e-05,0.0004044133529532701,0.20681226253509521,0.0016459837788715959,0.004220518749207258,9.435980609850958e-05,0.00030982145108282566,3.863458914565854e-05,4.1988814700744115e-06,0.0002066140150418505
/users/PAS2099/jianyanggu/PlotDiversiVision/data/CPER_009/CPER_009_PlantDiversity_40_1_1_20140528-straightened.jpg,CPER_009/CPER_009_PlantDiversity_40_1_1_20140528-straightened.jpg,CPER,2014,,CPER_009,40_1_1,40,1,1,20140528,true,CPER_009_PlantDiversity_40_1_1_20140528-straightened_r1_c1,3,1,1,627,638,1255,1275,73,0.009686126373708248,9.36692322284216e-06,0.0009429422207176685,0.00018811672634910792,2.0163501176284626e-05,2.6306188374292105e-05,0.005269189365208149,1.912044535856694e-05,0.3990984261035919,0.2456505447626114,0.11270580440759659,0.0002569770149420947,2.6247249479638413e-05,1.237676201526483e-07,8.797161171969492e-06,1.1927431842195801e-07,2.271812263643369e-06,9.306629362981766e-05,1.4951695447962265e-05,0.017677679657936096,3.6060537240700796e-06,0.0014756787568330765,7.183814886957407e-06,2.0238094293745235e-05,2.0812042293982813e-06,0.00019622404943220317,3.6656518204836175e-05,6.511042738566175e-05,1.2893198800156824e-05,1.2841856005252339e-05,0.023692646995186806,7.906361861387268e-05,0.00040022446773946285,1.6375808627344668e-05,5.201596309234446e-07,0.014475292526185513,0.002111781155690551,0.0002398644865024835,2.6031964807771146e-05,3.2079267384688137e-06,2.0915837012580596e-05,0.004384304396808147,8.98454527487047e-05,7.867636668379419e-06,6.892286819493165e-06,0.0189577154815197,0.005638800095766783,1.33146586449584e-05,2.5590767108951695e-05,5.038966719439486e-06,0.00031763914739713073,0.0018584153149276972,8.388740752707236e-06,0.010491753928363323,4.573632850224385e-06,0.00034142244840040803,9.491018863627687e-05,3.990763070760295e-05,9.10329181351699e-05,0.00042902943096123636,5.396279084379785e-05,2.110401874233503e-05,3.2561969419475645e-05,1.1445509699115064e-05,0.00015036927652545273,0.11710968613624573,0.00017659463628660887,0.00044351877295412123,8.0244688433595e-05,0.0033174604177474976,1.3706740901398007e-05,5.144885290064849e-05,0.0011366853723302484
/users/PAS2099/jianyanggu/PlotDiversiVision/data/CPER_009/CPER_009_PlantDiversity_40_1_1_20140528-straightened.jpg,CPER_009/CPER_009_PlantDiversity_40_1_1_20140528-straightened.jpg,CPER,2014,,CPER_009,40_1_1,40,1,1,20140528,true,CPER_009_PlantDiversity_40_1_1_20140528-straightened_r1_c2,3,1,2,1255,638,1882,1275,73,0.003012258093804121,3.5264536109025357e-06,0.00037790954229421914,0.0009448527707718313,0.00015130234532989562,2.7991962269879878e-05,0.0005955793894827366,4.023175279144198e-06,0.297410249710083,0.5677064657211304,0.06469251960515976,6.7616242631629575e-06,2.0543127902783453e-05,4.79212403092788e-09,1.9696440745065047e-07,5.265533786769083e-07,3.972467766288901e-06,0.0003447133058216423,3.442241222728626e-06,4.748424544231966e-05,6.803539235988865e-06,0.0001422189234290272,3.879540884099697e-07,4.431458728504367e-05,6.938385013199877e-07,0.00020792272698599845,3.843133163172752e-05,4.19904472437338e-06,4.32667184213642e-06,6.766755973330874e-07,0.018352072685956955,9.552425763104111e-05,3.7879410228924826e-05,8.484268931852057e-08,1.6722910345379205e-07,0.0007345562917180359,0.0007559160585515201,8.200313459383324e-06,1.9614581105997786e-05,9.441476933602644e-09,3.168108014506288e-05,0.0003289001469966024,1.9172273823642172e-05,3.7511417758651078e-06,1.6595320630585775e-05,0.03178171440958977,0.0005206519854255021,3.801328830377315e-06,5.143089310877258e-06,6.26135761194746e-06,0.00023740448523312807,0.00013421631592791528,1.96817381947767e-05,0.0017327001551166177,3.868444764520973e-06,6.485079939011484e-05,7.345163794525433e-06,1.234440969710704e-05,0.00011161102884216234,0.00022939217160455883,9.242710348189576e-07,2.5364072371303337e-06,2.821095449689892e-06,2.0948622477590106e-05,0.0007213882054202259,0.007737745996564627,6.0509883041959256e-05,0.000190847204066813,1.4126774658507202e-05,5.4377444030251354e-05,9.47829562392144e-07,8.972778232418932e-06,0.00010446400119690225
/users/PAS2099/jianyanggu/PlotDiversiVision/data/CPER_009/CPER_009_PlantDiversity_40_1_1_20140528-straightened.jpg,CPER_009/CPER_009_PlantDiversity_40_1_1_20140528-straightened.jpg,CPER,2014,,CPER_009,40_1_1,40,1,1,20140528,true,CPER_009_PlantDiversity_40_1_1_20140528-straightened_r2_c0,3,2,0,0,1275,627,1913,73,0.0013262857683002949,2.3063737899065018e-05,0.004101221449673176,0.0013924350496381521,0.0001042205112753436,0.00010645583097357303,0.0010193103225901723,0.0001766127534210682,0.05653964355587959,0.07396246492862701,0.056636352092027664,0.0053560249507427216,0.00015631571295671165,5.847707029715821e-07,0.00018382343114353716,3.355049921083264e-05,0.00017689527885522693,0.0006459831492975354,0.0006496950518339872,0.1374157816171646,0.000402111210860312,0.000492537918034941,0.0005334957968443632,0.00019005840294994414,6.955917342565954e-05,0.002333829877898097,0.0007795999408699572,0.00015340987010858953,0.00018318781803827733,0.00012927477655466646,0.011922454461455345,0.0010694839293137193,0.0021500741131603718,0.0001629337202757597,6.741851393599063e-06,0.0077233039774000645,0.004480387084186077,9.288253204431385e-05,0.0002514889056328684,0.00017807808762881905,0.00015125633217394352,0.010646932758390903,0.0002085886662825942,5.860263263457455e-05,7.660094706807286e-05,0.20231874287128448,0.027528535574674606,0.0001071071601472795,0.0003459176223259419,0.000278377061476931,0.0096467025578022,0.0003650024300441146,0.00016917110770009458,0.24701012670993805,3.875111724482849e-05,0.011188408359885216,0.003927111160010099,0.0012757928343489766,0.0012341421097517014,0.001071243779733777,6.588744872715324e-05,0.00010152236791327596,0.00032280728919431567,7.593441841891035e-05,0.0004200286930426955,0.0943363681435585,0.005044704303145409,0.0055131153203547,0.00029009865829721093,0.0008823819225654006,0.0004014567530248314,1.1989204722340219e-05,0.001575021306052804
/users/PAS2099/jianyanggu/PlotDiversiVision/data/CPER_009/CPER_009_PlantDiversity_40_1_1_20140528-straightened.jpg,CPER_009/CPER_009_PlantDiversity_40_1_1_20140528-straightened.jpg,CPER,2014,,CPER_009,40_1_1,40,1,1,20140528,true,CPER_009_PlantDiversity_40_1_1_20140528-straightened_r2_c1,3,2,1,627,1275,1255,1913,73,0.0005278948810882866,1.4753456980542978e-06,0.003460212145000696,6.42163140582852e-05,1.6849361372806015e-06,3.123020860584802e-06,0.0005568836932070553,2.607103169793845e-06,0.3286881446838379,0.39170509576797485,0.0349871888756752,0.00015781198453623801,1.2292184692341834e-05,9.506847220563941e-08,8.23430866603303e-07,1.794377624264598e-07,3.4447450616426067e-06,1.4797483345319051e-05,3.3583949061721796e-06,0.0006386992172338068,5.475095349538606e-06,0.0007115317857824266,1.4836873560852837e-06,2.7605714421952143e-05,5.008767857361818e-06,0.00012008130579488352,9.445044270250946e-06,2.59535554505419e-05,2.0276352188375313e-06,1.6962090967354015e-06,0.005556298419833183,1.4825846847088542e-05,0.0002711416163947433,6.70052600071358e-07,1.468685155714411e-07,0.0005533683579415083,0.0009574780124239624,1.4349875527841505e-05,3.981382633355679e-06,2.296490038133925e-06,4.4088719732826576e-06,0.0004980688099749386,3.65619871445233e-06,1.1437957425641798e-07,1.0863338957278756e-06,0.11136393994092941,0.024640047922730446,2.2904434615611535e-07,1.3946461194791482e-06,1.5230907592922449e-05,0.0001521169615443796,7.93434664956294e-05,2.4239488993771374e-06,0.0014885138953104615,6.597876449632167e-07,7.722863665549085e-05,3.221076258341782e-05,1.7769820260582492e-05,1.528707980469335e-05,5.635530760628171e-05,5.1424740377115086e-06,1.2169240335424547e-06,5.363056516216602e-06,5.948714374426345e-07,1.1987940524704754e-05,0.09187845140695572,6.744766324118245e-06,1.0848394595086575e-05,6.013950041960925e-06,0.00029535728390328586,4.862856712861685e-06,1.1149500096507836e-06,0.00020736399164889008
/users/PAS2099/jianyanggu/PlotDiversiVision/data/CPER_009/CPER_009_PlantDiversity_40_1_1_20140528-straightened.jpg,CPER_009/CPER_009_PlantDiversity_40_1_1_20140528-straightened.jpg,CPER,2014,,CPER_009,40_1_1,40,1,1,20140528,true,CPER_009_PlantDiversity_40_1_1_20140528-straightened_r2_c2,3,2,2,1255,1275,1882,1913,73,0.006215482484549284,3.9178521547000855e-06,0.0016910319682210684,0.00116931670345366,7.916547474451363e-05,2.2441172404796816e-05,0.0027165657375007868,6.327215942292241e-06,0.20107430219650269,0.44808125495910645,0.19427181780338287,0.00012959651940036565,3.2682117307558656e-05,4.9376460253824916e-08,1.4161455510475207e-06,3.102006758126663e-07,4.311890734243207e-06,0.00024874164955690503,1.1017562428605743e-05,0.0005446422728709877,3.016737082361942e-06,0.00027291427250020206,2.849572410923429e-06,3.345319419167936e-05,3.1179531561065232e-06,0.0001706785842543468,5.473099372466095e-05,2.690389010240324e-05,1.3502862202585675e-05,1.2142867262809887e-06,0.022926021367311478,0.00029697659192606807,7.686633034609258e-05,7.859342986193951e-06,2.9303312203410314e-06,0.001023747376166284,0.0005822065868414938,3.803011713898741e-05,5.0309125072089955e-05,4.602552792221104e-07,1.8608359823701903e-05,0.001581515185534954,3.45334192388691e-05,1.0285061762260739e-05,8.171893568942323e-06,0.10227179527282715,0.00164778099860996,2.360747885177261e-06,1.0132020179298706e-05,1.4975070371292531e-05,0.0002036763762589544,0.00011681481555569917,2.960161873488687e-05,0.0018704028334468603,4.2123911043745466e-06,8.863204857334495e-05,2.6552945200819522e-05,8.87081550899893e-05,0.00039782177191227674,7.346537313424051e-05,2.583475361461751e-05,1.6518828488187864e-05,5.189242074266076e-06,2.12699051189702e-05,0.00023582570429425687,0.008740793913602829,5.0014248699881136e-05,5.483381391968578e-05,7.423554052365944e-06,5.5977845477173105e-05,6.599322205147473e-06,6.352492346195504e-05,0.0003239528159610927
/users/PAS2099/jianyanggu/PlotDiversiVision/data/CPER_009/CPER_009_PlantDiversity_40_1_3_20140528-straightened.jpg,CPER_009/CPER_009_PlantDiversity_40_1_3_20140528-straightened.jpg,CPER,2014,,CPER_009,40_1_3,40,1,3,20140528,true,CPER_009_PlantDiversity_40_1_3_20140528-straightened_r0_c0,3,0,0,0,0,628,638,73,2.2723035726812668e-05,4.233834715705598e-06,6.8813469624728896e-06,0.00017183757154271007,0.0009565555956214666,5.495689947565552e-07,0.009150007739663124,4.674340289057e-06,0.0015672937734052539,0.001361511880531907,5.443450572784059e-05,1.6377280189772137e-05,4.036363861814607e-06,1.5320009083552577e-07,3.960589310736395e-06,4.255854548773641e-07,1.6545500329812057e-06,0.001872544875368476,3.755724537768401e-05,0.0004669889167416841,7.953322892717551e-06,3.2994903449434787e-06,0.00018112729594577104,1.888575297925854e-06,3.2350133682967908e-09,2.053762727882713e-06,7.504504537791945e-06,4.365833956399001e-05,0.0001183077329187654,5.300601969793206e-06,3.850866050925106e-05,1.2828809303755406e-05,5.956490440439666e-06,6.510308139695553e-06,3.3441449431848014e-06,0.0004002788045909256,0.0004508806741796434,0.0008317105821333826,0.00014657173596788198,1.5824659271856945e-07,0.006938371807336807,0.000367350090527907,0.00030815729405730963,9.293168113799766e-05,2.2574260583496653e-05,0.00015088329382706434,0.0009342402336187661,1.1622139936662279e-05,9.955400855687913e-06,4.618349521479104e-06,0.0005011932807974517,3.7958363918733085e-06,4.225428256177111e-06,0.0010572526371106505,0.0004296363331377506,7.054836896713823e-05,1.0080902029585559e-05,0.0006140327313914895,0.00016824672638904303,0.0410209484398365,9.356199007015675e-05,9.343929559690878e-05,2.8292856768530328e-06,3.28847199853044e-05,0.0003068762889597565,7.691328210057691e-05,0.48215362429618835,0.4464809000492096,1.0053438472823473e-06,2.407752072031144e-05,3.8384837353078183e-07,3.6652265407610685e-05,4.0126142266672105e-06
/users/PAS2099/jianyanggu/PlotDiversiVision/data/CPER_009/CPER_009_PlantDiversity_40_1_3_20140528-straightened.jpg,CPER_009/CPER_009_PlantDiversity_40_1_3_20140528-straightened.jpg,CPER,2014,,CPER_009,40_1_3,40,1,3,20140528,true,CPER_009_PlantDiversity_40_1_3_20140528-straightened_r0_c1,3,0,1,628,0,1257,638,73,0.46254822611808777,0.00038095610216259956,0.0002268345997435972,0.00012217591574881226,0.004512299783527851,0.0024136758875101805,0.01059032790362835,2.6766914743348025e-05,0.027181526646018028,0.030313702300190926,0.004004575312137604,6.243611278478056e-05,0.0002754747401922941,2.934928488684818e-06,1.8836738036043243e-07,4.8524652811465785e-06,3.9718008338240907e-05,0.0002600195293780416,1.545809027447831e-05,0.00040541429189033806,5.921398042119108e-05,0.0003903057368006557,3.382220938874525e-06,0.00028433636180125177,1.2946492233822937e-06,0.004820720292627811,0.0002539206179790199,3.1989155104383826e-05,1.634487375667959e-06,1.973743928829208e-05,0.028592469170689583,1.2566571967909113e-05,1.578740557306446e-05,1.147981129179243e-05,3.565257884474704e-06,0.24024894833564758,0.0013993604807183146,0.0002516410604584962,0.00036820012610405684,7.002032020864135e-08,0.0013105018297210336,0.011717417277395725,0.000158849754370749,2.183094147767406e-05,0.0007653134525753558,0.008018432185053825,0.005761992186307907,0.00044761752360500395,0.00013700811541639268,7.685106538701802e-05,0.002122728619724512,0.018086504191160202,0.0018571923719719052,0.05086630955338478,5.802793748443946e-05,0.00348422909155488,3.843450940621551e-06,1.3076940376777202e-05,0.0003232318558730185,0.00027491836226545274,7.508054841309786e-05,5.280924597172998e-05,1.6145825156854698e-06,0.0013197227381169796,0.0003065929631702602,0.05299599841237068,0.0013251911150291562,0.012459429912269115,0.003104664385318756,0.002652199240401387,6.661156817244773e-07,5.180557764106197e-06,3.6805951822316274e-05
/users/PAS2099/jianyanggu/PlotDiversiVision/data/CPER_009/CPER_009_PlantDiversity_40_1_3_20140528-straightened.jpg,CPER_009/CPER_009_PlantDiversity_40_1_3_20140528-straightened.jpg,CPER,2014,,CPER_009,40_1_3,40,1,3,20140528,true,CPER_009_PlantDiversity_40_1_3_20140528-straightened_r0_c2,3,0,2,1257,0,1885,638,73,0.007523657754063606,0.00030489242635667324,0.017447710037231445,0.00037658383371308446,0.0003930248785763979,0.0004909668350592256,0.0016659703105688095,4.631015326594934e-05,0.050760846585035324,0.49298882484436035,0.0035054252948611975,0.0005215877899900079,0.0002790410362649709,3.0834019071335206e-06,1.4418086720979773e-05,2.2284366423264146e-05,8.490878826705739e-05,0.0006608142284676433,0.0007807769579812884,0.0030207131057977676,0.0018026907928287983,0.009740645997226238,9.286246495321393e-06,5.235031494521536e-05,5.942729899288679e-07,0.016887949779629707,0.0002235291467513889,0.0004579317755997181,1.6117452332764515e-06,1.6580752344452776e-05,0.12072733789682388,9.05644046724774e-05,0.00016106221301015466,0.00024237217439804226,5.359258648240939e-05,0.0023270247038453817,0.00030936318216845393,0.0002668810775503516,2.2131202058517374e-05,4.58425688520947e-07,0.0004530872975010425,0.007506686262786388,0.001237496268004179,0.0006709440494887531,0.0005190313677303493,0.06128441542387009,0.0468602254986763,0.00026187891489826143,0.00020620455325115472,0.006067377049475908,0.0036458722315728664,0.021524345502257347,4.524462565314025e-05,0.019002994522452354,5.952832361799665e-05,0.004080287180840969,0.00023670705559197813,3.772781201405451e-05,6.552789272973314e-05,0.0006926542264409363,0.0003058639704249799,0.00027440907433629036,6.278548880800372e-06,0.0001301389274885878,0.004333678167313337,0.07089617103338242,0.0003135619917884469,0.006030871532857418,2.7056405087932944e-05,0.001476553617976606,4.090350557817146e-05,3.0133082873362582e-06,0.007417532615363598
/users/PAS2099/jianyanggu/PlotDiversiVision/data/CPER_009/CPER_009_PlantDiversity_40_1_3_20140528-straightened.jpg,CPER_009/CPER_009_PlantDiversity_40_1_3_20140528-straightened.jpg,CPER,2014,,CPER_009,40_1_3,40,1,3,20140528,true,CPER_009_PlantDiversity_40_1_3_20140528-straightened_r1_c0,3,1,0,0,638,628,1277,73,0.03321165591478348,0.0005342464428395033,0.00019098621851298958,0.0031444267369806767,0.0001911618746817112,0.00019594239711295813,0.0031688471790403128,3.794809163082391e-05,0.00762880127876997,0.045706331729888916,0.004659231752157211,0.00010709105845307931,0.0004864851653110236,6.002951522532385e-07,2.553209924371913e-06,0.0002218396548414603,0.00484376261010766,0.003554685041308403,0.00012481158773880452,0.0042850542813539505,0.00807934906333685,0.015536090359091759,0.00011271099356235936,2.7515432520885952e-05,7.106851285243465e-07,0.007211075630038977,0.002292521996423602,2.732798020588234e-05,1.5110493222891819e-05,1.3561548257712275e-06,0.00903988629579544,0.00045940166455693543,1.7963664049602812e-06,2.817568019963801e-05,7.885172090027481e-05,0.08517399430274963,0.002905546687543392,0.001629267237149179,0.0012132467236369848,7.169616083047003e-07,0.006259883753955364,0.0005218268488533795,0.0007680334965698421,4.5529282942879945e-05,0.0005243970663286746,0.09766960889101028,0.006340877152979374,0.0004308803181629628,0.0001486693072365597,0.5451356768608093,0.0045340415090322495,0.008758416399359703,7.538535282947123e-05,0.000983259524218738,0.00022554553288500756,0.0664338618516922,1.4154116797726601e-05,7.067494152579457e-05,1.0797005415952299e-05,0.002237605629488826,3.0071674700593576e-05,8.609174074081238e-06,1.157417045760667e-06,0.0013373694382607937,0.0025776897091418505,0.006410532630980015,0.00014820102660451084,0.0010215704096481204,0.0004867004754487425,0.00020952700288034976,2.902052983699832e-06,2.0846813640673645e-05,0.0004245530581101775
/users/PAS2099/jianyanggu/PlotDiversiVision/data/CPER_009/CPER_009_PlantDiversity_40_1_3_20140528-straightened.jpg,CPER_009/CPER_009_PlantDiversity_40_1_3_20140528-straightened.jpg,CPER,2014,,CPER_009,40_1_3,40,1,3,20140528,true,CPER_009_PlantDiversity_40_1_3_20140528-straightened_r1_c1,3,1,1,628,638,1257,1277,73,0.0059713986702263355,8.606713527115062e-05,0.002258219523355365,0.0022699828259646893,0.0047034104354679585,0.0007476363098248839,0.0204110536724329,0.00017521331028547138,0.12938328087329865,0.3053014576435089,0.005522598512470722,0.00017146425670944154,0.00014594175445381552,3.600780928536551e-06,2.788281381072011e-05,1.1012768482032698e-05,0.00032188082695938647,0.010725140571594238,0.00024936674162745476,0.03309428691864014,9.684579708846286e-05,0.006717564072459936,3.178309998475015e-05,0.000855131249409169,1.954292230266219e-07,0.0006481863674707711,0.00028952216962352395,0.0004511625738814473,3.5034438042202964e-05,6.546643271576613e-05,0.05883961170911789,0.0005464360001496971,8.785710815573111e-05,0.00045648773084394634,3.9166574424598366e-05,0.005030954256653786,0.006007131189107895,0.0017390624852851033,0.0009828843176364899,1.7675987464826903e-06,0.0006053619435988367,0.004350906237959862,0.0025113194715231657,0.0005120148998685181,0.0012869989732280374,0.024546345695853233,0.011890502646565437,0.002531131962314248,0.003123099450021982,8.370154682779685e-05,0.001895817113108933,0.08223725110292435,0.0013083139201626182,0.11059564352035522,0.00037103696377016604,0.004743953701108694,7.570174057036638e-05,0.002343040658161044,0.005105465184897184,0.010537858121097088,0.0011969729093834758,0.00035830680280923843,5.488294846145436e-06,0.0007802530308254063,0.002057356294244528,0.08271736651659012,0.012216391041874886,0.023409422487020493,0.0007422710186801851,0.0006163933430798352,3.2590352930128574e-05,0.00013832359400112182,0.0005702968337573111
/users/PAS2099/jianyanggu/PlotDiversiVision/data/CPER_009/CPER_009_PlantDiversity_40_1_3_20140528-straightened.jpg,CPER_009/CPER_009_PlantDiversity_40_1_3_20140528-straightened.jpg,CPER,2014,,CPER_009,40_1_3,40,1,3,20140528,true,CPER_009_PlantDiversity_40_1_3_20140528-straightened_r1_c2,3,1,2,1257,638,1885,1277,73,0.04136659577488899,6.923944602021948e-05,0.0004785515193361789,0.00391028355807066,0.0027746683917939663,0.0036076849792152643,0.06128063052892685,0.00011539296974660829,0.024844007566571236,0.05980537459254265,0.025004878640174866,6.005034447298385e-05,0.0011162197915837169,1.3143334172127652e-06,7.662492294002732e-07,1.4986244423198514e-06,5.45704024261795e-05,0.0009094139095395803,1.9001428881892934e-05,0.01027616299688816,8.179435099009424e-05,0.001358148525469005,2.8173282771604136e-05,0.0021305144764482975,3.1357576517621055e-06,0.0024300813674926758,0.00024050784122664481,0.0004458923649508506,6.977660632401239e-06,9.154803410638124e-05,0.04192132502794266,0.0005042533157393336,3.906715937773697e-05,6.263261457206681e-05,2.0715828213724308e-05,0.06963900476694107,0.004533067345619202,0.0005780586507171392,0.0002580115105956793,1.9040083998334012e-07,0.0010760409059002995,0.04431626945734024,0.0018125363858416677,6.038227002136409e-05,0.00045913836220279336,0.011167527176439762,0.02011069469153881,0.000504026364069432,0.0008827599813230336,0.0001814652350731194,0.008151534013450146,0.10913290083408356,0.0008062372216954827,0.007052572909742594,0.0004434970614966005,0.0017348468536511064,1.0673931683413684e-05,0.0004619985993485898,0.0029126012232154608,0.0009791187476366758,0.00010647138697095215,6.691973976558074e-05,2.8241704512765864e-06,0.0006228597485460341,0.001489178161136806,0.38583675026893616,0.0020316019654273987,0.035923197865486145,0.00021445464517455548,0.0013125718105584383,5.848497039551148e-06,8.53490382723976e-06,5.253472409094684e-05
/users/PAS2099/jianyanggu/PlotDiversiVision/data/CPER_009/CPER_009_PlantDiversity_40_1_3_20140528-straightened.jpg,CPER_009/CPER_009_PlantDiversity_40_1_3_20140528-straightened.jpg,CPER,2014,,CPER_009,40_1_3,40,1,3,20140528,true,CPER_009_PlantDiversity_40_1_3_20140528-straightened_r2_c0,3,2,0,0,1277,628,1915,73,0.00471961684525013,5.5561846238560975e-05,0.003848807653412223,0.0025171288289129734,0.014285660348832607,0.00022819865262135863,0.0024957878049463034,9.30336827877909e-05,0.10045281797647476,0.31174570322036743,0.0013611044269055128,0.00013115248293615878,9.871549991657957e-05,4.97659300435771e-08,6.764294539607363e-06,0.00021448895859066397,0.0013616445939987898,0.0017846665577962995,0.0002970531932078302,0.0019993416499346495,0.00019753618107642978,0.0003998996107839048,0.00011927365267183632,0.0007187306764535606,1.0736767563912508e-07,0.003588496008887887,0.001735812984406948,3.0321596568683162e-05,0.0003510250826366246,1.6836642316775396e-05,0.008080324158072472,0.00020795642922166735,7.131965958251385e-06,3.196947363903746e-05,1.4331597412819974e-05,0.005563571583479643,0.002367439679801464,0.001959310146048665,0.0008306438103318214,2.534505370022089e-07,0.0014547588070854545,0.004842536523938179,0.005731950514018536,0.0009139766334556043,0.0010400658939033747,0.020181240513920784,0.015364091843366623,0.0009930133819580078,0.00016846737707965076,4.860409171669744e-05,0.002467520534992218,0.005668500903993845,0.0008861742680892348,0.08899083733558655,0.0049340929836034775,0.004712636582553387,1.9547243937267922e-05,0.0001038158661685884,0.0006563517963513732,0.0046716476790606976,7.569819717900828e-05,0.00012161312770331278,3.1724539439892396e-06,0.0021873866207897663,0.0019935383461415768,0.04011375829577446,0.12478399276733398,0.19251427054405212,4.791083119926043e-05,4.7045487008290365e-05,3.3157109555759234e-06,1.468960635975236e-05,0.00032547840964980423
/users/PAS2099/jianyanggu/PlotDiversiVision/data/CPER_009/CPER_009_PlantDiversity_40_1_3_20140528-straightened.jpg,CPER_009/CPER_009_PlantDiversity_40_1_3_20140528-straightened.jpg,CPER,2014,,CPER_009,40_1_3,40,1,3,20140528,true,CPER_009_PlantDiversity_40_1_3_20140528-straightened_r2_c1,3,2,1,628,1277,1257,1915,73,9.0492692834232e-05,1.5540406820946373e-05,0.00431227870285511,1.2041035006404854e-05,0.0010269242338836193,4.5535573008237407e-05,0.0007501968648284674,7.009371620370075e-05,0.14024735987186432,0.21819768846035004,0.0009341124095954001,6.128931272542104e-05,1.2239102034072857e-05,4.89151489091455e-07,3.418490166495758e-07,1.1762957910832483e-05,0.00010812393884407356,0.0009943271288648248,1.7681479221209884e-05,0.023119429126381874,3.778547397814691e-05,0.0016893697902560234,1.0636355909809936e-05,0.00027186088846065104,3.5301643830365492e-09,0.0006672542076557875,3.5753280826611444e-05,1.2992225492780562e-05,2.4329592633876018e-05,4.7081657612579875e-06,0.015948763117194176,1.3525195754482411e-05,1.237057767866645e-05,1.1747352800739463e-05,6.247927103686379e-06,0.0017897292273119092,4.4531338062370196e-05,3.598383773351088e-05,5.146862531546503e-05,3.099643777204619e-07,2.1142754121683538e-05,0.00802003126591444,0.004507693462073803,0.0003738390514627099,0.0003428812779020518,0.028031127527356148,0.27028024196624756,0.00014555106463376433,0.00010508074046811089,1.5147442354646046e-05,0.0013405270874500275,0.008385960943996906,6.519681392092025e-06,0.016021203249692917,0.0002890479809138924,0.00029108396847732365,6.3781353674130514e-06,0.00028289988404139876,7.281340367626399e-05,0.0004905331297777593,0.0002947039611171931,5.846794374519959e-05,1.8505792240830488e-06,0.00019294157391414046,0.00020224576292093843,0.23378317058086395,0.0017637035343796015,0.013847013004124165,7.38168673706241e-05,2.3276556021301076e-05,1.3052425629211939e-06,2.710155513341306e-07,3.0181106922100298e-05
/users/PAS2099/jianyanggu/PlotDiversiVision/data/CPER_009/CPER_009_PlantDiversity_40_1_3_20140528-straightened.jpg,CPER_009/CPER_009_PlantDiversity_40_1_3_20140528-straightened.jpg,CPER,2014,,CPER_009,40_1_3,40,1,3,20140528,true,CPER_009_PlantDiversity_40_1_3_20140528-straightened_r2_c2,3,2,2,1257,1277,1885,1915,73,0.00034248369047418237,7.777445716783404e-06,0.00018950723460875452,0.010872786864638329,0.0022337003611028194,6.850183854112402e-05,0.4693703353404999,0.00012750607857014984,0.019393635913729668,0.0492919385433197,0.0019265986047685146,7.552468741778284e-05,2.9071743483655155e-05,3.758085824756563e-07,1.5832405551918782e-05,3.5945934087067144e-06,5.705601506633684e-05,0.0077380104921758175,0.00014960863336455077,0.056162744760513306,2.64445898210397e-05,0.0001767547510098666,0.00045063308789394796,2.6658099159249105e-05,1.0449730325490236e-07,5.674930434906855e-05,4.897454346064478e-05,0.00012789970787707716,0.0001658482215134427,7.235784323711414e-06,0.001951213227584958,0.00010404996282886714,6.692108399874996e-06,8.140847785398364e-05,3.93587579310406e-05,0.002019427716732025,0.0047942777164280415,0.0007157769287005067,0.0001748448412399739,1.2721056918962859e-06,0.003483725478872657,0.002424140926450491,0.0040471781976521015,0.0008175177499651909,0.00020899860828649253,0.020832065492868423,0.0036962605081498623,5.978460831101984e-05,0.000794993422459811,2.5336230464745313e-05,0.00784548744559288,0.0004262506263330579,2.141237746400293e-05,0.0009808846516534686,0.0016665690345689654,0.00028712465427815914,1.6905920347198844e-05,0.007161241490393877,8.456363138975576e-05,0.012147899717092514,0.004237363580614328,0.00021365635620895773,4.376086508273147e-06,9.572815179126337e-05,0.0017002173699438572,0.0016215172363445163,0.07618425786495209,0.219426229596138,1.0954075150948483e-05,0.00012459993013180792,2.594407533251797e-06,0.0002343943779123947,8.358863851753995e-05
/users/PAS2099/jianyanggu/PlotDiversiVision/data/CPER_009/CPER_009_PlantDiversity_41_1_1_20140528-straightened.jpg,CPER_009/CPER_009_PlantDiversity_41_1_1_20140528-straightened.jpg,CPER,2014,,CPER_009,41_1_1,41,1,1,20140528,true,CPER_009_PlantDiversity_41_1_1_20140528-straightened_r0_c0,3,0,0,0,0,704,682,73,0.00013408814265858382,8.793442248133942e-06,0.011442302726209164,0.00046274284250102937,0.0009421408758498728,0.0008144037565216422,0.0005149053176864982,0.0001078666391549632,0.43337780237197876,0.24643811583518982,0.018463481217622757,0.000985699356533587,3.396246756892651e-05,2.174130315779621e-07,7.805610039213207e-06,0.00018337747314944863,0.00026641905424185097,0.0001281294971704483,5.3053099691169336e-05,0.011641751043498516,0.00037129424163140357,0.001480093807913363,2.047486850642599e-05,0.00020394977764226496,1.8715178384809406e-06,0.004493091255426407,0.003910551313310862,3.382670183782466e-05,0.00018595642177388072,9.320592653239146e-06,0.006470174994319677,0.00010068861593026668,4.466598329599947e-05,2.6145631636609323e-05,2.7278367269900627e-05,0.0017393259331583977,0.0019236726220697165,0.0003394150116946548,7.965610711835325e-05,4.261682079231832e-06,9.493920515524223e-05,0.006415221374481916,0.002943473169580102,0.00196128454990685,0.00027330772718414664,0.06519506871700287,0.06947077065706253,0.0003146172675769776,0.0011563007719814777,0.00041667139157652855,0.003033782821148634,0.0008897173684090376,0.0010613483609631658,0.0258946493268013,0.00021043668675702065,0.005523013882339001,3.0297431294457056e-05,7.129409368644701e-06,2.2926742531126365e-05,0.0007622852572239935,0.0003266538551542908,6.084514097892679e-06,2.569064417912159e-05,0.00015758814697619528,0.00042606136412359774,0.0640302449464798,0.0003238164645154029,0.0006156946765258908,0.00017647688218858093,0.00026169492048211396,0.00019929977133870125,3.6155458928988082e-06,0.0002969920460600406
/users/PAS2099/jianyanggu/PlotDiversiVision/data/CPER_009/CPER_009_PlantDiversity_41_1_1_20140528-straightened.jpg,CPER_009/CPER_009_PlantDiversity_41_1_1_20140528-straightened.jpg,CPER,2014,,CPER_009,41_1_1,41,1,1,20140528,true,CPER_009_PlantDiversity_41_1_1_20140528-straightened_r0_c1,3,0,1,704,0,1407,682,73,5.4848293075338006e-05,2.475460632922477e-06,0.010167122818529606,0.00016699230764061213,0.00024372150073759258,2.809928082569968e-05,3.175320307491347e-05,5.542712824535556e-05,0.15667404234409332,0.33757108449935913,0.0003697107022162527,0.00011757401807699353,1.2774561582773458e-05,2.9328145956242224e-07,1.7262525489059044e-06,1.1041975994885433e-05,6.764133286196738e-05,6.947188376216218e-05,1.7389764252584428e-05,0.0026150804478675127,0.0010901775676757097,0.0038946454878896475,2.4874636892491253e-06,5.385579788708128e-05,1.065604692485067e-06,0.00045994040556252003,0.0003216025361325592,6.813671461713966e-06,9.508397852187045e-06,3.636232122516958e-06,0.012057187035679817,2.900430263252929e-05,2.3943808628246188e-05,4.030811396660283e-06,1.9139690266456455e-05,0.0004012008139397949,0.00019695049559231848,6.282058166107163e-05,2.5321462089777924e-05,5.101374426885741e-06,6.430051871575415e-05,0.0011376080801710486,0.0005299579352140427,0.00037265015998855233,0.0001891253050416708,0.3155282735824585,0.030716372653841972,3.453384488238953e-05,3.594405279727653e-05,8.679820166435093e-05,0.00039762334199622273,0.0012036272091791034,0.00014497421216219664,0.03112020716071129,0.0006704409024678171,0.00028015169664286077,9.627161489333957e-06,3.992096480942564e-06,1.8392001948086545e-05,0.0004213604552205652,1.2818642062484287e-05,4.512917257670779e-06,8.369042916456237e-06,1.6735442841309123e-05,0.00018661556532606483,0.08782652020454407,0.0005022251862101257,0.0011925852159038186,4.248156619723886e-05,6.480235606431961e-05,2.9237471608212218e-05,1.9324473043980106e-07,0.0002001909597311169
/users/PAS2099/jianyanggu/PlotDiversiVision/data/CPER_009/CPER_009_PlantDiversity_41_1_1_20140528-straightened.jpg,CPER_009/CPER_009_PlantDiversity_41_1_1_20140528-straightened.jpg,CPER,2014,,CPER_009,41_1_1,41,1,1,20140528,true,CPER_009_PlantDiversity_41_1_1_20140528-straightened_r0_c2,3,0,2,1407,0,2111,682,73,0.0017917368095368147,0.001691329525783658,0.0025000805035233498,0.014075802639126778,0.004925019107758999,0.0006148250540718436,0.00611177459359169,0.00021045311586931348,0.05275359004735947,0.07667232304811478,0.02220914512872696,0.03176075220108032,0.000840988359414041,2.240139792775153e-06,0.00012564619828481227,0.00014273362467065454,0.0002267862728331238,0.0005202449974603951,0.006828823126852512,0.0019204940181225538,0.0328625813126564,0.00042480925912968814,0.00045030665933154523,0.000556980085093528,0.00031818076968193054,0.06450007110834122,0.020945539698004723,0.00036539911525323987,0.00045889572356827557,0.0007432802813127637,0.11636938154697418,0.009007705375552177,0.0006838830304332078,0.0008276848238892853,0.0002718317264225334,0.0035007514525204897,0.00157968292478472,0.01512869168072939,0.001509116031229496,0.00017417916387785226,0.0021179821342229843,0.02880377322435379,0.05795461684465408,0.01769634336233139,0.008012321777641773,0.0019526283722370863,0.008254559710621834,0.004587419331073761,0.01226926688104868,0.022867947816848755,0.2044014185667038,0.001514121307991445,0.004617335740476847,0.0658118799328804,0.00107072782702744,0.0009278722573071718,0.0015159706817939878,8.04146402515471e-05,0.00019069656264036894,0.005833409260958433,0.0031853069085627794,0.00045337469782680273,0.002408848376944661,0.004901160951703787,0.002331024967133999,0.023719018325209618,0.004387309774756432,0.006796779111027718,8.091621566563845e-05,0.002345895394682884,0.001595708541572094,2.091157693939749e-05,0.0006892520468682051
/users/PAS2099/jianyanggu/PlotDiversiVision/data/CPER_009/CPER_009_PlantDiversity_41_1_1_20140528-straightened.jpg,CPER_009/CPER_009_PlantDiversity_41_1_1_20140528-straightened.jpg,CPER,2014,,CPER_009,41_1_1,41,1,1,20140528,true,CPER_009_PlantDiversity_41_1_1_20140528-straightened_r1_c0,3,1,0,0,682,704,1365,73,0.0015280039515346289,0.00010788434883579612,0.010155240073800087,0.0004333077813498676,0.00426855543628335,0.0007136982749216259,0.0022758508566766977,6.518254667753354e-05,0.27205994725227356,0.09625766426324844,0.0011568214977160096,0.0018537860596552491,8.680730388732627e-05,3.4511633657530183e-06,2.1205956727499142e-05,0.00019666030129883438,0.0006663422100245953,0.0022521009668707848,5.1838764193234965e-05,0.008201157674193382,0.004914501681923866,0.004630540031939745,1.1044522580050398e-05,0.00014283633208833635,2.0029040115332464e-06,0.015840983018279076,0.002104866085574031,0.0002294075529789552,1.821316072891932e-05,2.3268697987077758e-05,0.05998656526207924,0.0002259922621306032,0.00017805655079428107,3.796020973823033e-05,8.06261450634338e-05,0.005006195977330208,0.0067042200826108456,0.0005362979718483984,0.0004700928693637252,1.023842651193263e-05,0.0004927151021547616,0.012181245721876621,0.0024076683912426233,0.0016012609703466296,0.0007792023243382573,0.1188061460852623,0.0068284738808870316,0.002344370586797595,0.002373272320255637,0.002938683144748211,0.0027517422568053007,0.009042255580425262,0.004242969676852226,0.24565820395946503,3.584922160371207e-05,0.002069499809294939,3.696702697197907e-05,3.9525559259345755e-05,0.002304364927113056,0.0016767120687291026,5.693048660759814e-05,2.5774479581741616e-05,5.914977464271942e-06,0.002249370561912656,0.0006580442423000932,0.06989797204732895,0.0013266010209918022,0.0017744029173627496,0.0007650412735529244,0.00039482483407482505,3.1952655263012275e-05,1.7788130207918584e-05,0.0006748710293322802
/users/PAS2099/jianyanggu/PlotDiversiVision/data/CPER_009/CPER_009_PlantDiversity_41_1_1_20140528-straightened.jpg,CPER_009/CPER_009_PlantDiversity_41_1_1_20140528-straightened.jpg,CPER,2014,,CPER_009,41_1_1,41,1,1,20140528,true,CPER_009_PlantDiversity_41_1_1_20140528-straightened_r1_c1,3,1,1,704,682,1407,1365,73,0.0003487057110760361,2.2172228497652213e-08,0.0008375488687306643,1.1673980225168634e-05,0.000555930775590241,3.115774461548426e-06,0.0003205254324711859,2.8324682261882117e-06,0.1593092679977417,0.19951240718364716,0.004058056976646185,3.2144589567906223e-06,5.093685103929602e-06,3.432111128631732e-08,1.6856356310768206e-08,4.571997578750597e-06,2.727317769313231e-05,1.1073888344981242e-05,1.0374457133366377e-06,0.00164555583614856,2.6308323867851868e-05,0.0002714438596740365,1.41644147788611e-06,1.7194155589095317e-05,6.592113521719511e-08,0.00012350287579465657,1.944514224305749e-05,2.658066478034016e-07,1.2924130032843095e-06,2.2081752604208305e-07,0.007213491015136242,3.401367848709924e-06,1.032660179589584e-06,2.687399103251664e-07,3.3958190215344075e-06,0.00043956274748779833,0.0002730411069933325,2.7440451049187686e-06,1.3898400084144669e-06,6.928691931307185e-08,2.603129905764945e-05,0.002056397730484605,2.1184376237215474e-05,9.723480616230518e-05,1.7791122445487417e-05,0.5056777596473694,0.030928313732147217,8.284346222353633e-06,1.8943889017464244e-06,3.6256576549931196e-06,0.00013071601279079914,9.741746907820925e-05,1.4045832358533517e-05,0.00498167984187603,7.231171184685081e-05,6.696624041069299e-05,6.864343760071279e-08,7.095742148521822e-06,2.7802698241430335e-06,1.5141177755140234e-05,3.903765900759026e-06,1.5846698033783468e-06,1.6102320898880862e-07,1.1320163139316719e-05,7.641277989023365e-06,0.08053652942180634,2.4184275389416143e-05,9.726151620270684e-05,7.295500381587772e-07,1.5505918781855144e-05,1.1329396443215956e-07,7.604224094848178e-08,1.675144631008152e-05
/users/PAS2099/jianyanggu/PlotDiversiVision/data/CPER_009/CPER_009_PlantDiversity_41_1_1_20140528-straightened.jpg,CPER_009/CPER_009_PlantDiversity_41_1_1_20140528-straightened.jpg,CPER,2014,,CPER_009,41_1_1,41,1,1,20140528,true,CPER_009_PlantDiversity_41_1_1_20140528-straightened_r1_c2,3,1,2,1407,682,2111,1365,73,0.0017604087479412556,2.9676894541807997e-07,0.001615552813746035,1.238747518073069e-05,0.0014013696927577257,2.1813051716890186e-05,0.00042362778913229704,1.0642193956300616e-05,0.3426789343357086,0.3090984523296356,0.019333360716700554,4.446797447599238e-06,4.111158341402188e-05,2.8489301939771394e-07,7.930199075190103e-08,8.797012924333103e-06,0.00011190303484909236,3.357298919581808e-05,4.364932465250604e-06,0.002663962310180068,7.004850340308622e-05,0.00015416117093991488,4.076440745848231e-06,7.615653157699853e-05,5.413088501882157e-07,0.00032564043067395687,5.165288894204423e-05,2.2051810333323374e-07,1.8197620192950126e-06,4.78861920782947e-07,0.042966630309820175,6.030015356373042e-06,1.0468446589584346e-06,2.8525312245619716e-06,7.965041731949896e-06,0.00247506657615304,0.00029724641353823245,4.909498329652706e-06,1.4293184904090595e-05,2.915756738275377e-07,9.35184580157511e-05,0.006004522554576397,0.00016680882254149765,5.330391286406666e-05,3.127771560684778e-05,0.052227359265089035,0.126795694231987,1.2460509424272459e-05,1.950407568074297e-05,8.00906855147332e-06,0.0013152401661500335,0.0002711854176595807,2.6861849619308487e-05,0.0051330807618796825,3.8509540900122374e-05,0.00030085354228504,1.86663584145208e-07,3.306497455923818e-05,2.636672434164211e-05,2.757975016720593e-05,4.341203293733997e-06,8.2205133367097e-06,5.622004550787096e-07,0.00018266771803610027,1.549292755953502e-05,0.08108038455247879,9.097235306398943e-05,0.0002933041250798851,2.888072458517854e-06,1.6592975953244604e-05,6.953301294743142e-07,5.23762651027937e-07,3.148673567920923e-05
/users/PAS2099/jianyanggu/PlotDiversiVision/data/CPER_009/CPER_009_PlantDiversity_41_1_1_20140528-straightened.jpg,CPER_009/CPER_009_PlantDiversity_41_1_1_20140528-straightened.jpg,CPER,2014,,CPER_009,41_1_1,41,1,1,20140528,true,CPER_009_PlantDiversity_41_1_1_20140528-straightened_r2_c0,3,2,0,0,1365,704,2047,73,0.00022785551846027374,9.714549378259107e-07,0.0004444751248229295,1.70203966263216e-05,0.00017447110440116376,2.0785987544513773e-06,1.2452957889763638e-05,1.3897889630243299e-06,0.030592644587159157,0.003888676641508937,0.004001264460384846,0.0009012341615743935,3.2482630558661185e-06,7.31914511220566e-08,1.3900972589908633e-05,8.359116691281088e-06,0.00015350457397289574,6.410428795788903e-06,2.9195780371082947e-05,0.05429193377494812,8.167815394699574e-06,0.00013325316831469536,4.730397449748125e-06,1.820283387132804e-06,1.4670875316369347e-05,2.682980448298622e-05,4.425985025591217e-05,9.58665964390093e-07,2.7263427000434604e-06,1.8257851479575038e-05,0.00040565748349763453,4.377840468805516e-06,0.00013766990741714835,1.0221196134807542e-05,3.84761847271875e-07,0.002689685206860304,9.942240285454318e-05,0.00013620102254208177,8.944688488554675e-06,1.0681282219593413e-05,1.1457682376203593e-05,0.002475227927789092,1.8526137864682823e-05,4.9410268729843665e-06,2.0409637727425434e-05,0.0015543799381703138,0.3601329028606415,2.517064058338292e-05,1.6817666619317606e-06,6.182488505146466e-06,0.0010546145495027304,0.0003963541821576655,8.209731845454371e-07,0.50271075963974,3.911627118213801e-06,0.0005246514920145273,0.0001591039908817038,2.7738133212551475e-05,1.2894558494735975e-05,4.50687984994147e-05,4.3882595491595566e-05,8.290432015201077e-05,4.464869198272936e-05,3.932048002752708e-06,3.185497007507365e-06,0.008732632733881474,0.00013837438018526882,0.00010787836799863726,6.108552770456299e-05,5.3471339924726635e-05,4.537569111562334e-05,6.3759443946764804e-06,0.022959379479289055
/users/PAS2099/jianyanggu/PlotDiversiVision/data/CPER_009/CPER_009_PlantDiversity_41_1_1_20140528-straightened.jpg,CPER_009/CPER_009_PlantDiversity_41_1_1_20140528-straightened.jpg,CPER,2014,,CPER_009,41_1_1,41,1,1,20140528,true,CPER_009_PlantDiversity_41_1_1_20140528-straightened_r2_c1,3,2,1,704,1365,1407,2047,73,0.0010761665180325508,1.6730004404053034e-07,0.0003877714625559747,5.541254722629674e-05,0.0005968237528577447,6.942893833183916e-06,0.0011806037509813905,1.022493961500004e-06,0.08929982781410217,0.26117637753486633,0.2269589900970459,1.9123053789371625e-05,1.183389213110786e-05,7.705414972747349e-09,2.9251266298047085e-08,6.929769369889982e-06,6.684794061584398e-05,1.708421768853441e-05,5.232957960288331e-07,0.0029718445148319006,4.532726961770095e-05,0.00015464427997358143,7.758902029308956e-06,3.412123624002561e-05,3.5459734704090806e-07,0.0002663851191755384,1.1280526450718753e-05,5.017572561882844e-07,1.4189425883159856e-06,4.231736454585189e-07,0.014918148517608643,1.2241019248904195e-05,4.689683805736422e-07,2.762702706604614e-07,4.727619113964465e-07,0.003540047211572528,0.0009758396190591156,1.6355496654796298e-06,7.994759471330326e-06,2.356761896749049e-08,2.7971806048299186e-05,0.002209110651165247,2.397050047875382e-05,4.486076068133116e-05,1.5509673175984062e-05,0.23048382997512817,0.03865312784910202,6.73567865305813e-06,2.8440479127311846e-06,1.4786003703193273e-05,0.0010000714100897312,0.00023447503917850554,2.488889185769949e-05,0.0034965896047651768,1.556901042931713e-05,0.00045141109148971736,1.0124911398179393e-07,1.7697542716632597e-05,1.153447556134779e-05,8.519341463397723e-06,1.2259196410013828e-05,1.2965140285814414e-06,6.6732707182382e-07,1.2047608834109269e-05,1.7803580703912303e-05,0.11902187764644623,2.8406446290318854e-05,0.00026043079560622573,7.736853149253875e-06,2.208333353337366e-05,4.877987862528244e-07,2.915458594543452e-07,5.731828059651889e-05
/users/PAS2099/jianyanggu/PlotDiversiVision/data/CPER_009/CPER_009_PlantDiversity_41_1_1_20140528-straightened.jpg,CPER_009/CPER_009_PlantDiversity_41_1_1_20140528-straightened.jpg,CPER,2014,,CPER_009,41_1_1,41,1,1,20140528,true,CPER_009_PlantDiversity_41_1_1_20140528-straightened_r2_c2,3,2,2,1407,1365,2111,2047,73,0.0009027306223288178,3.2399459541920805e-06,0.02437671646475792,0.0011967634782195091,0.013371204026043415,0.0013014156138524413,8.447012805845588e-05,0.0005885417340323329,0.10172708332538605,0.12086936086416245,0.004564794711768627,0.002945230109617114,9.29298585106153e-06,2.078781653835904e-05,5.6947294069686905e-05,0.0016122900415211916,0.009708749130368233,0.0035494558978825808,0.0035101380199193954,0.0008425037958659232,0.008391139097511768,0.0022886956576257944,5.743818110204302e-05,0.0009110194514505565,0.00017318729078397155,0.004301958251744509,0.013554234988987446,0.00017201727314386517,0.001565501093864441,2.645265885803383e-05,0.0678020790219307,0.0012192879803478718,0.0002752437721937895,0.0003423570015002042,0.001449377043172717,0.003024220233783126,0.00018983861082233489,0.0004825374635402113,0.00047154651838354766,0.0003472101525403559,0.0002669505192898214,0.0038245480973273516,0.013070432469248772,0.007829283364117146,0.0003551851259544492,0.021854480728507042,0.14604899287223816,0.001453241566196084,0.0007003438076935709,0.0011172608938068151,0.02576659433543682,0.0026671551167964935,0.0011034526396542788,0.15673911571502686,0.00744946813210845,0.006993643939495087,0.00037538789911195636,0.00025889332755468786,0.0020997445099055767,0.0014428896829485893,2.8526306778076105e-05,0.00014139125414658338,0.00010223694698652253,0.004065002780407667,0.0047156293876469135,0.18151700496673584,0.004579899366945028,0.0044286735355854034,2.7478412448544987e-05,8.098722173599526e-05,3.0291588700492866e-05,4.603908109857002e-06,0.000574099482037127
/users/PAS2099/jianyanggu/PlotDiversiVision/data/CPER_009/CPER_009_PlantDiversity_41_1_4_20140528-straightened.jpg,CPER_009/CPER_009_PlantDiversity_41_1_4_20140528-straightened.jpg,CPER,2014,,CPER_009,41_1_4,41,1,4,20140528,true,CPER_009_PlantDiversity_41_1_4_20140528-straightened_r0_c0,3,0,0,0,0,744,707,73,0.01740172691643238,2.919566395576112e-05,0.0006380645208992064,0.0008296698797494173,0.0014481393154710531,8.397408237215132e-05,0.006793330889195204,1.1657795766950585e-05,0.018966365605592728,0.02688126638531685,0.005543371196836233,2.9373510187724605e-05,3.182060754625127e-05,8.829076847405304e-08,8.537484177395527e-07,2.2267463464231696e-06,3.408907650737092e-05,0.0005409939331002533,0.00025154330069199204,0.0018669390119612217,2.0152625438640825e-05,0.001011488726362586,8.690712093084585e-06,0.0006719589582644403,3.3602685789446696e-07,0.00031369863427244127,0.00021967633801978081,5.05065963807283e-06,7.745707080175634e-06,1.0178466709476197e-06,0.7111105918884277,4.7477900807280093e-05,1.0847706107597332e-05,1.8964310584124178e-05,1.7395595932612196e-05,0.03137229010462761,0.00028743589064106345,0.0011221386957913637,0.0001533880567876622,3.509327939354989e-07,0.001571172964759171,0.058642905205488205,0.0002884728310164064,4.29182437073905e-05,0.0007114052423276007,0.03372412547469139,0.001023794524371624,0.0005629267543554306,0.0004029537667520344,6.89782973495312e-05,0.0034283814020454884,0.02355976589024067,0.00013192344340495765,0.02856217697262764,4.729604916065e-05,0.0007206207956187427,9.951984793588053e-06,4.399472163640894e-05,6.043859320925549e-05,0.00018613132124301046,7.570930756628513e-05,6.844933523098007e-05,5.504925411514705e-06,0.00030963498284108937,0.0009677205234766006,0.008610077202320099,0.0011335053713992238,0.005882862024009228,0.00012220768257975578,0.00032961476244963706,2.8790859687433112e-06,4.9727927944331896e-06,0.0009112419211305678
/users/PAS2099/jianyanggu/PlotDiversiVision/data/CPER_009/CPER_009_PlantDiversity_41_1_4_20140528-straightened.jpg,CPER_009/CPER_009_PlantDiversity_41_1_4_20140528-straightened.jpg,CPER,2014,,CPER_009,41_1_4,41,1,4,20140528,true,CPER_009_PlantDiversity_41_1_4_20140528-straightened_r0_c1,3,0,1,744,0,1487,707,73,0.040248047560453415,4.54358960269019e-05,0.0007088957936502993,0.01403835229575634,0.0023059570230543613,1.2203415280964691e-05,0.0024411382619291544,0.00011434616317274049,0.02776608057320118,0.057516470551490784,0.016688263043761253,0.00030659040203318,5.606433842331171e-05,3.357150717420154e-07,5.164021786185913e-05,5.927427264396101e-05,0.0006646009278483689,0.0007621488766744733,0.003294699126854539,0.04673060402274132,0.00011068529420299456,0.007463452406227589,0.0005702921189367771,0.005338408052921295,7.788447646817076e-07,0.0012743354309350252,0.0008812528103590012,6.984296487644315e-05,0.00032031271257437766,1.8911332517745905e-05,0.12145434319972992,0.0001307628845097497,5.78846265852917e-05,0.0002899264800362289,4.9106558435596526e-05,0.030000995844602585,0.0009906529448926449,0.01786923035979271,0.00010844759526662529,1.4149776461636066e-06,0.010598806664347649,0.07700107991695404,0.0010828105732798576,0.00024148423108272254,0.0004379258316475898,0.03143789619207382,0.011532402597367764,0.0011801511282101274,0.001496684504672885,0.0010184410493820906,0.006622349843382835,0.059767983853816986,0.00013444108481053263,0.1842065304517746,0.0002598626306280494,0.04751070588827133,0.00015356700168922544,0.00018015134264715016,0.00019211425387766212,0.0023645886685699224,0.0038523052353411913,0.0014402482192963362,7.62857871450251e-06,0.0001804525963962078,0.0018597572343423963,0.027987267822027206,0.04831267520785332,0.06518763303756714,9.448148921364918e-05,0.0005974831874482334,1.5717208952992223e-05,2.7094089091406204e-05,0.012205109000205994
/users/PAS2099/jianyanggu/PlotDiversiVision/data/CPER_009/CPER_009_PlantDiversity_41_1_4_20140528-straightened.jpg,CPER_009/CPER_009_PlantDiversity_41_1_4_20140528-straightened.jpg,CPER,2014,,CPER_009,41_1_4,41,1,4,20140528,true,CPER_009_PlantDiversity_41_1_4_20140528-straightened_r0_c2,3,0,2,1487,0,2231,707,73,0.013470817357301712,3.7258373595250305e-06,0.00023120421974454075,0.004345529247075319,0.0005483859567902982,1.8371492842561565e-05,0.014788703992962837,0.0007867742097005248,0.19486838579177856,0.08765331655740738,0.02739092893898487,0.0001838272000895813,8.621889719506726e-05,3.8124599655020575e-07,0.0002612362150102854,9.49968452914618e-05,0.0008695981814526021,0.0014813822926953435,0.0011878564255312085,0.13744845986366272,4.27324375777971e-05,0.00035336834844201803,0.008367284201085567,0.00031955118174664676,6.551428555212624e-07,0.0002453872002661228,0.007501873187720776,7.288302731467411e-05,0.005692903883755207,2.357460971325054e-06,0.020375099033117294,0.000782499962951988,3.414004822843708e-05,0.0003909611259587109,6.649555871263146e-05,0.01165641937404871,0.01981205865740776,0.011892671696841717,0.0035054769832640886,6.693864997942e-05,0.0015186542877927423,0.021584194153547287,0.003734124358743429,0.0002602812892291695,0.000813702295999974,0.03841521218419075,0.0017380797071382403,0.0020746460650116205,0.014277822338044643,0.0001218602410517633,0.04485132545232773,0.0018817370291799307,0.006206567864865065,0.205979123711586,0.0006228931597433984,0.03081478364765644,0.0002780951326712966,0.0048057339154183865,9.38464145292528e-05,0.001371246762573719,0.0041112517938017845,0.0005800910876132548,2.7777161449193954e-05,9.605506056686863e-05,0.00046303615090437233,0.002480356488376856,0.016213614493608475,0.015117018483579159,2.6581903512123972e-05,0.00014311615086626261,2.878918530768715e-05,0.00052153185242787,0.001844989019446075
/users/PAS2099/jianyanggu/PlotDiversiVision/data/CPER_009/CPER_009_PlantDiversity_41_1_4_20140528-straightened.jpg,CPER_009/CPER_009_PlantDiversity_41_1_4_20140528-straightened.jpg,CPER,2014,,CPER_009,41_1_4,41,1,4,20140528,true,CPER_009_PlantDiversity_41_1_4_20140528-straightened_r1_c0,3,1,0,0,707,744,1413,73,0.018365176394581795,8.115178934531286e-05,0.004893017932772636,0.023836037144064903,0.0002587650960776955,3.302805998828262e-05,0.008648398332297802,0.00014222385652828962,0.03063036873936653,0.07160675525665283,0.032945435494184494,0.0002491844352334738,0.0001492268347647041,4.585607271678782e-08,1.7155660316348076e-05,1.2704479104286293e-06,2.8235312129254453e-05,0.0005302268546074629,0.0017475634813308716,0.0149986008182168,4.32063898188062e-05,0.02181934006512165,9.887664782581851e-05,0.002590743824839592,6.065776005925727e-07,0.0008215197012759745,0.00019752909429371357,0.0007881213095970452,0.00033841378171928227,6.399313861038536e-06,0.3865358233451843,0.000646438798867166,0.0001042645817506127,0.0001366355863865465,0.00012060992594342679,0.005142922978848219,0.0018947925418615341,0.005337643902748823,0.00033120810985565186,1.360176383968792e-06,0.003351341700181365,0.021611418575048447,0.004486866760998964,0.00015085461200214922,0.00016826479986775666,0.14844071865081787,0.00033379558590240777,0.00013972648594062775,0.00046559463953599334,0.0004688384069595486,0.00783227477222681,0.06746053695678711,0.00011256929428782314,0.0062688738107681274,0.00013540069630835205,0.0006545979413203895,4.614585850504227e-05,3.949881283915602e-05,0.00018257168994750828,0.002258135937154293,8.24451562948525e-05,0.00024287967244163156,1.1350364729878493e-05,0.00022795902623329312,0.003757450496777892,0.02838774397969246,0.012461057864129543,0.04819495230913162,4.5352167944656685e-05,0.00032542206463404,6.224708613444818e-06,0.000110960281745065,0.005419880151748657
/users/PAS2099/jianyanggu/PlotDiversiVision/data/CPER_009/CPER_009_PlantDiversity_41_1_4_20140528-straightened.jpg,CPER_009/CPER_009_PlantDiversity_41_1_4_20140528-straightened.jpg,CPER,2014,,CPER_009,41_1_4,41,1,4,20140528,true,CPER_009_PlantDiversity_41_1_4_20140528-straightened_r1_c1,3,1,1,744,707,1487,1413,73,0.001461799256503582,1.5564437489956617e-05,0.0011005150154232979,0.009943125769495964,0.002061734674498439,3.119111352134496e-05,0.010102789849042892,1.4456824828812387e-05,0.006035229656845331,0.022689305245876312,0.0036549426149576902,0.00011443845141911879,4.422577330842614e-05,3.4722839359346835e-07,1.1730157893907744e-05,2.5356068363180384e-05,0.00012175220035715029,0.002536886604502797,0.0003038374416064471,0.0026349674444645643,0.00010460920020705089,0.00027925544418394566,9.17513607419096e-05,0.00038353013223968446,4.378925950732082e-07,0.0008828393183648586,0.00016926332318689674,5.673115811077878e-05,0.00047904756502248347,3.5507953725755215e-05,0.019102083519101143,6.237928027985618e-05,8.64396588440286e-06,4.222597272018902e-05,1.89764796232339e-05,0.0015175510197877884,0.0013006273657083511,0.001399837201461196,6.598324398510158e-05,1.9391528383039258e-07,0.0007020856137387455,0.00569919403642416,0.0033758878707885742,0.0018850237829610705,0.0006129355751909316,0.03733449429273605,0.003078521927818656,0.00011446202552178875,0.00020607351325452328,3.054981061723083e-05,0.0075933001935482025,0.0008889289456419647,6.87054853187874e-05,0.03532278537750244,0.002227685647085309,0.00237545114941895,2.7703879823093303e-05,0.0005997747648507357,0.00020390746067278087,0.003719927975907922,0.0008943711291067302,0.0002810101432260126,8.0112131399801e-06,2.8161201043985784e-05,0.0009218467748723924,0.009635958820581436,0.12041795998811722,0.6725091338157654,1.888332553789951e-05,7.355574052780867e-05,1.7477342453275924e-06,3.944684522139141e-06,0.00023229468206409365
/users/PAS2099/jianyanggu/PlotDiversiVision/data/CPER_009/CPER_009_PlantDiversity_41_1_4_20140528-straightened.jpg,CPER_009/CPER_009_PlantDiversity_41_1_4_20140528-straightened.jpg,CPER,2014,,CPER_009,41_1_4,41,1,4,20140528,true,CPER_009_PlantDiversity_41_1_4_20140528-straightened_r1_c2,3,1,2,1487,707,2231,1413,73,0.009994384832680225,3.353153442731127e-05,0.0002620041195768863,0.6561738848686218,0.0007231902563944459,0.0002463010314386338,0.0031474889256060123,0.00015187948883976787,0.0017337449826300144,0.011403500102460384,0.018219126388430595,1.4828983694314957e-05,0.00021488821948878467,2.4074187976452777e-08,7.123228715499863e-05,0.0002004981361096725,0.0018890111241489649,0.0008817754569463432,0.001914693508297205,0.0032636697869747877,2.152006527467165e-05,0.0005243793711997569,0.0002526810858398676,0.0025781337171792984,1.3680283927897108e-06,0.001191411749459803,0.0015151903498917818,0.0012514975387603045,0.0010488854022696614,1.3110266081639566e-05,0.06922884285449982,0.001982114976271987,4.947196430293843e-05,0.000597741745878011,0.0005139349377714097,0.004989465698599815,0.001145786838606,0.0004726902989204973,5.076236993772909e-05,7.417893357342109e-07,0.0022913257125765085,0.03362585976719856,0.03195459023118019,0.013280065730214119,5.803196472697891e-05,0.027541114017367363,0.0007094893371686339,0.009825033135712147,0.0026072703767567873,0.00017204359755851328,0.008986153639853,0.0014792669098824263,0.0004189785395283252,0.013105335645377636,0.0035720455925911665,0.01446550339460373,1.4549489605997223e-05,0.00019226189760956913,6.195524474605918e-05,0.0009777804370969534,0.0002404615079285577,0.0003786657762248069,6.527892310259631e-06,0.0006513720727525651,0.0020550284534692764,0.0034338664263486862,0.006258192006498575,0.021964056417346,4.036318841826869e-06,0.00018038335838355124,1.7571135686011985e-05,1.0589350495138206e-05,0.0014913013437762856
/users/PAS2099/jianyanggu/PlotDiversiVision/data/CPER_009/CPER_009_PlantDiversity_41_1_4_20140528-straightened.jpg,CPER_009/CPER_009_PlantDiversity_41_1_4_20140528-straightened.jpg,CPER,2014,,CPER_009,41_1_4,41,1,4,20140528,true,CPER_009_PlantDiversity_41_1_4_20140528-straightened_r2_c0,3,2,0,0,1413,744,2120,73,0.0025029382668435574,1.930035614350345e-05,0.0003047386126127094,0.024354364722967148,0.0012990522664040327,3.126583123957971e-06,0.01664908230304718,0.00013332355592865497,0.016055915504693985,0.037381574511528015,0.002974399831146002,2.9488190193660557e-05,5.033937486587092e-05,2.5430858840991277e-07,0.00020024622790515423,9.156091982731596e-05,0.0009836781537160277,0.0272419024258852,0.0010814724955707788,0.0045801009982824326,9.229488205164671e-05,0.00033737922785803676,0.001970793819054961,0.00010416931036161259,1.3304951096415607e-07,8.176249684765935e-05,0.00029994998476468027,0.00028940694755874574,0.0021746403072029352,1.607801823411137e-05,0.00460364343598485,0.00032873766031116247,3.191656787748798e-06,0.0007450046250596642,0.00047449045814573765,0.007942254655063152,0.015435759909451008,0.004334863740950823,0.0022605780977755785,2.2332583284878638e-06,0.005249268840998411,0.0011938612442463636,0.01321560237556696,0.0032089364249259233,0.00030641016201116145,0.02156870625913143,0.0013107199920341372,0.0017571852076798677,0.0018974931444972754,0.00014989513147156686,0.008070096373558044,0.0016266192542389035,0.00016178618534468114,0.01624232716858387,0.0126017602160573,0.0026974782813340425,8.108873771561775e-06,0.02697160467505455,0.0011576510732993484,0.037026483565568924,0.007022663950920105,0.0006025411421433091,3.7589697967632674e-06,4.301026638131589e-05,0.0028730721678584814,0.001077585038729012,0.37278348207473755,0.281254380941391,3.673770606837934e-06,5.150326614966616e-05,2.1674906747648492e-05,0.00017973114154301584,0.00022669759346172214
/users/PAS2099/jianyanggu/PlotDiversiVision/data/CPER_009/CPER_009_PlantDiversity_41_1_4_20140528-straightened.jpg,CPER_009/CPER_009_PlantDiversity_41_1_4_20140528-straightened.jpg,CPER,2014,,CPER_009,41_1_4,41,1,4,20140528,true,CPER_009_PlantDiversity_41_1_4_20140528-straightened_r2_c1,3,2,1,744,1413,1487,2120,73,0.007435421459376812,6.0153666709084064e-05,0.0001426754897693172,0.009420144371688366,0.003163669491186738,2.9665297915926203e-05,0.0654946118593216,0.00012216164031997323,0.003747074631974101,0.00954625103622675,0.0010278691770508885,6.533156556542963e-05,4.7247584006981924e-05,1.8420426783904986e-07,9.239725841325708e-06,2.6987901946995407e-05,7.768502837279812e-05,0.0014536143280565739,0.0015540489694103599,0.0020481583196669817,0.00015793701459188014,0.00026262470055371523,0.0017226444324478507,0.0006158560863696039,9.912876741680066e-09,0.0006007504416629672,3.579573967726901e-05,6.840632704552263e-05,0.0005540497950278223,2.582404704298824e-05,0.010838054120540619,2.8505341106210835e-05,3.545287836459465e-05,0.0001681346184341237,9.572715498507023e-05,0.01449268776923418,0.0004283096641302109,0.0008378861239179969,0.00013810342352371663,1.6158531934706843e-07,0.04038578271865845,0.03527943417429924,0.0033458631951361895,0.005519258789718151,0.00022729660850018263,0.05306950956583023,0.0017461181851103902,0.00026008239365182817,0.0003365202865097672,0.0002831558813340962,0.018687086179852486,0.0010708062909543514,4.356239514891058e-05,0.020357973873615265,0.0024860172998160124,0.0009574071737006307,2.9159166388126323e-06,0.0030609576497226954,0.00012825893645640463,0.014720913954079151,0.0012820176780223846,0.002867988543584943,6.694489911751589e-06,0.0003606508835218847,0.0029264071490615606,0.005420605652034283,0.0956583097577095,0.5524319410324097,3.1642455724067986e-05,0.00032527203438803554,1.5364745422630222e-06,4.1904095269273967e-05,9.705454431241378e-05
/users/PAS2099/jianyanggu/PlotDiversiVision/data/CPER_009/CPER_009_PlantDiversity_41_1_4_20140528-straightened.jpg,CPER_009/CPER_009_PlantDiversity_41_1_4_20140528-straightened.jpg,CPER,2014,,CPER_009,41_1_4,41,1,4,20140528,true,CPER_009_PlantDiversity_41_1_4_20140528-straightened_r2_c2,3,2,2,1487,1413,2231,2120,73,0.0019914349541068077,1.1249697308812756e-05,5.261839760350995e-05,0.7971987128257751,0.00026956485817208886,1.864167097664904e-05,0.0020730409305542707,0.00016310566570609808,0.011764844879508018,0.023646632209420204,0.0022061008494347334,6.77380376146175e-06,7.372868276434019e-05,3.864498765437929e-08,0.0001374745334032923,0.0005118214176036417,0.006377431098371744,0.002274723956361413,0.0017591790528967977,0.00288345105946064,1.0378027582191862e-05,8.808293205220252e-05,0.00023670794325880706,0.00010107082198373973,5.757057124355924e-07,0.00012704136315733194,0.00153721880633384,9.996497828979045e-05,0.00021875044330954552,4.280275334167527e-06,0.0022972747683525085,0.0005464337882585824,8.468683518003672e-06,0.0002852086036000401,6.380538980010897e-05,0.003037826856598258,0.0008601332665421069,0.000416584312915802,0.00028951215790584683,1.5488535609620158e-06,0.0002449795138090849,0.0009461575536988676,0.02281651459634304,0.003953407518565655,1.2514709851529915e-05,0.0029225198086351156,0.0016200259560719132,0.0010947519913315773,0.00137695565354079,3.724292037077248e-05,0.02027609571814537,0.00046499233576469123,2.354712887608912e-05,0.0024349174927920103,0.024321429431438446,0.007781903725117445,2.68441071966663e-05,0.001007725135423243,0.0001227219181600958,0.003009360982105136,0.0012413496151566505,0.00010593586921459064,3.562784331734292e-05,0.000592985306866467,0.0038659535348415375,0.0007169158780016005,0.017031250521540642,0.01719733700156212,2.6642103421181673e-06,1.272556710318895e-05,4.882211214862764e-05,3.6256606108509004e-05,0.000966070918366313
