image_path,relative_image_path,site_id,year,site_year,plot_id,subplot_id,subplot_base,subplot_row,subplot_col,image_date,is_straightened,crop_id,grid_size,grid_row,grid_col,x_min,y_min,x_max,y_max,species_count,Allium textile,Argemone polyanthemos,Aristida purpurea,Artemisia frigida,Astragalus gracilis,Astragalus mollissimus,Astragalus pectinatus,Atriplex canescens,Bouteloua dactyloides,Bouteloua gracilis,Carex duriuscula,Euphorbia glyptosperma,Cirsium canescens,Cleome serrulata Pursh,Erigeron canadensis,Cryptantha crassisepala,Cryptantha minima,Dalea candida,Descurainia pinnata,Distichlis spicata,Echinocereus viridiflorus,Elymus elymoides,Ericameria nauseosa,Eriogonum effusum,Eritrichium nanum,Pelecyphora vivipara,Evolvulus nuttallianus,Grindelia squarrosa,Gutierrezia sarothrae,Helianthus annuus,Hesperostipa comata,Heterotheca villosa,Lactuca serriola,Lepidium densiflorum,Lepidium montanum,Leucocrinum montanum,Liatris punctata,Linum rigidum,Lithospermum incisum,Lobularia maritima,Lomatium nuttallii,Lygodesmia juncea,Xanthisma spinulosum,Machaeranthera tanacetifolia,Mirabilis linearis,Muhlenbergia torreyi,Munroa squarrosa,Oenothera albicaulis,Oenothera suffrutescens,Opuntia polyacantha,Aphyllon fasciculatum,Elymus smithii,Penstemon albidus,Phemeranthus parviflorus,Picradeniopsis oppositifolia,Plantago patagonica,Portulaca oleracea,Ladeania lanceolata,Pediomelum tenuiflorum,Ratibida columnifera,Salsola collina,Sisymbrium altissimum,Solanum triflorum,Sophora nuttalliana,Sphaeralcea coccinea,Sporobolus cryptandrus,Thelesperma filifolium,Thelesperma megapotamicum,Tradescantia occidentalis,Tragopogon dubius,Verbena bracteata,Vicia americana,Festuca octoflora
/users/PAS2099/jianyanggu/PlotDiversiVision/data/CPER_001/CPER_001_PlantDiversity_31_1_1_20140619-straightened.jpg,CPER_001/CPER_001_PlantDiversity_31_1_1_20140619-straightened.jpg,CPER,2014,,CPER_001,31_1_1,31,1,1,20140619,true,CPER_001_PlantDiversity_31_1_1_20140619-straightened_r0_c0,3,0,0,0,0,747,739,73,0.03055967018008232,7.525618275394663e-05,0.008362521417438984,0.0058257002383470535,0.0014428588328883052,0.00033976195845752954,0.034431327134370804,6.715930794598535e-05,0.017830058932304382,0.06484109163284302,0.01884940080344677,0.00042925364687107503,0.0004069801070727408,2.655883974966855e-07,4.0781892494123895e-06,3.400468585823546e-06,6.0975944506935775e-05,0.00044085353147238493,7.758230640320107e-05,0.007311972323805094,3.568764077499509e-05,0.021772300824522972,2.9811653803335503e-05,0.0010169065790250897,1.851040724432096e-05,0.0022750154603272676,0.00010512654262129217,0.00035196481621824205,9.34729087020969e-06,1.4621502486988902e-05,0.21429449319839478,0.0007355752168223262,0.00018860890122596174,9.971118561225012e-05,3.238482167944312e-05,0.003702588379383087,0.000573736906517297,0.0025447881780564785,0.00019053103460464627,1.5354617062257603e-06,0.00017246828065253794,0.022773349657654762,0.00044369808165356517,4.412352791405283e-05,0.00029565911972895265,0.0442161001265049,0.0035669435746967793,0.0005249223904684186,0.00035466847475618124,0.00014951870252843946,0.004250937141478062,0.423071950674057,7.268969784490764e-05,0.005789897870272398,7.770018419250846e-05,0.0006498117581941187,7.508700218750164e-05,7.664071745239198e-05,0.0008543439325876534,0.0003952207916881889,0.00029009763966314495,0.00016970245633274317,1.6174590200535022e-05,0.00042308581760153174,0.002620805287733674,0.04100004583597183,0.0007287714397534728,0.0035705920308828354,0.00014722198829986155,0.00042245685472153127,3.5858745377481682e-06,4.559575972962193e-05,0.0033526746556162834
/users/PAS2099/jianyanggu/PlotDiversiVision/data/CPER_001/CPER_001_PlantDiversity_31_1_1_20140619-straightened.jpg,CPER_001/CPER_001_PlantDiversity_31_1_1_20140619-straightened.jpg,CPER,2014,,CPER_001,31_1_1,31,1,1,20140619,true,CPER_001_PlantDiversity_31_1_1_20140619-straightened_r0_c1,3,0,1,747,0,1495,739,73,0.014757391065359116,1.4789887245569844e-05,0.005952388979494572,0.012135394848883152,0.00222796481102705,0.000510640034917742,0.0364525131881237,5.6636632507434115e-05,0.055649638175964355,0.11957152932882309,0.04471540451049805,0.001691200421191752,0.0003350072947796434,1.26971087865968e-06,5.81924223297392e-06,7.860844561946578e-06,5.530607813852839e-05,0.000888958980794996,0.0002254320861538872,0.020191287621855736,2.358823621761985e-05,0.0038180178962647915,4.192276537651196e-05,0.0025863386690616608,0.00048802816309034824,0.0005689782556146383,0.00019348542264197022,4.476499816519208e-05,2.8548520276672207e-05,9.256156772607937e-06,0.2334444224834442,0.0005401360685937107,8.983298175735399e-05,5.312548819347285e-05,2.8122862204327248e-05,0.009537833742797375,0.00037609171704389155,0.0008566533215343952,0.00015868147602304816,4.5211691030999646e-06,0.0004394224670249969,0.01575513184070587,0.00014318953617475927,6.208559352671728e-05,0.0008284365176223218,0.0116912592202425,0.13471408188343048,0.0008130331989377737,5.5830503697507083e-05,1.7593198208487593e-05,0.006980424746870995,0.046588629484176636,0.00021030864445492625,0.11539244651794434,0.001767919515259564,0.004984005354344845,5.3128529543755576e-05,0.0006438863347284496,0.001402407418936491,0.0013682598946616054,0.00018975030980072916,0.00016553221212234348,4.066270776093006e-05,0.00023865843832027167,0.00014005407865624875,0.06896761804819107,0.0008699710597284138,0.009259632788598537,0.00016167174908332527,0.00026108912425115705,4.283809903427027e-05,0.0002937050012405962,0.007118535693734884
/users/PAS2099/jianyanggu/PlotDiversiVision/data/CPER_001/CPER_001_PlantDiversity_31_1_1_20140619-straightened.jpg,CPER_001/CPER_001_PlantDiversity_31_1_1_20140619-straightened.jpg,CPER,2014,,CPER_001,31_1_1,31,1,1,20140619,true,CPER_001_PlantDiversity_31_1_1_20140619-straightened_r0_c2,3,0,2,1495,0,2242,739,73,0.002686927327886224,1.3252065400592983e-05,0.003377472283318639,0.002072324277833104,0.0022215500939637423,0.0001454728189855814,0.010189138352870941,0.00029650371288880706,0.12991559505462646,0.07713469862937927,0.04687459021806717,0.00017300911713391542,9.161704656435177e-05,4.969377442876066e-08,1.4503769989460125e-06,2.011492870224174e-05,0.0001962987007573247,0.00013557643978856504,5.067899473942816e-05,0.05755872279405594,1.348537170997588e-05,0.008312199264764786,4.464666562853381e-05,0.0006214276072569191,1.2579822396219242e-05,0.00018341635586693883,0.0001847808889579028,0.0001755989360390231,6.826706339779776e-06,5.805697583127767e-06,0.11889570206403732,0.0003559829783625901,2.278632928209845e-05,0.00010443734936416149,0.0001969970908248797,0.004563683643937111,0.00011273947893641889,0.0024433229118585587,2.1507186829694547e-05,1.7281040527450386e-06,0.0005291398265399039,0.03203820809721947,0.00030446049640886486,6.537542503792793e-05,0.00028351787477731705,0.05507523566484451,0.03731214255094528,0.0003252880123909563,5.936422530794516e-05,8.022226393222809e-05,0.006197683978825808,0.3129068911075592,1.7911756003741175e-05,0.0030538770370185375,0.0005345568060874939,0.0019495926098898053,1.8714017642196268e-05,0.00024804449640214443,0.0003627355908975005,0.0005262251361273229,0.00030531882657669485,0.0001663666480453685,3.82577272830531e-05,0.0005450459429994226,0.0028565339744091034,0.06448140740394592,0.0008566341130062938,0.0045394450426101685,6.245190888876095e-05,7.53808199078776e-05,4.726467068394413e-06,1.2641591638384853e-05,0.004731886554509401
/users/PAS2099/jianyanggu/PlotDiversiVision/data/CPER_001/CPER_001_PlantDiversity_31_1_1_20140619-straightened.jpg,CPER_001/CPER_001_PlantDiversity_31_1_1_20140619-straightened.jpg,CPER,2014,,CPER_001,31_1_1,31,1,1,20140619,true,CPER_001_PlantDiversity_31_1_1_20140619-straightened_r1_c0,3,1,0,0,739,747,1479,73,3.700754314195365e-05,3.8101060795270314e-07,0.0012129221577197313,0.0001847207167884335,1.1648361578409094e-05,4.63048490928486e-05,0.0009272592142224312,6.60579462419264e-05,0.031184928491711617,0.02263437770307064,0.00042882387060672045,1.4418526006920729e-05,5.653858170262538e-05,1.8629272346970538e-08,5.248983825367759e-07,1.097673248295905e-06,1.0418764759378973e-05,5.655990662489785e-06,3.934804681193782e-06,0.8045461177825928,3.7757304198748898e-06,0.0006802268326282501,1.2314531886659097e-05,0.00019171240273863077,3.396997385607392e-07,0.0001107317948481068,5.491604679264128e-05,1.6127229400808574e-06,4.3190138399040734e-07,2.593940280348761e-06,0.026575975120067596,9.198637417284772e-05,7.894579994172091e-07,4.167237875662977e-06,8.025328384064778e-07,0.0008602087036706507,0.00015573331620544195,0.00010922484943876043,9.180894267046824e-06,9.56228745963017e-07,4.753347184305312e-06,0.006042615510523319,2.7595726351137273e-05,1.4064595461604767e-06,0.0003622897493187338,0.0037708855234086514,0.007172663230448961,6.69166911393404e-06,3.4384469472570345e-05,1.1349396118021104e-05,0.006817312445491552,0.005311434622853994,2.2025571979611414e-06,0.0005436000064946711,9.265439985028934e-06,0.0006542576011270285,6.451217814174015e-06,8.954037184594199e-05,0.00010631397890392691,1.5450656064786017e-05,3.091504822805291e-06,5.642456926580053e-06,3.129750257357955e-05,1.0831238796527032e-05,4.268960765330121e-05,0.07707575708627701,8.340892236446962e-05,0.0010053713340312243,2.0435247279237956e-05,2.1350533643271774e-05,2.875976633731625e-06,1.0033430726252845e-06,0.0004648752510547638
/users/PAS2099/jianyanggu/PlotDiversiVision/data/CPER_001/CPER_001_PlantDiversity_31_1_1_20140619-straightened.jpg,CPER_001/CPER_001_PlantDiversity_31_1_1_20140619-straightened.jpg,CPER,2014,,CPER_001,31_1_1,31,1,1,20140619,true,CPER_001_PlantDiversity_31_1_1_20140619-straightened_r1_c1,3,1,1,747,739,1495,1479,73,4.629040176951094e-06,1.1967661350809067e-07,0.00028709956677630544,2.735489715632866e-06,4.5235883590066805e-05,8.800772093309206e-07,0.00024327004211954772,0.0001067904886440374,0.053196366876363754,0.01217550877481699,0.00015949657245073467,1.030368366627954e-05,1.868204890342895e-06,2.3331992338171403e-08,1.061150101122621e-07,2.644427183895459e-07,1.3337104292077129e-06,1.018368038785411e-05,2.8908405056427e-06,0.8669711351394653,3.4043313235088135e-07,9.988429519580677e-05,2.7541915187612176e-05,0.00016093158046714962,6.710887956451472e-10,1.0897273568843957e-05,2.207489387728856e-06,4.533170852027979e-07,2.130563871105551e-06,4.782706923833757e-07,0.0031167829874902964,6.484213372459635e-06,4.936863660987001e-06,2.4773969471425517e-06,4.1262711647505057e-07,0.00012371384946163744,1.0678513717721216e-05,1.4491164620267227e-05,2.040503886746592e-06,4.068611190177762e-07,3.137676856113103e-07,0.012732983566820621,3.015440597664565e-05,6.861952442704933e-06,0.00037255347706377506,0.022589294239878654,0.007382960524410009,2.106851070493576e-06,2.1794681742903776e-05,1.1956306025240337e-06,0.0005341877695173025,0.0010613384656608105,2.1279150530517654e-07,0.0005592775414697826,1.6213803974096663e-05,2.971296271425672e-05,8.569627993892937e-07,0.00011157275730511174,7.129125606297748e-06,5.130139015818713e-06,0.00013990941806696355,1.9179155060555786e-05,1.6884338037925772e-05,3.0058151878620265e-06,5.847683496540412e-06,0.01610214076936245,0.00010335574916098267,0.001279730349779129,4.359975719125941e-06,1.2838117982028052e-05,9.721148899188847e-07,6.534941121572047e-07,3.7901099858572707e-05
/users/PAS2099/jianyanggu/PlotDiversiVision/data/CPER_001/CPER_001_PlantDiversity_31_1_1_20140619-straightened.jpg,CPER_001/CPER_001_PlantDiversity_31_1_1_20140619-straightened.jpg,CPER,2014,,CPER_001,31_1_1,31,1,1,20140619,true,CPER_001_PlantDiversity_31_1_1_20140619-straightened_r1_c2,3,1,2,1495,739,2242,1479,73,1.629865073482506e-05,5.723609888264036e-07,4.704383900389075e-05,0.0027110008522868156,1.0437803211971186e-05,1.4982122593210079e-05,0.00010815702989930287,0.9893767833709717,2.7341895474819466e-05,9.990153193939477e-05,1.1663682926155161e-05,2.121856050507631e-05,5.6746971495158505e-06,1.285061159705947e-07,6.530038376695302e-07,1.0827664027601713e-06,5.977942237223033e-06,0.0003598470939323306,0.0003740704560186714,6.268968718359247e-05,7.350358373514609e-06,2.1965137420920655e-05,0.0003440922882873565,0.0007416554144583642,3.246999824568775e-08,1.9185978089808486e-05,0.0002133422822225839,0.00010036295861937106,0.00014202338934410363,6.4422802097396925e-06,0.00014184850442688912,0.0005930477054789662,6.723723345203325e-05,1.97778736037435e-05,1.8466456594978808e-06,1.4588679277949268e-06,1.8901790099334903e-05,1.1456509128038306e-06,4.057660771650262e-05,9.381838026456535e-05,1.801165012693673e-07,1.918078305607196e-05,0.00022820979938842356,0.00032803844078443944,0.00012243600212968886,0.0011003856780007482,3.0544456421921495e-06,3.7818528653588146e-05,0.0003826433967333287,6.986046355450526e-05,2.184331060561817e-05,3.9082756302377675e-06,3.0202195375750307e-06,3.145855089314864e-06,5.601403609034605e-05,3.261690653744154e-05,9.582432539900765e-06,1.5380124750663526e-05,0.0006976036820560694,3.716125866048969e-05,0.00025976027245633304,9.603951184544712e-06,0.0003753053897526115,4.887793693342246e-05,0.00021379362442530692,1.916250039357692e-05,2.0306450096541084e-05,2.052122181339655e-05,1.7658103388384916e-05,4.27710165240569e-06,4.382708539196756e-06,1.6524833199582645e-06,9.418045010534115e-07
/users/PAS2099/jianyanggu/PlotDiversiVision/data/CPER_001/CPER_001_PlantDiversity_31_1_1_20140619-straightened.jpg,CPER_001/CPER_001_PlantDiversity_31_1_1_20140619-straightened.jpg,CPER,2014,,CPER_001,31_1_1,31,1,1,20140619,true,CPER_001_PlantDiversity_31_1_1_20140619-straightened_r2_c0,3,2,0,0,1479,747,2218,73,0.00016499047342222184,3.6629265309784387e-07,0.007182408589869738,0.0006628236151300371,0.00010383929475210607,0.00030135628185234964,0.25917699933052063,0.002915714867413044,0.0003112641570623964,0.0016325757605955005,2.9060386168566765e-06,6.0188858697074465e-06,4.310227814130485e-05,7.408917213069799e-07,5.482390861288877e-06,5.339515141145057e-08,1.077147899763986e-07,0.0001566747232573107,8.947921742219478e-05,0.015042467042803764,1.4877804460411426e-05,0.0020085161086171865,0.004732166882604361,0.0035356408916413784,1.5843298228901403e-08,0.00018932494276668876,5.5026961490511894e-05,1.8930677470052615e-05,5.5433163652196527e-05,1.4614766996601247e-06,0.6201037168502808,6.52975431876257e-05,2.875164000215591e-06,1.718353269097861e-05,1.6073738152044825e-05,0.006917010992765427,0.0002390280569670722,0.0014634983381256461,0.00020069449965376407,1.742007771099452e-05,0.0001238803524756804,0.03545678034424782,0.000277383194770664,1.1562957297428511e-05,0.0030979898292571306,0.0035539770033210516,7.72389757912606e-05,2.533146835048683e-05,0.0014301638584583998,9.29025118239224e-05,0.0010345031041651964,0.004100601654499769,1.7878410289995372e-05,2.9453136448864825e-05,1.8040091163129546e-05,0.00013131977175362408,3.668785950594611e-07,0.0004632128693629056,0.005023817531764507,0.00011894294584635645,0.00018396260566078126,0.0004105561238247901,1.031408737617312e-05,0.00452688243240118,0.0014440994709730148,0.0016763224266469479,0.0008897585794329643,0.008096682839095592,9.036283881869167e-05,4.9273003241978586e-05,1.4783648794036708e-07,1.0642954293871298e-05,7.201112020993605e-05
/users/PAS2099/jianyanggu/PlotDiversiVision/data/CPER_001/CPER_001_PlantDiversity_31_1_1_20140619-straightened.jpg,CPER_001/CPER_001_PlantDiversity_31_1_1_20140619-straightened.jpg,CPER,2014,,CPER_001,31_1_1,31,1,1,20140619,true,CPER_001_PlantDiversity_31_1_1_20140619-straightened_r2_c1,3,2,1,747,1479,1495,2218,73,7.55054816181655e-06,6.368777150100868e-08,0.0005309765110723674,2.8169937650091015e-05,8.38183314044727e-06,1.3666326594830025e-06,9.434564708499238e-05,8.276857988676056e-05,0.0030753447208553553,0.001222643768414855,7.760330845485441e-06,4.3463626298034796e-07,9.022150152304675e-06,3.048065622124341e-08,8.839304399543835e-08,3.281883209638181e-07,2.8575138912856346e-06,1.7573240256751888e-05,4.136917141295271e-06,0.9672033786773682,2.9557209018094e-06,0.0005283861537463963,7.28662998881191e-05,3.5479832149576396e-05,4.0859216010602495e-10,5.532790964934975e-05,5.902600150875514e-06,1.5077296211529756e-06,4.9286663852399215e-06,3.668824604119436e-07,0.00340098119340837,8.932529453886673e-06,2.453932097523648e-07,5.955317305961216e-07,1.6854171462910017e-06,0.0002154606772819534,0.00010957403719658032,8.38029882288538e-06,3.6497865494311554e-06,3.720918186900235e-07,7.698056379012996e-07,0.0015074961120262742,0.0002246581279905513,6.821433635195717e-05,0.00019782042363658547,0.011306620202958584,0.00019966877880506217,2.7935034268011805e-06,2.2569480279344134e-05,7.498022569052409e-06,0.0010424609063193202,0.0047881449572741985,2.2918154627404874e-06,0.000378430966520682,1.3512784789782017e-05,1.975270060938783e-05,3.156782213409315e-07,0.00010307123011443764,6.606288025068352e-06,3.89372326026205e-06,2.039340506598819e-05,5.87239310334553e-06,1.2775303730450105e-06,3.91381217923481e-06,1.5619951227563433e-05,0.0025798396673053503,7.984805415617302e-05,0.0005929167964495718,9.371143278258387e-06,9.423116580364876e-07,4.510924327405519e-07,3.891123014909681e-07,3.776793892029673e-05
/users/PAS2099/jianyanggu/PlotDiversiVision/data/CPER_001/CPER_001_PlantDiversity_31_1_1_20140619-straightened.jpg,CPER_001/CPER_001_PlantDiversity_31_1_1_20140619-straightened.jpg,CPER,2014,,CPER_001,31_1_1,31,1,1,20140619,true,CPER_001_PlantDiversity_31_1_1_20140619-straightened_r2_c2,3,2,2,1495,1479,2242,2218,73,0.010625424794852734,3.6262197681935504e-05,0.001981888897716999,0.01755167543888092,0.0002679822500795126,0.0005970628699287772,0.02323676273226738,0.007809273898601532,0.0032649911008775234,0.014385826885700226,0.00024070021754596382,0.00020571380446199328,0.00012388390314299613,1.337087525143943e-07,8.864426490617916e-06,4.385651118354872e-05,0.0007269966299645603,0.0008932800847105682,0.0007719732238911092,0.09154488146305084,4.433016511029564e-05,0.0062156543135643005,0.0006975208525545895,0.0007816035649739206,2.315653517825922e-07,9.295692871091887e-05,0.0012059897417202592,2.5586154151824303e-05,0.00010040923370979726,4.871757823821099e-07,0.7108588218688965,0.0010927842231467366,1.2548670383694116e-05,7.725768227828667e-05,0.0001498720666859299,0.003861744189634919,0.0002793598978314549,0.0014651489909738302,0.0011296599404886365,5.689109821105376e-05,0.0004950844449922442,0.006553530227392912,0.0012153185671195388,0.0001055479806382209,0.00041094390326179564,0.04357790946960449,0.0002678820746950805,0.00011050283501390368,0.001124903908930719,0.0006737638032063842,0.006426478736102581,0.019294841215014458,3.5139149986207485e-05,7.897402247181162e-05,0.00010813921835506335,0.00353083573281765,1.3406640391622204e-05,0.00018791430920828134,0.0007787286886014044,0.00018469351925887167,0.00048323595547117293,0.00023227343626786023,4.694252129411325e-05,0.0020413717720657587,0.0007393865962512791,0.007041755132377148,0.00010832418774953112,0.0005974000669084489,0.0001651948259677738,8.243887714343145e-05,1.2347666597634088e-05,0.00010764040052890778,0.0007008975953795016
/users/PAS2099/jianyanggu/PlotDiversiVision/data/CPER_001/CPER_001_PlantDiversity_31_1_4_20140619-straightened.jpg,CPER_001/CPER_001_PlantDiversity_31_1_4_20140619-straightened.jpg,CPER,2014,,CPER_001,31_1_4,31,1,4,20140619,true,CPER_001_PlantDiversity_31_1_4_20140619-straightened_r0_c0,3,0,0,0,0,586,558,73,0.0218600295484066,1.5199327208392788e-05,0.0013835674617439508,0.00045701858471147716,0.0006785338628105819,8.245502976933494e-05,0.0007098398054949939,1.3626668078359216e-05,0.16894643008708954,0.4010704457759857,0.02671041339635849,0.0001248742628376931,5.824519757879898e-05,3.130841363940817e-08,2.3374993816105416e-06,1.05857691323763e-06,8.576284926675726e-06,0.0005877240910194814,3.255713818361983e-05,0.004090740345418453,1.3676975868293084e-05,0.003580332500860095,3.283588739577681e-06,5.4322401410900056e-05,8.455884170643913e-08,0.0003521933394949883,0.0001560251257615164,7.55940200178884e-05,5.871094799658749e-06,3.768374199353275e-06,0.2026904821395874,0.00032489662407897413,4.626702138921246e-05,2.4315433620358817e-05,9.492683602729812e-06,0.006552513223141432,0.0006343622808344662,0.0004300406144466251,1.827593041525688e-05,1.436091565665265e-07,8.107888425001875e-05,0.0159278716892004,0.00039901729905977845,5.2280218369560316e-05,0.00017436563211958855,0.026857951655983925,0.0027465608436614275,0.0008979173726402223,0.0006363739958032966,1.993224759644363e-05,0.004336435813456774,0.026625163853168488,0.0001540368830319494,0.015647947788238525,1.0573667168500833e-05,0.0005505845765583217,2.7208629035158083e-05,2.7762740501202643e-05,0.000196242835954763,0.0003866375773213804,6.051089258107822e-06,1.6028050595195964e-05,1.8830832004823606e-06,5.3744235628983006e-05,0.0008253721171058714,0.05859964340925217,0.00021595113503281027,0.001068567275069654,0.00015054267714731395,0.0004804079362656921,4.55212057204335e-06,2.9688086215173826e-05,0.0009819050319492817
/users/PAS2099/jianyanggu/PlotDiversiVision/data/CPER_001/CPER_001_PlantDiversity_31_1_4_20140619-straightened.jpg,CPER_001/CPER_001_PlantDiversity_31_1_4_20140619-straightened.jpg,CPER,2014,,CPER_001,31_1_4,31,1,4,20140619,true,CPER_001_PlantDiversity_31_1_4_20140619-straightened_r0_c1,3,0,1,586,0,1173,558,73,0.014191458001732826,3.806512904702686e-05,0.004708569031208754,0.0022019173484295607,0.0007877818425185978,0.0002784682728815824,0.0036293782759457827,0.0001562137040309608,0.12556596100330353,0.30764588713645935,0.009228077717125416,0.00015110055392142385,0.0007823493215255439,3.1077664175427344e-07,1.6784347280918155e-06,2.1332809865270974e-06,1.7123233192251064e-05,0.0008131918730214238,0.00010006051161326468,0.02002752013504505,3.248737266403623e-05,0.004159801639616489,8.63197237777058e-06,0.00010964624379994348,1.2404873928062443e-07,0.001660142675973475,0.00025758627452887595,0.00013994575419928879,3.343955995660508e-06,7.72585190134123e-06,0.2288987636566162,0.0004373540577944368,3.717782237799838e-05,5.942200368735939e-05,2.300485357409343e-05,0.0040408712811768055,0.0013763380702584982,0.000606405024882406,5.295152004691772e-05,2.53962184615375e-07,0.00012154338037362322,0.021925223991274834,0.0004555993073154241,0.00011000066297128797,0.0012277039932087064,0.09881384670734406,0.0021038108970969915,0.0012672747252508998,0.0017623789608478546,0.00027272410807199776,0.0044160750694572926,0.04641605541110039,0.0002762169169727713,0.014269411563873291,1.7053549527190626e-05,0.0024429410696029663,1.50287642100011e-05,9.659171337261796e-05,0.0004696099495049566,0.000716659938916564,2.874710116884671e-05,5.4191932576941326e-05,3.6909598293277668e-06,0.00017036455392371863,0.001670918078161776,0.0639491081237793,0.0003113039128948003,0.0026496436912566423,0.000289062358206138,0.00041853461880236864,6.805437806178816e-06,5.992461956338957e-05,0.000952750735450536
/users/PAS2099/jianyanggu/PlotDiversiVision/data/CPER_001/CPER_001_PlantDiversity_31_1_4_20140619-straightened.jpg,CPER_001/CPER_001_PlantDiversity_31_1_4_20140619-straightened.jpg,CPER,2014,,CPER_001,31_1_4,31,1,4,20140619,true,CPER_001_PlantDiversity_31_1_4_20140619-straightened_r0_c2,3,0,2,1173,0,1759,558,73,0.002845431910827756,5.0055743486154824e-05,0.003858683630824089,0.00012252197484485805,0.00036038970574736595,6.696691707475111e-05,0.002214469714090228,0.00026139343390241265,0.12454041838645935,0.035848964005708694,0.014682223089039326,0.00039427352021448314,0.00011813067249022424,2.0114525156600394e-08,5.566127128986409e-06,1.548271939100232e-06,9.505250091024209e-06,0.00022286463354248554,7.634716166649014e-05,0.02835886739194393,3.7811023503309116e-05,0.0036282457876950502,1.3592445611720905e-05,5.1245326176285744e-05,1.135872125246351e-07,0.0003199825878255069,0.00012933644757140428,2.388772008998785e-05,8.80481366039021e-06,1.807732587622013e-06,0.623304545879364,5.022962068323977e-05,5.083373616798781e-05,1.6440837498521432e-05,4.780087238032138e-06,0.005882847588509321,0.0003893740358762443,0.002823740942403674,0.00018131489923689514,1.2028275477860007e-06,0.0006609542760998011,0.04660521820187569,0.00026906206039711833,6.8350495894264895e-06,0.0002318504557479173,0.025745505467057228,0.0003644348180387169,8.555729436920956e-05,0.0004089175199624151,9.771360055310652e-05,0.0008665969362482429,0.02025619149208069,6.20075297774747e-06,0.0009188351104967296,5.377328761824174e-06,0.0009457409614697099,1.0564345757302362e-05,2.7436342861619778e-05,0.0007746404153294861,0.00045975481043569744,9.085348210646771e-06,3.789434049394913e-05,9.480951121076941e-06,7.32036423869431e-05,0.0010561213130131364,0.02249111980199814,0.005125828552991152,0.015743795782327652,0.0005117366090416908,0.001852744841016829,9.9507769846241e-07,1.4771128917345777e-05,0.003367041703313589
/users/PAS2099/jianyanggu/PlotDiversiVision/data/CPER_001/CPER_001_PlantDiversity_31_1_4_20140619-straightened.jpg,CPER_001/CPER_001_PlantDiversity_31_1_4_20140619-straightened.jpg,CPER,2014,,CPER_001,31_1_4,31,1,4,20140619,true,CPER_001_PlantDiversity_31_1_4_20140619-straightened_r1_c0,3,1,0,0,558,586,1116,73,0.03615531325340271,0.00011445801646914333,0.0013434749562293291,0.0007088155252858996,0.0006191343418322504,0.00019199139205738902,0.002157259965315461,0.0013705581659451127,0.05976623296737671,0.19584037363529205,0.01042829267680645,0.0008094988879747689,0.0005697817541658878,2.736520059443137e-07,5.402655006037094e-05,3.20535218634177e-06,1.7640235455473885e-05,0.002249227836728096,0.00021826963347848505,0.032982636243104935,3.711091267177835e-05,0.016263438388705254,0.00026103731943294406,6.211708387127146e-05,3.980031948458418e-08,0.0007170449243858457,0.00021317519713193178,0.002900696825236082,4.371066461317241e-05,6.682749517494813e-05,0.3006807267665863,0.0013423172058537602,0.00013334464165382087,0.00024237233446910977,5.239749953034334e-05,0.016069792211055756,0.001787926652468741,0.000830075005069375,7.759994332445785e-05,2.0788995698239887e-06,0.0006869420176371932,0.026420125737786293,0.0029507626313716173,0.00039753661258146167,0.0003468130307737738,0.018619680777192116,0.0051021575927734375,0.0011270849499851465,0.0009423975716345012,0.0005600949516519904,0.005174563266336918,0.10897746682167053,3.486885907477699e-05,0.009419092908501625,4.849323886446655e-05,0.002705273451283574,8.604353934060782e-05,0.0005348828271962702,0.0015069297514855862,0.0030612931586802006,2.358679375902284e-05,0.0001217163517139852,2.9101369364070706e-05,0.0001956675696419552,0.005376714281737804,0.10344183444976807,0.0011312027927488089,0.01027719583362341,0.000557787949219346,0.0016879645409062505,4.325963163864799e-05,0.00011245505447732285,0.0009147594100795686
/users/PAS2099/jianyanggu/PlotDiversiVision/data/CPER_001/CPER_001_PlantDiversity_31_1_4_20140619-straightened.jpg,CPER_001/CPER_001_PlantDiversity_31_1_4_20140619-straightened.jpg,CPER,2014,,CPER_001,31_1_4,31,1,4,20140619,true,CPER_001_PlantDiversity_31_1_4_20140619-straightened_r1_c1,3,1,1,586,558,1173,1116,73,0.003255539806559682,5.022862296755193e-06,0.002213472733274102,0.0011926584411412477,7.889996777521446e-05,0.0001293132227146998,0.09559411555528641,6.729135202476755e-05,0.1372397392988205,0.17330868542194366,0.01720064878463745,0.0005378645728342235,0.00014664794434793293,3.715185243891028e-07,4.214552973280661e-05,2.283409912706702e-06,8.797122973192018e-06,2.9130167604307644e-05,4.554967017611489e-05,0.1396244764328003,9.392434731125832e-05,0.004655756056308746,5.349729326553643e-05,0.0004827239317819476,7.663216820219532e-06,0.0002612458192743361,0.00019100760982837528,9.949570812750608e-05,4.7957957576727495e-05,1.713036181172356e-05,0.07817954570055008,0.0010886654490604997,8.247822552220896e-05,7.528860442107543e-05,2.055223740171641e-05,0.20510847866535187,0.0011051599867641926,0.0021254869643598795,0.001290742657147348,3.198737249476835e-05,0.0015833101933822036,0.031525757163763046,7.26500220480375e-05,1.806636828405317e-05,0.0011343196965754032,0.0021767299622297287,0.008202305063605309,0.0009415291133336723,0.0007964664255268872,6.445280450861901e-05,0.01806798204779625,0.0024010709021240473,0.00011556330719031394,0.01935308426618576,0.00014157545228954405,0.009577693417668343,0.0002522228751331568,0.0001883032964542508,0.00017200368165504187,0.0004923217929899693,0.00028408205253072083,0.00012068132491549477,0.000322494626743719,6.39768477412872e-05,0.000717546499799937,0.02892833761870861,0.0002238580782432109,0.001871397253125906,0.0008384041721001267,0.0029422123916447163,5.209302980802022e-05,1.766395871527493e-05,0.0005983718438073993
/users/PAS2099/jianyanggu/PlotDiversiVision/data/CPER_001/CPER_001_PlantDiversity_31_1_4_20140619-straightened.jpg,CPER_001/CPER_001_PlantDiversity_31_1_4_20140619-straightened.jpg,CPER,2014,,CPER_001,31_1_4,31,1,4,20140619,true,CPER_001_PlantDiversity_31_1_4_20140619-straightened_r1_c2,3,1,2,1173,558,1759,1116,73,0.006256230641156435,1.688516204012558e-05,0.0023799478076398373,0.0007971461163833737,0.000212543411180377,7.79967158450745e-05,0.008395074866712093,9.111090184887871e-05,0.01865757256746292,0.04574871435761452,0.010481931269168854,0.0004945780383422971,4.376638025860302e-05,1.2945209846293437e-06,2.892416887334548e-05,8.468845180686912e-07,1.0314725841453765e-05,0.00027023523580282927,0.000579839339479804,0.1920267939567566,2.5245246433769353e-05,0.0025025696959346533,7.447440293617547e-05,0.00023690226953476667,3.059816435779794e-06,0.00038391034468077123,0.00016279180999845266,0.00028628023574128747,3.538433156791143e-05,4.451819677342428e-06,0.588643491268158,0.0004123724647797644,0.0002434666530461982,0.0004695879470091313,5.312424764269963e-05,0.01037183403968811,0.0006178105832077563,0.001841046498157084,0.00011179420107509941,2.6930687454296276e-05,0.0005852907197549939,0.01664561592042446,9.252662857761607e-05,6.44423853373155e-05,0.0003335241926833987,0.008549361489713192,0.0010364196496084332,0.00025149810244329274,0.00035731319803744555,9.501106251263991e-05,0.0037781584542244673,0.0129026398062706,2.4155804567271844e-05,0.01707393117249012,1.1124281627417076e-05,0.0020603961311280727,0.0006942628533579409,0.0001208516041515395,0.000672882073558867,0.00025345516041852534,0.0003962722548749298,0.00044387500383891165,3.244894105591811e-05,3.311532782390714e-05,0.0004432185087352991,0.030111437663435936,0.00020236520504113287,0.0005565634928643703,0.00023553171195089817,0.0013239685213193297,5.740114283980802e-05,8.940388943301514e-05,0.007393212988972664
/users/PAS2099/jianyanggu/PlotDiversiVision/data/CPER_001/CPER_001_PlantDiversity_31_1_4_20140619-straightened.jpg,CPER_001/CPER_001_PlantDiversity_31_1_4_20140619-straightened.jpg,CPER,2014,,CPER_001,31_1_4,31,1,4,20140619,true,CPER_001_PlantDiversity_31_1_4_20140619-straightened_r2_c0,3,2,0,0,1116,586,1674,73,0.002626030473038554,1.59307546709897e-06,0.004144047852605581,0.00021964659390505403,0.000128138271975331,0.00011819521023426205,0.006648645736277103,0.00012076755956513807,0.10943928360939026,0.13466089963912964,0.00532260537147522,0.0004896663594990969,0.00015290519513655454,2.9368717946454126e-07,5.004219929105602e-06,5.062336185801541e-07,2.1693674625566928e-06,0.0002311538119101897,5.53443533135578e-06,0.3318173587322235,0.00010440163896419108,0.0018688807031139731,5.150935976416804e-05,0.00014093113713897765,3.028108963576415e-08,0.002600470557808876,0.00015096880088094622,5.3528983698925003e-05,1.0279200978402514e-05,6.2413614614342805e-06,0.04690399020910263,0.00012930693628732115,2.5786765036173165e-05,1.2487753338064067e-05,2.89891750071547e-06,0.007404379080981016,0.00209097214974463,0.0002675392897799611,3.232657763874158e-05,2.4195135210902663e-06,8.338911720784381e-05,0.13537991046905518,0.0003001800796482712,1.97970584849827e-05,0.0014211188536137342,0.022519206628203392,0.005230020731687546,0.0001548434083815664,0.001102571259252727,0.0002840205270331353,0.00604659877717495,0.00548080587759614,1.2721330676868092e-05,0.005837493576109409,2.0837240299442783e-05,0.004235884640365839,3.804587322520092e-05,8.959289698395878e-05,0.00017607204790692776,0.0005032634362578392,1.5847965187276714e-05,2.1793635823996738e-05,1.2712260286207311e-05,3.6411805922398344e-05,0.00033903191797435284,0.13150937855243683,0.0008421713137067854,0.019494252279400826,7.831022958271205e-05,0.0004408336244523525,2.6399172838864615e-06,2.771489789665793e-06,0.0002737866307143122
/users/PAS2099/jianyanggu/PlotDiversiVision/data/CPER_001/CPER_001_PlantDiversity_31_1_4_20140619-straightened.jpg,CPER_001/CPER_001_PlantDiversity_31_1_4_20140619-straightened.jpg,CPER,2014,,CPER_001,31_1_4,31,1,4,20140619,true,CPER_001_PlantDiversity_31_1_4_20140619-straightened_r2_c1,3,2,1,586,1116,1173,1674,73,0.011260796338319778,5.575002796831541e-05,0.0013715513050556183,0.00043195331818424165,0.0009147661039605737,3.7297955714166164e-05,0.0010154703631997108,0.00034260901156812906,0.26823803782463074,0.21479004621505737,0.10054419189691544,0.0008944691508077085,0.0007492009317502379,3.7573963140857813e-07,2.6637755581759848e-05,1.997389745156397e-06,6.374699751177104e-06,0.00512404041364789,7.856557203922421e-05,0.011979009956121445,0.00014379156345967203,0.000346734857885167,0.00010006230877479538,5.096470704302192e-05,4.8649159367641914e-08,0.00020844198297709227,0.0002501632843632251,0.00012270791921764612,8.252090628957376e-05,4.988160526409047e-06,0.024643361568450928,0.00025317975087091327,0.00012258721108082682,3.612422733567655e-05,5.879732270841487e-06,0.00839645229279995,0.0011076611699536443,0.0025160762015730143,0.00022218262893147767,8.65814342887461e-07,0.0001808731467463076,0.014296691864728928,0.0006964113563299179,4.2500490962993354e-05,0.000893718795850873,0.010218320414423943,0.0012597109889611602,0.0003416093531996012,0.0010182400001212955,3.855274189845659e-05,0.005816319026052952,0.0026960212271660566,9.633549052523449e-05,0.05990955978631973,6.328280142042786e-05,0.003970502410084009,0.00042465346632525325,0.00076578080188483,0.002348750364035368,0.0010683690197765827,1.5525341950706206e-05,7.000334153417498e-05,8.32303412607871e-05,5.026192593504675e-05,0.004838332999497652,0.10634744167327881,0.029957566410303116,0.09406060725450516,0.0005883597186766565,0.0004139817028772086,6.664897227892652e-06,5.39170068805106e-05,0.000889935705345124
/users/PAS2099/jianyanggu/PlotDiversiVision/data/CPER_001/CPER_001_PlantDiversity_31_1_4_20140619-straightened.jpg,CPER_001/CPER_001_PlantDiversity_31_1_4_20140619-straightened.jpg,CPER,2014,,CPER_001,31_1_4,31,1,4,20140619,true,CPER_001_PlantDiversity_31_1_4_20140619-straightened_r2_c2,3,2,2,1173,1116,1759,1674,73,0.0018361425027251244,3.974296760134166e-06,0.004654857330024242,0.0008551665814593434,1.3834191122441553e-05,2.6978270398103632e-05,0.0014917600201442838,6.57281416351907e-05,0.09374959766864777,0.17710916697978973,0.006998599972575903,0.00026459101354703307,1.1148741577926558e-05,1.554380446577852e-07,1.1622791134868748e-05,1.5086504845385207e-07,1.8989180716744158e-06,9.384069562656805e-05,1.1510717740748078e-05,0.26708608865737915,5.946131750533823e-06,0.03713401407003403,4.777889989782125e-05,2.114965536748059e-05,3.51248445440433e-07,5.565139508689754e-05,3.6040510167367756e-05,6.084101914893836e-05,4.667101165978238e-06,4.008539690403268e-06,0.12363740801811218,0.0004643735010176897,0.00018049115897156298,2.2492746211355552e-05,2.4909345484047662e-06,0.00314768822863698,0.0004486873804125935,0.0006145616061985493,2.463211967551615e-05,2.3885643258836353e-06,1.98615925910417e-05,0.011689639650285244,6.43097228021361e-05,3.2637096865073545e-06,0.0001071964215952903,0.002581367501989007,0.0036036698147654533,8.558544323022943e-06,5.650578532367945e-05,3.0810508178547025e-05,0.0003777245292440057,0.1440293788909912,9.667475069363718e-07,0.0004801974864676595,7.855947842472233e-06,0.0005283684004098177,0.0002066659217234701,8.885946590453386e-05,0.00023954104108270258,0.00019862740009557456,3.9744656533002853e-05,4.775503111886792e-05,0.00010333468526368961,7.725778232270386e-06,0.0005114211235195398,0.1100258082151413,0.0001250430941581726,0.0007399777532555163,7.493943121517077e-05,0.0009155090083368123,4.304017056711018e-05,1.2474811228457838e-05,0.0028273446951061487
/users/PAS2099/jianyanggu/PlotDiversiVision/data/CPER_001/CPER_001_PlantDiversity_32_1 _4_20140619-straightened.jpg,CPER_001/CPER_001_PlantDiversity_32_1 _4_20140619-straightened.jpg,CPER,2014,,CPER_001,32_1_4,32,1,4,20140619,true,CPER_001_PlantDiversity_32_1 _4_20140619-straightened_r0_c0,3,0,0,0,0,694,670,73,0.026186879724264145,1.0594697414489929e-05,0.000666387437377125,0.011877879500389099,0.0031225222628563643,0.00016978340863715857,0.016869254410266876,0.002837779698893428,0.11636288464069366,0.06174708157777786,0.0026755461003631353,0.0007375899003818631,0.00022944500960875303,7.76551132730674e-06,0.00047025931417010725,1.9590830561355688e-05,9.525439963908866e-05,0.00034507689997553825,0.0007953555905260146,0.3916345238685608,3.0872713978169486e-05,0.0025809414219111204,0.0015842654975131154,0.001174509059637785,2.1176747395657003e-06,0.00030186912044882774,0.0010671858908608556,0.0025967820547521114,0.00017814066086430103,9.241493899025954e-06,0.05308898165822029,0.003895927220582962,6.746590952388942e-05,0.0012309736339375377,0.000557337945792824,0.0033193209674209356,0.00012168962712166831,0.007390464190393686,0.0002341704093851149,0.000741143710911274,0.0008975574164651334,0.13870932161808014,0.00596130546182394,0.007034082431346178,0.00043670760351233184,0.003025713609531522,0.03113282471895218,0.003386932658031583,0.001701420289464295,0.00028795324033126235,0.005630137864500284,0.004254425410181284,6.520583610836184e-06,0.005380313843488693,0.002838884014636278,0.010360624641180038,0.00010816984286066145,0.0060873981565237045,0.004237224347889423,0.004822918679565191,0.00043431526864878833,0.0004506922559812665,0.0010300796711817384,0.0006896475679241121,0.005024578422307968,0.028836023062467575,0.00026841010549105704,0.00878336001187563,0.00018524970801081508,0.00035156094236299396,0.00016896349552553147,1.7755372027750127e-05,0.0004241281421855092
/users/PAS2099/jianyanggu/PlotDiversiVision/data/CPER_001/CPER_001_PlantDiversity_32_1 _4_20140619-straightened.jpg,CPER_001/CPER_001_PlantDiversity_32_1 _4_20140619-straightened.jpg,CPER,2014,,CPER_001,32_1_4,32,1,4,20140619,true,CPER_001_PlantDiversity_32_1 _4_20140619-straightened_r0_c1,3,0,1,694,0,1388,670,73,0.0006387942703440785,3.695855411933735e-06,0.004884952213615179,0.0007780352025292814,2.643830157467164e-05,2.3854057872085832e-05,0.0010428871028125286,7.637754606548697e-05,0.007235703058540821,0.0355307012796402,0.0010340610751882195,6.285138806561008e-05,6.923206092324108e-05,2.2717165037988707e-08,1.0715710232034326e-05,2.2273720787779894e-06,1.9237300875829533e-05,2.2127811462269165e-05,0.0003606954705901444,0.19749663770198822,1.2049146789649967e-05,0.011176052503287792,3.126193041680381e-05,0.00019078506738878787,5.7768726691165284e-08,9.779724496183917e-05,3.223387466277927e-05,8.495864312862977e-05,2.1858839318156242e-05,3.3935765486603486e-07,0.5361188650131226,0.00013037139433436096,1.2018113920930773e-05,0.00021294331236276776,8.00301568233408e-05,0.0016746987821534276,8.261090988526121e-05,0.0029504664707928896,3.802804712904617e-05,1.4383847428689478e-06,0.00022400876332540065,0.002879854990169406,0.00031510143890045583,5.825855987495743e-05,0.00014465299318544567,0.0651056170463562,0.00043370973435230553,3.8225847674766555e-05,0.00040088340756483376,0.00019655759388115257,0.003621170297265053,0.02796592190861702,2.2668291421723552e-05,0.007548088673502207,6.415657117031515e-05,0.01985548622906208,2.5256395019823685e-05,2.8801268854294904e-05,3.912829924956895e-06,2.2854970666230656e-05,7.560068479506299e-05,0.00010008436220232397,2.128774212906137e-05,8.486757906212006e-06,0.00011992338113486767,0.025336913764476776,0.0001273668895009905,0.002080939244478941,2.4673119696672074e-05,0.0002322295622434467,1.2422904546838254e-05,4.388919933262514e-06,0.04063247889280319
/users/PAS2099/jianyanggu/PlotDiversiVision/data/CPER_001/CPER_001_PlantDiversity_32_1 _4_20140619-straightened.jpg,CPER_001/CPER_001_PlantDiversity_32_1 _4_20140619-straightened.jpg,CPER,2014,,CPER_001,32_1_4,32,1,4,20140619,true,CPER_001_PlantDiversity_32_1 _4_20140619-straightened_r0_c2,3,0,2,1388,0,2082,670,73,0.0025388537906110287,6.050623142073164e-06,0.0007308705826289952,9.224520181305707e-05,3.790128175751306e-05,9.46627915254794e-06,0.000370839552488178,1.9297989638289437e-05,0.3675544261932373,0.25737467408180237,0.014142235741019249,5.771632640971802e-05,3.704406844917685e-05,1.9287730523842583e-08,5.730232714995509e-06,3.9085864500520984e-07,1.6227176047323155e-06,0.00012867210898548365,8.89929651748389e-06,0.21031326055526733,9.69724205788225e-05,0.0009994618594646454,2.6307587177143432e-05,2.6035720566142118e-06,2.4225018435686252e-08,6.670228322036564e-05,3.720054519362748e-05,1.2469180546759162e-05,1.1547646863618866e-05,1.6766121007094625e-06,0.04131593555212021,9.841575956670567e-05,6.245767144719139e-05,1.641489507164806e-05,4.372554940346163e-06,0.002874923637136817,0.0017109289765357971,0.00024511374067515135,2.3964115825947374e-05,8.33393755783618e-07,0.00010012434358941391,0.0387423150241375,0.00025738702970556915,2.094577212119475e-05,7.257387187564746e-05,0.010349206626415253,0.0007541283848695457,5.5987551604630426e-05,0.0003231338341720402,3.7816942494828254e-05,0.0019218449015170336,0.006696954369544983,4.102968432562193e-06,0.004375949036329985,9.56672738539055e-06,0.005127138923853636,1.1367879778845236e-05,9.003786544781178e-06,1.3515201317204628e-05,0.0004102909879293293,6.823483090556692e-06,9.843748557614163e-06,6.235741238924675e-06,4.6239620132837445e-06,0.00018846505554392934,0.01937355101108551,0.0006304489215835929,0.004756212700158358,3.636153633124195e-05,0.002642126055434346,1.0954676326946355e-05,3.9582537283422425e-06,0.0019984024111181498
/users/PAS2099/jianyanggu/PlotDiversiVision/data/CPER_001/CPER_001_PlantDiversity_32_1 _4_20140619-straightened.jpg,CPER_001/CPER_001_PlantDiversity_32_1 _4_20140619-straightened.jpg,CPER,2014,,CPER_001,32_1_4,32,1,4,20140619,true,CPER_001_PlantDiversity_32_1 _4_20140619-straightened_r1_c0,3,1,0,0,670,694,1341,73,0.00019206901197321713,8.60687669046456e-06,6.637803016928956e-05,0.0009906614432111382,1.890904241008684e-05,2.4900260541471653e-05,0.0005136034451425076,0.00033286711550317705,0.05669008940458298,0.10384271293878555,0.001954043284058571,3.277925861766562e-05,4.7799541789572686e-05,4.600461522841215e-08,6.133202987257391e-06,6.504966449938365e-07,2.0055453205714002e-05,0.00014516169903799891,4.402339072839823e-06,0.3051338791847229,3.2283976452163188e-06,0.014971037395298481,2.3803904696251266e-05,4.4773863919544965e-05,8.843067575980967e-07,8.886361320037395e-05,5.603531826636754e-05,0.00018517304852139205,3.0369881187652936e-07,3.8772941479692236e-05,0.005326452665030956,0.0003353882348164916,5.344806413631886e-05,8.034404345380608e-06,4.7452851958951214e-07,0.0016883764183148742,0.00012121682811994106,0.00031359444255940616,2.135869362973608e-05,1.6367774833270232e-06,4.329609055275796e-06,0.002591710537672043,0.0003006469632964581,3.1036772725201445e-06,0.00036788289435207844,0.00014056572399567813,0.02397737093269825,5.673694977303967e-05,6.0766156821046025e-05,1.8462844309397042e-05,0.0011114409426227212,0.38609635829925537,1.532124088043929e-06,0.00018805108265951276,0.00020109472097828984,0.005384307820349932,0.00022102454386185855,0.00014093727804720402,0.0001504441606812179,0.00016181977116502821,2.8413787731551565e-05,2.0588779079844244e-05,0.0003790716582443565,6.460185886680847e-06,0.0008736889576539397,0.07168048620223999,0.00026165437884628773,0.009122333489358425,0.00012102554319426417,0.0005237373406998813,1.7386168110533617e-05,1.7077870779758086e-06,0.002476255875080824
/users/PAS2099/jianyanggu/PlotDiversiVision/data/CPER_001/CPER_001_PlantDiversity_32_1 _4_20140619-straightened.jpg,CPER_001/CPER_001_PlantDiversity_32_1 _4_20140619-straightened.jpg,CPER,2014,,CPER_001,32_1_4,32,1,4,20140619,true,CPER_001_PlantDiversity_32_1 _4_20140619-straightened_r1_c1,3,1,1,694,670,1388,1341,73,0.0013955875765532255,3.0043722290429287e-05,0.013164211064577103,0.0002694058930501342,0.000200668815523386,0.00023307133233174682,0.001273666974157095,0.00011197911226190627,0.01826498843729496,0.3044969439506531,0.00244485167786479,8.324564987560734e-05,0.00016923424846027046,2.6106681261239828e-08,2.6658708520699292e-06,1.5326104403357022e-06,5.795297511212993e-06,0.00034314559889025986,2.5572391677997075e-05,0.0539572611451149,2.358068923058454e-05,0.058578990399837494,8.100394916255027e-05,4.2577121348585933e-05,6.667664642634463e-09,6.816014501964673e-05,9.73006317508407e-05,0.00014876984641887248,1.7099599062930793e-05,1.952008005901007e-06,0.3555152714252472,0.0006606235401704907,2.1576377548626624e-05,6.677245437458623e-06,8.40567645354895e-06,0.0008494166540913284,0.0003752163320314139,0.0001936361368279904,2.3922353648231365e-05,2.2276456235204023e-08,0.00011568364425329491,0.009844055399298668,0.00018770578026305884,7.028140680631623e-05,0.000351111579220742,0.036647729575634,0.0009992474224418402,0.00023195553512778133,0.0001685538882156834,9.863478771876544e-05,0.0037076729349792004,0.10741740465164185,0.00013961778313387185,0.0007213196367956698,3.6662073398474604e-05,0.0021794289350509644,6.164545084175188e-06,3.1669853342464194e-05,8.590256766183302e-05,0.0004669286136049777,2.9038717457297025e-06,1.5778030501678586e-05,8.516637990396703e-07,1.5015350982139353e-05,0.0003969852696172893,0.015159315429627895,0.00028431712416931987,0.0036372640170156956,0.0001794698619050905,0.0001974326733034104,1.6267508726741653e-06,3.5246277548139915e-05,0.003377987304702401
/users/PAS2099/jianyanggu/PlotDiversiVision/data/CPER_001/CPER_001_PlantDiversity_32_1 _4_20140619-straightened.jpg,CPER_001/CPER_001_PlantDiversity_32_1 _4_20140619-straightened.jpg,CPER,2014,,CPER_001,32_1_4,32,1,4,20140619,true,CPER_001_PlantDiversity_32_1 _4_20140619-straightened_r1_c2,3,1,2,1388,670,2082,1341,73,0.0004051500291097909,1.6402473193011247e-05,0.03079753927886486,4.2275252781109884e-05,0.00020547831081785262,8.901798719307408e-05,0.0009823261061683297,0.00030188236269168556,0.16787511110305786,0.22360464930534363,0.0013103571254760027,0.000842037727124989,4.9832757213152945e-05,5.854618052580918e-07,1.9070657799602486e-05,1.8583380096970359e-06,6.465905244112946e-06,0.0009953395929187536,0.00014592509251087904,0.16141805052757263,0.00012640042405109853,0.060982443392276764,0.0002203905605711043,2.262416819576174e-05,2.003827104246625e-10,7.130891754059121e-05,3.643353920779191e-05,0.0002052730560535565,9.372665226692334e-05,2.0219524685671786e-06,0.2540993392467499,0.00040566036477684975,0.00010449703404447064,4.667801840696484e-05,2.902597225329373e-05,0.00015841711137909442,9.282820246880874e-05,0.000361957005225122,1.0184566235693637e-05,7.645795818689294e-08,0.00021207045938353986,0.006417995784431696,0.0005800097715109587,3.8995738577796146e-05,0.0009812475182116032,0.005617856048047543,0.004517484921962023,0.0001377633452648297,0.001077607274055481,9.438540291739628e-05,0.001053231069818139,0.006399708800017834,4.075304786965717e-06,0.0007411649567075074,5.3177780500845984e-05,0.0009828058537095785,4.429023101693019e-05,0.00020697222498711199,0.00015098863514140248,0.0009434261010028422,4.108459052076796e-06,7.669849583180621e-05,3.853949237964116e-06,1.9373044779058546e-05,0.00026795949088409543,0.04260380193591118,0.0028105827514082193,0.013730598613619804,6.337001832434908e-05,0.000496051914524287,2.3233501451613847e-06,3.0707746191183105e-05,0.0034567064139992
/users/PAS2099/jianyanggu/PlotDiversiVision/data/CPER_001/CPER_001_PlantDiversity_32_1 _4_20140619-straightened.jpg,CPER_001/CPER_001_PlantDiversity_32_1 _4_20140619-straightened.jpg,CPER,2014,,CPER_001,32_1_4,32,1,4,20140619,true,CPER_001_PlantDiversity_32_1 _4_20140619-straightened_r2_c0,3,2,0,0,1341,694,2011,73,0.0017900723032653332,1.0823335287568625e-05,0.0024453578516840935,0.0003904643817804754,0.0006299200467765331,0.0004875338345300406,0.0010553683387115598,0.00017981539713218808,0.2983686029911041,0.47976189851760864,0.01996872015297413,0.0005155830876901746,4.311719021643512e-05,7.107863098099187e-08,3.1426886835106416e-06,3.6223354982212186e-06,1.6213076378335245e-05,0.0010497631737962365,6.244430096558062e-06,0.03063366934657097,9.658073395257816e-05,0.001289517735131085,1.1948436622333247e-05,3.267107967985794e-05,5.4109470681851235e-08,0.0019966652616858482,0.00019474599685054272,2.3875425540609285e-05,2.490152610334917e-06,6.811962521169335e-06,0.044998832046985626,0.0002670364629011601,7.620546239195392e-05,7.579027624160517e-06,1.4096156064624665e-06,0.0012897145934402943,0.00038057920755818486,0.0002408592845313251,2.1246911273919977e-05,1.8331061824028438e-07,3.261716119595803e-05,0.014601292088627815,0.0006848002667538822,8.976252865977585e-05,0.0007868483662605286,0.008479190059006214,0.013771066442131996,8.98927464731969e-05,0.00023843672533985227,0.00024138911976478994,0.0023255920968949795,0.013362760655581951,4.269978035154054e-06,0.0027625944931060076,4.0747701859800145e-05,0.002036387799307704,0.0001423770736437291,0.00014208516222424805,0.0002779325586743653,0.000498064560815692,2.3154985683504492e-05,1.1821492989838589e-05,0.00017992794164456427,6.643666711170226e-05,0.0027186439838260412,0.030578328296542168,0.0005993886734358966,0.015068810433149338,8.322985377162695e-05,8.808111306279898e-05,7.899031515989918e-06,5.752046035922831e-06,0.0016613665502518415
/users/PAS2099/jianyanggu/PlotDiversiVision/data/CPER_001/CPER_001_PlantDiversity_32_1 _4_20140619-straightened.jpg,CPER_001/CPER_001_PlantDiversity_32_1 _4_20140619-straightened.jpg,CPER,2014,,CPER_001,32_1_4,32,1,4,20140619,true,CPER_001_PlantDiversity_32_1 _4_20140619-straightened_r2_c1,3,2,1,694,1341,1388,2011,73,0.00014104500587563962,5.594690151156101e-07,0.0003003355232067406,9.909446134770405e-07,3.245182961109094e-05,2.0758031951118028e-06,1.6321291695930995e-05,2.2379038000508444e-06,0.8555939197540283,0.12904928624629974,0.007863352075219154,8.409945621679071e-06,1.549051148685976e-06,1.7612986624726545e-09,1.928559925090667e-07,1.3591959202585713e-07,5.409131063061068e-07,6.465744081651792e-05,9.980345083704378e-08,0.0010034956503659487,2.0285073333070613e-05,2.58406980719883e-05,9.490785259913537e-07,1.9815300333902996e-07,4.090955629809656e-10,1.1089890904258937e-05,2.5964607630157843e-05,2.581741966878326e-07,4.017457740701502e-06,5.060726238070856e-08,0.0015247875126078725,4.739576979773119e-06,2.344122322028852e-06,1.1951289025091683e-07,4.720391544310587e-08,3.29168833559379e-05,2.5802677555475384e-05,2.5455803552176803e-05,9.471146427131316e-07,7.197596296748543e-09,3.581812052289024e-06,0.0008527610334567726,7.609849035361549e-06,1.8147517266697832e-06,1.766894456523005e-05,0.0001778099249349907,0.0004094590258318931,8.177137829079584e-07,2.406963631074177e-06,8.463526910418295e-07,0.0002230304089607671,1.7435802874388173e-05,4.590284277128376e-07,0.0004280564608052373,5.463338084155112e-07,5.360044815461151e-05,4.245092384280724e-07,3.623992142820498e-06,2.439130548737012e-05,3.383272996870801e-05,4.05036857387131e-08,4.6946400544811695e-08,3.7877234149163996e-07,2.206471663157572e-06,9.837174729909748e-06,0.0011330739362165332,0.00015323962725233287,0.000509284611325711,2.124722595908679e-05,5.590916771325283e-06,2.1274128414461302e-07,2.392125907135778e-06,0.00011489208554849029
/users/PAS2099/jianyanggu/PlotDiversiVision/data/CPER_001/CPER_001_PlantDiversity_32_1 _4_20140619-straightened.jpg,CPER_001/CPER_001_PlantDiversity_32_1 _4_20140619-straightened.jpg,CPER,2014,,CPER_001,32_1_4,32,1,4,20140619,true,CPER_001_PlantDiversity_32_1 _4_20140619-straightened_r2_c2,3,2,2,1388,1341,2082,2011,73,0.0013098337221890688,1.1291245755273849e-05,0.06553032994270325,7.232646748889238e-05,1.4290143553807866e-05,1.9266128219896927e-05,0.0004289815842639655,0.0004305652983020991,0.25074005126953125,0.3683205246925354,0.007178039290010929,0.00018695976177696139,6.89867592882365e-05,3.735162223961197e-08,8.070997864706442e-06,1.362154335993182e-07,6.015565645611787e-07,0.00012122342741349712,7.98707696958445e-06,0.08824799954891205,5.505562148755416e-05,0.012092426419258118,6.552848208229989e-05,4.5066217353451066e-06,1.8786087352395953e-08,2.3424157916451804e-05,1.9238221284467727e-05,6.152380228741094e-05,1.7490292520960793e-05,8.615585329607711e-07,0.14855404198169708,5.2795610827161e-05,2.1328425646061078e-05,2.915962068072986e-05,4.382103270472726e-06,0.001219428377225995,0.0004943051026202738,0.0008403859683312476,4.106146297999658e-05,1.206194951919315e-06,2.786147888400592e-05,0.0017763844225555658,0.00013293234223965555,1.43917332025012e-05,5.824179243063554e-05,0.014953244477510452,0.0008870625169947743,3.399909837753512e-05,0.00021562488109339029,5.359858914744109e-05,0.0003352401836309582,0.013485858216881752,5.6305539146706e-06,0.0007241650600917637,2.2609954612562433e-05,0.0020318389870226383,2.6662592063075863e-05,1.9162780517945066e-05,2.575487997091841e-05,0.0004144245758652687,9.583376595401205e-06,1.0101543011842296e-05,1.9762926967814565e-05,3.506053644741769e-06,0.00041800332837738097,0.00923184584826231,0.0015705627156421542,0.004908497910946608,3.768025999306701e-05,0.0001124371265177615,6.4695882429077756e-06,2.0886386664642487e-06,0.0021292027086019516
/users/PAS2099/jianyanggu/PlotDiversiVision/data/CPER_001/CPER_001_PlantDiversity_32_1_2_20140619-straightened.jpg,CPER_001/CPER_001_PlantDiversity_32_1_2_20140619-straightened.jpg,CPER,2014,,CPER_001,32_1_2,32,1,2,20140619,true,CPER_001_PlantDiversity_32_1_2_20140619-straightened_r0_c0,3,0,0,0,0,708,688,73,0.0014757652534171939,8.810512372292578e-05,2.4883160222088918e-05,0.0007981956587173045,7.245809683809057e-05,0.0008062809356488287,0.001233443384990096,9.79571050265804e-05,0.020391128957271576,0.022557664662599564,0.004173162393271923,1.0548417776590213e-05,0.0010353483958169818,7.4050707787876036e-09,7.738402700852021e-07,1.642600295781449e-06,0.00010334340913686901,3.8544789276784286e-05,8.703645107743796e-06,0.05286111682653427,5.781820618722122e-06,0.005411155521869659,1.1841641935461666e-05,0.00016173206677194685,2.483165644662222e-06,0.00012136391887906939,5.203237014939077e-05,3.707438372657634e-05,7.824749559404154e-08,3.637741974671371e-05,0.009002716280519962,0.00014675290731247514,2.7945741749135777e-05,1.5281541436706902e-06,1.0635242233547615e-06,0.016103781759738922,0.0010702614672482014,0.0005817445926368237,0.00012497352145146579,5.304962868990515e-08,7.209690375020728e-05,0.002496723784133792,6.080601451685652e-05,1.8333479374632589e-06,0.00011163009912706912,0.003848547348752618,0.01717105135321617,5.573002272285521e-05,2.4313232643180527e-05,2.6826606699614786e-05,0.002150865737348795,0.644761860370636,2.9082486435072497e-05,0.0030575331766158342,3.0660798074677587e-05,0.0009797248058021069,1.125437756854808e-05,0.00013130730076227337,0.00039369112346321344,0.00022220969549380243,3.0390744996111607e-06,6.291160389082506e-06,1.9219414753024466e-05,6.260662485146895e-05,0.00011486647417768836,0.18097345530986786,0.0002772182924672961,0.0031031244434416294,0.0005850248271599412,0.0003587580577004701,1.9606859495979734e-05,1.1063168130931444e-05,0.00014815802569501102
/users/PAS2099/jianyanggu/PlotDiversiVision/data/CPER_001/CPER_001_PlantDiversity_32_1_2_20140619-straightened.jpg,CPER_001/CPER_001_PlantDiversity_32_1_2_20140619-straightened.jpg,CPER,2014,,CPER_001,32_1_2,32,1,2,20140619,true,CPER_001_PlantDiversity_32_1_2_20140619-straightened_r0_c1,3,0,1,708,0,1415,688,73,0.00012106609938200563,5.941640210949117e-07,1.1753379567380762e-06,0.0005772392614744604,2.950943844837184e-08,3.4929485082102474e-08,8.80193454122491e-07,2.398598439867783e-07,3.6069934594706865e-06,1.301264092035126e-05,1.4121101230557542e-05,8.528260053708436e-08,6.843412120360881e-05,8.44730618787537e-10,5.758329848504218e-07,1.3913255543229752e-06,3.2140917483047815e-06,4.704890670836903e-06,4.706827212430653e-07,2.67358655037242e-06,0.0002957531251013279,2.462940028635785e-05,1.7007449741868186e-06,2.982871549761512e-08,1.2041687647013077e-08,0.00012260256335139275,3.926168119505746e-06,3.658681748675008e-07,8.512203919508465e-08,2.2817221889681605e-08,1.6539246644242667e-05,2.0077866793144494e-05,5.268677050196402e-09,2.2149247058678156e-07,1.3817830790685548e-07,1.2014496860501822e-05,6.02499721935601e-06,9.939150913851336e-06,1.9178314687451348e-06,1.99356420260699e-09,7.3160726969945244e-06,6.915972335264087e-06,9.800524821912404e-06,6.662373266408395e-07,4.534844265435822e-06,0.00013384752674028277,2.772484606339276e-07,3.2411544452770613e-06,2.249865929115913e-06,0.9983445405960083,3.59592231689021e-05,1.8994327319887816e-06,8.908300941357084e-08,2.2969628332702996e-07,5.863486194357392e-07,9.188710828311741e-05,1.5775582085097994e-07,1.783371175179127e-07,4.613005089026956e-08,3.1690938158135395e-06,8.093112313645179e-08,4.7711445461118274e-08,2.5786549784356794e-08,5.957913913334778e-07,1.4291154002421536e-05,1.5133838360270602e-06,2.9609699936372635e-07,3.2083589758258313e-06,1.3146751598469564e-06,4.85859118271037e-07,2.6294943111793145e-08,2.0718729842883477e-08,9.393947379976453e-07
/users/PAS2099/jianyanggu/PlotDiversiVision/data/CPER_001/CPER_001_PlantDiversity_32_1_2_20140619-straightened.jpg,CPER_001/CPER_001_PlantDiversity_32_1_2_20140619-straightened.jpg,CPER,2014,,CPER_001,32_1_2,32,1,2,20140619,true,CPER_001_PlantDiversity_32_1_2_20140619-straightened_r0_c2,3,0,2,1415,0,2123,688,73,5.379797221394256e-05,4.521643404586939e-06,0.0006947254296392202,0.00011464702402008697,7.111620652722195e-05,3.1684401619713753e-05,3.964090865338221e-05,1.1556422577996273e-05,0.06919173896312714,0.08692105114459991,0.00534890266135335,0.0002289117983309552,1.9342294763191603e-05,2.5284780491574566e-08,3.4758005540425074e-07,5.464225250761956e-05,0.000794479507021606,0.0005648379446938634,4.7756635467521846e-05,0.3012944757938385,2.210509364886093e-06,0.0021012229844927788,6.945895620447118e-06,4.380239261081442e-05,2.0286776702960196e-07,9.991264960262924e-05,0.00013913628936279565,1.8410198663332267e-06,4.650747086998308e-06,1.4657746305601904e-06,0.004992844071239233,5.233168849372305e-05,7.563201052107615e-07,6.124148785602301e-05,1.0077345905301627e-05,0.00010756090341601521,0.000396937393816188,0.0003643892123363912,1.1411464583943598e-05,1.3337072459762567e-06,2.2706519757775823e-06,0.0019347185734659433,0.0005148286581970751,7.162478141253814e-05,4.503124000621028e-05,0.039360545575618744,0.3062260150909424,1.1352848559909035e-05,2.9527136575779878e-05,4.105869447812438e-05,0.002334998454898596,0.021729830652475357,1.0951089279842563e-05,0.006220098119229078,6.496605055872351e-05,0.014981124550104141,5.629014594887849e-06,0.00015929432993289083,8.552439248887822e-05,0.00012058525317115709,1.0595469575491734e-05,2.7944201974605676e-06,2.653952378750546e-06,3.0612729460699484e-05,3.616347021306865e-05,0.12454856932163239,0.0002108842454617843,0.0012878961861133575,3.4361615689704195e-05,2.290112570335623e-05,8.483552664984018e-05,3.0699955004820367e-06,0.005886240862309933
/users/PAS2099/jianyanggu/PlotDiversiVision/data/CPER_001/CPER_001_PlantDiversity_32_1_2_20140619-straightened.jpg,CPER_001/CPER_001_PlantDiversity_32_1_2_20140619-straightened.jpg,CPER,2014,,CPER_001,32_1_2,32,1,2,20140619,true,CPER_001_PlantDiversity_32_1_2_20140619-straightened_r1_c0,3,1,0,0,688,708,1376,73,0.0009459282155148685,9.338192512586829e-07,0.002799265319481492,0.000408346822950989,0.00012928164505865425,1.7266624126932584e-05,0.0017344474326819181,3.4539520129328594e-05,0.09386681020259857,0.13000735640525818,0.025222504511475563,0.0002412628527963534,2.088440851366613e-05,4.68106726714268e-08,8.468209671264049e-07,1.4975537396821892e-06,5.154251994099468e-05,3.598961848183535e-05,2.766385023278417e-06,0.262111634016037,9.144908290181775e-06,0.009632579982280731,6.315191058092751e-06,4.659997648559511e-05,2.3159377633419354e-06,4.9492948164697737e-05,6.159191252663732e-05,1.3850273717253003e-05,1.1250826901232358e-06,8.451981557300314e-06,0.0447545200586319,0.0003373325744178146,4.17977680626791e-05,2.1753163309767842e-05,2.8363990622892743e-06,0.001678776927292347,0.0012487228959798813,0.0005829695728607476,2.586762457212899e-05,1.4033956574621698e-07,3.101386391790584e-05,0.0028736612293869257,8.579187124269083e-06,3.27925363308168e-06,8.301831257995218e-05,0.010923974215984344,0.026892676949501038,5.2388961194083095e-05,1.9278262698207982e-05,1.1314877156110015e-05,0.0011377300834283233,0.020799925550818443,7.152750185923651e-05,0.016816942021250725,4.40180920122657e-05,0.002063293242827058,1.4141775864118244e-05,0.00015845720190554857,0.00014257918519433588,0.00016177244833670557,3.0761246307520196e-05,7.928550985525362e-06,1.9430269730946748e-06,1.046263423631899e-05,3.5829070839099586e-05,0.33965861797332764,0.00015526911010965705,0.0008489731699228287,2.039735409198329e-05,0.00021856815146747977,1.9129842257825658e-05,5.9509320635697804e-06,0.0005172711098566651
/users/PAS2099/jianyanggu/PlotDiversiVision/data/CPER_001/CPER_001_PlantDiversity_32_1_2_20140619-straightened.jpg,CPER_001/CPER_001_PlantDiversity_32_1_2_20140619-straightened.jpg,CPER,2014,,CPER_001,32_1_2,32,1,2,20140619,true,CPER_001_PlantDiversity_32_1_2_20140619-straightened_r1_c1,3,1,1,708,688,1415,1376,73,0.0026350494008511305,7.025812374195084e-05,0.0022993481252342463,0.006346669513732195,0.0001730144867906347,6.97124341968447e-05,0.0010949712013825774,4.194903885945678e-05,0.01755462773144245,0.044984910637140274,0.012010645121335983,5.0449289119569585e-05,0.044152870774269104,2.9795566902635073e-08,1.2698961882051663e-06,2.4604754798929207e-05,0.00037849563523195684,0.0011664091143757105,2.9424563763313927e-05,0.02563025988638401,0.0011770471464842558,0.01938781328499317,0.00014790132991038263,5.5529584642499685e-05,5.478822373561343e-08,0.006233037915080786,0.0005285369115881622,0.0008296422893181443,2.0205759938107803e-05,4.3178239138796926e-05,0.03442592918872833,0.010772845707833767,1.8087254147758358e-06,1.8334219930693507e-05,2.2595218979404308e-05,0.01628425158560276,0.00825440976768732,0.0014452324248850346,0.00022157440253067762,4.757269422839272e-08,9.817462705541402e-05,0.018117399886250496,0.02176639623939991,0.0004258756525814533,0.0003450899093877524,0.18482425808906555,0.009721026755869389,0.0005063730059191585,0.0006518746959045529,0.17943599820137024,0.01576542668044567,0.05546297878026962,0.00016653371858410537,0.001044661388732493,0.0002234758430859074,0.011601394973695278,1.8777158174998476e-06,0.00013193766062613577,8.303637150675058e-05,0.0016031108098104596,3.250089139328338e-05,3.2628966437187046e-05,7.125867341528647e-06,0.000472250918392092,0.0020628999918699265,0.2168080359697342,0.0006639410858042538,0.01826799474656582,4.767631980939768e-05,0.000511736492626369,3.690397761602071e-06,1.717045734039857e-06,0.0005259985919110477
/users/PAS2099/jianyanggu/PlotDiversiVision/data/CPER_001/CPER_001_PlantDiversity_32_1_2_20140619-straightened.jpg,CPER_001/CPER_001_PlantDiversity_32_1_2_20140619-straightened.jpg,CPER,2014,,CPER_001,32_1_2,32,1,2,20140619,true,CPER_001_PlantDiversity_32_1_2_20140619-straightened_r1_c2,3,1,2,1415,688,2123,1376,73,0.0009886531624943018,0.0003850794455502182,0.00020773794676642865,0.0031859378796070814,5.103103831061162e-06,1.6243880963884294e-05,0.00033166303182952106,1.1794717465818394e-05,0.0005719485343433917,0.0030101551674306393,6.68042921461165e-05,2.8932785426150076e-05,0.0022270637564361095,1.1441112945931309e-07,9.868511369859334e-06,0.00010544204997131601,0.00033999219886027277,0.00023530994076281786,7.783534238114953e-05,0.00032158149406313896,0.013026430271565914,0.0012796466471627355,1.2202824109408539e-05,1.02112096556084e-06,3.517569950872712e-07,0.016891183331608772,8.542867726646364e-05,0.0004295478283893317,7.742869456706103e-06,1.1568838090170175e-05,0.009378005750477314,0.0006402881117537618,1.8831078705261461e-06,0.0001955825136974454,6.268337165238336e-05,0.0005869834567420185,5.139345012139529e-05,0.005587614607065916,0.0006404102314263582,2.3328341569595068e-07,0.00021251184807624668,0.0007328628562390804,0.004863685928285122,0.00010265078890370205,0.0004041328502353281,0.013952520675957203,0.0001547078718431294,0.0014453795738518238,0.0005971147329546511,0.9059022068977356,0.0005941155832260847,0.00042424231651239097,1.6302668882417493e-05,5.060863622929901e-05,2.4838031094986945e-05,0.0023700278252363205,1.1036619980586693e-05,1.334901389782317e-05,4.205199275020277e-06,0.002154792658984661,9.775814760359935e-06,6.370936898747459e-05,2.0825982574024238e-06,0.00013781645975541323,0.0015752295730635524,0.0006643380620516837,0.000478869944345206,0.0016186494613066316,3.6379242374096066e-05,0.0002254612627439201,5.616838052446838e-07,8.833762876747642e-07,0.00013755488907918334
/users/PAS2099/jianyanggu/PlotDiversiVision/data/CPER_001/CPER_001_PlantDiversity_32_1_2_20140619-straightened.jpg,CPER_001/CPER_001_PlantDiversity_32_1_2_20140619-straightened.jpg,CPER,2014,,CPER_001,32_1_2,32,1,2,20140619,true,CPER_001_PlantDiversity_32_1_2_20140619-straightened_r2_c0,3,2,0,0,1376,708,2064,73,3.7191039155004546e-05,4.727985469799023e-06,0.00926204677671194,1.4488526176137384e-05,5.511995914275758e-05,1.4166510482027661e-05,1.1970652849413455e-05,2.407230795142823e-06,0.14826315641403198,0.12333342432975769,0.0068534668534994125,0.00014416201156564057,9.594064067641739e-06,4.1702005404431475e-08,2.764919827313861e-06,5.96718837186927e-06,4.663911749958061e-05,5.4708754760213196e-05,8.904627975425683e-06,0.4172061085700989,7.31957925381721e-06,0.011578276753425598,2.6078462269651936e-06,3.6223507777322084e-05,2.7882185449357166e-08,8.786733815213665e-05,2.5372826712555252e-05,1.6633360928608454e-06,1.0537656862652511e-06,9.31130443859729e-07,0.008296429179608822,1.4627638847741764e-05,1.5354858987848274e-05,9.98462473944528e-06,1.0524358913244214e-06,0.00022798618010710925,0.0001909136917674914,5.587446867139079e-05,4.787058060173877e-06,1.8816520253039926e-07,1.5842749689909397e-06,0.003736328100785613,5.536356184165925e-05,1.2498135220084805e-05,3.516035940265283e-05,0.010924271307885647,0.1408393681049347,1.7835674952948466e-05,3.210192153346725e-05,1.4750746231584344e-05,0.001225360669195652,0.008674507029354572,2.2347142021317268e-06,0.02373334765434265,1.3101331205689348e-05,0.0027875984087586403,1.812304435588885e-05,2.8337413823464885e-05,1.861882810771931e-05,0.00011118494148831815,2.634925522215781e-06,1.8538731865191949e-06,6.367392302308872e-07,7.0512651291210204e-06,1.005426292977063e-05,0.07808925956487656,0.00019765211618505418,0.0011784806847572327,1.3662781384482514e-05,0.00015291852469090372,5.705196235794574e-05,3.763715028526349e-07,0.0021171525586396456
/users/PAS2099/jianyanggu/PlotDiversiVision/data/CPER_001/CPER_001_PlantDiversity_32_1_2_20140619-straightened.jpg,CPER_001/CPER_001_PlantDiversity_32_1_2_20140619-straightened.jpg,CPER,2014,,CPER_001,32_1_2,32,1,2,20140619,true,CPER_001_PlantDiversity_32_1_2_20140619-straightened_r2_c1,3,2,1,708,1376,1415,2064,73,0.00011233692930545658,3.68567525583785e-05,0.0005258123856037855,0.0008428975124843419,0.00010218683019047603,0.00011191605153726414,0.0015303012914955616,0.00033985020127147436,0.028648214414715767,0.04483914375305176,0.01832069829106331,4.0380364225711673e-05,0.0029223377350717783,2.5646924584066255e-08,5.278836852085078e-07,1.9902599888155237e-06,2.2534894014825113e-05,2.7135651180287823e-05,1.6508208773302613e-06,0.24579492211341858,4.690316927735694e-06,0.011670070700347424,4.963422907167114e-05,0.002988160355016589,1.928739266077173e-06,0.002642933512106538,7.583719707326964e-05,2.7954127290286124e-05,1.2151697319495725e-06,1.058234010997694e-05,0.01384006068110466,0.00012715949560515583,2.0421428416739218e-05,3.086610831815051e-06,2.4196608592319535e-06,0.02394670806825161,9.318389493273571e-05,0.0001309200015384704,4.3499494495335966e-05,5.667471327797102e-07,1.1027130312868394e-05,0.04312039539217949,0.0001486066757934168,1.7799583247324335e-06,0.0008282230701297522,0.013175783678889275,0.18228478729724884,5.0852180720539764e-05,0.00014625699259340763,4.8311823775293306e-05,0.015163961797952652,0.1601054072380066,8.640877240395639e-06,0.004072988405823708,4.29963183705695e-05,0.0012474146205931902,3.9118589484132826e-05,5.087779209134169e-05,3.263596590841189e-05,2.2158796127769165e-05,2.7863421564688906e-05,5.519465048564598e-06,0.00034984725061804056,1.6770036381785758e-05,0.00011127578909508884,0.16216455399990082,0.00024659468908794224,0.008943043649196625,8.50419164635241e-05,0.0003991359262727201,1.29007785290014e-05,2.490514361852547e-06,0.007129961624741554
/users/PAS2099/jianyanggu/PlotDiversiVision/data/CPER_001/CPER_001_PlantDiversity_32_1_2_20140619-straightened.jpg,CPER_001/CPER_001_PlantDiversity_32_1_2_20140619-straightened.jpg,CPER,2014,,CPER_001,32_1_2,32,1,2,20140619,true,CPER_001_PlantDiversity_32_1_2_20140619-straightened_r2_c2,3,2,2,1415,1376,2123,2064,73,0.002583377528935671,6.611692515434697e-05,0.004242470022290945,0.00014920269313734025,0.00015222092042677104,0.00026619978598318994,0.012805788777768612,0.0015602294588461518,0.013839810155332088,0.09631317108869553,0.0002548112242948264,1.2938049621880054e-05,0.00019804638577625155,1.1977282099451259e-07,2.5702511265990324e-06,8.278187124233227e-06,1.648029501666315e-05,0.0002790941798593849,0.00010363393084844574,0.006419191136956215,0.00011253219417994842,0.00134803238324821,0.0005606459453701973,0.0003720885142683983,6.872383995215614e-09,0.0008366484544239938,9.413938096258789e-05,9.366613085148856e-06,1.8692153389565647e-05,3.91871617466677e-06,0.6540762782096863,0.00020985001174267381,6.491703061328735e-06,3.7612269807141274e-05,6.469531217589974e-05,0.007022295147180557,0.001105423318222165,0.000348073139321059,0.00022344554599840194,4.627212888408394e-07,0.0016061741625890136,0.021792521700263023,0.0005706012016162276,8.796773909125477e-05,0.0009379815892316401,0.06693289428949356,0.0011497478699311614,0.00021848268806934357,0.0003116229781880975,0.0007191974436864257,0.006475809030234814,0.005972671788185835,0.00021241277863737196,0.00023509978200308979,4.726750194095075e-05,0.0011190683580935001,1.0506443004487664e-06,0.0002267583186039701,0.0001996956270886585,0.0011823775712400675,8.169366628862917e-05,5.736586172133684e-05,6.725063030899037e-06,0.0033954489044845104,0.003244808642193675,0.07488583773374557,9.040768054546788e-05,0.0020966369193047285,8.234099368564785e-05,0.00029714408447034657,2.5399190235475544e-06,3.2679583910066867e-06,3.193000520695932e-05
/users/PAS2099/jianyanggu/PlotDiversiVision/data/CPER_001/CPER_001_PlantDiversity_40_ 1_1_20140619-straightened.jpg,CPER_001/CPER_001_PlantDiversity_40_ 1_1_20140619-straightened.jpg,CPER,2014,,CPER_001,40_1_1,40,1,1,20140619,true,CPER_001_PlantDiversity_40_ 1_1_20140619-straightened_r0_c0,3,0,0,0,0,611,601,73,0.018352707847952843,5.2143095672363415e-05,0.010256990790367126,0.0020634098909795284,4.825815267395228e-05,0.00021638450562022626,0.005118105560541153,0.00012507809151429683,0.044493529945611954,0.10685746371746063,0.014976528473198414,0.00022255009389482439,0.0009517005528323352,2.0306175940731919e-07,3.135669248877093e-05,9.017658726406808e-07,1.563924342917744e-05,0.0005105057498440146,0.00015687709674239159,0.034620415419340134,2.4443825168418698e-05,0.008613890036940575,5.518933539860882e-05,0.0001890127605292946,2.834773340509855e-07,0.0005067262682132423,0.00011648602958302945,0.0014907154254615307,2.2022250050213188e-05,7.921230462670792e-06,0.5954304337501526,0.001998034305870533,0.00031559992930851877,8.42625813675113e-05,5.1267175877001137e-05,0.005521887447685003,0.0019450013060122728,0.001770106260664761,0.0002735523448791355,5.267244887363631e-06,0.00013167812721803784,0.03184227645397186,0.0002758408954832703,6.550495891133323e-05,6.253150786506012e-05,0.0575929656624794,0.0002962491998914629,0.00011374249879736453,0.0015985844656825066,0.00041140016401186585,0.0013073572190478444,0.009835120290517807,8.24121234472841e-05,0.00033361732494086027,1.0991458111675456e-05,0.00460414495319128,5.061599222244695e-05,0.00013362120080273598,0.00043419707799330354,0.0009806231828406453,7.2108769018086605e-06,0.00026037110364995897,1.9606504793046042e-05,3.005678445333615e-05,0.0016658068634569645,0.020645683631300926,0.00031721731647849083,0.0024178060702979565,0.00029800948686897755,0.004923385567963123,1.82480343937641e-05,0.00033677046303637326,0.001403435249812901
/users/PAS2099/jianyanggu/PlotDiversiVision/data/CPER_001/CPER_001_PlantDiversity_40_ 1_1_20140619-straightened.jpg,CPER_001/CPER_001_PlantDiversity_40_ 1_1_20140619-straightened.jpg,CPER,2014,,CPER_001,40_1_1,40,1,1,20140619,true,CPER_001_PlantDiversity_40_ 1_1_20140619-straightened_r0_c1,3,0,1,611,0,1222,601,73,0.037047792226076126,5.602938927040668e-06,0.00043062467011623085,0.0011986291501671076,0.0002849872980732471,0.00011452717444626614,0.007495084311813116,4.943786552757956e-05,0.025772131979465485,0.053898461163043976,0.15027426183223724,3.1166990083875135e-05,8.037332736421376e-05,1.2877893595941714e-07,8.350324378625373e-07,1.7078605196729768e-07,6.193447006808128e-06,0.00013624897110275924,0.00014799561176914722,0.062383223325014114,8.223410077334847e-06,0.0013068896951153874,3.2772306440165266e-05,0.00038720256998203695,9.227853183801926e-07,0.0007128131692297757,5.135902392794378e-05,4.176415313850157e-05,6.455465154431295e-06,7.91386810305994e-06,0.1960947960615158,0.000271525263087824,1.9188830265193246e-05,2.232014412584249e-05,4.005629762104945e-06,0.05532585084438324,0.0006436783587560058,0.0003368889738339931,6.079708691686392e-05,2.772363814074197e-07,6.99604643159546e-05,0.03628690168261528,0.00015953076945152134,7.39327015253366e-06,0.00015096639981493354,0.032262418419122696,0.005864406935870647,0.0003088107914663851,0.0002883125562220812,2.2418616936192848e-05,0.0058012162335217,0.03795008733868599,0.00025324776652269065,0.009691517800092697,2.0415496692294255e-05,0.00124413485173136,9.182208486890886e-06,0.0003290159220341593,0.00023442148813046515,7.814246782800183e-05,1.0486412065802142e-05,7.057726179482415e-05,8.198227078537457e-06,4.389586320030503e-05,0.0005260126781649888,0.2700001299381256,0.00020668770594056696,0.0019884100183844566,0.00019646139116957784,0.0003823281731456518,1.9996421087853378e-06,5.340860298019834e-05,0.0007853428251110017
/users/PAS2099/jianyanggu/PlotDiversiVision/data/CPER_001/CPER_001_PlantDiversity_40_ 1_1_20140619-straightened.jpg,CPER_001/CPER_001_PlantDiversity_40_ 1_1_20140619-straightened.jpg,CPER,2014,,CPER_001,40_1_1,40,1,1,20140619,true,CPER_001_PlantDiversity_40_ 1_1_20140619-straightened_r0_c2,3,0,2,1222,0,1833,601,73,0.03469854220747948,1.3562542335421313e-05,0.002653303323313594,0.0006747510051354766,0.000299807550618425,6.633198063354939e-05,0.0034428369253873825,4.162270488450304e-05,0.021868575364351273,0.07867790013551712,0.01074918918311596,3.117372762062587e-05,7.158748485380784e-05,1.4960669147967565e-07,1.0605551779008238e-06,4.999017733098299e-07,4.41129986938904e-06,0.00041064899414777756,9.620883065508679e-05,0.0069077108055353165,2.350102295167744e-05,0.003168642520904541,1.4571534848073497e-05,0.0001702221779851243,1.2813438843295444e-07,0.00010992298484779894,0.0001503449457231909,3.353958163643256e-05,7.619252301083179e-06,2.4628473056509392e-06,0.6852079033851624,0.00014680452295579016,4.3958651076536626e-05,2.3757735107210465e-05,3.516151991789229e-05,0.03267544507980347,0.0007792927208356559,0.00030281435465440154,3.5630859201774e-05,9.378094318890362e-07,0.0004660972917918116,0.01993938349187374,7.994299085112289e-05,9.554496500641108e-06,0.00024857002426870167,0.04496358707547188,0.00014757318422198296,0.0010281112045049667,0.0011410495499148965,9.60200050030835e-05,0.0013962418306618929,0.02046259492635727,0.0008106824825517833,0.004123744089156389,9.837503057497088e-06,0.001529078814201057,1.1680140232783742e-05,7.141619425965473e-05,0.00013974134344607592,0.0002211089013144374,7.32082571630599e-06,6.251955346670002e-05,2.853783144018962e-06,5.837743083247915e-05,0.0005230606766417623,0.01598011516034603,0.00015279761282727122,0.0006865543546155095,0.00029213278321549296,0.001006020582281053,6.178078365337569e-06,7.101738447090611e-05,0.0006125331274233758
/users/PAS2099/jianyanggu/PlotDiversiVision/data/CPER_001/CPER_001_PlantDiversity_40_ 1_1_20140619-straightened.jpg,CPER_001/CPER_001_PlantDiversity_40_ 1_1_20140619-straightened.jpg,CPER,2014,,CPER_001,40_1_1,40,1,1,20140619,true,CPER_001_PlantDiversity_40_ 1_1_20140619-straightened_r1_c0,3,1,0,0,601,611,1202,73,0.035772956907749176,1.0733722774602938e-05,0.0033141025342047215,0.001857809373177588,0.00016251947090495378,0.0002792871673591435,0.0352855883538723,0.0003140326007269323,0.1018252968788147,0.28576353192329407,0.08463409543037415,0.0004792262625414878,0.0003128584357909858,2.0169663272895377e-08,7.1744084380043205e-06,1.289931901737873e-06,1.1225611160625704e-05,0.00011101821291958913,7.61103437980637e-05,0.04129995405673981,3.700517117977142e-05,0.004801433067768812,0.00013918854529038072,0.00015105142665561289,6.787642519157089e-07,0.0017708417726680636,0.00017207303608302027,0.0004494672757573426,5.3091840527486056e-05,1.0294993444404099e-05,0.19670513272285461,0.0017285801004618406,5.688974852091633e-05,2.6670400984585285e-05,1.3207642041379586e-05,0.03406299278140068,0.0022477437742054462,0.001960083143785596,0.00044350276584737003,1.0007673836298636e-06,0.0006885685143060982,0.02739649824798107,0.00036814966006204486,2.0419831344042905e-05,0.00034098580363206565,0.033206719905138016,0.0030293117742985487,0.0003465802292339504,0.00034583802334964275,0.00010434289288241416,0.003439528401941061,0.009430776350200176,0.0005380814545787871,0.006044025532901287,5.31222322024405e-05,0.0042310794815421104,9.298521763412282e-05,0.0001201002232846804,0.0005004997365176678,0.0005722867790609598,1.0283139999955893e-05,0.00012077190331183374,2.546228097344283e-05,8.901663386495784e-05,0.0013039646437391639,0.0604017972946167,0.000582137843593955,0.006005232222378254,0.0003964568313676864,0.0007984915282577276,1.5864799252085504e-06,0.00020145175221841782,0.00284366961568594
/users/PAS2099/jianyanggu/PlotDiversiVision/data/CPER_001/CPER_001_PlantDiversity_40_ 1_1_20140619-straightened.jpg,CPER_001/CPER_001_PlantDiversity_40_ 1_1_20140619-straightened.jpg,CPER,2014,,CPER_001,40_1_1,40,1,1,20140619,true,CPER_001_PlantDiversity_40_ 1_1_20140619-straightened_r1_c1,3,1,1,611,601,1222,1202,73,0.010475425980985165,4.884432200924493e-06,0.0009498076396994293,0.0014055786887183785,0.0001500614162068814,0.00024176489387173206,0.007649323437362909,7.8082230174914e-05,0.0660659521818161,0.3149859309196472,0.19243395328521729,8.287810487672687e-05,0.00012658728519454598,9.187274230271214e-08,3.913703039870597e-06,3.168045736856584e-07,5.332772161636967e-06,0.00021264904353301972,3.525515421642922e-05,0.19067004323005676,6.788635801058263e-06,0.0011726770317181945,2.9257891583256423e-05,0.00047822040505707264,3.7518856288443203e-07,0.00040354314842261374,6.792758358642459e-05,8.155897376127541e-05,2.138512718374841e-05,5.006275387131609e-06,0.08703109622001648,0.00037754516233690083,4.379681558930315e-05,2.257668529637158e-05,4.349527443991974e-06,0.018115248531103134,0.0007849828689359128,0.0001637786190258339,2.4111544917104766e-05,3.1078031952347374e-06,3.1989431590773165e-05,0.012224890291690826,0.00045917785610072315,4.6976911107776687e-05,0.00020450024749152362,0.020188678056001663,0.007654986344277859,0.00014061518595553935,0.0003142701170872897,1.4327312783279922e-05,0.003758425824344158,0.003718835301697254,0.00017206465417984873,0.0017558762338012457,4.809552410733886e-05,0.0012603276409208775,6.773765198886395e-05,0.00016868383681867272,0.0001254408125532791,0.00012265985424164683,2.6402372895972803e-05,2.230472455266863e-05,1.958475877472665e-05,6.466283957706764e-05,0.0002774810418486595,0.049365729093551636,0.00016516519826836884,0.0021444130688905716,0.00021453855151776224,0.0003854059614241123,9.74008707999019e-06,4.505970355239697e-05,0.0003658930363599211
/users/PAS2099/jianyanggu/PlotDiversiVision/data/CPER_001/CPER_001_PlantDiversity_40_ 1_1_20140619-straightened.jpg,CPER_001/CPER_001_PlantDiversity_40_ 1_1_20140619-straightened.jpg,CPER,2014,,CPER_001,40_1_1,40,1,1,20140619,true,CPER_001_PlantDiversity_40_ 1_1_20140619-straightened_r1_c2,3,1,2,1222,601,1833,1202,73,0.0035552361514419317,8.114104275591671e-06,0.008497132919728756,0.00046017454587854445,0.0002067217865260318,9.0450732386671e-05,0.004292590543627739,0.0001062437440850772,0.23582392930984497,0.1293451339006424,0.003551549045369029,0.0023990224581211805,3.207110057701357e-05,2.400465064056334e-06,7.651894702576101e-05,2.2431199795391876e-06,3.168803232256323e-05,0.00018470433133188635,0.00013019937614444643,0.20357075333595276,0.0001037932961480692,0.007164972368627787,1.69091817951994e-05,0.0001853148132795468,2.110160266965977e-06,0.0015410807682201266,0.00032386215752922,0.00015859224367886782,2.1122796169947833e-05,1.3041006241110153e-05,0.16512978076934814,0.0005101445713080466,0.0005383824463933706,0.0005089938640594482,9.402657269674819e-06,0.022657422348856926,0.0014010840095579624,0.0007497231126762927,0.00010285954340361059,6.585308437934145e-05,0.00010857793677132577,0.01839170604944229,0.0005380293587222695,0.00021706032566726208,0.0005898465751670301,0.018506845459342003,0.005896601360291243,0.0004159329109825194,0.0007888203836046159,0.0001650772464927286,0.0022371415980160236,0.014895080588757992,1.840010008891113e-05,0.08547886461019516,1.8777114746626467e-05,0.005716119892895222,0.002459316747263074,0.00012188946129754186,0.00023220377624966204,0.00026529430761002004,0.00105298834387213,0.00013456365559250116,0.00043494717101566494,1.8486709450371563e-05,0.00047412325511686504,0.03826294466853142,0.0004646620654966682,0.0017049621092155576,0.0005009114975109696,0.0031687577720731497,0.00036197443841956556,9.644121746532619e-06,0.0027781841345131397
/users/PAS2099/jianyanggu/PlotDiversiVision/data/CPER_001/CPER_001_PlantDiversity_40_ 1_1_20140619-straightened.jpg,CPER_001/CPER_001_PlantDiversity_40_ 1_1_20140619-straightened.jpg,CPER,2014,,CPER_001,40_1_1,40,1,1,20140619,true,CPER_001_PlantDiversity_40_ 1_1_20140619-straightened_r2_c0,3,2,0,0,1202,611,1803,73,0.0037715015932917595,6.391399801941589e-05,0.003942862153053284,0.0004190257750451565,0.00014864871627651155,0.00012375703954603523,0.007085229270160198,0.0012945461785420775,0.06592357903718948,0.07741309702396393,0.01830645650625229,0.0010875171283259988,0.00040945332148112357,1.171590724879934e-06,2.5097346224356443e-05,6.263091108849039e-06,5.1245187933091074e-05,0.0010697830002754927,8.713974239071831e-05,0.40898409485816956,0.0004472637374419719,0.0018845454324036837,0.00029161127167753875,0.00021380851103458554,3.373247920990252e-07,0.0019068762194365263,0.0003736287180799991,0.0004445133381523192,0.00010028346150647849,3.0266943213064224e-05,0.05293836444616318,0.0006645652465522289,0.0002804987016133964,0.0003067389188800007,2.7251433493802324e-05,0.01504068449139595,0.005663120187819004,0.0010747486958280206,0.000474351312732324,3.310405372758396e-05,0.000295302044833079,0.060129523277282715,0.0016531369183212519,0.0001836302108131349,0.00037523420178331435,0.059102535247802734,0.006240778136998415,0.0008369800634682178,0.0031097226310521364,0.0014716323930770159,0.0014557306421920657,0.014354987069964409,0.0002435853093629703,0.012206457555294037,3.0033350412850268e-05,0.00929093174636364,0.0002752024447545409,0.002028651535511017,0.0012713392497971654,0.0013990015722811222,0.000163525459356606,0.00014341289352159947,0.00015530665405094624,0.00027275682077743113,0.002745451405644417,0.1370479166507721,0.0013535195030272007,0.007046522572636604,0.0009612950379960239,0.0012722222600132227,0.0001546173880342394,2.209752710768953e-05,0.0002959888952318579
/users/PAS2099/jianyanggu/PlotDiversiVision/data/CPER_001/CPER_001_PlantDiversity_40_ 1_1_20140619-straightened.jpg,CPER_001/CPER_001_PlantDiversity_40_ 1_1_20140619-straightened.jpg,CPER,2014,,CPER_001,40_1_1,40,1,1,20140619,true,CPER_001_PlantDiversity_40_ 1_1_20140619-straightened_r2_c1,3,2,1,611,1202,1222,1803,73,0.001966221258044243,9.757028601597995e-05,0.0036334150936454535,0.0031901777256280184,9.138642781181261e-06,0.0003271502209827304,0.0030089453794062138,0.00029395445017144084,0.013950211927294731,0.11685717105865479,0.014907815493643284,5.2773139032069594e-05,0.002865946851670742,4.748825688238867e-08,1.0370737982157152e-05,8.994966265163384e-07,2.0136300008744e-05,9.537662117509171e-05,1.0028912583948113e-05,0.10059355944395065,3.2249481591861695e-05,0.022137127816677094,4.854684084421024e-05,0.0008805670659057796,3.0973455977800768e-06,0.0009354333742521703,8.669213275425136e-05,0.00021747891150880605,2.801529490170651e-06,1.4354908671521116e-05,0.31180164217948914,0.001103471964597702,3.028611172339879e-05,1.533596332592424e-05,1.890872954390943e-05,0.012494112364947796,0.004044964909553528,0.0012655665632337332,0.00022609053121414036,1.0546472140049445e-06,0.00023741494806017727,0.008268128149211407,0.0005138046108186245,3.0298822821350768e-05,0.0003323375713080168,0.026235593482851982,0.006177818868309259,7.339860894717276e-05,0.000143966477480717,0.0006216467591002584,0.015736065804958344,0.05978142097592354,0.00022585518308915198,0.000691932684276253,3.2608226320007816e-05,0.0031958292238414288,6.569427205249667e-05,0.00018736701167654246,0.0004972011665813625,0.0002097690594382584,1.0736779586295597e-05,9.685636541689746e-06,5.237204459263012e-05,1.503859311924316e-05,0.0008061940898187459,0.25092417001724243,0.00019412903930060565,0.005877356976270676,0.00013072443834971637,0.000747992075048387,2.9803717552567832e-05,9.016820513352286e-06,0.0006839287816546857
/users/PAS2099/jianyanggu/PlotDiversiVision/data/CPER_001/CPER_001_PlantDiversity_40_ 1_1_20140619-straightened.jpg,CPER_001/CPER_001_PlantDiversity_40_ 1_1_20140619-straightened.jpg,CPER,2014,,CPER_001,40_1_1,40,1,1,20140619,true,CPER_001_PlantDiversity_40_ 1_1_20140619-straightened_r2_c2,3,2,2,1222,1202,1833,1803,73,0.00014999316772446036,8.74321449373383e-06,0.0011974298395216465,0.00033326094853691757,1.2915671504742932e-05,4.992065441911109e-05,0.003498747479170561,0.00037348808837123215,0.010600434616208076,0.05396132916212082,0.0015592665877193213,1.5985575373633765e-05,0.00011045720748370513,2.628503281698613e-08,2.387645281487494e-07,9.263880684784453e-08,3.4269626212335424e-06,3.6257457395549864e-05,3.85140674552531e-06,0.7125821113586426,3.8683983802911825e-06,0.0036736277397722006,1.2053847967763431e-05,0.00030037411488592625,1.6559945947847154e-07,0.00012522029282990843,2.243072958663106e-05,1.2177245480415877e-05,2.7580347250477644e-07,1.0896760613832157e-06,0.06076207384467125,0.00010399676102679223,1.4889398698869627e-05,1.4833661907687201e-06,4.49596882390324e-07,0.004639155697077513,0.0002279684122186154,6.173556175781414e-05,2.0614712411770597e-05,3.906299355094234e-07,5.321793196344515e-06,0.005961930844932795,2.7259680791758e-05,2.7873661565536167e-06,0.0001141092216130346,0.01983219012618065,0.0011679792078211904,9.902075544232503e-05,6.227580161066726e-05,2.1661386199411936e-05,0.0026133530773222446,0.09820760041475296,7.678628207941074e-06,0.00023978258832357824,9.937565664586145e-06,0.0002246387884952128,1.30525213535293e-05,5.887883162358776e-05,0.0001163411870948039,1.3584284715761896e-05,7.229326001834124e-06,5.423610673460644e-06,2.034192584687844e-05,1.129778229369549e-05,0.0002632653049658984,0.01469402201473713,6.931590178282931e-05,0.0011176015250384808,5.341666837921366e-05,0.00011252368858549744,5.369838163460372e-06,1.6381525711040013e-05,0.000342405226547271
/users/PAS2099/jianyanggu/PlotDiversiVision/data/CPER_001/CPER_001_PlantDiversity_40_1_3_20140619-straightened.jpg,CPER_001/CPER_001_PlantDiversity_40_1_3_20140619-straightened.jpg,CPER,2014,,CPER_001,40_1_3,40,1,3,20140619,true,CPER_001_PlantDiversity_40_1_3_20140619-straightened_r0_c0,3,0,0,0,0,652,686,73,0.002780792536213994,0.00012770105968229473,0.00023274298291653395,0.024475257843732834,2.1022393411840312e-05,0.0005159001448191702,0.014670813456177711,0.0009182821959257126,0.015526826493442059,0.08759044110774994,0.004173890687525272,2.102592225128319e-05,0.004129577428102493,9.533059674993183e-09,4.856829946220387e-06,1.302603550357162e-06,5.1149669161532074e-05,6.402745930245146e-05,3.463707253104076e-05,0.062261324375867844,2.509561636543367e-05,0.021918732672929764,4.798143345396966e-05,0.0002344064851058647,4.373378033051267e-05,0.0008828271529637277,0.00013631874753627926,0.0004464471130631864,1.0694548109313473e-06,7.92713944974821e-06,0.1289229840040207,0.00151710188947618,5.016187787987292e-05,3.304159690742381e-05,3.103615381405689e-05,0.04573940858244896,0.0013160008238628507,0.0017121380660682917,0.0003454142715781927,1.3828584997099824e-06,0.00017339193436782807,0.0017838225467130542,0.0003704284317791462,1.1151713806611951e-05,0.0001204046347993426,0.02472638338804245,0.001457463949918747,0.00028591969748958945,0.00018363018170930445,0.0008221198222599924,0.00781119242310524,0.47567108273506165,0.0003785740409512073,0.00024610612308606505,3.0873081414029e-05,0.008708366192877293,3.7852329114684835e-05,8.316802268382162e-05,0.00022853317204862833,0.00012961661559529603,2.6002800950664096e-05,4.29466635978315e-05,4.1293369577033445e-05,3.889629078912549e-05,0.0013862672494724393,0.04931141436100006,0.0001110328666982241,0.0018595864530652761,0.0002358910714974627,0.0007262991275638342,1.7862585082184523e-05,2.234128987765871e-05,0.001905327197164297
/users/PAS2099/jianyanggu/PlotDiversiVision/data/CPER_001/CPER_001_PlantDiversity_40_1_3_20140619-straightened.jpg,CPER_001/CPER_001_PlantDiversity_40_1_3_20140619-straightened.jpg,CPER,2014,,CPER_001,40_1_3,40,1,3,20140619,true,CPER_001_PlantDiversity_40_1_3_20140619-straightened_r0_c1,3,0,1,652,0,1305,686,73,0.0058175986632704735,4.4301661546342075e-05,0.00012942292960360646,0.0039058702532202005,4.2019080865429714e-05,0.00010189571912633255,0.007954808883368969,0.0005866714054718614,0.005134013015776873,0.033980272710323334,0.0010360744781792164,4.311870361561887e-05,0.0008787013939581811,4.1094683211895244e-08,6.632175063714385e-05,7.05393119915243e-07,2.6853922463487834e-05,0.00016131295706145465,8.540118869859725e-05,0.06161864846944809,7.259466656250879e-06,0.020760316401720047,0.00011645203630905598,0.00043367815669626,1.2277788528081146e-06,0.0005739585030823946,1.2682909982686397e-05,0.006831730250269175,1.0420143325973186e-06,0.00014709355309605598,0.041732724756002426,0.003638783236965537,0.00016752598457969725,0.0002717317547649145,6.437916454160586e-05,0.008299127221107483,0.0011888534063473344,0.0004726984479930252,0.00010728351480793208,4.409796019899659e-06,2.031165968219284e-05,0.0032425299286842346,0.0008602081798017025,9.414184023626149e-05,0.00020808343833778054,0.03080866113305092,0.0012338845990598202,0.0002615352859720588,0.00039305305108428,0.0003765159926842898,0.004410156048834324,0.6896622180938721,0.00014157345867715776,0.0002879501262214035,0.00010620000102790073,0.0011511032935231924,3.25655892083887e-05,0.00015584730135742575,0.00014121424464974552,0.0001449600822525099,8.228191290982068e-05,0.00020668476645369083,0.00010760526492958888,1.0021838534157723e-05,0.00036451302003115416,0.053721778094768524,0.00012153198622399941,0.0017282083863392472,0.00035862912773154676,0.0010693504009395838,3.985106377513148e-05,7.146377902245149e-05,0.0019383166218176484
/users/PAS2099/jianyanggu/PlotDiversiVision/data/CPER_001/CPER_001_PlantDiversity_40_1_3_20140619-straightened.jpg,CPER_001/CPER_001_PlantDiversity_40_1_3_20140619-straightened.jpg,CPER,2014,,CPER_001,40_1_3,40,1,3,20140619,true,CPER_001_PlantDiversity_40_1_3_20140619-straightened_r0_c2,3,0,2,1305,0,1957,686,73,0.23941974341869354,0.00018126243958249688,0.0007074851891957223,0.006520024500787258,0.0006062531610950828,0.0026124317664653063,0.015673335641622543,0.000690632441546768,0.04057855159044266,0.07753808051347733,0.01570313796401024,3.222893792553805e-05,0.006171622313559055,5.316869078342279e-08,9.86804207059322e-06,1.1473709491838235e-05,6.792430212954059e-05,0.0006419941200874746,0.00021928575006313622,0.042643241584300995,7.245690358104184e-05,0.003502908395603299,0.00015223008813336492,0.00030077723204158247,1.9807083617706667e-07,0.001450856914743781,0.0006133199785836041,0.0007565347477793694,1.950270052475389e-05,2.620134000608232e-05,0.26132717728614807,0.00193182029761374,5.017200965085067e-05,0.0003202551160939038,8.212008833652362e-05,0.053741030395030975,0.007266291417181492,0.0034634985495358706,0.0010339341824874282,1.6062132317529176e-06,0.0015615500742569566,0.02585851401090622,0.0004548184806481004,5.9718175180023536e-05,0.0009153792052529752,0.010036502964794636,0.0007292639929801226,0.00412510521709919,0.004898945335298777,0.000726354424841702,0.004468442872166634,0.054165005683898926,0.0026102999690920115,0.01686655730009079,0.00012277282075956464,0.045433685183525085,6.392836075974628e-05,0.00012669904390349984,0.0008337420877069235,0.002467106096446514,1.6481539205415174e-05,0.00013950619904790074,1.0819087947311345e-05,0.0006145284278318286,0.004033299628645182,0.017533494159579277,0.0005924172000959516,0.005376909859478474,0.0024955591652542353,0.00438800361007452,5.164452159078792e-05,0.00022102669754531235,0.0018603522330522537
/users/PAS2099/jianyanggu/PlotDiversiVision/data/CPER_001/CPER_001_PlantDiversity_40_1_3_20140619-straightened.jpg,CPER_001/CPER_001_PlantDiversity_40_1_3_20140619-straightened.jpg,CPER,2014,,CPER_001,40_1_3,40,1,3,20140619,true,CPER_001_PlantDiversity_40_1_3_20140619-straightened_r1_c0,3,1,0,0,686,652,1371,73,0.0028673498891294003,4.088650894118473e-05,0.002604524604976177,0.0007818829035386443,0.00011876437929458916,0.00015484065806958824,0.010961360298097134,0.00032368837855756283,0.10401356220245361,0.4657582938671112,0.007451937068253756,0.00029149811598472297,0.00013426743680611253,8.077108759607654e-08,2.0259138182154857e-05,1.740639618219575e-06,1.948361750692129e-05,0.00019769699429161847,3.913312320946716e-05,0.06261987239122391,2.377077726123389e-05,0.004299183841794729,2.0056824723724276e-05,7.87092576501891e-05,5.434458785202878e-07,0.000280393025605008,0.00022316879767458886,0.0006143276114016771,1.0729625500971451e-05,8.456612704321742e-06,0.19171056151390076,0.0013914875453338027,0.00012209624401293695,0.0001004114092211239,1.4932909834897146e-05,0.008769547566771507,0.003737190505489707,0.0015686268452554941,0.00026102823903784156,1.7802326510718558e-06,9.270467853639275e-05,0.00646941689774394,0.00030989357037469745,5.3681193094234914e-05,0.0002702568599488586,0.03638455644249916,0.0018259386997669935,0.001208650297485292,0.00026982833514921367,0.00020140559354331344,0.0013787326170131564,0.03427204117178917,0.0002150061191059649,0.0041432627476751804,4.708881169790402e-05,0.0017120030242949724,0.00010412734263809398,0.0002914047217927873,0.00039979026769287884,0.0003213741001673043,9.619961201678962e-05,3.2949246815405786e-05,5.1556999096646905e-05,7.63720745453611e-05,0.0004773814289364964,0.03449238836765289,0.00015933891700115055,0.0013446484226733446,0.00047312109381891787,0.0006000509602017701,4.064981112605892e-05,3.865095641231164e-05,0.0005073737702332437
/users/PAS2099/jianyanggu/PlotDiversiVision/data/CPER_001/CPER_001_PlantDiversity_40_1_3_20140619-straightened.jpg,CPER_001/CPER_001_PlantDiversity_40_1_3_20140619-straightened.jpg,CPER,2014,,CPER_001,40_1_3,40,1,3,20140619,true,CPER_001_PlantDiversity_40_1_3_20140619-straightened_r1_c1,3,1,1,652,686,1305,1371,73,0.0026081299874931574,8.024221642699558e-06,0.005702028051018715,0.00014292728155851364,6.787973688915372e-05,2.1949399524601176e-05,0.0018256783951073885,2.4413760911556892e-05,0.17643064260482788,0.37929290533065796,0.009369835257530212,0.00016830545791890472,6.754703645128757e-05,4.910347684017324e-07,2.1469260900630616e-05,7.13438225830032e-07,9.793637218535878e-06,0.0005268604727461934,1.7945083527592942e-05,0.028909826651215553,3.7726327718701214e-05,0.001489916117861867,5.358329417504137e-06,0.0002241846959805116,1.2209779924887698e-06,0.00023000591318123043,7.188342715380713e-05,1.8907350749941543e-05,6.212309926922899e-06,5.963936473563081e-06,0.10809043049812317,0.00017987104365602136,9.584123472450301e-05,3.82985090254806e-05,1.4561608168150997e-06,0.0013090908760204911,0.011834283359348774,0.00043076949077658355,6.58364879200235e-05,2.192570718761999e-06,3.574473885237239e-05,0.003704214235767722,4.1911163862096146e-05,1.7697417433737428e-06,0.00013470073463395238,0.005077218171209097,0.00023216739646159112,2.4102286261040717e-05,8.127860928652808e-05,3.11276780848857e-05,0.00048416643403470516,0.002841506851837039,2.515282540116459e-05,0.0027381388936191797,1.270396182917466e-06,0.0017227510688826442,0.00012176024029031396,3.491058305371553e-05,0.0007032149587757885,0.00019509330741129816,9.221282198268455e-06,4.3603497033473104e-05,4.193561380816391e-06,1.5400444681290537e-05,0.00010726914479164407,0.2447124570608139,0.001257989788427949,0.004391821101307869,8.818537025945261e-05,0.0005256318836472929,5.081143626739504e-06,1.7263675545109436e-05,0.0012329054297879338
/users/PAS2099/jianyanggu/PlotDiversiVision/data/CPER_001/CPER_001_PlantDiversity_40_1_3_20140619-straightened.jpg,CPER_001/CPER_001_PlantDiversity_40_1_3_20140619-straightened.jpg,CPER,2014,,CPER_001,40_1_3,40,1,3,20140619,true,CPER_001_PlantDiversity_40_1_3_20140619-straightened_r1_c2,3,1,2,1305,686,1957,1371,73,0.0025298253167420626,2.203278745582793e-05,0.001998571213334799,6.173829024191946e-05,0.000777035194914788,0.0008643358596600592,0.004436087794601917,0.00016215257346630096,0.3412863314151764,0.23617859184741974,0.00200951867736876,3.226547050871886e-05,0.0007787978975102305,1.104657130213127e-07,1.1743599088731571e-06,5.85802945352043e-06,5.2418392442632467e-05,0.00026053443434648216,7.26428424968617e-06,0.07600964605808258,5.702283306163736e-05,0.0008843605755828321,1.7788463082979433e-05,0.0003430361393839121,9.848921678212719e-09,0.002482673851773143,0.0003780270053539425,1.8227887267130427e-05,3.9151564124040306e-06,1.8602153431857005e-05,0.028370676562190056,0.00025086913956329226,8.05587387731066e-06,3.17594240186736e-05,9.833845069806557e-06,0.027283811941742897,0.0015993433771654963,5.033802517573349e-05,0.0003855946706607938,1.154134906755644e-06,6.403990118997172e-05,0.010706690140068531,0.0011178086278960109,5.4394342441810295e-05,0.0016551805892959237,0.007208671886473894,0.0833975076675415,0.0006260156515054405,0.0011924274731427431,2.8166716219857335e-05,0.003418592968955636,0.0049692061729729176,0.0007185962167568505,0.005603678058832884,8.399473881581798e-05,0.004406169056892395,1.1914487004105467e-05,0.0005416102358140051,0.00041488694841973484,0.00035926298005506396,6.0524533182615414e-05,2.792407394736074e-05,7.769869625917636e-06,0.00037215769407339394,0.0007073852466419339,0.13807110488414764,0.0004578001971822232,0.0032978029921650887,0.00033039081608876586,0.00028843595646321774,1.3038666111242492e-05,1.0434862815600354e-05,0.00010697043762775138
/users/PAS2099/jianyanggu/PlotDiversiVision/data/CPER_001/CPER_001_PlantDiversity_40_1_3_20140619-straightened.jpg,CPER_001/CPER_001_PlantDiversity_40_1_3_20140619-straightened.jpg,CPER,2014,,CPER_001,40_1_3,40,1,3,20140619,true,CPER_001_PlantDiversity_40_1_3_20140619-straightened_r2_c0,3,2,0,0,1371,652,2057,73,0.0004358553560450673,7.226108209579252e-07,0.0019556647166609764,1.5088227883097716e-05,0.0001607096492080018,1.4122964785201475e-05,0.0013990160077810287,3.710954842972569e-05,0.3034709095954895,0.4122369587421417,0.002922771032899618,1.057091594702797e-05,1.3815977581543848e-05,4.042451706709471e-08,7.870057316949897e-08,1.0871529099176769e-07,4.993192419533443e-07,0.00010542008385527879,1.2750417681672843e-06,0.04871940612792969,1.674503437243402e-05,0.00037650560261681676,7.057534730847692e-06,0.0004337654681876302,1.885587463945626e-09,0.0001123055990319699,1.9415023416513577e-05,5.393000037656748e-07,1.6218325527006527e-06,5.246872660791269e-07,0.060599908232688904,1.0847595149243716e-05,6.260361260501668e-06,9.712261999084149e-07,4.09272701062946e-07,0.0009106558281928301,0.0002803058596327901,3.948980156565085e-05,6.818460860813502e-06,9.507597553692904e-08,5.076861634734087e-05,0.04656931757926941,2.678749297047034e-05,1.2176237760286313e-06,0.0008223889744840562,0.008376599289476871,0.002954337280243635,1.4103584362601396e-05,4.943956446368247e-05,9.58970940700965e-06,0.00041480601066723466,0.0008567229378968477,6.9366765274025965e-06,0.0004538303182926029,6.853508239146322e-06,0.0005247080698609352,6.500933409370191e-07,2.6348059691372328e-05,0.00010862881754292175,0.00010128099529538304,4.5277502067619935e-06,8.318695108755492e-06,1.1837594229291426e-06,1.9364060790394433e-05,4.828914097743109e-05,0.08923755586147308,0.0006735945935361087,0.014133011922240257,1.359939415124245e-05,0.0001035689638229087,3.007926636655611e-07,1.0484247923159273e-06,5.6021941418293864e-05
/users/PAS2099/jianyanggu/PlotDiversiVision/data/CPER_001/CPER_001_PlantDiversity_40_1_3_20140619-straightened.jpg,CPER_001/CPER_001_PlantDiversity_40_1_3_20140619-straightened.jpg,CPER,2014,,CPER_001,40_1_3,40,1,3,20140619,true,CPER_001_PlantDiversity_40_1_3_20140619-straightened_r2_c1,3,2,1,652,1371,1305,2057,73,0.0013340103905647993,9.315869647252839e-06,0.0008580094436183572,3.8169171602930874e-05,0.00011311837442917749,3.290965469204821e-05,0.003965822048485279,0.00043270335299894214,0.10267315804958344,0.21287056803703308,0.003836452728137374,1.9982580852229148e-05,0.00036611719406209886,4.5623258415616874e-07,1.4194542927725706e-06,8.705396226105222e-07,1.3977202797832433e-05,0.00012759596575051546,6.007531283103162e-06,0.4797661304473877,1.8298684153705835e-05,0.0029081725515425205,6.250303704291582e-05,7.2355309384875e-05,1.3335841320127884e-09,5.67559472983703e-05,1.863754187070299e-05,3.0172883271006867e-05,1.6616839275229722e-05,1.9782575691351667e-05,0.012105095200240612,0.00019936451280955225,5.456397047964856e-05,7.63064599595964e-06,1.3750162679571076e-06,0.002052690600976348,0.0020798046607524157,0.00017606343317311257,0.00014891666069161147,6.533484793180833e-07,3.798209218075499e-05,0.05394255742430687,0.00027155052521266043,6.472146196756512e-05,0.0004754202382173389,0.023032156750559807,0.002983959624543786,2.842785579559859e-05,0.000447342375991866,1.4063954040466342e-05,0.0009726527496241033,0.014974507503211498,3.581956843845546e-05,0.00043618030031211674,2.331046198378317e-05,0.00014013888721819967,3.036975385839469e-06,0.0005571557558141649,0.00015619552868884057,0.0019190487219020724,3.0190498364390805e-05,4.707226253231056e-05,4.708570941147627e-06,1.7650987501838244e-05,0.00016214774223044515,0.06712952256202698,0.00040955969598144293,0.0037977786269038916,0.00029645906761288643,0.0010354781989008188,1.0070435564557556e-05,2.8704531359835528e-05,1.8239725250168703e-05
/users/PAS2099/jianyanggu/PlotDiversiVision/data/CPER_001/CPER_001_PlantDiversity_40_1_3_20140619-straightened.jpg,CPER_001/CPER_001_PlantDiversity_40_1_3_20140619-straightened.jpg,CPER,2014,,CPER_001,40_1_3,40,1,3,20140619,true,CPER_001_PlantDiversity_40_1_3_20140619-straightened_r2_c2,3,2,2,1305,1371,1957,2057,73,0.00036882850690744817,3.300936668892973e-06,0.024750949814915657,0.00011052167974412441,0.00030244135996326804,8.745719242142513e-05,0.0005655610002577305,0.0003516930155456066,0.1947808414697647,0.26390817761421204,0.0006350773619487882,0.0004665952001232654,4.0016388084040955e-05,1.5181599621882924e-07,3.5057153127127094e-06,1.3144959666533396e-05,0.00011439555237302557,0.0017076265066862106,1.1572540643101092e-05,0.03485174849629402,0.0001728031347738579,0.005079705733805895,2.1091822418384254e-05,0.0004976533236913383,5.730565888484307e-08,0.0019478658214211464,0.0014061670517548919,3.4647422580746934e-05,3.457374623394571e-05,9.558757483318914e-06,0.14244817197322845,0.00014906283468008041,2.7271116778138094e-05,9.670621693658177e-06,9.214615602104459e-06,0.004564758390188217,0.01094928290694952,0.0003901911259163171,0.00021752313477918506,1.4312705616248422e-06,3.145610753563233e-05,0.002523342613130808,0.00024226871028076857,4.622474079951644e-05,0.0002985861792694777,0.14860033988952637,0.005199810490012169,5.392687307903543e-05,0.00039761533844284713,6.566202500835061e-05,0.0011553320800885558,0.017256420105695724,0.00010069410927826539,0.020753372460603714,1.9848806914524175e-05,0.007104912307113409,3.102116170339286e-05,6.354720972012728e-05,0.00161446793936193,0.00034625636180862784,8.086247544270009e-05,2.115548159054015e-05,1.0126337656402029e-05,0.00035716049023903906,0.00011062544217566028,0.08983615040779114,0.002617602702230215,0.008767708204686642,0.00031989047420211136,0.00011116777022834867,6.519525868498022e-06,2.4405499061685987e-06,0.0008091712952591479
/users/PAS2099/jianyanggu/PlotDiversiVision/data/CPER_001/CPER_001_PlantDiversity_41_1_1_20140619-straightened.jpg,CPER_001/CPER_001_PlantDiversity_41_1_1_20140619-straightened.jpg,CPER,2014,,CPER_001,41_1_1,41,1,1,20140619,true,CPER_001_PlantDiversity_41_1_1_20140619-straightened_r0_c0,3,0,0,0,0,729,743,73,0.002761278999969363,5.74961404709029e-06,0.003644033335149288,0.0008519458351656795,5.1625422202050686e-05,6.392812065314502e-05,0.003554815659299493,0.0014085383154451847,0.03742295131087303,0.026282768696546555,0.012223461642861366,0.0005519535043276846,2.0376612155814655e-05,1.2567885221415054e-07,1.8617420209920965e-05,1.3493825008481508e-06,8.884547241905238e-06,8.633140532765538e-05,9.355790098197758e-05,0.2993709146976471,2.697558193176519e-05,0.0030945627950131893,0.0006130206165835261,0.00026244870969094336,1.6767978650022997e-07,0.00022835539130028337,3.469962393864989e-05,0.0002223111951025203,0.0001256651448784396,4.1730105294846e-05,0.23431475460529327,0.0015289305010810494,0.0001861771452240646,4.767418795381673e-05,6.668778951279819e-06,0.004478170070797205,4.4542448449647054e-05,0.0037253578193485737,0.0002524637966416776,3.550231485860422e-05,0.0006295912899076939,0.2619200348854065,0.002437880029901862,4.46513295173645e-05,0.001014191540889442,0.0018692017765715718,0.0026619057171046734,0.0001227522297995165,0.0006330520263873041,0.00029454592731781304,0.00708985049277544,0.01763760857284069,7.16187059879303e-07,0.0012904978357255459,0.00038304817280732095,0.0015845081070438027,0.0005673299892805517,8.817328489385545e-05,0.00013368413783609867,0.00045962538570165634,8.195579721359536e-05,0.00045189406955614686,0.0035572845954447985,6.17821206105873e-05,0.0023437889758497477,0.03710850328207016,0.000709506799466908,0.0124147217720747,4.248957338859327e-05,0.0007407822995446622,1.011015319818398e-05,1.336529658146901e-05,0.003907627891749144
/users/PAS2099/jianyanggu/PlotDiversiVision/data/CPER_001/CPER_001_PlantDiversity_41_1_1_20140619-straightened.jpg,CPER_001/CPER_001_PlantDiversity_41_1_1_20140619-straightened.jpg,CPER,2014,,CPER_001,41_1_1,41,1,1,20140619,true,CPER_001_PlantDiversity_41_1_1_20140619-straightened_r0_c1,3,0,1,729,0,1458,743,73,0.011380994692444801,5.06838368892204e-05,0.00039813193143345416,0.0008621977758593857,7.248363544931635e-05,1.8952321624965407e-05,0.002972831018269062,0.0003739118983503431,0.2324112057685852,0.1508675366640091,0.013677396811544895,0.0003324042772874236,0.00019588659051805735,7.612975849724535e-08,3.5503469462128123e-06,1.231900910170225e-06,1.839754986576736e-05,0.0001913065352709964,7.985741103766486e-05,0.09756656736135483,0.00011580775753827766,0.0059575955383479595,0.000134500369313173,1.3646463230543304e-06,1.0148964690870343e-07,4.9631147703621536e-05,1.3961989679955877e-05,0.00012476698611862957,1.1111020285170525e-05,9.233311175194103e-06,0.184224471449852,0.0006417289841920137,9.060429147211835e-05,1.381818492518505e-05,1.6593362488492858e-06,0.022271687164902687,0.0003726218128576875,0.005766463465988636,0.0010054459562525153,7.904326935204153e-07,0.0009696464985609055,0.03319079428911209,0.00092455861158669,3.323293276480399e-05,0.0007428895914927125,0.008462413214147091,0.001066281576640904,0.0002287055685883388,8.969024929683656e-05,0.00011829745926661417,0.006609971635043621,0.14946980774402618,6.954368245715159e-07,0.003182819113135338,9.467254130868241e-05,0.0009911577217280865,4.774364788318053e-05,8.335054008057341e-05,0.00023162401339504868,0.0007460617925971746,4.4746080675395206e-05,7.894331065472215e-05,0.0002825171104632318,1.7071122783818282e-05,0.00039487393223680556,0.04460044205188751,0.0005794022581540048,0.0058022537268698215,0.0004269328201189637,0.0011400238145142794,4.068337148055434e-05,3.6668079701485112e-06,0.007021102122962475
/users/PAS2099/jianyanggu/PlotDiversiVision/data/CPER_001/CPER_001_PlantDiversity_41_1_1_20140619-straightened.jpg,CPER_001/CPER_001_PlantDiversity_41_1_1_20140619-straightened.jpg,CPER,2014,,CPER_001,41_1_1,41,1,1,20140619,true,CPER_001_PlantDiversity_41_1_1_20140619-straightened_r0_c2,3,0,2,1458,0,2187,743,73,0.0030067923944443464,4.0433613321511075e-05,0.00032306797220371664,0.0038335302378982306,3.612023647292517e-05,6.692569149890915e-05,0.011257748119533062,0.0008229964878410101,0.010414971970021725,0.0362059585750103,0.0037307818420231342,4.198212263872847e-05,0.0005678309826180339,3.740248644135136e-08,4.5472679630620405e-06,1.823721902383113e-07,2.410130264252075e-06,1.6914174921112135e-05,2.593497993075289e-05,0.25267264246940613,2.9729608286288567e-05,0.012822074815630913,0.00038062644307501614,6.32345472695306e-05,4.3497203705555876e-07,0.0007262807339429855,3.0635204893769696e-05,0.0002692361595109105,8.043020898185205e-06,3.806712629739195e-05,0.14825555682182312,0.0019258854445070028,3.232884773751721e-05,3.90144887205679e-05,6.353748631227063e-06,0.023287322372198105,0.0003757015510927886,0.002833577338606119,0.0002122873702319339,1.499186510045547e-06,0.00016775513358879834,0.06967709213495255,0.00023679928563069552,5.0032735998684075e-06,0.00034679443342611194,0.015724925324320793,0.00032713066320866346,0.00024756311904639006,0.00020068473531864583,0.0006172759458422661,0.006564682815223932,0.3664100766181946,1.5622896171407774e-05,0.0006766582955606282,1.6498484910698608e-05,0.0016444592038169503,3.447142807999626e-05,0.00010778616706375033,0.00033367183641530573,0.00021404951985459775,2.0443912944756448e-05,0.0001939176145242527,0.00010682789434213191,2.0895859051961452e-05,0.0008619139553047717,0.008363303728401661,0.0004785521305166185,0.004246991127729416,0.00037135282764211297,0.0012708365684375167,8.743915714148898e-06,2.2550930225406773e-05,0.006054917816072702
/users/PAS2099/jianyanggu/PlotDiversiVision/data/CPER_001/CPER_001_PlantDiversity_41_1_1_20140619-straightened.jpg,CPER_001/CPER_001_PlantDiversity_41_1_1_20140619-straightened.jpg,CPER,2014,,CPER_001,41_1_1,41,1,1,20140619,true,CPER_001_PlantDiversity_41_1_1_20140619-straightened_r1_c0,3,1,0,0,743,729,1485,73,0.0008001613896340132,9.20922957448056e-06,0.010186590254306793,0.0001595169451320544,0.00016174119082279503,2.5550301870680414e-05,0.0018594659632071853,0.0010658317478373647,0.04605192691087723,0.009013120085000992,0.028926938772201538,0.006616716738790274,1.509670437371824e-05,2.9960884262436593e-07,3.204273525625467e-05,2.593799763417337e-06,1.3717210094910115e-05,0.0004650469636544585,0.0001741230662446469,0.46065831184387207,6.820861017331481e-06,0.0018823611317202449,0.00032121321419253945,0.00011379610077710822,6.575080480075712e-09,0.00016390765085816383,6.373017822625116e-05,2.1004521840950474e-05,0.0005911734770052135,1.0981079867633525e-06,0.118057981133461,6.468811625381932e-05,1.8405648006591946e-05,0.00028905068757012486,3.297385774203576e-05,0.0013082078658044338,1.1599798199313227e-05,0.003567109815776348,3.24310822179541e-05,5.277230684441747e-06,0.00012075837730662897,0.07601895183324814,0.0010105808032676578,1.9597795471781865e-05,0.00026418952620588243,0.00708355288952589,0.01123096700757742,1.887349208118394e-05,0.0011711141560226679,2.8514514269772917e-05,0.018529029563069344,0.0032770121470093727,2.291648968366644e-07,0.0016853177221491933,1.7647951608523726e-05,0.00038544187555089593,0.00020221063459757715,0.0006137203308753669,8.706397784408182e-05,0.0001665396266616881,0.00042318948544561863,0.0006654099561274052,0.00054693385027349,9.365500773128588e-06,0.00265180179849267,0.17042618989944458,0.0021359093952924013,0.004865962080657482,3.670103978947736e-05,0.0002060196129605174,1.8555588212620933e-06,3.0566996429115534e-05,0.003277837298810482
/users/PAS2099/jianyanggu/PlotDiversiVision/data/CPER_001/CPER_001_PlantDiversity_41_1_1_20140619-straightened.jpg,CPER_001/CPER_001_PlantDiversity_41_1_1_20140619-straightened.jpg,CPER,2014,,CPER_001,41_1_1,41,1,1,20140619,true,CPER_001_PlantDiversity_41_1_1_20140619-straightened_r1_c1,3,1,1,729,743,1458,1485,73,0.0010291184298694134,1.5822474779270124e-06,0.0006109664682298899,0.0005232975236140192,1.75359527929686e-05,4.215827175357845e-06,0.002399847377091646,0.00010621056571835652,0.02470056340098381,0.01729132980108261,0.45652467012405396,0.00016814129776321352,1.3717685760639142e-05,5.060770469356157e-09,3.5206133475185197e-07,7.519388134369365e-08,9.672859277998214e-07,1.541867823107168e-05,3.1914396458887495e-06,0.41781023144721985,9.854767995420843e-06,0.002651610178872943,8.612487727077678e-05,1.2095290003344417e-05,2.5559447180967254e-07,8.608809730503708e-05,9.470733857597224e-06,1.440296273358399e-05,1.3343703358259518e-05,3.084047420998104e-06,0.014998345635831356,3.5591965570347384e-05,8.403738320339471e-06,7.051515694911359e-06,3.2669089478076785e-07,0.0012674994068220258,0.00010753635433502495,0.00014386771363206208,2.896664000218152e-06,3.0686842933391745e-07,1.8235898096463643e-05,0.013254385441541672,4.639111284632236e-05,1.9363410501682665e-06,5.764664456364699e-05,0.003982300404459238,0.0014899171655997634,1.812125901778927e-06,2.439058789605042e-06,8.975642231234815e-06,0.0020529956091195345,0.007294178009033203,9.960892839444568e-07,0.0007306901970878243,5.170188615011284e-06,0.00027092863456346095,2.8902635676786304e-05,9.072515240404755e-05,1.5708816135884263e-05,2.4243665393441916e-05,3.395496605662629e-05,1.1521568012540229e-05,1.680726018093992e-05,7.63186449148634e-07,0.00015929625078570098,0.026241907849907875,0.00014023779658600688,0.001386405318044126,1.6517047697561793e-05,0.0001331391540588811,8.541871352463204e-07,1.7873148863145616e-06,0.0017986784223467112
/users/PAS2099/jianyanggu/PlotDiversiVision/data/CPER_001/CPER_001_PlantDiversity_41_1_1_20140619-straightened.jpg,CPER_001/CPER_001_PlantDiversity_41_1_1_20140619-straightened.jpg,CPER,2014,,CPER_001,41_1_1,41,1,1,20140619,true,CPER_001_PlantDiversity_41_1_1_20140619-straightened_r1_c2,3,1,2,1458,743,2187,1485,73,0.0009645720128901303,3.4577799397084164e-06,0.001351275946944952,0.0047125318087637424,0.00010820340685313568,5.1672945119207725e-05,0.0051934244111180305,0.0021613435819745064,0.011098054237663746,0.012686468660831451,0.023653574287891388,8.055112630245276e-06,8.047223673202097e-05,1.5533899500042025e-08,1.8554536609372008e-06,4.685383885316696e-07,2.838309228536673e-06,6.867340562166646e-05,0.00012825134035665542,0.3967687785625458,4.408707536640577e-05,0.010085638612508774,0.0007479040650650859,0.0001060842550941743,4.404063531637803e-07,4.122823156649247e-05,3.5393757571000606e-05,3.236596967326477e-05,2.087114808091428e-05,9.124883604272327e-07,0.45128872990608215,0.0004121661768294871,3.3029375572368735e-06,1.8012380678555928e-05,5.133244030730566e-06,0.006640666630119085,5.0467853725422174e-05,0.002486495766788721,6.909936928423122e-05,5.894839887332637e-07,0.0008902407716959715,0.005096395034343004,4.226683813612908e-05,3.568508191165165e-06,9.934682748280466e-05,0.00295874010771513,0.00041564294951967895,8.606184564996511e-05,9.198916086461395e-05,0.00016307389887515455,0.0033589389640837908,0.0386483408510685,5.043508508606465e-07,0.000549114600289613,5.773336306447163e-05,0.005778806284070015,1.5025299035187345e-05,0.000406591163482517,0.0002456785296089947,4.74956032121554e-05,4.941117003909312e-05,0.00010194243077421561,5.924106153543107e-05,4.5422217226587236e-05,0.0008627522038295865,0.0018860925920307636,0.00010673983342712745,0.0009577522869221866,1.7572652723174542e-05,7.931534491945058e-05,2.918670816143276e-06,2.2947406250750646e-05,0.005718850530683994
/users/PAS2099/jianyanggu/PlotDiversiVision/data/CPER_001/CPER_001_PlantDiversity_41_1_1_20140619-straightened.jpg,CPER_001/CPER_001_PlantDiversity_41_1_1_20140619-straightened.jpg,CPER,2014,,CPER_001,41_1_1,41,1,1,20140619,true,CPER_001_PlantDiversity_41_1_1_20140619-straightened_r2_c0,3,2,0,0,1485,729,2228,73,0.0008964411681517959,8.886773684935179e-06,0.04519301652908325,4.696187170338817e-05,0.0011706793447956443,2.940032209153287e-05,0.00011182418529642746,0.00032094819471240044,0.22117523849010468,0.13465817272663116,0.001274129026569426,0.00041363018681295216,0.0004228128818795085,9.685534152481523e-09,7.823571763765358e-07,2.9748346150881844e-06,7.039139745756984e-06,0.0006942133186385036,5.4030104365665466e-05,0.10906614363193512,5.7788551202975214e-05,0.003529812442138791,0.0002508679172024131,1.39947296702303e-05,5.29663153614468e-11,0.0009749577729962766,0.0002254812716273591,9.120172762777656e-06,0.000269022915745154,1.6609693886948662e-07,0.03135376796126366,2.088886685669422e-05,5.168602456251392e-06,4.961786999047035e-06,6.1091818679415155e-06,0.0009282551473006606,0.0030641581397503614,0.00021788134472444654,4.105755215277895e-05,3.358398714681243e-08,4.493903543334454e-05,0.013555333018302917,0.0024244850501418114,8.988410991150886e-05,0.000583552464377135,0.3084850013256073,0.0028632874600589275,2.353217132622376e-05,0.00026012997841462493,0.00018808931054081768,0.0023436606861650944,0.00676068477332592,8.138117664202582e-06,0.003031279891729355,9.478089850745164e-06,0.00039030477637425065,1.9970113953604596e-06,2.4002802092581987e-05,7.283176091732457e-05,0.00022589796571992338,1.125005837820936e-05,9.391859930474311e-05,6.809174806221563e-07,8.95603297976777e-05,0.00043649409781210124,0.08796534687280655,0.002516568638384342,0.010108420625329018,2.6824496671906672e-05,1.09932243503863e-05,5.007419758840115e-07,9.22222352528479e-06,0.0008229031809605658
/users/PAS2099/jianyanggu/PlotDiversiVision/data/CPER_001/CPER_001_PlantDiversity_41_1_1_20140619-straightened.jpg,CPER_001/CPER_001_PlantDiversity_41_1_1_20140619-straightened.jpg,CPER,2014,,CPER_001,41_1_1,41,1,1,20140619,true,CPER_001_PlantDiversity_41_1_1_20140619-straightened_r2_c1,3,2,1,729,1485,1458,2228,73,0.0019698350224643946,4.8576521294307895e-06,0.005799481179565191,0.0001412321871612221,0.00013897259486839175,2.4218825274147093e-05,0.000480007438454777,4.053508018841967e-05,0.038972001522779465,0.152727872133255,0.0911075696349144,0.00018398099928162992,6.035332989995368e-05,2.8841947141700075e-07,1.0050980563391931e-06,3.822615781245986e-06,1.5840192645555362e-05,0.00022926522069610655,9.822164429351687e-06,0.09294421225786209,2.121277793776244e-05,0.014628027565777302,7.309859938686714e-05,0.00026046231505461037,3.484488217964099e-07,0.0003916929417755455,6.954155105631799e-05,2.9851546059944667e-05,3.10864343191497e-05,1.9752421849261736e-06,0.1126505583524704,0.00011479205568321049,1.5885092579992488e-05,1.578319279360585e-05,1.1887313121405896e-05,0.003259574295952916,4.6058237785473466e-05,0.00031916407169774175,1.221166894538328e-05,3.5263155950815417e-07,3.622247822931968e-05,0.02561468444764614,0.0007088801939971745,9.175686864182353e-05,0.0003307331062387675,0.06587212532758713,0.19821234047412872,3.743665729416534e-05,3.7728979805251583e-05,8.41484943521209e-05,0.002611160511150956,0.01293718907982111,4.620603704097448e-06,0.004492789041250944,9.284342377213761e-05,0.0005932911299169064,5.053146378486417e-05,0.0007948960410431027,0.00012904645700473338,8.358128252439201e-05,1.554116533952765e-05,1.7844222384155728e-05,0.00010158844816032797,1.3241996384749655e-05,0.00011265254579484463,0.16200345754623413,0.0002663889026734978,0.006654923781752586,1.9210187019780278e-05,8.239572343882173e-05,8.741947567614261e-06,2.069609536192729e-06,0.0010771757224574685
/users/PAS2099/jianyanggu/PlotDiversiVision/data/CPER_001/CPER_001_PlantDiversity_41_1_1_20140619-straightened.jpg,CPER_001/CPER_001_PlantDiversity_41_1_1_20140619-straightened.jpg,CPER,2014,,CPER_001,41_1_1,41,1,1,20140619,true,CPER_001_PlantDiversity_41_1_1_20140619-straightened_r2_c2,3,2,2,1458,1485,2187,2228,73,0.002041265834122896,3.3593037187529262e-06,0.001701811095699668,0.0006972664850763977,0.00027663493528962135,5.54506950720679e-05,0.0019342986634001136,0.00037495512515306473,0.010412614792585373,0.010009589605033398,0.012362928129732609,5.099031841382384e-05,6.231659790500998e-05,2.5762936672890646e-08,1.410477466379234e-06,1.8068380995828193e-06,6.420182216970716e-06,0.00018077086133416742,4.958447607350536e-05,0.4155117869377136,4.6950295654824004e-05,0.0009040595614351332,0.0006406097090803087,9.025669714901596e-05,1.562350959716241e-08,0.000312453688820824,0.00019549569697119296,2.6631225409801118e-05,0.0002774994936771691,4.869833105658472e-07,0.40298908948898315,0.00034295645309612155,4.1531425267749e-06,2.4024639060371555e-05,3.662593007902615e-05,0.002059144200757146,0.00016151985619217157,0.0002622386091388762,2.10869729926344e-05,1.2268707223483943e-06,0.00019249565957579762,0.06462704390287399,0.00038058095378801227,3.943594856536947e-05,0.000133050256408751,0.019607696682214737,0.0007614396745339036,7.112979074008763e-05,0.000155485060531646,0.00022990077559370548,0.02292686700820923,0.0023211182560771704,5.5190917919389904e-05,0.00513334758579731,2.147287523257546e-05,0.0031904575880616903,5.639935352519387e-06,0.0003365541051607579,7.535995246144012e-05,9.249369759345427e-05,9.816458259592764e-06,2.3848955606808886e-05,1.3411922736850102e-06,2.3483869881602004e-05,0.0003756251244340092,0.012910058721899986,0.00016763147141318768,0.0010278704576194286,2.506949931557756e-05,3.0770443117944524e-05,1.018722969092778e-06,4.7701847506687045e-05,0.0008671864052303135
/users/PAS2099/jianyanggu/PlotDiversiVision/data/CPER_001/CPER_001_PlantDiversity_41_1_4_20140619-straightened.jpg,CPER_001/CPER_001_PlantDiversity_41_1_4_20140619-straightened.jpg,CPER,2014,,CPER_001,41_1_4,41,1,4,20140619,true,CPER_001_PlantDiversity_41_1_4_20140619-straightened_r0_c0,3,0,0,0,0,610,613,73,0.0037269596941769123,0.000100747260148637,0.0034900601021945477,0.0010773495305329561,0.0005392841412685812,1.807856824598275e-05,0.0003927107900381088,0.0002360924263484776,0.29004812240600586,0.1744195818901062,0.005870761349797249,0.0009710938902571797,0.00026919026277028024,3.2573339581176697e-07,2.4042378754529636e-06,5.530316775548272e-05,0.00014312246639747173,0.0010467714164406061,6.62129677948542e-05,0.002798037603497505,0.0002143324672942981,5.831115777255036e-05,0.00018086648196913302,4.205991353956051e-05,7.85398299285589e-07,0.0020670825615525246,0.0020346937235444784,5.481630432768725e-05,0.00013061758363619447,9.678495189291425e-06,0.008248270489275455,0.0008463894482702017,1.065166088665137e-06,1.4781268873775844e-05,3.144835136481561e-05,0.022569922730326653,0.004515164066106081,0.002066719811409712,0.0013943641679361463,3.246728965677903e-06,0.0006444889586418867,0.040030092000961304,0.022269226610660553,0.0006494842818938196,0.0006206980324350297,0.039784692227840424,0.00629033986479044,0.0003385946911294013,0.002087558852508664,0.0003502582258079201,0.01817505806684494,0.0002556734252721071,0.0003564015496522188,0.0047820801846683025,0.00011921982513740659,0.006863458082079887,7.625802027177997e-06,0.00015787013398949057,0.00020548874454107136,0.011753515340387821,9.27047585719265e-06,5.76707088839612e-06,3.481493331491947e-05,0.0004216741363052279,0.05126728117465973,0.049862369894981384,0.06818133592605591,0.1439187377691269,0.00023832291481085122,8.391171286348253e-05,0.00010404687782283872,1.1522340173542034e-05,0.00036227377131581306
/users/PAS2099/jianyanggu/PlotDiversiVision/data/CPER_001/CPER_001_PlantDiversity_41_1_4_20140619-straightened.jpg,CPER_001/CPER_001_PlantDiversity_41_1_4_20140619-straightened.jpg,CPER,2014,,CPER_001,41_1_4,41,1,4,20140619,true,CPER_001_PlantDiversity_41_1_4_20140619-straightened_r0_c1,3,0,1,610,0,1220,613,73,0.001662533381022513,4.304962658352451e-06,0.00027457516989670694,3.97541698475834e-05,0.00010913681762758642,9.48258184507722e-06,0.00030000825063325465,5.251762559055351e-06,0.18851499259471893,0.1568673700094223,0.5758538246154785,4.7838461796345655e-06,2.756801768555306e-05,2.259147979799536e-09,1.472660748902399e-08,2.2211324335330573e-07,3.084172419676179e-07,2.605411827971693e-05,2.9082079322506615e-07,0.0008106126915663481,2.1850730263395235e-05,4.965182961313985e-05,1.887930125121784e-06,4.716763214673847e-06,6.111837791422658e-08,9.739321103552356e-05,5.084536041977117e-06,2.5241431558242766e-06,8.304330663122528e-07,6.795034579454295e-08,0.02135770581662655,1.5385057849925943e-05,3.179781060680398e-07,1.1704105418175459e-06,1.2729620948448428e-06,0.0008121602586470544,0.00015644464292563498,1.0880214176722802e-05,7.273068263202731e-07,3.1373659226119344e-09,1.0457893040438648e-05,0.003664956660941243,2.980472163471859e-05,7.15460691935732e-06,2.7666415917337872e-05,0.01752646639943123,0.001209912123158574,3.0329201763379388e-06,4.209989583614515e-06,6.934905741218245e-06,0.013083923608064651,0.00011012882896466181,2.283708454342559e-05,0.0006863224552944303,1.1117001577076735e-06,0.0001505477848695591,9.408741874494808e-08,4.9090003813034855e-06,6.238406967895571e-06,8.55758844409138e-06,2.5868700959108537e-07,1.677692722523716e-07,3.7545240161307447e-07,9.175694799523626e-07,5.6061504437820986e-05,0.01588514633476734,1.7121028577093966e-05,0.00027691031573340297,4.2396436583658215e-06,1.9556109691620804e-05,1.1021480617046109e-07,1.074438841897063e-06,0.00012158012395957485
/users/PAS2099/jianyanggu/PlotDiversiVision/data/CPER_001/CPER_001_PlantDiversity_41_1_4_20140619-straightened.jpg,CPER_001/CPER_001_PlantDiversity_41_1_4_20140619-straightened.jpg,CPER,2014,,CPER_001,41_1_4,41,1,4,20140619,true,CPER_001_PlantDiversity_41_1_4_20140619-straightened_r0_c2,3,0,2,1220,0,1830,613,73,0.013169853948056698,4.129507033212576e-06,0.0029389953706413507,0.0008216085261665285,0.0006366846500895917,5.801434599561617e-05,0.0038624408189207315,1.3144788681529462e-05,0.025711460039019585,0.13185997307300568,0.1290779411792755,0.00016726218746043742,0.00023390886781271547,1.5654173068924138e-07,2.898848947552324e-07,6.691300313832471e-07,8.824118594930042e-06,4.924590029986575e-05,4.881774202658562e-06,0.02566324919462204,9.52416485233698e-06,0.0013901485363021493,1.8259343050885946e-05,0.00021772617765236646,3.892535460181534e-06,0.0013655090006068349,3.0066692488617264e-05,1.3341300473257434e-05,1.8691271179704927e-06,7.750804797979072e-06,0.10870282351970673,0.00012037061242153868,2.3954436983331107e-05,8.076920494204387e-06,5.280611276248237e-06,0.007423326373100281,0.0011348138796165586,4.381224425742403e-05,1.4467930668615736e-05,2.0646844234306627e-07,3.217942139599472e-05,0.060907941311597824,8.95190896699205e-05,4.2271309212083e-05,0.0006720678065903485,0.06947948783636093,0.06869204342365265,9.230014984495938e-05,7.406969234580174e-05,4.881236964138225e-05,0.0056094941683113575,0.006270460318773985,3.175384699716233e-05,0.006133669521659613,2.8746037060045637e-05,0.0002821113739628345,2.6444120067026233e-06,0.00010241824929835275,0.0003449519572313875,1.8236647520097904e-05,2.0955212676199153e-05,3.083541014348157e-05,1.1416470442782156e-05,7.545542030129582e-05,0.00019162663375027478,0.3240887224674225,5.279083416098729e-05,0.0012080215383321047,2.9317585358512588e-05,0.0002294590522069484,2.7052126370108454e-06,3.410160388739314e-06,0.0002821684174705297
/users/PAS2099/jianyanggu/PlotDiversiVision/data/CPER_001/CPER_001_PlantDiversity_41_1_4_20140619-straightened.jpg,CPER_001/CPER_001_PlantDiversity_41_1_4_20140619-straightened.jpg,CPER,2014,,CPER_001,41_1_4,41,1,4,20140619,true,CPER_001_PlantDiversity_41_1_4_20140619-straightened_r1_c0,3,1,0,0,613,610,1225,73,0.00025164493126794696,5.741904374190199e-07,0.03609549254179001,2.1622829081024975e-05,0.0002159604919143021,1.4190229194355197e-05,0.0003094671410508454,7.863034261390567e-05,0.15303462743759155,0.5060563683509827,0.004780031740665436,2.9386719688773155e-05,2.7988853616989218e-05,2.709986191007374e-08,7.948216307340772e-08,1.4556856058334233e-06,1.945464418895426e-06,0.00010710984497563913,1.759458996275498e-06,0.01961519941687584,5.93813783780206e-05,0.00154066551476717,4.905081004835665e-05,6.612252036575228e-05,3.375436374852825e-09,0.0007641116972081363,2.740021409408655e-05,2.5511944841127843e-06,4.359275772003457e-05,2.0878225370779546e-07,0.1290382742881775,3.164796726196073e-05,5.768427399743814e-06,1.0494353546164348e-06,2.2813258055975894e-06,7.772138633299619e-05,0.00013820495223626494,1.0525349352974445e-05,2.804451924021123e-06,5.787840606785721e-08,7.498349077650346e-06,0.020212238654494286,5.418587534222752e-05,1.4298142559709959e-05,0.00012436149700079113,0.07730782777070999,0.006784263998270035,1.8905002434621565e-05,1.6951895304373465e-05,8.44224268803373e-05,0.001779027166776359,0.001162768923677504,1.2203100595797878e-05,0.0023834819439798594,7.991090569703374e-06,0.00024115487758535892,7.660747201043705e-07,1.7514841601951048e-05,3.440744330873713e-05,4.314607213018462e-05,1.2801863249478629e-06,4.303542027628282e-06,3.4919949030154385e-06,3.433585516177118e-05,7.532095332862809e-05,0.0356624498963356,0.00011004545376636088,0.0006411237991414964,2.063641431959695e-06,4.951646587869618e-06,7.207729169067534e-08,4.160615844739368e-06,0.0006439868011511862
/users/PAS2099/jianyanggu/PlotDiversiVision/data/CPER_001/CPER_001_PlantDiversity_41_1_4_20140619-straightened.jpg,CPER_001/CPER_001_PlantDiversity_41_1_4_20140619-straightened.jpg,CPER,2014,,CPER_001,41_1_4,41,1,4,20140619,true,CPER_001_PlantDiversity_41_1_4_20140619-straightened_r1_c1,3,1,1,610,613,1220,1225,73,0.032557595521211624,2.389104338362813e-05,0.004339965060353279,4.468409315450117e-05,0.0009896261617541313,8.807453559711576e-05,0.0008797821355983615,3.820108759100549e-05,0.2499241977930069,0.354474812746048,0.014556325040757656,6.511524406960234e-05,0.0009832816431298852,1.8137789936645277e-07,3.675721416129818e-07,3.521275175444316e-06,9.173158105113544e-06,0.0009668415877968073,5.693832008546451e-06,0.0010371983516961336,0.00032309372909367085,0.0011978588299825788,1.0486551218491513e-05,2.9845614335499704e-05,1.444129438255004e-08,0.0034639518707990646,5.845359919476323e-05,2.5921613996615633e-05,4.902888576907571e-06,5.207662070461083e-06,0.08751237392425537,0.00013806158676743507,1.3890780792280566e-05,3.3548244573466945e-06,5.258566488919314e-06,0.0035082614049315453,0.006260549183934927,0.00033186786458827555,3.624236705945805e-05,1.8275644109166933e-08,0.00015346752479672432,0.04524935781955719,0.00022913572320248932,8.612624515080824e-05,0.0016957855550572276,0.10924544930458069,0.006016119848936796,0.0004401837650220841,0.0002330265851924196,0.0002636269782669842,0.0024666194804012775,0.0033576334826648235,0.0003765579604078084,0.005187446251511574,1.9526545656844974e-05,0.0016648904420435429,9.168256269731501e-07,4.672235809266567e-05,0.0004025109810754657,0.0013141961535438895,9.114832550949359e-07,8.318106665683445e-06,2.303484279764234e-06,0.00017757643945515156,0.0013313725357875228,0.04327056556940079,0.001238166936673224,0.010888717137277126,0.00018402303976472467,0.00038462705560959876,6.197190032253275e-07,5.422532922239043e-06,0.000139882045914419
/users/PAS2099/jianyanggu/PlotDiversiVision/data/CPER_001/CPER_001_PlantDiversity_41_1_4_20140619-straightened.jpg,CPER_001/CPER_001_PlantDiversity_41_1_4_20140619-straightened.jpg,CPER,2014,,CPER_001,41_1_4,41,1,4,20140619,true,CPER_001_PlantDiversity_41_1_4_20140619-straightened_r1_c2,3,1,2,1220,613,1830,1225,73,0.01702779158949852,3.8817135646240786e-05,0.00965878926217556,0.0032828794792294502,0.003776409663259983,0.001222256920300424,0.024130387231707573,0.0004966039559803903,0.011499361135065556,0.015213736332952976,0.06052878871560097,0.002235912950709462,0.0004241590795572847,1.5012159337857156e-06,2.7072780994785717e-06,1.6913501895032823e-05,0.0001719330030027777,0.00018403689318802208,0.00010631834447849542,0.1320185512304306,0.00012428734044078737,0.0025238206144422293,0.00018626876408234239,0.0017922803526744246,1.120308638746792e-06,0.018781296908855438,0.0013149268925189972,0.0004631489864550531,5.571720976149663e-05,1.981194145628251e-05,0.06602800637483597,0.0023952547926455736,2.9210092179710045e-05,0.0002760245406534523,0.00011211990204174072,0.019386352971196175,0.0028334325179457664,0.0012521968455985188,0.00015611204435117543,2.025106596192927e-06,0.0001239057892234996,0.1559230238199234,0.0009973107371479273,0.0004270440840627998,0.0006704317056573927,0.1252284198999405,0.008855427615344524,0.008567534387111664,0.0048338985070586205,0.0011325869709253311,0.05470156669616699,0.014147693291306496,0.0013083023950457573,0.05244448408484459,0.00015115148562472314,0.0047508301213383675,3.8304944609990343e-05,0.000682638434227556,0.0004072676820214838,0.00017176911933347583,0.00026409170823171735,7.347900100285187e-05,1.6969470379990526e-05,0.0014686650829389691,0.0009404029115103185,0.15743514895439148,0.00020084372954443097,0.003398815868422389,0.00038263050373643637,0.00030732914456166327,6.078736532799667e-06,5.570804660237627e-06,0.00016515534662175924
/users/PAS2099/jianyanggu/PlotDiversiVision/data/CPER_001/CPER_001_PlantDiversity_41_1_4_20140619-straightened.jpg,CPER_001/CPER_001_PlantDiversity_41_1_4_20140619-straightened.jpg,CPER,2014,,CPER_001,41_1_4,41,1,4,20140619,true,CPER_001_PlantDiversity_41_1_4_20140619-straightened_r2_c0,3,2,0,0,1225,610,1838,73,0.028022730723023415,3.9565082261106e-05,0.013106761500239372,0.0012977947480976582,0.004413454793393612,0.00018049799837172031,0.0019384499173611403,0.0011777043109759688,0.046897031366825104,0.07723110169172287,0.005459710955619812,0.0006499238079413772,0.0005721572088077664,5.791219336970244e-06,5.6285040045622736e-05,3.511173781589605e-05,6.453653622884303e-05,0.007739356718957424,0.00027960771694779396,0.042655620723962784,0.0004328699433244765,0.00845874659717083,0.002506015356630087,0.0011879196390509605,7.961104131481989e-08,0.002721209079027176,0.003503016661852598,0.0003828320768661797,0.000892859126906842,9.57119027589215e-06,0.2240406721830368,0.0007350961095653474,5.345533645595424e-05,0.00034327059984207153,0.0004521373484749347,0.012770462781190872,0.00042638659942895174,0.0026979323010891676,0.00013222149573266506,2.4240964648925e-06,0.0005457396619021893,0.07857370376586914,0.001772021991200745,0.0003693786566145718,0.004714039620012045,0.1055261641740799,0.04368682950735092,0.0008372482261620462,0.004487439524382353,0.0008237397996708751,0.05787918344140053,0.0034133950248360634,0.00021299850777722895,0.06473659723997116,0.0003523237828630954,0.006188834551721811,0.00027896632673218846,0.011608934961259365,0.002206797944381833,0.002799354726448655,0.00016801814490463585,0.0002772349980659783,3.3862081181723624e-05,0.000501820060890168,0.009026160463690758,0.07116980105638504,0.011961279436945915,0.02140527404844761,0.00025032911798916757,0.00019222855917178094,6.681461400148692e-06,4.595025893650018e-05,0.00037533295108005404
/users/PAS2099/jianyanggu/PlotDiversiVision/data/CPER_001/CPER_001_PlantDiversity_41_1_4_20140619-straightened.jpg,CPER_001/CPER_001_PlantDiversity_41_1_4_20140619-straightened.jpg,CPER,2014,,CPER_001,41_1_4,41,1,4,20140619,true,CPER_001_PlantDiversity_41_1_4_20140619-straightened_r2_c1,3,2,1,610,1225,1220,1838,73,0.001470334129408002,8.57663599163061e-06,0.009277707897126675,0.00019763698219321668,0.0007290853536687791,0.0008646814385429025,0.0021653668954968452,5.316061287885532e-05,0.02603546530008316,0.060559678822755814,0.02262069471180439,0.00015984385390765965,0.0001537039061076939,3.0766852887609275e-07,1.1122085652459646e-06,1.8439288396621123e-05,5.5015116231516004e-05,0.0002066151355393231,1.3473602848534938e-05,0.06390572339296341,0.00010218597162747756,0.004059505648910999,0.00047110652667470276,0.001603881479240954,3.183030017339661e-08,0.0027937397826462984,0.00017540685075800866,4.453560904948972e-05,0.00020106506417505443,2.595013938844204e-06,0.1717541217803955,0.00060152547666803,6.0825345826742705e-06,2.1833471691934392e-05,3.3429256291128695e-05,0.003066099714487791,0.0003193508309777826,7.205029396573082e-05,2.4261762519017793e-05,4.9091987364136e-08,4.669891495723277e-05,0.09611260145902634,0.0019060664344578981,0.00013224453141447157,0.002982122590765357,0.08253500610589981,0.1730233132839203,0.0002747730177361518,0.001297802897170186,0.0005895085632801056,0.02734369970858097,0.004232182167470455,7.569002627860755e-05,0.002610456896945834,0.00013705274614039809,0.0034442066680639982,5.677206900145393e-06,0.001365356962196529,0.00020589915220625699,0.00013442857016343623,4.190487288724398e-06,2.2434009224525653e-05,2.2953920506552095e-06,0.00021321445819921792,0.00030741438968107104,0.2108200192451477,0.0005925793666392565,0.015438688918948174,7.042824290692806e-05,0.0001211407216032967,3.961921208883723e-07,1.475540443607315e-06,0.00010137219214811921
/users/PAS2099/jianyanggu/PlotDiversiVision/data/CPER_001/CPER_001_PlantDiversity_41_1_4_20140619-straightened.jpg,CPER_001/CPER_001_PlantDiversity_41_1_4_20140619-straightened.jpg,CPER,2014,,CPER_001,41_1_4,41,1,4,20140619,true,CPER_001_PlantDiversity_41_1_4_20140619-straightened_r2_c2,3,2,2,1220,1225,1830,1838,73,0.02334437519311905,0.00020786830282304436,0.008203904144465923,0.0007889463449828327,0.004452361725270748,0.0001320782321272418,0.0019335373071953654,0.000360856152838096,0.11672255396842957,0.21604281663894653,0.08286724984645844,0.002382323145866394,0.001982654444873333,3.746626191514224e-07,7.0016790232330095e-06,3.1511299312114716e-05,9.260590741178021e-05,0.0022168790455907583,9.124359348788857e-05,0.01340237632393837,0.0006779073737561703,0.003931444138288498,0.0001249104243470356,0.00021027526236139238,1.95111567791173e-07,0.008849041536450386,0.0006734740454703569,0.00039737659972161055,4.156517388764769e-05,2.8254087737877853e-05,0.09534178674221039,0.0005604805774055421,1.421761953679379e-05,0.00010996760829584673,6.626202957704663e-05,0.007879692129790783,0.0035290205851197243,0.00043972491403110325,0.0004279914137441665,5.769470590166748e-07,0.0007766911294311285,0.04575700685381889,0.0031023502815514803,0.0008225931087508798,0.00039179829764179885,0.1181020438671112,0.028546100482344627,0.0007213314529508352,0.0008849947480484843,0.0010620240354910493,0.01911456696689129,0.00927704107016325,0.00014572565851267427,0.036379776895046234,0.00011164099123561755,0.006915288511663675,4.709661425295053e-06,0.0004287954361643642,0.0015324038686230779,0.0037863177713006735,4.783757322002202e-05,3.593805740820244e-05,1.0892672435147688e-05,0.0005682827322743833,0.006612120196223259,0.09636633843183517,0.001974969869479537,0.016757206991314888,0.00012652849545702338,0.0002086914173560217,1.2353471902315505e-05,3.494401971693151e-05,0.0008130715577863157
