image_path,relative_image_path,site_id,year,site_year,plot_id,subplot_id,subplot_base,subplot_row,subplot_col,image_date,is_straightened,crop_id,grid_size,grid_row,grid_col,x_min,y_min,x_max,y_max,species_count,Acer platanoides,Acer rubrum,Achillea millefolium,Actaea racemosa,Adiantum pedatum,Agrimonia parviflora,Agrostis gigantea,Ailanthus altissima,Alliaria petiolata,Allium vineale,Ambrosia artemisiifolia,Amphicarpaea bracteata,Anthoxanthum odoratum,Apocynum cannabinum,Arrhenatherum elatius,Asarum canadense,Asclepias syriaca,Asimina triloba,Asplenium pinnatifidum,Asplenium platyneuron,Barbarea vulgaris,Berberis thunbergii,Boehmeria cylindrica,Botrychium virginianum,Bromus arvensis,Cardamine concatenata,Carex amphibola,Carex brevior,Carex conjuncta,Carex gracilescens Steud.,Carex gravida,Carex hirsutella,Carex muehlenbergii,Carex platyphylla,Carex rosea,Carex vulpinoidea,Carpinus caroliniana,Carya cordiformis,Carya glabra,Carya ovalis,Carya alba,Celastrus orbiculatus,Celastrus scandens,Celtis occidentalis,Chondrilla juncea,Cirsium discolor,Clinopodium vulgare,Commelina communis,Conopholis americana,Convolvulus arvensis,Cornus florida,Corydalis flavula,Cruciata pedemontana,Cynoglossum officinale,Cyperus lupulinus,Daucus carota,Sitobolium punctilobum,Deparia acrostichoides,Hylodesmum nudiflorum,Dianthus armeria,Dioscorea villosa,Diospyros virginiana,Dipsacus laciniatus,Potentilla indica,Echium vulgare,Elaeagnus umbellata,Elymus repens,Erigeron annuus,Eurybia divaricata,Festuca subverticillata,Fraxinus americana,Fraxinus pennsylvanica,Galearis spectabilis,Galium aparine,Galium circaezans,Galium latifolium,Galium mollugo,Galium triflorum,Geranium columbinum,Geranium maculatum,Geum canadense,Gillenia trifoliata,Hackelia virginiana,Heuchera americana,Hydrangea arborescens,Impatiens capensis,Ipomoea pandurata,Juglans nigra,Lactuca serriola,Leersia virginica,Leucanthemum vulgare,Linaria vulgaris,Lindera benzoin,Liriodendron tulipifera,Lonicera japonica,Lonicera maackii,Medicago lupulina,Menispermum canadense,Microstegium vimineum,Morus alba,Nyssa sylvatica,Osmorhiza claytonii,Osmorhiza longistylis,Oxalis stricta,Panax quinquefolius,Paronychia canadensis,Parthenocissus quinquefolia,Peltandra virginica,Phleum pratense,Phryma leptostachya,Pilea pumila,Plantago lanceolata,Podophyllum peltatum,Polygonatum biflorum,Persicaria perfoliata,Polygonum sagittatum,Persicaria virginiana,Polystichum acrostichoides,Potentilla recta,Prenanthes altissima L.,Prunella vulgaris,Prunus avium,Quercus alba,Quercus montana,Quercus rubra,Quercus velutina,Ranunculus abortivus,Robinia pseudoacacia,Rosa multiflora,Rubus allegheniensis,Rubus flagellaris,Rubus phoenicolasius,Rumex acetosella,Sanguinaria canadensis,Sanicula canadensis,Sassafras albidum,"Schedonorus arundinaceus (Schreb.) Dumort., nom. cons.",Scutellaria serrata,Silene antirrhina,Silene latifolia,Silene vulgaris,Smilax rotundifolia,Smilax tamnoides,Solidago altissima,Solidago curtisii,Stellaria media,Stellaria pubera,Symphoricarpos orbiculatus,Teucrium canadense,Thalictrum thalictroides,Amauropelta noveboracensis,Toxicodendron radicans,Tragopogon dubius,Trifolium arvense,Trifolium campestre,Trifolium pratense,Uvularia perfoliata,Verbascum thapsus L.,Verbesina alternifolia,Verbesina occidentalis,Veronica hederifolia,Viburnum prunifolium,Vicia sativa,Vicia tetrasperma
/users/PAS2099/jianyanggu/PlotDiversiVision/data/SCBI_005/SCBI_005_PlantDiversity_31_1_1_20140613.jpg,SCBI_005/SCBI_005_PlantDiversity_31_1_1_20140613.jpg,SCBI,2014,,SCBI_005,31_1_1,31,1,1,20140613,false,SCBI_005_PlantDiversity_31_1_1_20140613_r0_c0,3,0,0,0,0,770,745,164,3.684642280177286e-08,2.3961899842106504e-07,4.586836510611647e-08,5.169727046450134e-07,2.1092898805363802e-06,8.414507647103164e-06,5.233760020928457e-07,2.909072804868629e-07,3.513810952426866e-05,2.2443684883910464e-06,4.945277760270983e-05,9.035756374942139e-05,3.5164102882845327e-06,4.681220161728561e-05,1.6601470065324975e-07,1.0935053978755604e-05,6.878021281409019e-07,2.3910688469186425e-06,6.415837106032996e-08,5.932935209784773e-07,1.2081200395641645e-07,3.977281812694855e-05,6.210936408024281e-05,7.981444696270046e-07,2.2403456867436944e-08,6.0299325923551805e-06,3.989496690337546e-06,2.6394703311893863e-08,1.1702535829272165e-07,1.422878170842523e-07,3.5325538050301475e-08,1.727597265244185e-07,2.89916897600051e-07,7.223164175229613e-06,6.426397476388956e-07,3.841025772999274e-06,4.154549515078543e-06,1.0996415085173794e-06,1.8703950388498924e-07,5.069307817961999e-08,8.650594907066989e-08,1.6878753740456887e-05,1.2079772204742767e-07,3.2260010129903094e-07,4.691259292144423e-08,1.7032343535561267e-08,8.94135155249387e-07,0.0005854502669535577,2.6662104573915713e-05,2.74440679959298e-07,5.683208996742906e-07,2.4986786684166873e-06,6.632821509811038e-07,8.184623645490774e-09,1.3384874364419375e-06,2.725148817717127e-07,6.917493919900153e-06,1.6004992176021915e-07,1.1648699910438154e-05,3.824737632385222e-06,3.173941195200314e-06,5.436273795567104e-07,3.020424088617801e-08,9.070598025573418e-06,1.6630808730155877e-08,5.574181159317959e-06,1.6407876728408155e-06,1.6584188244905818e-07,6.191653938003583e-06,9.799015970202163e-06,2.1592361463262932e-06,3.102996288362192e-06,4.4899266526954307e-07,8.823981261230074e-06,5.483492714120075e-06,1.3277362143071514e-07,2.0292571889513056e-07,2.5117712993960595e-06,5.375270895058293e-09,4.965992275174358e-07,2.455327830830356e-06,2.4470991775160655e-06,2.531153950258158e-05,3.565930057902733e-07,2.3370957080715016e-07,2.5796000045374967e-05,7.031251243461156e-07,2.289445433234505e-07,3.415769072034891e-07,0.0005999331478960812,7.901494569750867e-08,6.611500680264726e-07,0.00011438661749707535,1.862663566498668e-06,4.792341496795416e-05,1.4115697013039608e-05,3.0050600230424607e-07,5.987642452964792e-06,0.9887958765029907,1.3151492339602555e-07,2.8901476412102056e-07,5.049604965279286e-07,3.7816329268025584e-07,5.20050434715813e-07,7.406281383737223e-07,7.0219837652985e-05,7.575526979053393e-07,3.614520949213329e-07,2.8676012675532547e-07,1.6698028048267588e-05,1.643601353862323e-05,1.4935945102934056e-07,8.577878816140583e-07,8.523378710378893e-06,0.0022608619183301926,7.487220136681572e-05,0.006561915390193462,1.751093441271223e-05,1.7910172900315047e-08,1.5671921573812142e-06,7.792246833560057e-06,6.762448823138811e-09,1.4803714698530257e-08,1.5700439837118552e-09,7.128795775912522e-09,1.1813039435537576e-09,2.4297340132761747e-05,8.143238972024847e-08,2.966190550068859e-06,2.4281735733211463e-08,8.2867978790091e-07,2.4718787244637497e-05,1.6632293409202248e-05,2.873921630452969e-06,5.952658170826908e-07,3.5724806366488338e-06,4.583773360877785e-09,8.307661119033583e-06,3.949504048250674e-07,3.707329767621559e-07,1.98663258288434e-07,1.0778012438095175e-05,7.078346584421524e-07,1.7126961893154657e-06,1.2137331850681221e-06,2.578173553047236e-05,2.620572740852367e-05,1.5443032680195756e-05,4.763266474583361e-07,1.87609850854642e-06,9.582799975760281e-06,7.72577004681807e-06,4.154149024770959e-08,2.1616181129502365e-06,4.817337639906327e-07,5.766917752225709e-07,1.4335198102344293e-05,9.000344647347447e-08,2.761589030342293e-06,1.5158836959017208e-06,5.172096734895604e-06,6.206666967045749e-07,5.860997021045478e-07,5.151557047611277e-07
/users/PAS2099/jianyanggu/PlotDiversiVision/data/SCBI_005/SCBI_005_PlantDiversity_31_1_1_20140613.jpg,SCBI_005/SCBI_005_PlantDiversity_31_1_1_20140613.jpg,SCBI,2014,,SCBI_005,31_1_1,31,1,1,20140613,false,SCBI_005_PlantDiversity_31_1_1_20140613_r0_c1,3,0,1,770,0,1541,745,164,4.085688676269683e-09,3.23197326679292e-08,6.226486437554968e-09,4.441290002432652e-08,6.245856525310955e-07,3.906010533683002e-06,5.295131018101529e-07,1.9707128373624982e-08,4.282849658920895e-06,2.660650295638334e-07,5.576521289185621e-06,2.4006116291275248e-05,4.090841230208753e-06,5.138233518664492e-06,8.031928189211612e-08,7.473030905202904e-07,6.685350228963216e-08,2.9476342433554237e-07,4.21311607823327e-09,9.042467041808777e-08,2.7107668998382906e-08,6.699526693410007e-06,2.6730631361715496e-06,8.401958240256135e-08,2.0770775321921064e-08,4.512526174949016e-06,1.1210690900043119e-06,1.8197968687516664e-09,1.8998125739244642e-08,5.8573508709969246e-08,5.787760937181474e-09,3.33779972550019e-08,1.7478672731385814e-08,1.9963958948210347e-06,1.1016436474164948e-07,2.312265792170365e-07,1.3602142416857532e-06,1.4146301907658199e-07,2.1989503551367306e-08,2.740961901892547e-09,6.097536253690805e-09,2.02963769879716e-06,4.6701011058303266e-08,2.972689649993754e-08,1.0806609829216995e-08,7.562032666719176e-10,1.7001127616822487e-07,3.9461952837882563e-05,3.6075393836654257e-06,5.944463765672481e-08,8.48515497864355e-08,1.1427659956098069e-06,6.25875742343851e-08,5.502844291349618e-10,5.07052902776195e-07,2.393293030422683e-08,4.349180642293504e-07,2.6159742816389553e-08,4.245437139616115e-06,1.1489642020023894e-06,3.518797200285917e-07,9.798483091572052e-08,3.5300602441168394e-09,1.9308586161059793e-06,4.564788103067485e-09,2.7199041596759344e-07,1.1576090628295788e-06,6.319984180436222e-08,4.930975592287723e-07,1.0596314496069681e-05,2.3764003742599016e-07,2.105711303101998e-07,1.2280725059099495e-07,2.32813658840314e-06,1.3220260370871983e-06,3.4215705824180986e-08,2.884011607307002e-08,1.0097962785948766e-06,5.821947368644942e-10,9.736222494893809e-08,1.3909257177147083e-06,8.228491310546815e-07,4.44629586127121e-06,3.6317960194764964e-08,1.0727994492754078e-08,5.384904852689942e-06,2.9411854285399386e-08,2.8475211522049904e-08,3.1499713060156864e-08,0.0007519682985730469,2.2013676215237865e-08,1.9808511808605545e-07,1.4985554116719868e-05,1.6285338233501534e-07,5.04198533235467e-06,1.7010933106575976e-06,3.8021422454903586e-08,3.217250821307971e-07,0.998484194278717,4.58494486821337e-09,5.8855718521044764e-08,3.830444939012523e-07,1.439667158820157e-07,1.5276148701559578e-07,3.350903909904446e-07,3.571678826119751e-05,6.80844891576271e-08,2.185703529278271e-08,3.5735283177018573e-07,4.22966013502446e-06,4.204931371987186e-07,2.8583496458622903e-08,1.315902125043067e-07,1.7610068425710779e-06,6.109842070145532e-05,3.729132458829554e-06,0.000433869834523648,2.495706667104969e-06,4.557445532071824e-09,1.699373655128511e-07,8.789743333181832e-07,9.647114218580555e-10,6.489703885392828e-09,4.2558709334450384e-10,1.752988088021823e-09,9.332801892414366e-11,6.1823552641726565e-06,1.9649776916708106e-08,2.2469114924206224e-07,1.3210056382106927e-09,1.3869777149011497e-07,1.6019048416637816e-06,1.3222278312241542e-06,2.4569288825659896e-07,2.3262620629793673e-07,6.339594165183371e-07,6.576275635161721e-10,2.8463618946261704e-06,6.651695372283939e-08,6.515380590599307e-08,3.482991317582673e-08,9.173035095955129e-07,5.0390383421472507e-08,1.5938216790800652e-07,2.3140833604884392e-07,2.4104012936732033e-06,4.881698714598315e-06,2.5002614165714476e-06,4.405836762089166e-08,1.1745341907953843e-06,3.731935976247769e-06,6.445793587772641e-07,3.6323206664690133e-09,1.1481711226224434e-06,2.637227396462549e-07,1.1397874999374835e-07,7.100472430465743e-06,7.4415607009825635e-09,6.583414915439789e-07,9.755183327797567e-08,5.90182992254995e-07,8.011487295789266e-08,1.3585592739673302e-07,1.7734302559802018e-07
/users/PAS2099/jianyanggu/PlotDiversiVision/data/SCBI_005/SCBI_005_PlantDiversity_31_1_1_20140613.jpg,SCBI_005/SCBI_005_PlantDiversity_31_1_1_20140613.jpg,SCBI,2014,,SCBI_005,31_1_1,31,1,1,20140613,false,SCBI_005_PlantDiversity_31_1_1_20140613_r0_c2,3,0,2,1541,0,2311,745,164,1.319041302849655e-07,6.34626360351831e-07,1.7245717742753186e-08,2.1242899492790457e-06,3.399698925932171e-06,4.71418434244697e-06,1.083727852346783e-06,1.7620928929318325e-06,0.00017402971570845693,2.5832596293184906e-05,0.00015586480731144547,0.0033310367725789547,2.9035936677246355e-06,2.8437112632673234e-05,7.344679886500671e-08,4.817390799871646e-05,5.756231075793039e-06,4.3535567328945035e-07,3.265317261025302e-08,1.706269756596157e-07,9.926610289312521e-08,0.00022256701777223498,6.556719745276496e-05,1.4724192624271382e-05,7.951431513220086e-09,1.7476801303928369e-06,7.626781552971806e-07,1.1309974290441005e-08,1.4434705519761337e-07,1.248547931709254e-07,5.331807884090267e-08,1.0467246625012194e-07,1.4203762077613646e-07,4.855412043980323e-06,3.484864009806188e-06,5.2529171625792515e-06,1.6054385696406825e-06,2.960613301183912e-06,7.371686479018535e-07,3.4277340432709025e-07,8.474763149024511e-07,7.212557102320716e-05,8.971131251200859e-07,2.3470731775887543e-06,3.178782037593919e-07,4.1534167394274846e-07,5.106101070850855e-07,0.0004414739669300616,8.87382611836074e-06,1.7220030485987081e-06,2.080906256196613e-07,1.401887129759416e-05,7.571909463877091e-06,2.2071665384260086e-08,1.1899970786544145e-06,7.499579055547656e-07,1.8782022380037233e-05,9.458352678848314e-08,5.971146310912445e-05,2.6585378236632096e-06,5.2043924370082095e-05,1.5764778709126404e-06,1.6998324099404272e-06,7.373658263531979e-06,1.3497594153477621e-08,1.1555387573025655e-05,4.635840298305993e-07,7.583290084767214e-08,1.908434569486417e-05,1.4504987120744772e-05,4.268180873623351e-06,5.006158517062431e-06,1.5557238839392085e-06,1.7397056581103243e-05,5.4761720093665645e-05,7.654792284483847e-07,5.212135647525429e-07,9.08863057702547e-06,6.019025278192203e-08,4.365966105979169e-06,1.5867830143179162e-06,1.4371527186085586e-06,1.0826623110915534e-05,5.5416926443285774e-06,2.1313184106475092e-07,9.51685433392413e-05,8.65729361976264e-06,7.312924026336987e-07,6.975520227570087e-05,0.0001916599430842325,5.1886644314436126e-08,5.895363983654534e-07,2.057284837064799e-05,0.00013579687220044434,0.00031656812643632293,0.00010791416571009904,4.628050191968214e-06,0.0002214542037108913,0.023116862401366234,1.276271518690919e-06,2.5769284661691927e-07,4.569318207359174e-06,3.315805543024908e-06,1.510076253907755e-05,1.0144665338884806e-06,0.0005428234580904245,2.1790924620290753e-06,5.420117759058485e-06,5.820527348987525e-07,3.171396747347899e-05,8.138981684169266e-06,1.9622045499545493e-07,7.375233963102801e-06,0.00012888367928098887,0.9655907154083252,0.0008584295865148306,0.0020167105831205845,8.336601240443997e-06,3.6610295239825064e-08,0.00013295610551722348,1.0930565252920132e-07,2.511054919551725e-09,9.976948689427445e-08,1.4932954428559242e-08,1.305445636035074e-07,8.085314107120212e-08,5.541883183468599e-06,3.978504082624568e-06,4.597538008965785e-06,9.560978497802353e-08,6.196746085151972e-07,2.4901697543100454e-05,2.299554216733668e-05,2.1249557903502136e-05,1.2792838788300287e-06,2.4764241970842704e-05,5.857652585206097e-09,4.039167833980173e-06,1.6445703749923268e-06,3.3620511885601445e-07,1.8873008684749948e-06,0.0004345864290371537,3.4294505894649774e-05,3.676932692542323e-06,4.0899129771787557e-07,8.738954784348607e-05,2.6237799829686992e-05,0.0005094687803648412,1.1271431787918118e-07,3.0793744372203946e-05,2.7147600576427067e-06,9.129843419941608e-06,1.5275843452400295e-06,1.1270067261648364e-05,5.886490725970361e-06,4.6910067794669885e-06,5.2709252486238256e-05,3.1072784167918144e-07,5.231839168118313e-06,3.401685171411373e-05,2.338609647267731e-06,5.890193506274954e-07,7.290279313565406e-07,9.362725563732965e-07
/users/PAS2099/jianyanggu/PlotDiversiVision/data/SCBI_005/SCBI_005_PlantDiversity_31_1_1_20140613.jpg,SCBI_005/SCBI_005_PlantDiversity_31_1_1_20140613.jpg,SCBI,2014,,SCBI_005,31_1_1,31,1,1,20140613,false,SCBI_005_PlantDiversity_31_1_1_20140613_r1_c0,3,1,0,0,745,770,1490,164,1.2416221295552532e-07,1.0291379112459254e-05,2.622573624933011e-08,6.857681000838056e-06,2.7457627993499045e-07,6.297785262177058e-07,1.320228477652563e-07,7.591306712129153e-07,1.5618781617376953e-05,4.318801245517534e-07,1.313312509410025e-06,1.9101158613921143e-05,1.8905053877915634e-07,1.8074190393235767e-06,1.0340829526001016e-08,2.4459663109155372e-05,7.349247539423232e-07,5.448242177408247e-07,3.962621786257614e-09,4.055960545201742e-08,5.141060910318629e-08,1.2277669156901538e-05,5.419931039796211e-05,8.290220065987342e-09,4.172911793887124e-09,1.4526178802043432e-06,3.8642369304398017e-07,8.67390248515676e-09,2.486756578434779e-08,3.6339904418980495e-09,1.0056760757493066e-08,1.637176978874777e-06,5.3788731690929126e-08,1.2622145106888638e-07,2.6305707478968543e-07,1.2373060371828615e-06,4.4947701098863035e-06,2.794989313770202e-06,3.274559787769249e-07,4.410839338220285e-08,4.647825164738606e-07,1.2103147128073033e-05,1.045451085701643e-07,2.6013933620561147e-06,1.7491370574163057e-09,3.935117476316918e-08,6.71680822961207e-07,3.864828613586724e-06,2.3968357254489092e-06,9.00571350825885e-09,7.870468152759713e-07,9.012729407231745e-08,1.0893963064972922e-08,2.2100876684305604e-09,6.147111548671091e-07,1.9943051654536248e-07,1.9699066342582228e-06,8.814568985826554e-08,4.2970314098056406e-05,2.1336761335533083e-07,1.3337652262634947e-06,6.786243034184736e-07,4.325377744862635e-08,7.415826075884979e-06,1.6003118830099083e-08,4.323386292526266e-06,6.821333045081701e-07,1.153044060231423e-08,1.1399125469324645e-05,3.33855894041335e-07,5.343617317521421e-07,1.3346704008654342e-07,6.773233849344251e-07,2.3092992762485665e-07,7.034130788952098e-08,2.120730119292702e-10,2.238614404959094e-09,2.687686517788279e-08,4.929660568642191e-10,1.2950049494975246e-06,1.3183376722736284e-05,3.0518197036144556e-06,3.861836830765242e-06,9.14541851670947e-06,2.433857116557192e-05,8.824435099086259e-06,3.5521036352292867e-06,1.492487399445963e-06,2.3049064878932768e-08,2.1425919385364978e-06,8.079663160742712e-09,1.608887600923481e-08,5.491771844390314e-06,7.227583864732878e-07,1.1698820344463456e-05,2.2189284209161997e-05,2.4469517967418142e-08,3.1018793379189447e-05,6.95232447469607e-05,1.4430795545194997e-06,4.5342712695628506e-08,8.180215331776708e-07,1.3398488363236538e-06,9.586208449263722e-08,7.945128004394064e-07,7.726752642156498e-07,8.158649507095106e-07,6.933483120974415e-08,6.043017464207878e-08,1.0436829143145587e-05,6.862600457679946e-06,5.0862855260902506e-08,4.073221589351306e-06,3.5516549701242184e-07,1.7897247062137467e-06,8.774374116171657e-09,1.2681812222581357e-05,5.6380486057605594e-06,1.2500858126429648e-08,6.641084127068098e-08,6.914336836416624e-07,9.036030590436894e-09,7.713055083513609e-08,2.0144975465541393e-08,1.809826102316947e-07,9.195048278343165e-08,5.046301794209285e-07,3.689616505653248e-07,0.00015784041897859424,0.00012516249262262136,0.00029249172075651586,0.9988136291503906,2.571339621226798e-07,2.935643692580925e-07,6.310675644272123e-07,7.982677630025137e-07,4.2743104194942205e-11,6.146924533823039e-07,2.202547477736516e-08,7.762378118059132e-08,4.288000177155027e-09,2.6204263576801168e-06,4.139384088830411e-07,3.036881679463477e-08,2.2194328153091192e-08,1.7312024169768847e-07,3.933243419851351e-07,3.6074787203688174e-05,2.2627767748417682e-07,1.0981726518366486e-05,6.851009857200552e-07,3.1548039260087535e-05,2.8209402813672568e-08,3.668928343358857e-07,5.0495536640937644e-08,4.294388986636477e-07,2.6239658268423227e-07,1.3933119191733567e-07,6.604102509299992e-07,1.6684670356426068e-07,2.985811704547814e-07,9.844590067586978e-07,3.8914983235827094e-08,1.6783981982015916e-09
/users/PAS2099/jianyanggu/PlotDiversiVision/data/SCBI_005/SCBI_005_PlantDiversity_31_1_1_20140613.jpg,SCBI_005/SCBI_005_PlantDiversity_31_1_1_20140613.jpg,SCBI,2014,,SCBI_005,31_1_1,31,1,1,20140613,false,SCBI_005_PlantDiversity_31_1_1_20140613_r1_c1,3,1,1,770,745,1541,1490,164,5.374400302571303e-08,1.2424611668393482e-06,1.7512672201291934e-08,2.0412966478033923e-05,2.2381233065971173e-05,8.6894171545282e-05,1.8630137788022694e-07,3.56215593910747e-07,0.000667994434479624,8.100721061055083e-06,5.263365528662689e-05,0.010786231607198715,1.3475575997290434e-06,5.8977493608836085e-05,3.7296608468295744e-08,0.00020224628678988665,9.495658446212474e-07,2.3451648303307593e-06,9.238321219129375e-09,5.8844136674451875e-08,4.2807450029158645e-08,0.0001799419551389292,0.00034995717578567564,9.170184966933448e-06,4.007725262766826e-09,4.60875480712275e-06,1.6598338561379933e-06,1.671823213200696e-08,1.393955585626827e-06,1.774150319988621e-07,6.529722185177889e-08,1.2628402146219742e-07,1.4095257938606665e-07,1.8541461031418294e-05,1.89746333489893e-06,3.3563219403731637e-06,2.746308155110455e-06,4.388992238091305e-05,2.7377204787626397e-06,2.768312242551474e-06,4.124316546949558e-06,2.9413851734716445e-05,1.731591652287534e-07,2.1321468466339866e-06,1.2347966560355417e-07,1.3238795304459927e-07,6.119362296885811e-07,0.0003726525465026498,9.000985301099718e-06,4.021205484150414e-07,1.3728620729125396e-07,0.00014623597962781787,3.237867986172205e-06,1.3587263758552126e-08,1.5474480505872634e-06,1.0709703701650142e-06,3.128640673821792e-05,2.198594160063294e-07,0.0011912013869732618,4.700458475781488e-07,0.00016494901501573622,5.57922930966015e-07,5.737391575166839e-07,4.95128842885606e-05,3.423885619469047e-09,1.91467415788793e-06,5.22822119819466e-07,2.8625660064562908e-08,6.025116817909293e-05,1.1231045391468797e-05,7.4185968514939304e-06,5.825945208925987e-06,2.8001431928714737e-06,3.610616840887815e-05,5.798212077934295e-05,1.3061873005426605e-06,2.6624820748111233e-07,1.3440724615065847e-05,7.072362251392406e-08,8.666405847179703e-06,0.00014513560745399445,2.1306846974766813e-05,7.00081218383275e-05,7.140361412893981e-05,1.402115117343783e-06,0.0002700074401218444,3.9573267713421956e-05,2.911888032031129e-06,1.8388191165286116e-05,0.0008190248045139015,3.342239196513219e-08,8.857006719154015e-07,3.183685112162493e-05,0.00026670299121178687,0.0001387124793836847,1.1956344678765163e-05,1.1097146170868655e-06,0.002231152495369315,0.6482812166213989,5.088615466775082e-07,1.16829291130216e-07,4.34050707553979e-05,2.883987508539576e-05,5.5432105909858365e-06,8.707496817805804e-06,0.0008773188455961645,4.501443527260562e-06,7.272555649251444e-06,6.232324381016952e-07,0.00022149624419398606,1.2444634194253013e-05,1.0190031218826334e-07,1.8739567167358473e-05,0.00038671764195896685,0.315438836812973,0.0011055037612095475,0.009249492548406124,1.3020241567573976e-05,1.7685755437923945e-07,0.00014891615137457848,3.726107138390944e-07,3.996976971620825e-09,1.2687118555732013e-07,2.7685207015792912e-08,6.160416887723841e-08,2.839812651700413e-08,3.284332706243731e-05,1.2824000350519782e-06,6.170395863591693e-06,1.2146846302130143e-06,8.449323104287032e-06,0.0026128434110432863,9.557041266816668e-06,0.00018400127009954304,1.1915092727576848e-05,1.166824313258985e-05,3.2696876317572787e-09,1.918067027872894e-05,1.6771393802628154e-06,2.7821582193610084e-07,9.644531928643119e-07,0.00012997668818570673,1.4993182048783638e-05,1.1246216899962747e-06,1.1597854836509214e-06,1.2831737876695115e-05,3.0783263355260715e-05,0.00146064895670861,1.0180672234127996e-06,4.989912486053072e-05,4.298569365346339e-06,5.014317503082566e-05,8.990029698452418e-08,1.8280692529515363e-05,7.691641258134041e-06,3.8888297240191605e-06,0.0005445817369036376,4.01170609620749e-07,4.631649062503129e-06,1.4540034953824943e-06,5.142359441379085e-06,2.2132203412184026e-06,7.634866960870568e-07,3.019302994289319e-06
/users/PAS2099/jianyanggu/PlotDiversiVision/data/SCBI_005/SCBI_005_PlantDiversity_31_1_1_20140613.jpg,SCBI_005/SCBI_005_PlantDiversity_31_1_1_20140613.jpg,SCBI,2014,,SCBI_005,31_1_1,31,1,1,20140613,false,SCBI_005_PlantDiversity_31_1_1_20140613_r1_c2,3,1,2,1541,745,2311,1490,164,1.0135824624057932e-07,3.89489684948785e-07,2.095344200370164e-07,1.768366746546235e-05,4.043942681164481e-05,4.251357677276246e-05,1.2441959142961423e-06,3.1257375212589977e-06,0.012503840029239655,0.0001922307419590652,5.351960498956032e-05,0.002376280026510358,2.844518576239352e-06,0.00042903138091787696,4.780836775353237e-07,0.00032285565976053476,1.3402927834249567e-05,1.6823996702441946e-05,5.132788487571815e-07,4.961832473782124e-06,2.979746750497725e-05,8.695312135387212e-05,0.00010052512516267598,6.022305569786113e-06,2.5844946094366605e-07,0.0006228240672498941,4.489880666369572e-06,2.931508147341333e-09,3.2870462973733083e-07,1.650435876854317e-08,4.743683845731539e-08,3.750575672256673e-07,1.6692482063263014e-07,3.4914064599433914e-05,6.378532475537213e-07,3.5381974612391787e-06,3.2484804250998423e-06,3.0588325898861513e-06,3.712342220296705e-07,2.6913374995274353e-07,3.6296398775448324e-07,0.00033246437669731677,5.300573775457451e-06,2.149778083548881e-06,8.945618645839204e-08,1.9557678569981363e-06,3.066356384806568e-06,0.0001822088088374585,1.3640296856465284e-05,1.2500667025960865e-06,1.4595259472116595e-06,9.220236825058237e-05,2.5745165999069286e-07,1.0082068513384002e-07,4.563283710012911e-06,4.665067763198749e-07,1.3248699360701721e-05,1.784527967174654e-06,0.001759674516506493,3.736156577360816e-05,0.0003593234287109226,4.84550491819391e-06,9.201287980431516e-07,7.594343514938373e-06,5.189605900568495e-08,1.9865667582052993e-06,8.238772352342494e-06,1.3531042668546434e-06,0.00035050197038799524,0.0002514517691452056,2.8669501261902042e-05,2.0150748241576366e-05,7.147109954530606e-06,2.8451386242522858e-05,1.139811229222687e-05,7.101394885467016e-07,2.467525348492927e-07,1.147909824794624e-05,3.948721882807149e-08,1.1204291695321444e-05,0.00020870270964223891,1.369525125483051e-05,0.0008061418193392456,5.235943717707414e-06,1.1332558642607182e-05,0.00012644271191675216,3.785132139455527e-05,4.1221114770451095e-06,7.545829248556402e-06,0.00149032031185925,1.4741969778242492e-07,3.509016096359119e-06,1.606496334716212e-05,6.667944398941472e-05,0.00012419639097061008,3.172057040501386e-05,1.676990905252751e-06,0.0003159547341056168,0.947628378868103,3.5893518202101404e-07,5.715891688851116e-07,2.620804480102379e-05,6.173901783768088e-05,1.3480604366122861e-06,2.229081110272091e-05,5.655018685502e-05,1.698488813417498e-05,6.632573672504805e-07,3.8458083508885466e-06,0.002124711172655225,8.287630407721736e-06,7.397811430109869e-08,1.1964814348175423e-06,0.0003046282799914479,0.015164894983172417,2.1089466827106662e-05,0.00878487341105938,7.089817518135533e-05,8.192630929215738e-08,4.9550253606867045e-05,1.752951902744826e-06,1.1943740219066967e-07,2.5693563543427445e-07,6.645562677931593e-08,6.469220892313388e-08,3.0839608200494695e-08,2.419580050627701e-05,3.1317049433710054e-06,9.321054676547647e-06,3.7725892525486415e-06,2.2543676095665433e-05,0.0008180311997421086,6.984078027016949e-06,2.876173675758764e-05,1.9905732187908143e-05,3.514240461299778e-06,3.719142105396145e-09,2.0232319002388977e-05,2.5956605895771645e-06,1.2621704854609561e-06,5.202273882787267e-07,0.00014267621736507863,6.514873530250043e-05,1.3335913536138833e-05,2.0932211555191316e-05,1.6557478375034407e-05,7.198526873253286e-05,7.410816760966554e-05,2.2457402337749954e-06,3.227582055842504e-05,1.0468436812516302e-05,5.6024342484306544e-05,3.941502200177638e-06,5.066687208454823e-06,1.6155419189090026e-06,4.174457899353001e-06,0.00019607898138929158,3.5806814935313014e-07,0.00015380320837721229,4.36664377048146e-05,2.2682804683427094e-06,1.0679796105250716e-05,3.4492545637476724e-06,1.7535604683871497e-06
/users/PAS2099/jianyanggu/PlotDiversiVision/data/SCBI_005/SCBI_005_PlantDiversity_31_1_1_20140613.jpg,SCBI_005/SCBI_005_PlantDiversity_31_1_1_20140613.jpg,SCBI,2014,,SCBI_005,31_1_1,31,1,1,20140613,false,SCBI_005_PlantDiversity_31_1_1_20140613_r2_c0,3,2,0,0,1490,770,2235,164,1.0133526906486168e-08,7.492437816836173e-07,1.4137333970154486e-08,1.221201273438055e-05,6.999532331519731e-08,3.542488229868468e-06,6.992456391685664e-09,7.533363373113389e-07,7.542022558482131e-06,1.9147861962665047e-07,5.26752785390272e-07,2.1519344954867847e-05,8.581663379914062e-09,4.023023620902677e-07,4.727487845634926e-10,2.5429795641684905e-05,4.5037680251880374e-07,3.6649176138325856e-08,4.574897349840512e-09,4.484103044433141e-08,2.8552097575129665e-08,9.363418030261528e-06,2.506927921785973e-05,3.4934220849436315e-08,2.5501520339865635e-10,4.814469320990611e-07,7.298992699134033e-08,2.6186777191128385e-09,6.9428063298460074e-09,8.879675328365977e-10,6.934782748047041e-10,1.936174811589808e-07,1.5305124279052507e-08,2.4255896846625546e-08,7.221666464829468e-08,2.5760365929272666e-07,1.9708268155227415e-06,1.2639325177588034e-06,1.1780105779735095e-07,2.409855426321883e-08,2.397286209543381e-07,4.058773993165232e-05,2.8229914050825755e-07,5.962863269814989e-06,1.4081511512387124e-09,2.276788713118094e-08,2.0740530715102068e-07,5.251798143035558e-07,6.415375992219197e-06,4.2930481392033926e-09,3.6932271996192867e-07,1.7880478253573528e-07,8.931111850074558e-09,3.154706051944345e-09,4.3450640418996045e-08,9.08637716179328e-08,6.772754090889066e-07,8.344174062813181e-08,2.5815776098170318e-05,2.0605510187010623e-08,1.012866732708062e-06,1.4621547279602964e-06,2.8188472001033915e-08,2.784139496725402e-06,4.834856959234912e-09,5.570225312112598e-06,9.629544450717731e-08,4.626017791053982e-09,4.670246198656969e-06,1.6413112646773698e-08,7.355597517744172e-07,1.3139752752522327e-07,2.538712351451977e-07,5.0813870444699205e-08,2.4811035004290716e-08,3.447689356228523e-11,4.112392093524875e-10,1.2214882438854602e-08,9.848678816926082e-11,1.139121934556897e-07,1.0057329745905008e-05,9.59768158281804e-07,1.5234548300213646e-05,2.860740323740174e-06,1.1097129572590347e-05,3.938987447327236e-06,4.5784634039591765e-07,2.750926569206058e-06,9.693189362280918e-09,9.201835382555146e-08,2.6861928237309485e-09,9.04611585639259e-09,3.770786406676052e-06,1.6008527836675057e-07,7.135306532290997e-06,1.6502222933922894e-05,3.1015598978001435e-08,2.036967816820834e-05,2.574731297499966e-06,5.060770490672439e-06,8.436544618461994e-08,1.196703692585288e-06,1.2882074997833115e-06,2.0883584639364017e-08,1.206908791573369e-06,4.488709066663432e-07,2.385436346230563e-07,2.9508150589663273e-08,9.445629167714742e-09,2.2148809875943698e-05,4.691709818871459e-06,6.5704592877580126e-09,2.657536697370233e-06,1.3039388591096213e-07,1.2662295603149687e-06,8.367502246642289e-09,4.6922646106395405e-06,3.16769865094102e-06,2.625899719888025e-09,2.811909105560062e-08,1.046945286020673e-07,1.4531119418847993e-08,1.2802063409367292e-08,6.864433466091668e-09,1.726350618014294e-08,3.4361669065674505e-08,2.8209032620907237e-07,5.67237691484479e-07,0.00011997948604403064,0.00014518294483423233,0.00020572564972098917,0.9991162419319153,4.4300357160409476e-08,1.2832727236400387e-07,1.9964623731993925e-07,4.931218313686259e-07,1.4098651412997043e-10,2.659837434748624e-07,4.450834811819959e-09,3.8504680333062424e-08,1.3140541987866072e-09,1.7286587308262824e-06,5.260359330350184e-07,6.109523997821498e-09,4.5372869905691005e-09,2.482468062225962e-07,4.431745708188828e-07,3.547290543792769e-05,6.806628505273693e-08,2.140275455531082e-06,3.1672740874455485e-07,1.0572084647719748e-05,6.580718192594759e-09,3.794591663108804e-08,6.5779324209813694e-09,6.031903154735119e-08,5.5225726214302995e-08,1.6350567477729783e-07,1.0145793538640646e-07,5.1536556355813445e-08,1.7703473531582858e-07,9.935375828717952e-07,1.5239523420973455e-08,1.3685285127351676e-09
/users/PAS2099/jianyanggu/PlotDiversiVision/data/SCBI_005/SCBI_005_PlantDiversity_31_1_1_20140613.jpg,SCBI_005/SCBI_005_PlantDiversity_31_1_1_20140613.jpg,SCBI,2014,,SCBI_005,31_1_1,31,1,1,20140613,false,SCBI_005_PlantDiversity_31_1_1_20140613_r2_c1,3,2,1,770,1490,1541,2235,164,5.58536106254337e-09,2.8025053211422346e-07,6.769227400837963e-09,6.520698661915958e-06,1.834172991266314e-08,6.12300937063992e-07,7.620167830069136e-10,1.929551700641241e-07,1.7691581888357177e-06,3.312514706976799e-08,6.198184365757697e-08,5.6983121794473846e-06,1.0015681617403516e-09,7.096149801100182e-08,5.292164276249345e-11,7.08393190507195e-06,1.0113555504176475e-07,1.3046633107194339e-08,7.40552508204928e-10,8.220251146440205e-09,6.003520347519498e-09,2.364281726841e-06,6.330404630716657e-06,4.522110685911684e-09,1.304153746800596e-11,8.963976938503038e-08,3.1797970923008734e-09,6.145089437303852e-10,4.567844713587732e-10,9.05382990801229e-11,4.5486978766939856e-11,2.6626960192288607e-08,2.5458932739752527e-09,2.0435613201641445e-09,5.913737055607271e-09,2.3085769740305295e-08,7.558773518212547e-07,2.6658989327188465e-07,2.6983308032413333e-08,8.15466272285903e-09,1.0541777584194278e-07,8.418733159487601e-06,7.591393824668557e-08,2.8681895400950452e-06,1.639399310748857e-10,5.5124402820183604e-09,2.9162448456077072e-08,6.587822554138256e-08,1.6346816664736252e-06,4.401525532937711e-10,1.4399562076050643e-07,3.249312285902306e-08,1.6813404002391508e-09,7.442369498456003e-10,5.770666167137506e-09,2.4665398612455647e-08,2.8154494202681235e-07,1.117096193326006e-08,7.143768925743643e-06,1.8494109577105178e-09,2.21290861190937e-07,5.291508955451718e-07,3.744945242800668e-09,9.064284540727385e-07,1.0194928234952272e-09,1.0152679124075803e-06,6.127349738704879e-09,5.768924782323381e-10,1.8661102103578742e-06,1.4187772068297022e-09,2.0624845831207494e-07,3.067130549538888e-08,3.2979645681052716e-08,7.794483281031717e-09,4.6218500138195395e-09,1.0014677455372212e-11,9.811208095955593e-11,1.8225105868907576e-09,1.380759482444427e-11,2.2697188128972812e-08,4.172140506852884e-06,3.282515876890102e-07,2.1726596060034353e-06,1.383625999551441e-06,1.3092720109852962e-05,7.452636623384024e-07,9.16539164563801e-08,6.571236212948861e-07,8.014676700085488e-10,3.9160545917127365e-09,5.655445001195858e-10,1.724524634205693e-09,8.533838240509795e-07,3.511173929382494e-08,2.5874398943415144e-06,4.5001934267929755e-06,6.621125869799016e-09,5.495358436746756e-06,1.807563876354834e-07,3.116610514553031e-06,2.845670721285387e-08,1.1169731095606039e-07,2.1085938328724296e-07,7.49982920211778e-09,3.624568023496977e-07,6.12653465736912e-08,9.353117746968564e-08,3.543262794281077e-09,1.7199717206040077e-09,3.441256239966606e-06,8.205471999644942e-07,7.026376702690129e-10,4.496021972499875e-07,1.3463704817695543e-08,9.81826175916467e-08,8.058270717370419e-10,8.582350687902363e-07,8.346715958396089e-07,9.546609058830313e-10,4.164168565523596e-09,2.4253465014112408e-08,1.0869311672934145e-08,5.11931874669358e-09,6.303791710848827e-09,5.982031314744063e-09,2.30240306819951e-08,4.1672532091752146e-08,1.4555300253960013e-07,2.3268910808837973e-05,0.00023858287022449076,0.0002148471976397559,0.9993858337402344,5.90589133153685e-09,4.2744005668282625e-08,4.842348388933715e-08,9.206214457435635e-08,3.4540838939056684e-11,1.4610037624152028e-07,7.562136472571979e-10,6.56241150309711e-09,2.485456007672582e-10,3.761987557027169e-07,9.548148227622733e-08,1.953620598627026e-09,9.524201427524304e-10,2.7177103234521383e-08,9.106876319719959e-08,2.02820392587455e-05,2.9294238146349016e-08,9.296527991864423e-07,3.765043388170852e-08,8.501707270625047e-06,5.372636224798555e-10,1.0334406219669745e-08,1.1954230938471255e-09,1.1526181786791767e-08,1.2219763867449274e-08,1.1541938249592931e-07,1.6477835984574085e-08,4.215006121910392e-09,2.7631314125642348e-08,1.5063816363181104e-06,2.0697967784144566e-09,2.0838419878543846e-10
/users/PAS2099/jianyanggu/PlotDiversiVision/data/SCBI_005/SCBI_005_PlantDiversity_31_1_1_20140613.jpg,SCBI_005/SCBI_005_PlantDiversity_31_1_1_20140613.jpg,SCBI,2014,,SCBI_005,31_1_1,31,1,1,20140613,false,SCBI_005_PlantDiversity_31_1_1_20140613_r2_c2,3,2,2,1541,1490,2311,2235,164,6.418853448764139e-09,6.471252049777831e-07,4.639120199101399e-09,3.5893692711397307e-06,2.2442661062882507e-08,2.5534507130942075e-07,2.050555947263888e-09,1.3597586701052933e-07,1.529629344076966e-06,3.002713455657613e-08,7.18661254950348e-08,4.5569890971819405e-06,3.3397764553910747e-09,9.420641333690583e-08,1.8780733912482361e-10,4.2030305849039e-06,1.0839038822041402e-07,2.0138664069691004e-08,9.762779473732053e-10,1.3129296760894249e-08,3.78667186495818e-09,2.553588046794175e-06,6.230091457837261e-06,2.504527918389954e-09,3.342525908833771e-11,1.0043687126426448e-07,8.296606068824985e-09,3.9939099250041465e-10,1.212099531855415e-09,1.5125381502834045e-10,1.0998587457455855e-10,6.039257272050236e-08,3.100806722500238e-09,4.8432826638133974e-09,1.4173969553610277e-08,5.573035011252614e-08,4.918526315123017e-07,2.0744759865465312e-07,4.5078813570853526e-08,8.089219072360265e-09,8.386054872744353e-08,9.32006605580682e-06,7.037455418412719e-08,1.1492198837004253e-06,3.6646824463915095e-10,7.802210433283108e-09,9.620162444434754e-08,1.1801581223380708e-07,1.0339769005440758e-06,3.9086608949467916e-10,2.2553643930223188e-07,3.108316448674486e-08,1.6580335993054973e-09,5.205147424192091e-10,2.280269306709215e-08,2.2911772035172362e-08,3.0788277172177914e-07,1.4632604461439769e-08,9.18176920094993e-06,5.491048504779883e-09,2.3824847517062153e-07,3.1399471822624037e-07,4.359895999783703e-09,8.17085435755871e-07,3.259972292113389e-09,8.024378530535614e-07,2.008450117330085e-08,1.0609734202304821e-09,2.152930392185226e-06,2.952237343478714e-09,1.2482607303354598e-07,1.7751981218339097e-08,8.109027049840734e-08,2.5384538915318444e-08,1.247807812632118e-08,3.027402287192338e-11,2.4669771780949645e-10,4.5077070964794075e-09,3.239835830171067e-11,4.9251326572630205e-08,1.8654961877473397e-06,3.38872638394605e-07,2.341499339308939e-06,1.2880524309366592e-06,1.5002103282313328e-05,7.696243642385525e-07,2.1055855370377685e-07,4.205963364256604e-07,1.371677216255307e-09,1.4316450247520152e-08,5.503544286966644e-10,1.563507656676677e-09,7.198771072580712e-07,5.034606331832947e-08,2.4730688892304897e-06,5.397003405960277e-06,4.9447463901231e-09,5.27391330251703e-06,3.880483916418598e-07,4.5413338511934853e-07,2.5693660532510876e-08,7.504661425628001e-08,1.374737763626399e-07,7.38580085979379e-09,2.9110751142980007e-07,1.473820958608485e-07,2.0046698523401574e-07,7.256054868065576e-09,1.4865408903830257e-09,1.4677231092719012e-06,1.2019670521112857e-06,1.0890502943894376e-09,4.34920281122686e-07,1.3807337495563843e-08,6.74764422115004e-08,5.153619753173189e-10,7.759594495837518e-07,9.128678470915474e-07,1.3636427542706997e-09,1.0359261892745053e-08,2.77616614141607e-08,4.450859236726501e-09,5.799238422810049e-09,5.810398828742791e-09,8.632076387016241e-09,2.797662546072388e-08,4.7326608410003246e-08,7.889427422469453e-08,6.099603706388734e-05,0.0001910728169605136,0.0002180805167881772,0.9994152784347534,9.353922969523865e-09,3.0623805713503316e-08,9.410656076624946e-08,1.4403886439140479e-07,3.000475909398226e-11,1.5428847177645366e-07,9.037710579917757e-10,5.880841147387628e-09,2.1658588811312995e-10,7.592490192109835e-07,1.271080378728584e-07,1.8744026331063424e-09,1.109657588038715e-09,3.724328223597695e-08,1.1493903429027341e-07,1.0682654647098389e-05,2.6924979579234787e-08,1.0111043593497016e-06,9.275578349843272e-08,5.461517503135838e-06,1.0808886008462082e-09,2.2044543968036123e-08,1.8137005231011472e-09,2.3157012307706282e-08,1.0526692406642724e-08,4.719914059592156e-08,3.3780768404767514e-08,1.4016588778531514e-08,4.608766346336779e-08,1.1693318811012432e-06,4.4286054823317045e-09,2.8717059286087476e-10
/users/PAS2099/jianyanggu/PlotDiversiVision/data/SCBI_005/SCBI_005_PlantDiversity_31_1_4_20140613.jpg,SCBI_005/SCBI_005_PlantDiversity_31_1_4_20140613.jpg,SCBI,2014,,SCBI_005,31_1_4,31,1,4,20140613,false,SCBI_005_PlantDiversity_31_1_4_20140613_r0_c0,3,0,0,0,0,800,711,164,2.345935667946719e-09,3.4572160689805287e-09,1.7128380491726602e-08,6.788426532011727e-08,8.180510917554784e-07,7.933334927656688e-06,4.865205482929014e-07,5.280606387714215e-07,5.998089363856707e-06,1.8416790226183366e-06,7.517784979427233e-05,0.0001601240219315514,4.106005690118764e-06,4.168568557361141e-05,1.608896660343362e-08,5.597256858891342e-06,2.49738218371931e-06,2.036498791824215e-08,3.6387707069707176e-08,3.385194418115134e-07,1.298493312873461e-08,2.803225527259201e-07,9.811395102587994e-06,2.6575573883746983e-06,5.3613038453192985e-09,1.3019723155593965e-05,1.2969657291250769e-05,3.7654221074490124e-08,5.99527197664429e-07,2.069698865625469e-07,1.6206257669182378e-07,3.9642054616706446e-07,6.927153890501359e-07,1.665546551521402e-05,1.6513679383933777e-06,1.825766230467707e-05,3.045009009383648e-07,5.785798151691779e-08,1.2064199417238797e-08,2.8496704995717437e-09,4.956580035297975e-09,1.1290816246400937e-06,9.999060068821564e-08,8.979252186236408e-08,2.783700603359307e-09,6.896351489871222e-09,2.589436576272419e-07,0.012261421419680119,1.065927335730521e-05,6.648321004831814e-08,2.9792181521770544e-07,2.4357830170629313e-06,2.478598730704107e-07,1.8059447270957207e-09,4.063126198161626e-06,6.587178091876922e-08,4.327684109739494e-06,1.41915393214731e-07,1.6521880752407014e-05,2.13598582377017e-06,3.5388559354032623e-06,3.587539509908311e-08,2.0461079941469507e-08,5.204872650210746e-06,5.105437184127481e-10,3.4426244610585854e-07,1.0070494909086847e-06,9.906874964826784e-08,1.1730614460248034e-05,2.5111592549365014e-05,1.630087211879072e-07,2.5648589030424773e-07,6.757451842531736e-07,1.904828536680725e-06,1.539844015496783e-05,1.012735651784169e-06,4.3415361972165556e-08,4.166420239926083e-06,6.477929748172073e-09,6.432086365748546e-07,5.0058970373356715e-06,4.589780928654363e-06,4.4991720642428845e-05,2.4714312374385372e-08,1.628868062653055e-08,9.295551535615232e-06,5.809309868709533e-07,4.4685481981332487e-08,2.3775321267294203e-08,0.0009882247541099787,3.05748337758871e-09,4.7780041256828554e-08,3.2854779874469386e-06,2.1121468307683244e-07,2.9007424018345773e-05,1.617063389858231e-06,5.558631599456021e-08,5.226277721703809e-07,0.781211793422699,6.9087007226187325e-09,5.879332576341767e-08,5.782317657576641e-06,5.0782928155967966e-06,1.5662767793855892e-07,2.2582808014703915e-06,6.0776226746384054e-05,1.0709149478316249e-07,6.099475285736844e-06,3.2126635574059037e-07,0.00011525076115503907,1.1791676115535665e-05,7.363428267126437e-08,3.4030227880066377e-07,1.6641175534459762e-05,0.014756960794329643,0.003494564676657319,0.18546348810195923,7.755296792311128e-06,2.6710811340535656e-09,1.0110873063240433e-06,5.394796244218014e-05,2.5445845430738245e-10,3.797863801224821e-09,1.516163722348196e-10,2.0146693202605093e-09,2.1538841543655707e-10,3.0843848435324617e-06,3.1886322471308404e-09,1.4828927419330284e-07,3.48410522654774e-09,4.6519488705598633e-07,5.809974936710205e-07,4.2152914829785004e-06,1.20995551355918e-07,1.857412598837982e-06,1.7284671116613026e-07,1.8498852449866376e-10,3.329271567054093e-05,3.216047730347782e-07,5.061271508566278e-07,5.076489060229505e-07,5.097196208225796e-06,7.931606091915455e-07,3.397212253730686e-07,7.203155405477446e-07,5.682173286913894e-05,0.0007666356395930052,1.4966234402891132e-06,1.1502532970553148e-06,2.9300454116309993e-06,2.649318048497662e-06,2.800074071274139e-06,3.986889041129871e-09,2.9909256227256265e-06,6.652966817455308e-07,2.51576011578436e-06,3.8685102481395006e-05,1.060878829228784e-09,2.0517688881227514e-06,2.392948090346181e-06,1.6012020296329865e-06,2.241892715915128e-08,3.8259589274503014e-08,1.459640941448015e-07
/users/PAS2099/jianyanggu/PlotDiversiVision/data/SCBI_005/SCBI_005_PlantDiversity_31_1_4_20140613.jpg,SCBI_005/SCBI_005_PlantDiversity_31_1_4_20140613.jpg,SCBI,2014,,SCBI_005,31_1_4,31,1,4,20140613,false,SCBI_005_PlantDiversity_31_1_4_20140613_r0_c1,3,0,1,800,0,1600,711,164,4.057625702102996e-08,1.0088720614476188e-07,2.2885970896169283e-09,3.4696009265644534e-07,6.302992119344708e-07,1.0629631788106053e-06,4.485648616991966e-07,1.9903891370631754e-06,5.832345050293952e-05,6.909531748533482e-06,0.00011942751007154584,0.004817771725356579,2.0785148535651388e-06,2.4783093977021053e-05,9.796991662369692e-08,2.9636370527441613e-05,3.079378302572877e-06,1.6694639271008782e-07,2.607596272241608e-08,2.1676857642205505e-08,9.351635554821769e-08,5.314301961334422e-05,1.7101581761380658e-05,3.692740574479103e-05,5.873482145091202e-09,1.1550951057870407e-06,3.37316919285513e-07,6.963208232235729e-09,1.663545532437638e-07,6.14236483897912e-08,6.953789011276967e-08,6.236547278604121e-08,3.346087495970096e-08,3.5055898024438648e-06,2.64822688222921e-07,2.6200225420325296e-06,1.404071809929519e-07,1.4795097058595275e-06,2.9028993253632507e-07,1.59334192062488e-07,8.199291414712206e-07,5.741942004533485e-06,1.013462167520629e-07,1.102056444324262e-06,6.724694685544819e-07,1.4007815707373084e-07,4.717806518783618e-07,0.0003445692709647119,2.240673666165094e-06,9.380080427945359e-07,2.5644286694159746e-08,3.103981725871563e-05,6.262658644118346e-06,7.106672939016789e-08,2.3897734990896424e-07,1.6694386317794851e-07,2.0215711629134603e-06,2.4479659188614278e-08,6.894975376781076e-05,3.804989319178276e-07,1.0109533832292072e-05,5.143704697729845e-07,1.6694967825969798e-06,2.060782890112023e-06,7.4180674936030755e-09,3.8649259295198135e-06,8.071030066503226e-08,1.8426691283934815e-08,5.274491741147358e-06,3.2539237508899532e-06,4.596914550347719e-06,6.585605660802685e-06,1.2291280881981947e-06,5.3588614719046745e-06,3.2390271371696144e-05,6.404350187949603e-07,6.580676625844717e-08,1.949688794411486e-06,2.4480872440335588e-08,3.406481255296967e-06,2.130208542894252e-07,6.854790512988984e-07,5.65876871405635e-06,1.828386871238763e-06,3.215679811319205e-08,3.739705789485015e-05,2.5390643259015633e-06,4.184211377378233e-07,0.00012096765567548573,0.00013671971100848168,1.4090772104680127e-08,1.0845688080962645e-07,3.4571835385577288e-06,0.00012196990428492427,0.00018135650316253304,5.9442252677399665e-05,4.0214176806330215e-06,0.00018187610839959234,0.007764666806906462,4.1425374774917145e-07,3.8884948594386515e-08,6.98975236446131e-06,5.0355283747194335e-06,1.759611586749088e-05,5.510984237844241e-07,0.0002475277578923851,3.705365827499918e-07,8.935392543207854e-06,1.193212284533729e-07,2.4481656510033645e-05,1.2142569403295056e-06,1.2856550313244952e-07,4.5154374674893916e-06,6.670053699053824e-05,0.9830157160758972,0.0009327500010840595,0.00029848210397176445,1.5219857232295908e-06,1.3629971817863407e-08,0.00032042741077020764,6.893044712796836e-08,2.9129562650886953e-10,4.3852978137692844e-08,1.997307652601421e-09,3.5708708878701145e-08,3.368178624896245e-08,3.633713276940398e-06,3.5927221233578166e-06,1.2692723885265877e-06,2.8664526752208985e-08,2.10496523322945e-07,5.899876668991055e-06,9.423769370187074e-06,7.308060958166607e-06,3.964918278143159e-07,8.582076588936616e-06,4.6704055733926e-08,3.845968421956059e-06,3.9525201600554283e-07,8.778349069871183e-08,5.372121449909173e-07,9.990844409912825e-05,2.0747533199028112e-05,1.3518140349333407e-06,1.099758790701344e-07,1.495261130912695e-05,6.302778274402954e-06,0.00035832542926073074,7.508319299631694e-08,9.43499162531225e-06,1.8132925561076263e-07,2.813716946548084e-06,1.012616394291399e-06,1.76683552126633e-05,6.893288173159817e-06,1.2373897334327921e-05,4.343532782513648e-05,1.7637630378430913e-07,5.572419013333274e-06,3.886483682435937e-05,1.909157845148002e-06,5.261986046889433e-08,1.1000236099789618e-06,6.651142712144065e-07
/users/PAS2099/jianyanggu/PlotDiversiVision/data/SCBI_005/SCBI_005_PlantDiversity_31_1_4_20140613.jpg,SCBI_005/SCBI_005_PlantDiversity_31_1_4_20140613.jpg,SCBI,2014,,SCBI_005,31_1_4,31,1,4,20140613,false,SCBI_005_PlantDiversity_31_1_4_20140613_r0_c2,3,0,2,1600,0,2400,711,164,3.7383834694537654e-08,1.373958866679459e-07,4.0707831772124337e-08,1.2477913458042167e-07,4.071439434483182e-06,4.13972247770289e-06,1.2270137403902481e-06,3.446866401191073e-07,1.5060327314131428e-05,7.205321708170231e-07,3.1864718039287254e-05,0.00017608859343454242,6.013618076394778e-06,2.395678347966168e-05,9.144373080971491e-08,2.60915771832515e-06,3.8714560446351243e-07,9.077265872292628e-07,3.848293061992081e-08,3.745450953829277e-07,1.0149968687755972e-07,2.195565502915997e-05,7.084398384904489e-05,4.2206121975141286e-07,9.806247369681387e-09,1.2922336281917524e-05,4.715139766631182e-06,7.996667328313833e-09,4.4247816077813695e-08,6.238061445174026e-08,9.61833812596069e-09,4.169497458406113e-08,6.550588693698955e-08,9.04764328879537e-06,6.985634968259546e-07,8.616767672720016e-07,3.3368071399308974e-06,7.02269403518585e-07,1.5410401488225034e-07,2.761415451857374e-08,1.660239590250967e-08,3.0687519029015675e-05,6.413387154680095e-07,7.480325621145312e-07,3.007567528356958e-08,1.4643843915251864e-09,5.608877131635381e-07,0.0007156190113164485,1.9616012650658377e-05,2.0235660258549615e-07,7.041444973765465e-07,7.970579645188991e-06,1.5630405414412962e-07,1.3446870283928547e-09,1.32571142330562e-06,1.8461715001194534e-07,6.547172688442515e-06,2.3088701084361674e-07,1.4990514500823338e-05,4.262406946509145e-06,2.585625679785153e-06,2.2502891283693316e-07,6.989199885509834e-09,1.4756476048205514e-05,1.4643956047777351e-09,7.652868703189597e-07,1.0891950523728156e-06,2.5598524189263117e-07,9.795830010261852e-06,4.270074350642972e-05,1.8983565723829088e-06,3.4636075270100264e-06,7.859974857638008e-07,3.099893774560769e-06,3.116243760814541e-06,1.749374263226855e-07,3.1579208581433704e-08,3.363132009326364e-06,3.1160249935879847e-09,3.162950008572807e-07,8.082643944362644e-06,1.0641510925779585e-05,1.3869091162632685e-05,9.576788073673015e-08,2.855090031061991e-07,4.8167134082177654e-05,1.329392347315661e-07,1.3232501316906564e-07,1.8902838405665534e-07,0.0010339367436245084,1.0799764282864999e-07,4.0777791809887276e-07,6.858188862679526e-05,2.405640998404124e-06,1.6409936506533995e-05,8.81573032529559e-06,2.646274310791341e-07,3.186336698490777e-06,0.9896553754806519,4.304133227606144e-08,1.7527875684208993e-07,1.79194000793359e-06,9.386511123921082e-07,1.409135961694119e-06,1.7919605852512177e-06,0.0003027903148904443,7.727970228188497e-07,1.9331996270466334e-07,1.726106972910202e-07,1.429281292075757e-05,1.782790968718473e-05,1.0386230542280828e-07,3.2066861876955954e-07,1.0159198609471787e-05,0.0011939099058508873,5.505267472472042e-05,0.005689050070941448,1.2818154573324136e-05,1.875114641336495e-08,1.5552379863947863e-06,1.1179809007444419e-05,5.153512727673615e-09,8.53152393176515e-09,6.186535728147646e-10,5.728493235324095e-09,2.070981441892883e-10,1.759072438289877e-05,5.858909801759182e-08,5.365868105400295e-07,1.0400934336018963e-08,6.210071887835511e-07,3.470895308055333e-06,7.2971592999238055e-06,4.6981347168184584e-07,7.145677045627963e-07,3.8120765566418413e-06,9.391547539649991e-10,3.107342490693554e-05,1.1514202924445271e-06,4.109134579266538e-07,4.1562714159226744e-07,5.04053832628415e-06,3.0443447940342594e-07,8.185343176592141e-07,1.9419223917793715e-06,0.0001056853579939343,0.0002735941670835018,6.046973339834949e-06,2.9397594403235416e-07,2.9951936539873714e-06,8.642119610158261e-06,3.6172095860820264e-06,2.059292647516031e-08,1.6865470797711168e-06,1.283600795431994e-06,8.147430889948737e-07,3.085961361648515e-05,4.900533667751006e-08,5.981541562505299e-06,5.290868557494832e-06,1.931365204654867e-06,4.1475760781395365e-07,2.511767718260671e-07,2.472703783951147e-07
/users/PAS2099/jianyanggu/PlotDiversiVision/data/SCBI_005/SCBI_005_PlantDiversity_31_1_4_20140613.jpg,SCBI_005/SCBI_005_PlantDiversity_31_1_4_20140613.jpg,SCBI,2014,,SCBI_005,31_1_4,31,1,4,20140613,false,SCBI_005_PlantDiversity_31_1_4_20140613_r1_c0,3,1,0,0,711,800,1422,164,3.784630386860499e-09,5.0061210288276925e-08,7.271755197990615e-09,3.56866287631874e-08,9.353991003990814e-07,5.365547167457407e-06,6.290761689342617e-07,2.9039043170087098e-08,2.4933083295763936e-06,1.5047000090362417e-07,1.1437126886448823e-05,1.5225779861793853e-05,8.034203347051516e-06,4.64306867797859e-06,6.916166483961206e-08,6.224734079296468e-07,6.699518451114272e-08,2.2554901590865484e-07,8.107031490567351e-09,1.2041998331824288e-07,2.5368047218421452e-08,4.730204182123998e-06,4.727859050035477e-06,7.804047896797783e-08,2.1327268839854696e-08,1.8586742953630164e-06,6.223879154276801e-07,2.4564383860337102e-09,2.4031180601014057e-08,5.9017583708964594e-08,7.341743657462985e-09,4.377089624085784e-08,2.0166618597272645e-08,3.379467216291232e-06,9.304234538376477e-08,2.671063441539445e-07,2.7185567432752578e-06,2.426193077553762e-07,4.178464863002773e-08,4.449596691102897e-09,1.1197726301759303e-08,9.530152738079778e-07,2.026594714266139e-08,3.448353425028472e-08,9.665719780116433e-09,1.6751326992192617e-09,1.3144068589099334e-07,3.678566645248793e-05,4.239399913785746e-06,5.033350447547491e-08,5.226793575729971e-08,1.7021445728460094e-06,8.493379510809973e-08,4.745376314119198e-10,8.813648264549556e-07,4.033025646776878e-08,6.058218673388183e-07,2.3455701381180916e-08,3.729956915776711e-06,2.9457225991791347e-07,2.071736844300176e-07,8.508003901397387e-08,4.188276836458726e-09,2.0031848180224188e-06,4.30638413817519e-09,4.734769447622966e-07,8.915567377698608e-07,3.0261904981898624e-08,4.538850646440551e-07,1.0139267942577135e-05,1.6861102380971715e-07,1.2287658535115042e-07,1.1068922134427339e-07,2.3486616100854008e-06,2.3324739686358953e-06,3.6880592801935563e-08,3.8569961446910384e-08,1.54480312630767e-06,3.747019916566785e-10,6.04752514732354e-08,1.0066347613246762e-06,6.126475682322052e-07,3.0048431653995067e-06,3.8259880597024676e-08,5.9994302858967785e-09,4.39761288362206e-06,2.90298505234432e-08,6.365178961686979e-08,6.110693817618085e-08,0.0005156813422217965,2.0853816451449347e-08,1.9336658851898392e-07,1.00729203040828e-05,1.8399717305328522e-07,4.6706036300747655e-06,1.1328005484756432e-06,5.175762041176313e-08,2.575870325927099e-07,0.9986973404884338,6.319087919592903e-09,2.7259995150075156e-08,4.6125435915200796e-07,2.3188194120393746e-07,1.4317583918455057e-07,1.7128193974258465e-07,4.811207691091113e-05,2.7141705771782654e-08,2.44330919940694e-08,2.424472143047751e-07,2.3127340682549402e-06,9.763674597706995e-07,3.4799096937376817e-08,1.0634082059368666e-07,8.452883548670798e-07,6.49962603347376e-05,4.5485940063372254e-06,0.00045606738422065973,3.920639301213669e-06,7.636652199494165e-09,9.827642344362175e-08,6.324544301605783e-07,3.827765604480504e-10,1.5755704296793738e-08,9.269188749883028e-10,3.7195930779887476e-09,2.3194793308256578e-10,4.722883659269428e-06,1.8699088499829486e-08,1.4737963738298276e-07,1.3705558910004356e-09,9.372059395218457e-08,1.8461807940184372e-06,1.269644712920126e-06,2.2415859746161004e-07,4.466982375106454e-07,3.7611889069921745e-07,7.006633051531708e-10,1.9661340502352687e-06,4.1927073368697165e-08,4.6507931728001495e-08,2.791028030912912e-08,7.434360327351897e-07,3.782106716698763e-08,1.8734154139110615e-07,2.6652210749489313e-07,3.6492556318989955e-06,5.701146164938109e-06,3.2670563996362034e-06,3.841563511741697e-08,8.672107583151956e-07,2.8521762942546047e-06,4.997480687052303e-07,3.0214246660165145e-09,1.45617127600417e-06,4.4556480816027033e-07,9.514818088973698e-08,4.1899133975675795e-06,9.067296247167178e-09,4.7094965793803567e-07,6.457922552272066e-08,8.86615225681453e-07,5.977890538133579e-08,1.1364225827037444e-07,1.660944946024756e-07
/users/PAS2099/jianyanggu/PlotDiversiVision/data/SCBI_005/SCBI_005_PlantDiversity_31_1_4_20140613.jpg,SCBI_005/SCBI_005_PlantDiversity_31_1_4_20140613.jpg,SCBI,2014,,SCBI_005,31_1_4,31,1,4,20140613,false,SCBI_005_PlantDiversity_31_1_4_20140613_r1_c1,3,1,1,800,711,1600,1422,164,3.5863920722079e-09,2.2691352796755382e-08,7.288897485580037e-09,1.4585562091440352e-08,4.0315242699762166e-07,2.7913210942642763e-06,4.794297296939476e-07,3.0523604976906427e-08,8.427910870523192e-06,5.556901214731624e-07,9.48150409385562e-06,3.245174957555719e-05,1.5468101992155425e-05,9.082065844268072e-06,5.967392979755459e-08,6.375540806402569e-07,1.2022594830796152e-07,1.460912386619384e-07,2.4249622310179575e-09,5.494946009321211e-08,2.4118909536241517e-08,2.532584176151431e-06,3.981943791586673e-06,1.8071268925723416e-07,3.064704756639003e-08,2.8991505587327993e-06,1.2216448794788448e-06,4.960727384428765e-09,8.62184208472172e-08,1.1769564878250094e-07,2.0476091933119278e-08,3.236232259951066e-08,2.8447329825098677e-08,6.631616543018026e-06,1.4379008916876046e-07,4.848516823585669e-07,1.5944440292514628e-06,1.9022587594008655e-07,3.85247105327835e-08,3.425371986054415e-09,7.950478497775748e-09,6.211765253283374e-07,2.0760255736718136e-08,2.786286223965817e-08,1.2681296013283827e-08,1.5990402335575027e-09,3.8661204371237545e-07,7.844599895179272e-05,1.6309294323946233e-06,8.680551388806634e-08,2.75320530818135e-08,3.833285973087186e-06,4.1761762759051635e-07,5.319645279833196e-10,1.1549502687557833e-06,5.962250781976763e-08,4.960997443959059e-07,1.857207010402817e-08,3.1392407890962204e-06,5.091427510706126e-07,3.75296593801977e-07,3.702412598727278e-08,3.49869244686829e-09,1.4273597344072186e-06,4.040665579907454e-09,3.0997793487586023e-07,1.090356704480655e-06,1.970526497530045e-08,3.265525094775512e-07,1.2042803064105101e-05,2.1743215938840876e-07,1.6584203876846004e-07,1.7653320583121968e-07,5.494343895406928e-06,3.0076671464485116e-06,1.0173749132036392e-07,6.64371313519041e-08,3.669766329039703e-06,6.572168920193633e-10,6.379941197565131e-08,3.91920565334658e-07,3.8053684647820774e-07,3.7539557524723932e-06,2.3612560795527315e-08,3.737190112929056e-09,7.113084848242579e-06,2.1331032939997385e-08,5.232604038951649e-08,6.974619992661246e-08,0.0007143574766814709,1.2426769835371942e-08,4.21307504439028e-07,7.997943612281233e-06,3.0649283644379466e-07,4.357672878541052e-06,5.828761118209513e-07,7.980594318723888e-08,3.5330171499481366e-07,0.9983516931533813,5.1704760473114675e-09,3.6884145515614364e-08,8.618755487077578e-07,3.4156283845732105e-07,3.47541771361648e-07,2.0008795331705187e-07,6.57567143207416e-05,1.2095870083328464e-08,8.433401887941727e-08,2.240588088397999e-07,2.1549590201175306e-06,1.2744839068545843e-06,4.9564928161771604e-08,1.5195317359939509e-07,1.3795710174235865e-06,0.00010745104373199865,1.242963298864197e-05,0.0004331408708821982,2.152272600142169e-06,5.098671707060021e-09,1.4035582296401117e-07,9.454230394112528e-07,2.695916268002918e-10,7.53652695806295e-09,7.223459053129488e-10,2.5497088884662844e-09,1.4090925648524433e-10,6.956292963877786e-06,1.578507813349006e-08,8.537011098042058e-08,4.0945366541755845e-10,2.7951861270025802e-08,6.074122893551248e-07,1.0254055951008922e-06,3.565130555216456e-07,2.8058173029421596e-07,2.8534509510791395e-07,1.7692336484742555e-09,2.4761829990893602e-06,1.2622180634025426e-07,4.829224664604226e-08,4.7890303278563806e-08,6.946981443434197e-07,3.5716762880610986e-08,9.165133008082194e-08,1.3076416394142143e-07,1.3758665772911627e-05,8.929740943131037e-06,1.160430883828667e-06,8.008255036884293e-08,1.1044980965380091e-06,1.937168235599529e-06,3.4627797163011564e-07,3.0564952790967936e-09,1.779328044904105e-06,7.767261536173464e-07,1.3265325549127738e-07,1.1640403499768581e-05,6.758817949759077e-09,3.0201979939192825e-07,5.88402784273967e-08,2.6511302166909445e-06,3.0191941391422006e-08,2.846471431894315e-07,6.277272177612758e-07
/users/PAS2099/jianyanggu/PlotDiversiVision/data/SCBI_005/SCBI_005_PlantDiversity_31_1_4_20140613.jpg,SCBI_005/SCBI_005_PlantDiversity_31_1_4_20140613.jpg,SCBI,2014,,SCBI_005,31_1_4,31,1,4,20140613,false,SCBI_005_PlantDiversity_31_1_4_20140613_r1_c2,3,1,2,1600,711,2400,1422,164,3.5154470445775132e-09,1.859626941325132e-08,4.769017181160962e-09,2.579286828563454e-08,5.294172638059536e-07,2.536726015023305e-06,4.549851553292683e-07,2.966952195038175e-08,3.5220296012994368e-06,3.870375167025486e-07,6.357895472319797e-06,3.897328861057758e-05,4.302033175918041e-06,8.137458280543797e-06,4.770493333694503e-08,6.67922506636387e-07,7.920856148757593e-08,2.381623573910474e-07,2.6150905885202747e-09,6.178142086810112e-08,1.620906786570231e-08,3.5884415865439223e-06,2.2700062345393235e-06,1.4865096886751417e-07,8.614319924049596e-09,2.599915660539409e-06,1.0504369356567622e-06,2.1792960769317915e-09,4.0415205404542576e-08,6.971543342615405e-08,6.879314895513744e-09,1.7866334189875488e-08,1.9539267981372177e-08,4.027780960313976e-06,1.0634714442403492e-07,2.482644845258619e-07,9.046079298968834e-07,1.9593169042764202e-07,2.6878105074956693e-08,2.871622273303842e-09,4.507092477012975e-09,2.092169324896531e-06,7.94691459304886e-08,3.056582542626529e-08,8.783384686239515e-09,9.410942025667168e-10,1.0774038372574068e-07,9.056654380401596e-05,2.5537169676681515e-06,8.986812360944896e-08,3.944481719031501e-08,1.7859265426523052e-06,8.796634176633233e-08,3.9872913304428437e-10,7.826340038263879e-07,1.989684506042977e-08,2.7816611236630706e-07,1.3596450187947084e-08,2.197800085923518e-06,9.588557077222504e-07,6.614693575102137e-07,9.302551973178197e-08,2.456678416251634e-09,9.94419792732515e-07,1.70849501213155e-09,2.7647561751109606e-07,8.854005386638164e-07,2.427771228497022e-08,6.725296657350555e-07,9.355265319754835e-06,3.90929642435367e-07,4.261296169261186e-07,1.8465222240138246e-07,1.8654479845281458e-06,8.799659099167911e-07,5.47820953045175e-08,2.4985576274616506e-08,1.2530762205642532e-06,4.594915004041411e-10,4.3360511625678555e-08,3.7950229625494103e-07,8.73984390636906e-07,4.814502517547226e-06,1.8066113938175477e-08,4.409475895528203e-09,6.6129309743701015e-06,4.1035683295831404e-08,3.078828569869074e-08,4.1218456203750975e-08,0.0005772881559096277,1.4329084585540386e-08,3.3576540658941667e-07,1.849089858296793e-05,2.0272962331091549e-07,7.429334345943062e-06,7.669842716495623e-07,4.6020414146141775e-08,4.38753346543308e-07,0.9981854557991028,2.3903590218310455e-09,7.398443813144695e-08,2.632679354519496e-07,1.2832221329972526e-07,1.334365435923246e-07,2.3799526616130606e-07,5.708801472792402e-05,4.0487886820983476e-08,8.366794190806104e-08,1.1102439856358615e-07,2.792176701404969e-06,4.2347201656411926e-07,2.4581888524721762e-08,9.429241742964223e-08,1.949104898812948e-06,0.0001337965950369835,2.20554466068279e-05,0.0007304569007828832,1.9329336282680742e-06,2.1359547464072648e-09,2.2308769587198185e-07,1.069366703632113e-06,5.443685502370954e-10,6.609214064923208e-09,3.8633626853190606e-10,1.6330332641700807e-09,9.910625098363823e-11,5.34193031853647e-06,1.06810169597793e-08,8.676159524156901e-08,3.253513292111876e-10,3.250439917223957e-08,2.4695344791325624e-07,1.6802719073893968e-06,1.6302091410125286e-07,1.5876051406849e-07,4.3134846805514826e-07,6.495807225448402e-10,2.85197643279389e-06,1.55944221091886e-07,6.185263856650636e-08,5.792944790528054e-08,1.0610609706418472e-06,5.197319907779274e-08,1.3389289676979388e-07,2.2617678041569889e-07,4.892876404483104e-06,1.0402410225651693e-05,8.161827622643614e-07,6.355536896762715e-08,4.6539298637071624e-07,1.7057690229194122e-06,5.263142952571798e-07,2.436277624084937e-09,7.193232249846915e-07,2.6926454665954225e-07,8.668187234661673e-08,7.377483143500285e-06,4.848740076113245e-09,5.198373855819227e-07,8.874458501395566e-08,1.0874007330130553e-06,4.1408519280139444e-08,1.4377384616182098e-07,4.200851719815546e-07
/users/PAS2099/jianyanggu/PlotDiversiVision/data/SCBI_005/SCBI_005_PlantDiversity_31_1_4_20140613.jpg,SCBI_005/SCBI_005_PlantDiversity_31_1_4_20140613.jpg,SCBI,2014,,SCBI_005,31_1_4,31,1,4,20140613,false,SCBI_005_PlantDiversity_31_1_4_20140613_r2_c0,3,2,0,0,1422,800,2133,164,2.019501010863678e-08,8.284100516675608e-08,1.3036243196040687e-08,1.4604809450702305e-07,1.7588903347132145e-06,5.757881353929406e-06,1.3695326970264432e-06,1.0060498567554532e-07,1.934293504746165e-05,1.0333595810152474e-06,1.3320995094545651e-05,9.544708882458508e-05,1.2957630133314524e-05,1.3945166756457184e-05,1.2799135618024593e-07,2.565347813288099e-06,2.875595725981839e-07,6.781333468097728e-07,7.639997967601175e-09,1.2211435773679113e-07,5.273836123365072e-08,9.307502295996528e-06,5.511863037099829e-06,3.42763087246567e-07,3.763710409998566e-08,1.2176189557067119e-05,4.903306489723036e-06,2.57156540506287e-09,7.771838284043042e-08,9.438929993166312e-08,1.7016805742287033e-08,6.296131971339491e-08,3.27677369682533e-08,1.4710837604070548e-05,4.1386468296877865e-07,3.3716469260980375e-07,2.52676113632333e-06,4.6625339678030286e-07,1.0676794914843413e-07,9.278809720569825e-09,2.5153719107606776e-08,3.7728134429926286e-06,9.074629758742958e-08,1.0119813254050314e-07,1.87849398258777e-08,1.5930586849677297e-09,3.108335135948437e-07,0.00020224347827024758,7.888244908826891e-06,8.45977581320767e-08,2.4397880338256073e-07,6.270443464018172e-06,2.3241045710165054e-07,1.128222293367287e-09,1.7690916820356506e-06,7.560995385347269e-08,1.384535039505863e-06,7.925970635369595e-08,1.1262165571679361e-05,1.3096017710267915e-06,2.034007366091828e-06,1.7923289874488546e-07,6.794325102532639e-09,3.7695908758905716e-06,5.830324223410344e-09,1.2322578868406708e-06,2.507451654309989e-06,4.012888155102701e-08,2.568931904534111e-06,3.23106323776301e-05,6.742075129295699e-07,4.3642506852847873e-07,8.394234214392782e-07,6.599051630473696e-06,2.685099616428488e-06,1.1060345883606715e-07,7.910686150580659e-08,4.1256444092141464e-06,1.07836573004505e-09,2.2600617910484289e-07,1.681087383076374e-06,1.5007673255240661e-06,1.3434745596896391e-05,7.724193551439384e-08,3.403460269169045e-08,2.2056727175367996e-05,5.154597104706227e-08,1.0010120377046405e-07,1.0895352886564069e-07,0.0009958191076293588,3.341019905178655e-08,4.886722422270395e-07,4.441039345692843e-05,1.166010974884557e-06,1.9300627172924578e-05,2.4183752884709975e-06,1.3006645360746916e-07,1.6228029835474445e-06,0.9972766041755676,1.2801911530857524e-08,1.9418990859776386e-07,2.6316185994801344e-06,1.0437472610647092e-06,3.529535490542912e-07,2.7227476948610274e-06,8.754574810154736e-05,1.0173654629852535e-07,9.643840570561224e-08,6.035033379703236e-07,6.974508778512245e-06,1.8998562154592946e-06,9.390804223130544e-08,1.2527044646049035e-06,6.597012543352321e-06,0.00011720816110027954,7.242444098665146e-06,0.0006788979517295957,7.768704563204665e-06,6.0034319737667374e-09,5.791140438304865e-07,1.9511223854351556e-06,1.3286661770806063e-09,2.8384302908079917e-08,2.2293364931869064e-09,7.468656804121565e-09,3.9036457399888036e-10,1.1977313079114538e-05,4.4974115098739276e-08,4.266601933977654e-07,3.690559635671775e-09,2.765000601812062e-07,4.490987066674279e-06,1.1727826176866074e-06,1.0918907946688705e-06,1.2482587408157997e-06,2.69766633209656e-06,1.3579710689270996e-09,1.0310054676665459e-05,1.852400544066768e-07,1.7120407846960006e-07,1.2163920359853364e-07,3.5684051908901893e-06,1.436445700164768e-07,3.373370986992086e-07,6.100677865106263e-07,1.3197278349252883e-05,3.947080040234141e-05,3.525002966853208e-06,1.1728938176247539e-07,5.721076831832761e-06,4.8611973397783e-06,1.0395987146694097e-06,7.1546986113446565e-09,1.694996399237425e-06,7.686779213145201e-07,3.1086079843589687e-07,6.072635733289644e-05,2.14107256368834e-08,1.4980446394474711e-06,1.7893366077714745e-07,2.3905470243335003e-06,1.757662175805308e-07,2.731244990172854e-07,3.6086078125663335e-07
/users/PAS2099/jianyanggu/PlotDiversiVision/data/SCBI_005/SCBI_005_PlantDiversity_31_1_4_20140613.jpg,SCBI_005/SCBI_005_PlantDiversity_31_1_4_20140613.jpg,SCBI,2014,,SCBI_005,31_1_4,31,1,4,20140613,false,SCBI_005_PlantDiversity_31_1_4_20140613_r2_c1,3,2,1,800,1422,1600,2133,164,9.235024966969263e-10,6.44195186083607e-09,2.4713266988385385e-09,7.451786743217781e-09,1.3747045102263655e-07,1.5673894040446612e-06,3.181030194809864e-07,3.088137745521635e-08,1.167467303275771e-06,1.7609990266009845e-07,5.23234530191985e-06,1.1196506420674268e-05,3.5262564779259264e-06,1.784929190762341e-05,2.5199840436584964e-08,6.584695029232535e-07,3.338272165365197e-07,1.1542483235871259e-07,7.508222932273156e-10,1.5568939915056035e-08,6.16679951548349e-09,1.1514299558257335e-06,1.8179885046265554e-06,2.9448562699485592e-08,7.481722796853774e-09,1.9131011868012138e-06,7.333802614084561e-07,2.385571296059652e-09,2.5619732113568716e-08,4.0320873750943065e-08,8.117090111170455e-09,1.6422387005832206e-08,1.9061570100120662e-08,3.485945399006596e-06,4.307372591938474e-08,1.4625616984176304e-07,2.1048758469532913e-07,7.993597250788298e-08,8.51416892544421e-09,9.603712269878883e-10,2.72534328438212e-09,2.862049655050214e-07,1.0587489107649617e-08,1.0838232533671999e-08,8.690115294029965e-09,3.7044542433584127e-10,5.954562709575839e-08,6.277894863160327e-05,9.807387186810956e-07,7.223211895279746e-08,2.034123092187201e-08,1.0207331797573715e-06,1.0081060963784694e-07,2.9629498854433223e-10,4.933909849569318e-07,1.1896116092202647e-08,2.293238878792181e-07,5.008411463336415e-09,1.356415964437474e-06,1.4858316887966794e-07,1.0470574807186495e-07,3.1600563943356974e-08,9.898593056334448e-10,6.834108603470668e-07,9.116716270796132e-10,2.5482606247351214e-07,7.560601034128922e-07,1.49765000401203e-08,2.2055375836771418e-07,1.5651667126803659e-06,1.0048655951777619e-07,1.0125150851081344e-07,6.472029667747847e-08,1.8424591416987823e-06,1.8295792187927873e-06,6.875840341535877e-08,2.518936348394618e-08,1.8067538576360676e-06,1.3915915642037646e-10,1.4105555834476036e-08,1.668540079435843e-07,3.377945176907815e-07,2.3036122911435086e-06,5.701355831888577e-09,1.5077669113239267e-09,2.0514246443781303e-06,9.934422173785151e-09,1.6552705872641127e-08,1.4823718252898743e-08,0.0003935658314730972,5.510472078640305e-09,4.298527471746638e-07,9.233423952537123e-06,1.2154237083450425e-07,3.2630459827487357e-06,3.43788741474782e-07,2.407495003353688e-08,2.888571088988101e-07,0.99811851978302,1.2546357286424836e-09,1.852231612531341e-08,1.6497995147801703e-07,7.22676745112949e-08,5.641345524054486e-08,7.387541245407192e-08,6.767184822820127e-05,9.140155299292019e-09,4.0266460388238556e-08,6.442937916517621e-08,1.1446594498920604e-06,4.959384796165978e-07,1.4152770511088875e-08,9.195522210347917e-08,2.1727951207139995e-06,8.27170952106826e-05,2.7902129659196362e-05,0.0011157888220623136,8.362312087228929e-07,1.9646841931120207e-09,8.316339261682515e-08,6.466110562541871e-07,9.56309198496541e-11,3.3225662221525454e-09,1.3574588675346888e-10,9.063211847681885e-10,3.240931481518494e-11,3.3214939776371466e-06,5.265073266258469e-09,2.1419237938857805e-08,1.0473874545446904e-10,1.7381662331672487e-08,2.1307033648554352e-07,5.703536771761719e-07,1.5416176779581292e-07,6.261527119022503e-08,2.092674407094819e-07,9.816393253814226e-10,2.166620561183663e-06,5.413155790279234e-08,3.380418434062449e-08,4.4126320375426076e-08,2.1991023402279097e-07,1.267349780675886e-08,1.3996699976814853e-07,1.2466982468595234e-07,4.568783879221883e-06,1.4982409084041137e-05,1.0479410548214219e-06,8.940630635834168e-08,2.1775650793642853e-07,4.772961119670072e-07,1.341016684364149e-07,2.177413360726632e-09,7.332376412705344e-07,2.0505395070813393e-07,4.807916553772884e-08,8.664804227009881e-06,4.449138835127542e-09,4.560284594390396e-07,3.5800347575332125e-08,8.547240213374607e-07,1.0898806301895547e-08,1.0761650770518827e-07,1.7080563452509523e-07
/users/PAS2099/jianyanggu/PlotDiversiVision/data/SCBI_005/SCBI_005_PlantDiversity_31_1_4_20140613.jpg,SCBI_005/SCBI_005_PlantDiversity_31_1_4_20140613.jpg,SCBI,2014,,SCBI_005,31_1_4,31,1,4,20140613,false,SCBI_005_PlantDiversity_31_1_4_20140613_r2_c2,3,2,2,1600,1422,2400,2133,164,1.9301380493885745e-09,1.018641615502247e-08,6.514943695634656e-09,1.324859688622837e-08,2.622425654408289e-07,9.688823183751083e-07,1.4138670678676135e-07,5.111046164074651e-08,4.680924121203134e-06,1.5470062635358772e-06,1.0451093658048194e-05,3.7445373891387135e-05,9.621353456168436e-06,1.5593783246004023e-05,8.997410816391493e-08,2.842481592324475e-07,2.965821863654128e-07,1.1633791530130111e-07,9.627613151153014e-10,6.62833059550394e-08,1.945730154773173e-08,5.560240424529184e-06,1.270611733161786e-06,3.6769577604900405e-07,3.054600838936494e-08,1.3003316325921332e-06,8.155508908203046e-07,3.5783203067296654e-09,5.206288733461406e-08,1.0105145520356018e-07,1.6035329508667928e-08,2.6419639809205364e-08,4.426246391631139e-08,3.701136165545904e-06,7.704617388526458e-08,7.304084306269942e-07,3.74773463818201e-07,1.2318332665017806e-07,1.3605892412726917e-08,1.7292408616143007e-09,4.08628952897061e-09,1.5838616036489839e-06,4.8922181861144054e-08,1.571402385991405e-08,3.804994008760332e-08,4.496135908027554e-09,2.589155769783247e-07,0.00030885630985721946,2.8839765491284197e-06,3.4392851944176073e-07,2.9739318563315464e-08,1.954823346750345e-06,2.758876860298187e-07,1.0284493257017857e-09,5.585620783676859e-07,3.704649742530819e-08,3.224482441055443e-07,1.8137582102895067e-08,2.033299551840173e-06,6.347835324049811e-07,6.347302701215085e-07,6.405359442851477e-08,5.5642632723618135e-09,8.623699159215903e-07,1.2239628199850472e-09,9.203407103086647e-07,7.988984975781932e-07,8.03022928153041e-08,2.8005720196233597e-06,5.2840064199699555e-06,2.3769311496835144e-07,2.886495735765493e-07,1.5571713163353706e-07,5.842484370077727e-06,5.881752713321475e-06,1.6044270978454733e-07,5.683022763491863e-08,2.832557584042661e-06,5.216064247193231e-10,6.154524356816182e-08,2.9913417165516876e-07,2.8156100029264053e-07,7.276860742422286e-06,8.705163700994945e-09,5.438955508196841e-09,5.948429134150501e-06,1.3982214852603647e-07,1.6473181929654857e-08,1.9446180488102982e-07,0.0007797891739755869,3.459626540802674e-08,3.5184152125111723e-07,1.3249172297946643e-05,3.5338030102138873e-07,3.0473780498141423e-05,1.7352103895973414e-06,7.173935756554783e-08,1.5826416301933932e-06,0.9948933124542236,3.1926681298699577e-09,1.1831475887902343e-07,5.578210675594164e-07,4.474325976389082e-07,1.7090312098844151e-07,6.768660654188352e-08,5.967796460026875e-05,5.5176379021304456e-08,1.604947357236597e-07,1.233987347859511e-07,5.879688615095802e-06,4.4865461745757784e-07,2.6083766258011565e-08,1.4092846356561495e-07,2.4832900180626893e-06,0.0016136064659804106,0.00015517123392783105,0.0018948490032926202,2.3174461603048258e-06,2.0877812811903596e-09,6.12382621056895e-07,2.058790414594114e-06,4.790639551721654e-10,4.963459421247762e-09,1.194742915711089e-10,4.848164092408069e-10,1.0201767208783963e-10,7.725402610958554e-06,6.913778438644158e-09,1.9361058889444394e-07,7.157091030940421e-10,4.143901577435827e-08,2.1787829496133782e-07,1.844544840423623e-06,1.230532404861151e-07,1.71324785469551e-07,4.0590438743492996e-07,7.0038730370924895e-09,4.816504770133179e-06,1.2846717822867504e-07,3.1851399739935005e-08,3.9737507506742986e-08,5.1651481953740586e-06,4.233121160268638e-07,2.6440019951223803e-07,1.5582467938202171e-07,2.5916486265487038e-05,1.4739979633304756e-05,1.4630120404035551e-06,2.4415083998974296e-07,2.3657322856251994e-07,1.0351143373554805e-06,6.396695084731618e-07,1.896181878180414e-08,1.0654779316610075e-06,4.315887451866729e-07,2.2721101800016186e-07,1.0779639524116646e-05,4.711874002083505e-09,1.7969013015317614e-06,5.36128027306404e-07,1.036062371895241e-06,3.729520514639262e-08,3.792345637521066e-07,5.239024858383345e-07
/users/PAS2099/jianyanggu/PlotDiversiVision/data/SCBI_005/SCBI_005_PlantDiversity_32_1_2_20140613.jpg,SCBI_005/SCBI_005_PlantDiversity_32_1_2_20140613.jpg,SCBI,2014,,SCBI_005,32_1_2,32,1,2,20140613,false,SCBI_005_PlantDiversity_32_1_2_20140613_r0_c0,3,0,0,0,0,800,709,164,1.457096754364784e-08,2.16463627111807e-06,2.8213415603772773e-08,3.073848347412422e-05,2.2237585994844267e-07,6.990220526859048e-07,2.5322780317083016e-08,4.6652738205921196e-07,9.704632248030975e-06,9.63612251325685e-07,3.0318167887344316e-07,1.1279664249741472e-05,3.583297569775823e-08,4.829514068660501e-07,2.7282744952117355e-09,1.59830287884688e-05,3.1047562742969603e-07,8.588541788867587e-08,7.62541052523602e-09,6.315062250905612e-08,5.1735476347403164e-08,7.73832834966015e-06,9.670116014603991e-06,7.059326634362151e-08,4.46940984222266e-10,1.0325477433070773e-06,1.454071423268033e-07,4.548167620299637e-09,9.104271114779294e-09,1.518084880025583e-09,4.002551179382863e-09,7.365113106061472e-07,7.162730497611847e-08,5.1265161005176196e-08,8.818076935313002e-08,3.6394087032931566e-07,7.356969149441284e-07,5.521919774764683e-07,7.043563243769313e-08,1.0431172370317654e-08,1.9474406087738316e-07,1.6726573448977433e-05,1.4180814389419538e-07,3.5181383282179013e-06,7.324196249491877e-10,3.7016864240513314e-08,2.5951109705601993e-07,3.07969003188191e-07,8.501745469402522e-06,1.034588636983358e-09,4.7387050017277943e-07,4.085626983396651e-07,1.2300258589448276e-08,2.6495041716145806e-09,2.374921024284049e-07,1.1348362249918864e-07,1.4140254052108503e-06,6.293370802268328e-08,5.85688540013507e-05,3.646855972760932e-08,6.784774768675561e-07,1.579337890689203e-06,1.4966381911563076e-08,1.9240630990680074e-06,4.370243722462419e-09,2.877638280551764e-06,5.615361686750475e-08,2.6912072570439705e-09,1.0052799552795477e-05,5.6035283080291265e-08,6.653190212091431e-07,1.1330973137546607e-07,7.792206702106341e-07,4.525739782934579e-08,3.022115890871646e-08,6.054089868312573e-11,6.085977832803735e-10,9.080512342052316e-09,6.628300686095656e-11,1.5039874767808215e-07,2.171427149733063e-05,1.5343188124461449e-06,1.8157355953007936e-05,2.018487430177629e-05,1.0873565770452842e-05,1.4915327710696147e-06,2.1994698329308449e-07,6.812992978666443e-07,5.3888578044336555e-09,1.2511135594195366e-07,2.6281232745617444e-09,5.246283407700503e-09,3.862297944579041e-06,2.464548742864281e-07,4.169263320363825e-06,9.79695232672384e-06,2.6945574660430793e-08,2.825115188898053e-05,3.1748586479807273e-06,1.791659883565444e-06,1.0300295372189794e-07,1.1384616982468287e-06,2.8414340249582892e-06,4.816595833290194e-08,1.5444248901985702e-06,3.1256715260497003e-07,2.9443950211316405e-07,4.395525721179183e-08,1.810137817415125e-08,1.1967037607973907e-05,2.8892536647617817e-06,1.758868606316355e-08,2.433561576253851e-06,1.9480572177599242e-07,3.33530408624938e-07,1.5341057313378315e-09,3.3194141906278674e-06,5.735608283430338e-06,3.0605387113524785e-09,2.6455262869262697e-08,9.32953270194048e-08,3.3437466129271343e-09,2.728577719324221e-08,9.927973998458128e-09,1.861054954588326e-08,1.0018983687132277e-07,5.716100304198335e-07,2.266710197318389e-07,0.0001301351294387132,0.0001521840167697519,0.00042664786451496184,0.9988490343093872,4.135393538717835e-08,2.6718359436017636e-07,8.280787255898758e-07,5.526640620701073e-07,4.104317233299959e-11,4.631865238025057e-07,8.134659168490543e-09,2.483592886903807e-08,1.3775998120024724e-09,2.4079822651401628e-06,6.747685006303072e-07,1.2702383145324347e-08,1.2844322050398205e-08,1.497358397273274e-07,6.397529546120495e-07,3.663579627755098e-05,7.132356216743574e-08,1.1202563655388076e-05,2.322660037634705e-07,1.8663542505237274e-05,9.634091746590911e-09,9.085160712629659e-08,8.396948025790607e-09,1.329067913502513e-07,1.608000417263611e-07,1.6511393141627195e-07,1.129200910554573e-07,3.5506005247043504e-08,1.4404899673081673e-07,2.618190819703159e-06,1.0092859881183358e-08,1.6359089638484647e-09
/users/PAS2099/jianyanggu/PlotDiversiVision/data/SCBI_005/SCBI_005_PlantDiversity_32_1_2_20140613.jpg,SCBI_005/SCBI_005_PlantDiversity_32_1_2_20140613.jpg,SCBI,2014,,SCBI_005,32_1_2,32,1,2,20140613,false,SCBI_005_PlantDiversity_32_1_2_20140613_r0_c1,3,0,1,800,0,1600,709,164,7.619908615197346e-08,8.13493130635834e-08,5.9092482018741066e-08,5.474448698805645e-07,1.2501876881287899e-05,1.0316093721485231e-06,7.53291473643003e-08,3.930123000372987e-07,2.125820401488454e-06,1.843895773845361e-07,7.213067192424205e-07,6.186139671626734e-06,1.3661228592809493e-07,2.6449592382959963e-07,1.2285048534010912e-08,8.403674200962996e-07,1.877576437436801e-06,8.783288194535999e-07,3.738777820672112e-08,6.174254281177127e-07,1.932459952058707e-07,0.997100293636322,1.883164259197656e-06,2.0226053720762138e-08,7.807477997445744e-10,1.1910264419157102e-07,4.475070092269107e-09,2.0036057257755147e-09,4.68686200960633e-10,8.182354238606138e-10,5.35209487839694e-10,1.7992581646808503e-08,3.338314513712248e-08,1.3296080680902378e-08,2.2675978073039005e-07,3.0784528348704043e-07,2.4095950834635005e-07,3.386438507391176e-08,4.161925470924643e-09,1.5025273247815107e-09,3.0194942102212963e-09,0.0016558143543079495,1.0712528819567524e-05,1.024811524530378e-07,2.763707707131857e-09,1.9612429458248926e-09,7.344649475271581e-07,1.0467118016777022e-07,1.4717940075570368e-06,1.3706747381547757e-07,1.2433567064817908e-07,2.114820290444186e-06,1.7005825725391333e-07,1.971362628694351e-08,1.4117159707893734e-07,1.1755709294902772e-07,3.857814192542719e-07,8.093516612461826e-08,2.17293131754559e-06,7.975031479645622e-08,4.299422471376602e-06,2.513769231882179e-06,1.944053309443916e-07,1.4551577578458819e-06,1.0210532863652588e-08,1.2142915693402756e-05,2.096170646836981e-06,6.272342290003508e-08,3.404755943847704e-07,8.684608474140987e-06,9.324651273345808e-07,9.016549142870645e-07,1.7283910835885763e-07,0.0001392203412251547,6.438827313104412e-06,1.8240749355413755e-08,2.945695541711757e-06,2.4673607185832225e-05,6.973873145632581e-10,6.7083236743314956e-09,3.4841681895159127e-07,3.739806686553493e-07,2.4521305022062734e-06,4.705428580109583e-07,5.804646434626193e-07,2.1249772998999106e-06,2.2981367919783224e-08,3.195362694441428e-07,3.3257072118431097e-07,3.1001721367829305e-07,8.976083165634918e-08,5.262357376523141e-07,9.409990889253095e-05,6.699507935081783e-07,0.00018757741781882942,0.0001347939542029053,7.895730050222483e-06,1.836695082602091e-05,2.612291382320109e-06,1.8942586166303954e-07,3.8903860399841506e-07,6.37481321064115e-08,7.553489211886699e-08,2.858488187484909e-06,8.938735618357896e-08,5.898871222598245e-06,2.1439068120798765e-07,1.3743067794891317e-09,2.4342615034811388e-08,7.560093990832684e-07,1.274548139917897e-06,4.9669445445488236e-08,4.260091088781337e-07,6.028030838933773e-07,4.013390366708336e-07,4.902787509308837e-09,2.055666300293524e-06,5.99297663939069e-06,4.989334101423992e-08,3.873044107649548e-08,3.824360561566209e-08,4.921227869658651e-08,1.7885818381913055e-09,8.571436338478122e-10,2.961916711896606e-09,2.1324693122437566e-09,1.4491031379293418e-06,1.067679204425076e-05,1.3547382877732161e-05,7.490762499173798e-08,7.338236400755704e-07,1.51528565766057e-05,3.3388130304956576e-07,9.917977195073036e-07,5.7102489847693505e-08,1.9778653950197622e-06,1.5225253280348738e-09,3.166966280332417e-07,6.419299580784354e-08,2.719813707585672e-08,3.304321793962117e-08,1.8232143474961049e-06,2.1987621323660278e-07,1.5810296645213384e-06,3.679551525692659e-07,6.425945684895851e-06,1.9207825516787125e-06,0.00040083014755509794,1.3779665408719666e-08,2.1053312593721785e-05,7.659020866412902e-07,5.006419314668165e-07,3.4371439028291206e-08,1.7527318618704157e-07,1.598451575546278e-07,5.0103331261652784e-08,1.0104639613928157e-07,8.468389864901837e-07,1.545347316778134e-07,8.370204795937752e-08,5.235308890405577e-06,2.275207771162968e-05,1.5262426700246579e-07,1.8405927448839066e-07
/users/PAS2099/jianyanggu/PlotDiversiVision/data/SCBI_005/SCBI_005_PlantDiversity_32_1_2_20140613.jpg,SCBI_005/SCBI_005_PlantDiversity_32_1_2_20140613.jpg,SCBI,2014,,SCBI_005,32_1_2,32,1,2,20140613,false,SCBI_005_PlantDiversity_32_1_2_20140613_r0_c2,3,0,2,1600,0,2400,709,164,1.1413156926209922e-06,2.325572040717816e-06,9.734406347661206e-08,7.898402145656291e-06,0.0005080839619040489,2.4538305751775624e-06,2.762937469924509e-07,2.004822999879252e-05,0.0001652504870435223,8.960827108239755e-05,4.4801786316384096e-06,0.0009856087854132056,2.942614628409501e-06,1.8786640794132836e-05,2.714337909992537e-08,2.179313378292136e-05,1.1038958291464951e-05,4.6414065764111e-06,1.990108330574003e-06,1.3291875802678987e-05,3.72266686099465e-06,0.8140538334846497,3.872838715324178e-05,1.3110087820678018e-05,5.403314684571114e-09,8.732638525543734e-05,1.4150300842175056e-07,1.0868829170007643e-09,1.1663360055536032e-08,1.5904983996506417e-09,5.765484534236975e-09,2.2968906421283464e-07,6.413979747321719e-08,2.843855781975435e-06,8.575821084377822e-07,8.529362389708695e-07,7.601989295835665e-07,7.15974192644353e-06,2.3650798084418057e-06,2.1341045908229717e-07,5.79574475523259e-07,0.006997740361839533,6.317392399068922e-05,1.3675505670107668e-06,4.85058428978391e-08,3.7040781108999e-08,0.00032873262534849346,1.6331637198163662e-06,9.492175195191521e-06,4.6477117621179787e-07,1.6367436046493822e-06,0.00037913903361186385,2.5194698537234217e-05,1.4476135845598037e-08,3.9459064282709733e-07,5.90088984608883e-06,4.080992312083254e-06,1.9942576727771666e-06,8.321783388964832e-05,1.1191258636245038e-05,4.324371548136696e-05,1.0218557235930348e-06,9.481969755142927e-06,1.29638765429263e-05,2.166082246901624e-08,0.0007715679239481688,3.7759282349725254e-06,1.4992700698712724e-06,2.0876623239018954e-05,1.1727757737389766e-05,9.670280996942893e-05,0.00011467283184174448,0.0002708230749703944,0.031157786026597023,0.038521137088537216,8.699883437657263e-06,0.00012576102744787931,0.0477210134267807,2.7239621669394865e-09,4.375642106424493e-07,3.0376681934285443e-06,3.474452023510821e-05,7.7191783930175e-05,4.026944225188345e-06,1.9875071302521974e-05,7.901087519712746e-05,1.822932915729325e-07,3.059905111513217e-06,1.7489712263341062e-05,5.7997949625132605e-06,7.170124263211619e-07,1.3846166439179797e-05,0.0011592418886721134,3.364280200912617e-05,0.0139914033934474,0.0007567252614535391,8.107980829663575e-05,0.0005857833893969655,0.0007806866778992116,2.648489498824347e-07,2.0211020455462858e-05,3.1007624784251675e-05,2.081261482089758e-05,6.268206925597042e-05,0.0005063966382294893,0.005326281767338514,3.264891711296514e-05,5.94183617863564e-08,1.50077411831262e-07,2.0761624909937382e-05,0.0005600512376986444,9.267788669831134e-08,2.5509196348139085e-05,0.00012239778880029917,0.00025946131790988147,1.6033972087825532e-06,2.8530932468129322e-05,0.000265677081188187,1.712356265670678e-07,5.228855570749147e-06,2.6383163458376657e-06,4.516501306284226e-08,1.1274548228357162e-07,2.5709718798339054e-08,1.9905391113184123e-08,4.266700770472198e-09,0.00018200451449956745,0.00016750868235249072,0.0004024552763439715,4.889078013547987e-07,8.841674571158364e-06,8.816149784252048e-05,4.600478496286087e-05,0.0003080909082200378,5.965919990558177e-05,0.0019194940105080605,5.28284083145536e-09,2.8853044568677433e-05,5.6741805565252434e-06,3.925340934074484e-06,7.890692359069362e-06,5.2535502618411556e-05,1.569137748447247e-05,9.198588486469816e-06,5.361192052077968e-06,0.006845762953162193,0.011074024252593517,0.00858474150300026,2.6659850504984206e-07,0.0015772109618410468,1.652844548516441e-05,6.3010273152031e-05,1.302295231653261e-06,2.446391954435967e-05,1.0287046279700007e-05,9.182074791169725e-06,2.2525357053382322e-05,1.2351208624750143e-06,3.3215969779121224e-06,1.0879512046813034e-05,0.0001795892749214545,0.0004228456236887723,1.0234791261609644e-05,6.9682946559623815e-06
/users/PAS2099/jianyanggu/PlotDiversiVision/data/SCBI_005/SCBI_005_PlantDiversity_32_1_2_20140613.jpg,SCBI_005/SCBI_005_PlantDiversity_32_1_2_20140613.jpg,SCBI,2014,,SCBI_005,32_1_2,32,1,2,20140613,false,SCBI_005_PlantDiversity_32_1_2_20140613_r1_c0,3,1,0,0,709,800,1418,164,1.1802459454202108e-08,1.1833939197458676e-06,5.380357936957125e-09,3.3490538044134155e-05,5.716167450486864e-08,1.1336219358781818e-06,1.3782157637365344e-09,1.6054528941822355e-06,2.4850664885889273e-06,1.0642443015740355e-07,1.398085203163646e-07,1.969024924619589e-05,4.0273659962508646e-09,3.580213956411171e-07,5.082856913141143e-10,1.8114751583198085e-05,3.6537673508973967e-07,5.626602117558832e-08,2.3943964588823974e-09,2.9379219057545924e-08,1.8599989104473025e-08,7.856298907427117e-06,2.4586372092016973e-05,2.1898511448625868e-08,3.8461327872552076e-11,1.9599852407736762e-07,3.108146273689272e-08,9.085331376113004e-10,2.6992907908862662e-09,1.86679963154468e-10,2.1913947045870685e-10,1.4595462971556117e-07,1.3069715087965506e-08,9.031671410753006e-09,3.827068795203559e-08,1.396246460672046e-07,2.5730043944349745e-06,9.198929546982981e-07,1.8189102490850928e-07,3.4506562940350705e-08,6.58020042010321e-07,5.769651761511341e-05,4.0995402628141164e-07,7.729660865152255e-06,9.226362451819625e-10,1.351311951225398e-08,1.3515240482320223e-07,2.0015569646147924e-07,5.0463909246900585e-06,9.065736494839882e-10,6.3011862039275e-07,9.071141704453112e-08,7.468805129917655e-09,9.913406762152022e-10,3.622041688799982e-08,3.9437658472252224e-08,7.450827865795873e-07,9.097686870518373e-08,0.00010374889825470746,9.90815607337936e-09,1.0594286550258403e-06,2.5475133043073583e-06,6.858625667405249e-09,7.040913487799116e-07,1.4493803934811922e-09,4.4385678847902454e-06,2.973415114126965e-08,9.94522353359173e-10,1.0539833056100179e-05,5.728016727601926e-09,2.4398659661528654e-06,2.517688528769213e-07,3.735451628017472e-07,3.713371299340906e-08,2.8322348910592154e-08,2.6374933487227636e-11,2.655028974452023e-10,8.570609111302474e-09,1.9256604991135795e-11,4.774178563593523e-08,4.369387170299888e-06,5.500731958818506e-07,1.012160828395281e-05,4.767995505972067e-06,3.318063681945205e-05,2.2052443000575295e-06,4.72791128913741e-07,2.660732661752263e-06,2.2424393453235325e-09,3.7878248093647926e-08,7.120393719084461e-10,2.404162202651605e-09,4.371004706626991e-06,2.3390042258597532e-07,1.3656322153110523e-05,2.8586480766534805e-05,1.667152282891493e-08,2.9901744710514322e-05,7.953299814289494e-07,4.373706360638607e-06,2.724753755956044e-07,5.633283990391647e-07,1.4201566500560148e-06,1.2201475385609228e-08,2.8297324661252787e-06,2.2253557574458682e-07,4.0890134300752834e-07,3.575462770299964e-08,2.5030535422132516e-09,1.8861168427974917e-05,2.789594191199285e-06,2.3179151931174147e-09,3.002987341460539e-06,9.184513771742786e-08,1.660805679648547e-07,9.20014397998159e-10,2.521755959605798e-06,4.370204351289431e-06,6.837436172801858e-10,2.5032553807591285e-08,2.456365066905164e-08,8.23033463603906e-09,1.7263840135228747e-08,1.0979720244108648e-08,8.595623768314908e-09,1.1489153450838785e-07,2.3118420244827576e-07,6.263751402002526e-07,0.0002176713023800403,0.00024875917006284,0.00029406638350337744,0.9986288547515869,7.86591236590084e-09,8.289607222877748e-08,3.578752796329354e-07,6.854133971501142e-07,8.248776661723412e-11,6.380814738804474e-07,2.818706601459553e-09,1.4347594223806936e-08,4.23995782927733e-10,1.0427854249428492e-05,1.4284260032582097e-06,5.5158344558492445e-09,3.1191909055650058e-09,1.3734779713558964e-07,5.804437250844785e-07,5.1007591537199914e-05,6.292463439194762e-08,3.794770691456506e-06,2.489401254024415e-07,3.9899859984871e-05,2.659794828829831e-09,1.4600858300184427e-08,2.269772814145199e-09,1.990629350245854e-08,7.057770545770836e-08,6.944322450408436e-08,8.290239605912575e-08,2.88970483097728e-08,7.611006225261008e-08,6.598175787075888e-06,9.783537535668074e-09,5.96697191657114e-10
/users/PAS2099/jianyanggu/PlotDiversiVision/data/SCBI_005/SCBI_005_PlantDiversity_32_1_2_20140613.jpg,SCBI_005/SCBI_005_PlantDiversity_32_1_2_20140613.jpg,SCBI,2014,,SCBI_005,32_1_2,32,1,2,20140613,false,SCBI_005_PlantDiversity_32_1_2_20140613_r1_c1,3,1,1,800,709,1600,1418,164,7.412402247553018e-09,2.0144080181694335e-08,6.761696536017325e-09,7.692848669194063e-08,4.537065194654133e-07,3.8660534329437723e-08,8.36421332195414e-09,6.907172434011954e-08,2.7422715902503114e-06,3.9234780047081586e-07,7.249956723853757e-08,1.7691122593532782e-06,6.700380694724117e-09,8.227449939113285e-07,8.348525204482371e-10,6.734156698939842e-08,4.28333493118771e-07,1.740076669420887e-07,3.0654352389802852e-09,1.196940218051168e-07,6.159651633197427e-08,0.9955587387084961,5.706188517251576e-07,1.2788345493675024e-08,4.4413653310648726e-11,2.101558926881353e-09,3.2209029887653173e-10,1.8263876522262024e-10,2.112262448283886e-11,5.364261812523807e-11,4.231227868078946e-11,2.4081627802985395e-09,8.866070544399918e-09,1.0884168011315865e-09,1.0484152213052766e-08,6.234328253640342e-08,2.990806891034481e-08,2.38317765521856e-09,4.902100392278896e-10,1.2666856452625552e-10,4.4552650457774234e-10,0.0018299438524991274,2.8527190352178877e-06,9.266713618671929e-09,1.4109737822565194e-09,1.227606072351506e-10,2.229118081231718e-07,2.2347364847519202e-08,5.5320175107453906e-08,1.4867372222227004e-08,3.3745283900543654e-08,8.239919111474592e-07,6.194194668296404e-08,1.1804607291665548e-09,5.485028875540365e-09,8.450355082345595e-09,1.1619477646718224e-07,1.0931276328562944e-08,4.0475904938830354e-07,9.34359878357327e-09,7.764938914078812e-07,2.0709467207780108e-06,1.0142767514764728e-08,1.7340204294669093e-07,3.7319114465361736e-10,6.563352599187056e-06,4.2234316310896247e-07,5.48406653422262e-09,2.380879848828954e-08,3.2373776548411115e-07,1.0617579704330637e-07,9.94670728005076e-08,4.580626011829736e-08,1.0774676411529072e-05,1.996737182707875e-06,2.0147989943097855e-09,1.7545808361774107e-07,1.184291818390193e-06,2.5695237604317356e-11,5.036627226395751e-10,4.858412339103779e-08,1.1535521338146282e-07,2.1036625241777074e-07,2.7802197877235812e-08,9.422496418665105e-07,1.9344035990798147e-06,1.983404551708645e-08,3.6713394990783854e-08,1.5519248108830652e-07,6.885206005335931e-08,2.10960013902195e-08,9.313320248338641e-08,0.0002052153431577608,9.779473657545168e-07,0.00022749608615413308,6.0970090999035165e-05,7.231040513033804e-07,1.195499407913303e-05,1.1471327070466941e-06,1.1164969038190975e-07,2.3306395746658382e-07,2.631364459659835e-09,6.819826037229859e-09,2.748448935108172e-07,1.2620373190941336e-08,1.2015292440992198e-06,2.025519307835566e-08,1.7389792383859515e-10,2.169742385760287e-09,1.5567867706067773e-07,8.703981535518324e-08,1.6806043223738243e-09,1.0656654580998293e-07,2.719113751936675e-07,8.571920488975593e-07,1.0185062793155453e-09,4.397205941586435e-07,2.1871553599339677e-06,3.614749388702876e-09,1.6974409433601068e-08,1.3179544122721154e-09,1.0583969256572345e-08,9.020987290497828e-10,1.7153005404946242e-10,2.706546375907948e-10,4.255234775651928e-10,2.396014622263465e-07,3.5944867704529315e-06,4.932366664434085e-06,1.0556872709344134e-08,1.7606687663374032e-07,1.0472376743564382e-05,2.5965556815776836e-08,1.1630038443399826e-06,1.1829497381654619e-08,2.2798931240686215e-06,5.84212234144843e-10,9.213037088784404e-08,3.538715276363291e-08,3.5299769773899925e-09,6.662505658283635e-09,2.1354551336116856e-06,5.6355130340079995e-08,4.255192607161007e-07,3.4893055556040053e-08,1.8110172277374659e-06,4.31222190400149e-07,0.001994479214772582,1.9732984135600873e-09,6.409185516531579e-06,1.3152035194252676e-07,9.361262698348582e-08,7.699039628050741e-09,4.800784481062692e-08,5.358482368933437e-08,1.0598837363318125e-08,8.859888112056069e-08,1.0954784102068515e-07,1.3906421791887169e-08,3.7760930382546576e-08,6.388970064108435e-07,2.5587720301700756e-05,2.3339033816682786e-08,1.6108732125985625e-08
/users/PAS2099/jianyanggu/PlotDiversiVision/data/SCBI_005/SCBI_005_PlantDiversity_32_1_2_20140613.jpg,SCBI_005/SCBI_005_PlantDiversity_32_1_2_20140613.jpg,SCBI,2014,,SCBI_005,32_1_2,32,1,2,20140613,false,SCBI_005_PlantDiversity_32_1_2_20140613_r1_c2,3,1,2,1600,709,2400,1418,164,7.637238752522535e-08,1.8469970086698595e-07,4.9157968362578686e-08,1.346173348792945e-06,1.0330258191970643e-05,5.132353066983342e-07,1.4915094936895912e-08,2.2219794004740834e-07,4.551683559839148e-06,1.3811387589157675e-06,2.460456244079978e-06,4.260478090145625e-05,2.9279753732680547e-08,4.950217089572106e-07,2.6852832846202546e-08,2.613991455291398e-06,2.8736783974636637e-07,2.793820215174492e-07,2.7154769099979603e-07,2.8158936515865207e-07,1.8714870009262086e-07,0.9933438301086426,1.6610978263997822e-06,4.4833194579041447e-07,1.081551070925002e-09,1.411148247143501e-07,1.4941974768589716e-08,6.1777711835020455e-09,1.7176660094264662e-09,5.678391090668811e-09,2.0604875583529747e-09,5.051065699035462e-08,7.767368259692375e-08,1.7266812335492432e-07,2.70111627287406e-07,5.363662012314308e-07,3.915301931556314e-07,3.497558509479859e-07,1.1491211893144282e-07,1.3767083473226194e-08,3.270818993428293e-08,0.004139258060604334,2.7126739951199852e-05,5.536625735658163e-07,5.3879187333905065e-08,9.364299558001221e-09,8.338734858170938e-08,6.645407779615198e-07,7.426168053825677e-07,6.394972160705947e-07,2.563988346082624e-07,1.3936668437963817e-05,6.013868159016056e-08,6.550443032438125e-08,1.051187510370255e-07,2.0153245827714272e-07,3.7436967659232323e-07,3.323911457187023e-08,1.7546763046993874e-06,6.198928872436227e-07,5.0321683374932036e-05,8.602750085628941e-07,4.661754644530447e-07,1.2378653764244518e-06,5.785088852405806e-09,0.00011343540973030031,3.954131670980132e-07,4.3030034646562854e-08,2.29936290452315e-06,3.922479663742706e-06,2.2742133296560496e-06,2.34254116548982e-06,1.341717563718703e-07,6.247196870390326e-05,1.7395542499798466e-06,3.182011454327949e-08,1.5956350125634344e-06,9.3970556918066e-06,5.7025513200414935e-09,7.010410030261482e-08,1.431224063708214e-06,2.447266751914867e-06,6.546827535203192e-06,2.03860736291972e-06,6.308280262601329e-07,4.208527570881415e-06,3.204120844202407e-07,4.91951368530863e-07,2.9178875138313742e-06,4.4250544561919014e-08,1.0135892125617829e-07,5.193723495722224e-07,0.00022933995933271945,2.700963250390487e-06,0.0005575100658461452,7.847376400604844e-05,8.791858817858156e-06,0.00032581607229076326,8.25122060632566e-06,3.141070465062512e-06,6.763718829461141e-07,6.937600005585409e-07,5.148373247720883e-07,2.7592618607741315e-06,6.03722469350032e-07,2.346388100704644e-05,9.473612408328336e-06,1.6433979510566132e-08,3.04942489037785e-08,2.8087074497307185e-06,6.460981580858061e-07,1.3471898796524329e-07,9.316136697634647e-07,1.0390047009423142e-06,5.034452988184057e-05,1.79066262262495e-07,5.213476924836868e-06,2.2269616692938143e-06,5.53774235356741e-08,7.404274811051437e-07,4.678141607428188e-08,5.685590309667532e-08,5.561004101650724e-09,4.167319822556692e-09,2.2527116172454953e-08,6.525798568191021e-09,2.3764100660628174e-06,7.438310422003269e-05,0.0001029925697366707,3.3740812455107516e-07,1.6504990298926714e-06,3.191753785358742e-05,8.812643500277773e-06,3.0025632895558374e-06,3.0477514201265876e-07,8.849801815813407e-06,2.983606606221656e-08,1.6179572526198172e-07,3.2811431083246134e-07,4.417736931827676e-07,2.3674964211295446e-07,2.892333759518806e-05,1.1601336154853925e-05,5.424361688710633e-07,2.6441068712301785e-07,2.8134254534961656e-06,1.3435978871711995e-06,0.0004883211222477257,5.796443325323253e-09,1.1325634659442585e-05,3.7521175499932724e-07,1.2019476343994029e-05,2.329040853510378e-07,1.5315831660700496e-06,3.2681887773833296e-07,2.7338739982951665e-07,2.0888700191790122e-07,4.494621634876239e-07,6.441168665105579e-08,8.485995550699954e-08,6.759437383152544e-07,7.523719887103653e-06,1.8624491815444344e-07,5.250336698736646e-07
/users/PAS2099/jianyanggu/PlotDiversiVision/data/SCBI_005/SCBI_005_PlantDiversity_32_1_2_20140613.jpg,SCBI_005/SCBI_005_PlantDiversity_32_1_2_20140613.jpg,SCBI,2014,,SCBI_005,32_1_2,32,1,2,20140613,false,SCBI_005_PlantDiversity_32_1_2_20140613_r2_c0,3,2,0,0,1418,800,2127,164,6.405844032997265e-08,4.596674443746451e-06,7.907812573648698e-07,0.00012241193326190114,2.8789967473130673e-05,9.93839421425946e-06,1.5182462220764137e-07,3.4142385629820637e-06,0.00020376952306833118,2.2182250177138485e-05,1.576446993567515e-05,0.0005155621911399066,2.142655546322203e-07,6.441922323574545e-06,3.76469522223033e-08,0.0002759732014965266,3.674573463285924e-06,8.129138223011978e-06,7.776512234158872e-08,2.4904509245970985e-06,2.5405008727830136e-06,0.0183057002723217,9.338861855212599e-05,1.159953512797074e-06,9.082993024378538e-09,7.920466487121303e-06,3.139325031042972e-07,1.1063276517120357e-08,1.462596532775251e-08,5.522917234657143e-09,2.491711059704471e-09,7.09268249465822e-07,3.283151386312966e-07,3.4913387025881093e-07,7.544938398496015e-07,1.1675537052724394e-06,4.8496135605091695e-06,2.272916162837646e-06,3.4700545370469627e-07,7.617756381250729e-08,7.02319255196926e-07,0.0008603596943430603,1.1928683534279116e-06,2.3001823592494475e-06,1.248103842499404e-07,1.4582080893887905e-06,1.306576632487122e-05,7.047215149214026e-06,1.96082783077145e-05,2.9587798167085566e-07,4.20518017563154e-06,1.3219630091043655e-05,3.3847106806206284e-06,1.173321635405955e-07,7.912730666248535e-07,7.414211268041981e-06,1.655262713029515e-05,9.408580012859602e-07,0.0017468278529122472,2.7141259124618955e-06,9.314242197433487e-05,1.0497115908947308e-05,1.1291393775536562e-06,3.676650158013217e-05,1.202452892812289e-07,4.3138810724485666e-05,5.453479730022082e-07,8.669933748706171e-08,9.137573943007737e-05,1.0582266440906096e-06,5.676914497598773e-06,1.4050008303456707e-06,8.4136536315782e-06,0.00010443082283018157,3.4482327464502305e-05,3.681823557144526e-08,3.145546259020193e-07,1.387917927786475e-05,3.259823522228089e-09,1.2578550467878813e-06,6.466250488301739e-05,1.6483943909406662e-05,0.00020345416851341724,9.397075336892158e-05,5.993070226395503e-05,3.131888297502883e-05,1.105502451537177e-05,4.313631961849751e-06,1.8369739791523898e-06,3.551004965629545e-06,1.177397308538275e-07,1.4255920177674852e-06,0.0002663115446921438,4.9884815780387726e-06,0.0006701663951389492,0.0004770900122821331,3.6567587358149467e-06,0.0003816250537056476,0.00018852646462619305,3.014250523847295e-06,1.3455337466439232e-06,8.41949713503709e-06,9.212573786498979e-06,2.961491645692149e-06,1.918278940138407e-05,2.1951100279693492e-05,2.3852237518440234e-06,3.490739288736222e-07,1.0394221305887186e-07,4.5498010877054185e-05,3.238252247683704e-05,2.0111193066441047e-07,3.271914829383604e-05,8.745844752411358e-06,4.647030073101632e-05,9.415720825245444e-08,9.697553468868136e-05,0.00013714923989027739,1.4093751588006853e-07,6.953932256692497e-07,4.727323528186389e-07,6.140965780332408e-08,4.7572061845357894e-08,2.3020408690399563e-08,3.9467366264034354e-08,8.312039057045695e-08,1.6019017493817955e-05,1.8392818674328737e-05,0.0022104389499872923,0.00016002597112674266,0.0011318624019622803,0.9543730616569519,4.188226284895791e-06,1.7746593584888615e-05,2.0597644834197126e-05,4.693078608397627e-06,5.490229382232314e-10,4.161121978540905e-06,8.054956310843409e-07,2.557555092153052e-07,8.899301207065946e-08,0.0003941899922210723,7.689121412113309e-05,8.508475843882479e-07,1.4847969964648655e-07,1.602610973350238e-05,2.6241978048346937e-05,0.015272829681634903,3.6934309832759027e-07,0.000203665389562957,5.5464665820181835e-06,0.00016090743883978575,3.8268430557764077e-07,5.5787418204999994e-06,1.0784522146423114e-06,1.3572409898188198e-06,1.087064538296545e-05,2.408989303148701e-06,1.3144295962774777e-06,6.149079467832053e-07,1.656924359849654e-05,7.922041550045833e-05,7.075607300066622e-06,1.9162155240337597e-06
/users/PAS2099/jianyanggu/PlotDiversiVision/data/SCBI_005/SCBI_005_PlantDiversity_32_1_2_20140613.jpg,SCBI_005/SCBI_005_PlantDiversity_32_1_2_20140613.jpg,SCBI,2014,,SCBI_005,32_1_2,32,1,2,20140613,false,SCBI_005_PlantDiversity_32_1_2_20140613_r2_c1,3,2,1,800,1418,1600,2127,164,1.8930823841856181e-07,1.2214083255912556e-07,1.2317019582042121e-07,1.6400404092564713e-06,0.0006926811183802783,1.6304900327668292e-06,6.996217507548863e-07,5.7911586281989e-07,0.00013261771528050303,8.510563930030912e-06,1.248243506779545e-06,0.00035046637640334666,1.2990674349566689e-06,2.0239363038854208e-06,1.9115352856147183e-08,1.0094909157487564e-05,8.258608431788161e-06,2.5058611186068447e-07,4.1701350710354745e-06,5.579643038799986e-05,2.173861275878153e-06,0.9747427701950073,1.8342514067626325e-06,4.0243889088742435e-05,1.579051223110639e-09,2.300508867847384e-06,2.1693287521884486e-07,9.052284255517407e-09,4.262316721792558e-09,7.379897226655885e-08,9.470007000800251e-09,2.674872803254402e-07,3.0812273621450004e-07,4.745234491565498e-06,3.7099007386132143e-06,1.4594000958823017e-06,3.714458500780893e-07,3.7254256568530764e-08,2.3806778770563142e-08,3.8034397853436985e-09,1.8002134893890798e-08,0.0007314719259738922,2.1779949292977108e-06,2.122741449284149e-07,1.2485428158015566e-07,8.989516686597199e-09,2.076237797155045e-05,9.342887210550543e-07,9.050605513039045e-06,1.1624831586232176e-07,1.3040268243003084e-07,0.00016768414934631437,8.701397018739954e-05,1.10213314030716e-08,1.6365719375244225e-06,7.987706567291752e-07,2.2588559659197927e-05,4.535728521659621e-07,4.920187348034233e-05,2.758552682280424e-06,7.494523015338928e-05,1.6447511086425948e-07,1.2582776776071114e-07,1.574711495777592e-05,1.2353710276968854e-09,4.721724508272018e-06,6.533168743771967e-07,2.1490411228342055e-08,2.5299143089796416e-05,2.829189907060936e-05,2.7155781481269514e-06,1.8073716319122468e-06,7.039164484012872e-05,0.003080081893131137,0.008993934839963913,3.063790063606575e-05,0.000154606401338242,0.004144070670008659,4.7020711768652745e-09,1.1048319947803975e-07,4.012537374364911e-06,5.25215727975592e-05,1.0070831194752827e-05,2.984026650665328e-06,1.0520851674300502e-06,4.473953140404774e-06,8.303837262246816e-08,1.2927638692872279e-07,9.880070592771517e-07,4.4601843001146335e-06,5.441282979745665e-08,3.0486673949781107e-06,5.234955460764468e-05,1.612576511433872e-06,0.0005045041325502098,0.00011907291627721861,2.4865907107596286e-05,0.00012983505439478904,0.00027694576419889927,7.75542545738972e-08,1.1194177886864054e-06,4.6265337005024776e-05,1.4983644177846145e-05,2.1369454771047458e-05,9.227991540683433e-05,0.0016151339514181018,2.4952457806648454e-06,2.3970171625364856e-08,1.252879684443542e-07,1.2934903679706622e-05,2.032998418144416e-05,3.153657246457442e-08,6.210023457242642e-06,1.884574885480106e-05,1.0311699952580966e-05,6.840905939498043e-07,6.446032330131857e-06,0.00015646345855202526,8.45322176701302e-08,4.848581738770008e-06,5.415915538264926e-08,1.1529126098253073e-08,2.2243400454868834e-09,1.7772181504227547e-09,2.1903225899677636e-09,3.616360100267002e-09,2.739384763117414e-05,4.271959369361866e-06,9.518086881143972e-05,5.323192908690544e-07,1.3652655070472974e-05,3.7247780710458755e-05,1.0854778338398319e-06,9.706734999781474e-06,9.36594278755365e-06,5.316194346960401e-06,2.0236869957557246e-08,2.230887912446633e-05,2.727671812863264e-07,2.842795154833766e-08,1.6951236148088356e-07,0.00021832127822563052,4.023897781735286e-05,1.1944173365918687e-06,2.8729086807288695e-06,0.00037630548467859626,0.000317917438223958,0.0010647159069776535,1.9966341469057625e-08,0.0005243531777523458,1.1858782272611279e-05,1.5888117559370585e-06,1.3188304137656814e-06,1.4410502444661688e-06,1.666242269493523e-06,7.346110919570492e-07,0.0001600126561243087,1.5575338352391555e-07,1.1185591830553676e-07,4.2847199210882536e-07,3.4233705719088903e-06,1.5081819583429024e-05,1.8993114281329326e-06,4.869582880928647e-06
/users/PAS2099/jianyanggu/PlotDiversiVision/data/SCBI_005/SCBI_005_PlantDiversity_32_1_2_20140613.jpg,SCBI_005/SCBI_005_PlantDiversity_32_1_2_20140613.jpg,SCBI,2014,,SCBI_005,32_1_2,32,1,2,20140613,false,SCBI_005_PlantDiversity_32_1_2_20140613_r2_c2,3,2,2,1600,1418,2400,2127,164,1.8372547927469896e-08,4.837955458469878e-08,2.400146303926931e-09,4.834893019278752e-08,6.398333880497376e-07,9.761718544609721e-09,1.022995910204827e-08,4.439286627189176e-08,2.1687187654606532e-06,7.149925806970714e-08,1.1426246970813736e-07,1.8080207837556372e-06,2.7008962177887952e-08,1.7886812031520094e-07,1.2186570641503636e-09,6.458704859824138e-08,5.204428248362092e-07,7.580169381071755e-08,8.74003980300131e-09,6.005976871392704e-08,5.3946802580639996e-08,0.9995768666267395,1.9398331119191425e-07,2.939096077625436e-08,1.0576407111217989e-10,6.570028521224458e-09,4.4381645580848783e-10,1.9081319857505719e-10,3.2999242227660375e-11,1.0329630900640652e-10,5.425132218461748e-11,3.1676674616676337e-09,5.382139178777834e-09,1.098771118535069e-08,1.2789121761613842e-08,4.576816436951958e-08,2.8425690246081103e-08,9.138369172490002e-09,2.410625032922553e-09,4.348091331429771e-10,1.6107305489398982e-09,0.0001996068167500198,9.266012739317375e-07,8.33379409925783e-09,4.7126862412483206e-09,3.0930005778806446e-10,5.230957711432893e-08,3.462625741690317e-08,2.442786524170515e-07,1.4402361969700905e-08,2.8483761127517937e-08,2.58124828178552e-07,3.360511868777394e-08,2.0693553537398657e-09,1.830168905314622e-08,7.473443197625329e-09,2.195277026828535e-08,1.57037782777536e-09,6.722940497638774e-07,2.090309791924483e-08,8.682758334543905e-07,5.476878186527756e-07,1.346386380163267e-08,9.950421997473313e-08,6.315946099455516e-10,2.6986126613337547e-06,2.5404932557648863e-07,5.398547386903374e-09,4.56887931932215e-08,4.823897370442864e-07,1.2187699383048312e-07,9.471570905361659e-08,5.7008744391850996e-08,1.691534635028802e-05,5.842398877575761e-06,7.427485737565576e-09,4.2321551063650986e-07,3.228621380912955e-06,2.8906897708846913e-11,1.0836728181473632e-09,5.6814009496974904e-08,8.07964326554611e-08,1.77178520743837e-07,3.1841214109817884e-08,1.403652021281232e-07,8.845705679050297e-07,1.0377985582010751e-08,2.1467478461545397e-08,3.7855403434150503e-07,7.99172994447872e-08,8.60870841279393e-09,8.242081150910963e-08,3.251414455007762e-05,6.304762223408034e-07,1.9494043954182416e-05,7.820380233169999e-06,8.762482934798754e-07,1.0879911314987112e-05,8.505112418788485e-07,2.5654621538251376e-08,2.5692338567750994e-07,1.1503519914413118e-08,1.5745296622071692e-08,6.109293053668807e-07,2.3741312915603885e-08,2.0583756850101054e-06,1.2139906857555616e-07,5.860266161228367e-10,2.06564054749947e-09,7.135026294236013e-07,6.348441417003414e-08,6.6154228761661216e-09,1.6469682861952606e-07,1.0879153222731475e-07,6.009852313582087e-07,1.89570470432443e-09,4.6360892724806035e-07,4.7431350935767114e-07,5.309500838990289e-09,6.332091828653574e-08,1.509002478528032e-09,6.976066835306938e-09,1.4188751285004741e-09,6.015187792307586e-10,2.0408743583999467e-09,8.515033123046578e-10,2.729223922415258e-07,9.20436150408932e-07,7.30757278688543e-07,4.253985608215771e-09,4.139386078350071e-08,1.1470973504401627e-06,1.215575480273401e-07,8.756501301832031e-07,3.8241463329313774e-08,1.2888751825812506e-06,2.108560437363849e-09,3.7917676110055254e-08,4.270702547159999e-08,7.655166278652814e-09,9.904933762072687e-09,1.425534151167085e-06,1.8415781255498587e-07,1.5924160834401846e-07,7.906216126229992e-09,1.0792191460495815e-06,1.8376202604031278e-07,8.742292266106233e-05,9.528275946024678e-10,2.217786686742329e-06,7.068190654990758e-08,1.6955836201759666e-07,1.9642561355226462e-08,6.468123814329374e-08,2.8386462957996628e-08,1.4094784006601913e-08,5.2922956683687516e-08,1.7916995886935183e-07,1.0808123285244164e-08,2.0819379997760734e-08,1.6702516347777419e-07,3.414386355871102e-06,1.1892883122754938e-08,1.741974742230923e-08
/users/PAS2099/jianyanggu/PlotDiversiVision/data/SCBI_005/SCBI_005_PlantDiversity_32_1_4_20140613.jpg,SCBI_005/SCBI_005_PlantDiversity_32_1_4_20140613.jpg,SCBI,2014,,SCBI_005,32_1_4,32,1,4,20140613,false,SCBI_005_PlantDiversity_32_1_4_20140613_r0_c0,3,0,0,0,0,719,675,164,2.8873698099118883e-08,4.919006713066665e-08,6.514683015268474e-09,1.60610284183349e-06,1.2351443956504227e-06,7.714220373600256e-08,9.463741790227687e-09,7.690098868806672e-08,1.5923340015433496e-06,1.819342060116469e-06,2.132126866172257e-07,1.5350471585406922e-05,2.2219284190327926e-08,6.608250373574265e-07,4.655283714072311e-09,1.922237657936421e-07,5.108233267492324e-07,2.438293051909568e-07,2.033851309590773e-09,7.889239128644476e-08,2.8928271333938937e-08,0.9866936802864075,4.7029817551447195e-07,1.406414327220773e-07,1.5794812679992276e-10,3.1478082362923487e-09,1.020525663975036e-09,2.0822327195801904e-10,1.391061293931628e-10,9.387900179458342e-11,1.2853637598730927e-10,4.481658155697232e-09,5.97461067286531e-08,4.142185261457598e-09,4.04858049307677e-08,5.2333199107579276e-08,1.4049021501705283e-07,2.0709780557126578e-08,4.164207201284853e-09,7.86594123169948e-10,4.573120548911902e-09,0.0008035807986743748,4.936983259540284e-06,8.71980887495738e-08,5.61041924029837e-09,2.6403346176095965e-10,6.000881285217474e-07,1.0355859103583498e-07,1.1437731473051826e-07,5.260721636091148e-08,2.2093109919296694e-07,2.7285420856060227e-06,3.744041237041529e-07,5.746622289137804e-09,1.7041317690313917e-08,1.9339017498509747e-08,6.147217135321625e-08,4.085144222898407e-09,3.2240720884146867e-06,4.98837593454482e-08,5.523762411030475e-06,5.018595402361825e-06,1.2808961002974684e-08,1.4383721236299607e-07,8.571490184294817e-10,1.5359075860033045e-06,2.960391043416166e-07,1.6430538707368214e-08,1.8299070347893576e-07,9.509130336482485e-07,2.2292490484687733e-06,1.955453853952349e-06,1.1711917835555141e-07,2.1208697944530286e-05,2.0439823856577277e-05,2.5399042868912147e-08,6.509646937047364e-07,5.107436663820408e-06,2.492410444698834e-10,2.715371705264147e-09,1.6658950130477024e-07,6.747975476173451e-07,1.512464677944081e-06,8.98785899039467e-08,1.1763954717025626e-06,3.765772362385178e-06,1.6704895244856743e-07,6.797706930683489e-08,2.4248987529063015e-07,5.152931947804973e-08,2.0937761746608885e-08,5.653540924299705e-08,0.00044831918785348535,8.396069119953609e-07,0.0003458453284110874,6.856130494270474e-05,3.900383489963133e-06,1.8669974451768212e-05,1.349814510831493e-06,8.252222727378467e-08,5.414278803073103e-06,3.1072346473592916e-08,9.184482507862413e-08,5.140310577189666e-07,4.543634020137688e-07,1.5178580724750645e-05,4.417638024278858e-07,4.5772546863886987e-10,7.350041464349033e-09,2.3783159122103825e-06,8.86483348949696e-08,4.833716982233227e-09,1.3755337135989976e-07,1.9723916011571418e-07,2.9816883397870697e-06,3.970196171820817e-09,7.026480943750357e-07,2.7268862368146074e-07,1.5315697599049827e-09,1.6113673950712837e-07,5.638568723043136e-09,5.639883937647028e-08,2.7563973326039104e-09,1.4839500739327605e-09,3.498328571271969e-10,5.490579102485071e-10,2.9574562177003827e-07,4.072145384270698e-05,8.475719369016588e-06,2.8835724918963024e-08,2.4104102180899645e-07,5.170007625565631e-06,5.676664116549546e-08,1.0792288094307878e-06,6.879912461954518e-07,1.7117570678237826e-05,5.6313895768767e-09,4.20397014977425e-07,1.564522023045356e-07,1.7801536245087846e-08,5.1256222377560334e-08,1.087034343072446e-05,6.105224770180939e-07,3.1854028748057317e-07,3.03681915170273e-08,7.659307811991312e-06,2.3097902612789767e-06,0.011293085291981697,2.6103614825245813e-09,1.7278434825129807e-05,7.282088176907564e-08,2.7945677061325114e-07,1.0498970581807043e-08,1.0911794845469558e-07,1.2655441139486356e-07,1.8850787597557428e-08,2.722666181398381e-07,1.257886594885349e-07,6.287427112283694e-08,1.9239396920056606e-07,9.344080353912432e-07,6.615041638724506e-05,9.263970923711895e-08,1.6443966899259976e-07
/users/PAS2099/jianyanggu/PlotDiversiVision/data/SCBI_005/SCBI_005_PlantDiversity_32_1_4_20140613.jpg,SCBI_005/SCBI_005_PlantDiversity_32_1_4_20140613.jpg,SCBI,2014,,SCBI_005,32_1_4,32,1,4,20140613,false,SCBI_005_PlantDiversity_32_1_4_20140613_r0_c1,3,0,1,719,0,1437,675,164,5.928098545382454e-08,5.392905677581439e-07,1.423813813516972e-07,6.3535262597724795e-06,2.5947525500669144e-05,3.1623898166799336e-07,2.3243843827458477e-07,5.931695312710872e-08,0.00011595740215852857,1.808267188607715e-05,4.084764896106208e-06,0.0004309490614105016,5.746899660152849e-06,2.319478653589613e-06,3.525221714539839e-08,3.0492576570395613e-06,8.237515203290968e-07,2.595642399683129e-06,1.4038158724360983e-07,1.2044271215927438e-06,1.4286731584434165e-06,0.9907264709472656,9.349156243843026e-06,1.7779989320843015e-06,6.351456693920454e-09,1.4934375940356404e-06,6.374522172336583e-07,2.961463740902559e-09,5.186442209037523e-08,3.304345597143765e-08,6.577745637059706e-08,2.043492031589267e-06,1.4805498267378425e-06,6.621709417231614e-06,5.996653271722607e-07,1.6872071455509285e-06,2.7918119940295583e-06,2.466745456786157e-07,8.930825146080679e-08,1.3775086848966112e-08,4.33024531787396e-08,0.0001564096164656803,2.282438344991533e-06,6.499724491959569e-08,8.544015273059813e-09,1.996967569084518e-08,2.0576671886374243e-05,7.221437499538297e-06,6.0372826737875585e-06,2.2453706449709898e-08,8.379662403967814e-07,5.649070590152405e-05,4.3971138552478806e-07,3.195907893882577e-08,2.0321501779108075e-06,7.187571782196756e-08,6.596167736461211e-07,1.717100275300254e-07,0.00014705545618198812,1.7921565813594498e-05,5.8069090300705284e-05,3.411477791814832e-06,3.988008927535702e-07,3.6102833291806746e-06,8.636884984980497e-09,8.166593761416152e-05,2.4895198293961585e-06,8.819642260959881e-08,3.0148839869070798e-05,0.00048074006917886436,3.3203059501829557e-07,1.0375995884714939e-07,4.212084604660049e-05,5.8392961364006624e-05,0.0001808468223316595,5.978357648928068e-07,4.425031875143759e-06,4.4752312533091754e-05,2.5785269031075586e-08,8.003655239008367e-06,1.5195570085779764e-05,7.384434138657525e-05,1.812244954635389e-05,4.43495373474434e-05,3.225872933398932e-05,5.173053432372399e-05,3.4436538953741547e-07,3.9376079286057575e-08,1.953122136910679e-06,2.894599219871452e-06,8.735802907722245e-07,7.837951443434577e-08,0.0002297062601428479,1.6582962416578084e-05,0.0018346162978559732,3.983238639193587e-05,1.7587331058166455e-06,0.00027368764858692884,0.0006176687893457711,6.4238991903664555e-09,4.293831807444803e-06,2.0293082343414426e-05,5.6536409829277545e-05,1.4970652273404994e-06,1.179025275632739e-05,6.45316467853263e-05,1.7385814317094628e-06,2.721774272629318e-08,1.774305360413564e-07,0.0005079060792922974,2.712986770347925e-06,2.752913701442594e-07,5.283739938022336e-06,6.3779789343243465e-06,1.5449475540663116e-05,3.3393084208910295e-07,2.9602950235130265e-05,5.637163667415734e-06,1.0122421656433289e-07,5.4904280659684446e-06,2.4865394152584486e-06,1.183168585328076e-08,6.889106884955254e-08,2.0190596217162238e-07,2.0722762172908915e-08,1.358047185817668e-08,1.7108839529100806e-05,3.685731542191206e-07,8.714770956430584e-06,3.389876894743793e-07,1.3431641718852916e-06,3.490768722258508e-05,9.073719411389902e-07,6.035374462953769e-05,3.606775135267526e-05,3.983695205533877e-05,2.4381905383563662e-09,0.00010808005754370242,1.0987329233103083e-06,6.569850370397035e-07,4.472939565403067e-07,7.896996248746291e-05,1.3158950423530769e-05,2.6419530740895425e-07,1.116503767661925e-06,4.062248535774415e-06,4.624129360308871e-05,0.0016449912218376994,2.7294385063214577e-07,0.0004109478904865682,1.5538417983407271e-06,4.8756560317997355e-06,1.400777449589441e-07,4.523889401752967e-06,2.303316477991757e-06,3.113066213700222e-06,7.712768274359405e-05,4.4541246779772337e-07,3.596288706830819e-07,2.509110856863117e-07,4.85190685139969e-06,0.00059737847186625,7.403518509363494e-08,1.296723723953619e-07
/users/PAS2099/jianyanggu/PlotDiversiVision/data/SCBI_005/SCBI_005_PlantDiversity_32_1_4_20140613.jpg,SCBI_005/SCBI_005_PlantDiversity_32_1_4_20140613.jpg,SCBI,2014,,SCBI_005,32_1_4,32,1,4,20140613,false,SCBI_005_PlantDiversity_32_1_4_20140613_r0_c2,3,0,2,1437,0,2156,675,164,7.978724738677556e-07,9.780287655303255e-07,1.5057785276439972e-06,1.4803435078647453e-05,1.7380340068484657e-05,4.3725183786591515e-05,1.4006042874825653e-05,1.8552789242676226e-06,0.18850968778133392,0.00018226126849185675,9.842953295446932e-05,0.0013884238433092833,1.2092216820747126e-05,2.5221866962965578e-05,7.983839509506652e-07,0.00013859836326446384,9.100912393478211e-06,3.926324279746041e-05,7.288635117674858e-08,3.57456156052649e-06,0.00017098039097618312,0.44392165541648865,0.00046820376883260906,1.8703009345699684e-06,2.712864670684212e-07,5.3362724429462105e-05,1.107081970985746e-05,5.689795443686307e-07,5.449347213470901e-07,3.6059361718798755e-07,5.063834009888524e-07,6.099162419559434e-07,5.023433004680555e-06,4.870958946412429e-06,1.1911467481695581e-05,7.561493112007156e-05,1.140369931817986e-05,1.77745761220649e-07,1.6712062844703723e-08,4.630126948512725e-09,1.8890133901550143e-08,0.011937368661165237,6.8995113906566985e-06,3.9442916204279754e-06,3.1782366249899496e-07,9.704357495365912e-08,0.00012838022666983306,0.0001460209459764883,1.8579925381345674e-05,5.065053301223088e-06,2.828768174367724e-06,0.00044744196929968894,7.838148121663835e-06,1.5777096962210635e-08,1.0628686140989885e-05,2.41741463469225e-06,1.1297357559669763e-05,7.84753865445964e-07,0.00016132245946209878,3.501148603390902e-05,0.0001111962556024082,3.1138774829742033e-06,1.4410834410227835e-06,4.601312684826553e-05,2.3044593788767997e-08,5.3784740885021165e-05,3.482380634522997e-05,1.8101260138791986e-05,0.0001313910906901583,0.001628714962862432,8.334567610290833e-06,1.3053374459559564e-05,7.065172553666343e-07,0.0014375553000718355,0.00010095070319948718,3.0756262958675507e-07,1.1239027116971556e-05,0.00013408531958702952,1.0069281408675579e-08,3.569696673366707e-06,0.00025646446738392115,8.886089744919445e-06,0.0007693269872106612,1.5702249584137462e-05,0.00012329545279499143,0.00020768649119418114,1.662104477873072e-05,1.6294325178023428e-07,4.051731957588345e-05,0.001891029649414122,1.0970260518661235e-05,7.5756652222480625e-06,0.0018249372951686382,8.108151814667508e-05,0.004804255906492472,0.0006238166824914515,7.443439244525507e-05,0.00024403957650065422,0.3269878327846527,4.431965498952195e-05,9.647893421060871e-06,1.566246646689251e-05,1.9105033061350696e-05,2.0494051568675786e-05,2.1806818040204234e-05,0.0002961791178677231,1.0029542863776442e-05,4.362465588769737e-08,1.4766829735890497e-05,0.0007732342346571386,9.459125431021675e-05,5.6126634717657e-07,7.54731081542559e-06,3.815670061158016e-05,0.0010452663991600275,1.735045543682645e-06,0.0004770613741129637,3.052638203371316e-05,2.0762122687756346e-07,1.1323417311359663e-05,5.597997642325936e-06,1.9366531489595218e-07,3.811983617652004e-08,4.8098549143560376e-08,2.1292450469445612e-08,8.209534385628103e-09,0.0002500098489690572,2.849345264621661e-06,6.0013349866494536e-05,3.151651242205844e-07,9.272555871575605e-06,0.0006012176163494587,4.208281552564586e-06,0.0002184362820116803,9.320294338976964e-05,3.1592135201208293e-05,4.9218864539568585e-09,0.0002581025182735175,1.3394006600719877e-05,1.378620936520747e-06,1.2776744142684038e-06,0.00022935893503017724,1.2541820069600362e-05,9.06404875422595e-06,2.1433792426250875e-05,0.001220204751007259,0.00015055846597533673,0.0024585335049778223,1.4592001207347494e-06,0.00021747099526692182,1.619790964468848e-05,1.6291358406306244e-05,1.3153137388144387e-06,1.171660278487252e-05,6.454448794102063e-06,2.966197826026473e-06,6.091146860853769e-05,5.397089353209594e-07,1.7378419215674512e-05,1.4969650692364667e-05,0.0004805407952517271,0.0006610039854422212,4.106784217583481e-06,6.742975983797805e-06
/users/PAS2099/jianyanggu/PlotDiversiVision/data/SCBI_005/SCBI_005_PlantDiversity_32_1_4_20140613.jpg,SCBI_005/SCBI_005_PlantDiversity_32_1_4_20140613.jpg,SCBI,2014,,SCBI_005,32_1_4,32,1,4,20140613,false,SCBI_005_PlantDiversity_32_1_4_20140613_r1_c0,3,1,0,0,675,719,1350,164,4.3364330792883266e-08,3.777574875130085e-08,1.0700882846492732e-08,4.017790331545257e-07,1.4847767033643322e-06,2.2355716566835326e-07,3.9113690064596085e-08,7.050980599387913e-08,4.088371042598737e-06,8.040996135605383e-07,6.354497372740298e-08,1.8338121662964113e-05,1.1550662293302594e-07,3.689351615321357e-07,5.8063731600555e-09,3.3739615901140496e-07,1.021674734147382e-06,3.5110960538986546e-07,2.322674275134773e-09,6.929943907607594e-08,5.655818213767816e-08,0.9983990788459778,2.11471629540938e-07,6.736002688967346e-08,1.4333448317138675e-10,3.837121198557725e-08,5.3498978580535095e-09,1.231108409660564e-10,4.996361657738646e-10,2.1509340142333855e-10,3.0162949915535364e-10,7.692605663578433e-09,1.5809268560929013e-08,4.1639484749111944e-08,1.1114011755353204e-07,1.3632505613259127e-07,4.1538900319437744e-08,2.602315163358071e-08,5.326235452685069e-09,1.375057956387593e-09,3.4395193360126086e-09,0.0007666288875043392,7.279918008862296e-06,1.4449022422979851e-08,3.2048717013566375e-09,1.0279593842810186e-09,4.349506923517765e-07,1.0298679598008675e-07,4.7128156666076393e-07,4.074106030316216e-08,7.696807102774983e-08,1.0160779311263468e-06,1.9422391517309734e-07,3.0906779358019776e-09,2.359477235813756e-08,1.1130255828106783e-08,1.1992017334705452e-07,1.3270048171420967e-08,1.7756965462467633e-06,1.3791726871659193e-07,4.328967406763695e-06,5.71539999327797e-07,5.799757119007154e-08,1.389745847291124e-07,1.1984824244137826e-09,8.595593499194365e-06,1.1195932074770099e-06,4.94798122474549e-08,4.052268991472374e-07,1.8202068758910173e-06,5.482374376697408e-07,4.677300182720501e-07,4.393363610688539e-07,7.479017949663103e-05,3.866823681164533e-05,8.275758034415048e-08,1.3147871413821122e-06,4.8847308789845556e-05,6.980716005244858e-11,8.20149015368088e-09,2.139260431022194e-07,1.1768557897084975e-06,2.104208078890224e-06,9.69196491951152e-08,6.602268172173353e-07,1.0027702046500053e-06,4.9062929718957093e-08,3.0182317090066135e-08,4.107220945570589e-07,2.3294380468996678e-07,3.6952229720554897e-08,2.016821980532768e-07,0.00016319980204571038,2.0254351511539426e-06,0.00013866870722267777,1.7852946257335134e-05,8.322585927089676e-07,2.7060767024522647e-05,2.7257599413132994e-06,1.4036671380779353e-08,2.868747969841934e-06,6.865897717034386e-08,7.074365981907249e-08,3.5073745152658375e-07,2.3396259507535433e-07,1.394425726175541e-05,1.8131579793134733e-07,4.4225814677112396e-10,7.034024918084469e-09,3.8800001789240923e-07,5.2873907918638e-08,5.914211786972601e-09,8.061235803324962e-07,9.002706065075472e-07,1.0355491895097657e-06,8.621884539650182e-09,9.238233928954287e-07,1.8461364561517257e-06,7.069641316803654e-09,3.230220499972347e-07,9.104476283994245e-09,1.1740923788750024e-08,2.123452746971566e-09,9.560749969494964e-10,1.2949346039903276e-09,4.91421126014302e-10,1.1094447245341144e-06,2.336282705073245e-06,1.455464371247217e-06,1.2358621681585191e-08,1.593977572156291e-07,2.814206027323962e-06,1.1000884114764631e-07,2.156780283257831e-06,4.1342110534969834e-07,1.4754949916095939e-05,1.3366673323744749e-09,8.383829595004499e-07,1.830183293805021e-07,5.0450132960122573e-08,1.1998881177532894e-07,4.484651071834378e-06,6.04258673320146e-07,4.48894468263461e-07,2.221629387122448e-07,5.3773023864778224e-06,1.1694321074173786e-05,0.0001425323134753853,5.0948694152452845e-09,1.2649978998524603e-05,2.1359497281991935e-07,8.242487581355817e-08,1.4791953439896588e-08,1.1943532740588125e-07,5.3422528623059407e-08,3.22696749321949e-08,5.846786734764464e-07,1.6384642265165894e-07,1.5354942206613487e-07,1.5493270666411263e-07,7.356910032285668e-07,2.215056520071812e-05,3.240388579683895e-08,7.741004282024733e-08
/users/PAS2099/jianyanggu/PlotDiversiVision/data/SCBI_005/SCBI_005_PlantDiversity_32_1_4_20140613.jpg,SCBI_005/SCBI_005_PlantDiversity_32_1_4_20140613.jpg,SCBI,2014,,SCBI_005,32_1_4,32,1,4,20140613,false,SCBI_005_PlantDiversity_32_1_4_20140613_r1_c1,3,1,1,719,675,1437,1350,164,5.544630766962655e-06,1.116883936447266e-06,1.9882138246885006e-07,9.347596460429486e-06,8.88703561940929e-06,1.8767397023111698e-06,2.5264987471018685e-06,7.00647319717973e-07,0.30218127369880676,8.84260043676477e-06,1.6208105080295354e-05,0.0009761625551618636,4.791017636307515e-05,6.94296750225476e-06,1.2973291632079054e-06,0.0001948296558111906,3.9211101920955116e-07,2.666326736289193e-06,7.679236802005107e-08,3.3193467174896796e-07,1.262293244508328e-05,0.00018748882575891912,5.2483715990092605e-05,2.5207418730133213e-06,5.078977594052958e-08,0.0005859073717147112,2.5658167942310683e-05,3.9607510160522e-08,2.510865328986256e-07,1.4167987671953597e-07,1.242674585455461e-07,1.4748289345334342e-07,2.17989708062305e-07,6.200912321219221e-05,4.149078449700028e-06,4.5087326725479215e-06,9.702365787234157e-06,1.8613179690873949e-06,2.6974672096002905e-07,6.265602081612087e-08,1.5526337904248066e-07,0.00012558051093947142,6.710048978675331e-07,1.0828355698322412e-05,2.628062389931074e-08,4.231405892340945e-09,3.020029168965266e-07,0.00022270454792305827,2.3485783458454534e-05,6.940236403352174e-07,1.0520328714846983e-06,0.00010893240687437356,1.5754794731037691e-06,3.0915965343325524e-09,2.333128804821172e-06,3.3831494761216163e-07,6.503556051029591e-06,1.3905194862218195e-07,5.419043736765161e-05,1.346074350294657e-05,0.0005066351732239127,1.9871748691002722e-07,2.5928709845857156e-08,5.6189628594438545e-06,3.0892859381737026e-09,5.62367745260417e-07,4.474516117625171e-06,3.3957300615838903e-07,0.00011438730143709108,0.000286248599877581,4.262078618921805e-06,4.472723958315328e-06,1.3357054058360518e-06,6.971022230572999e-05,7.773055585857946e-06,1.2562734355014982e-06,1.7480796259405906e-06,1.0406498404336162e-05,6.424247356306978e-09,4.8370166041422635e-06,1.8768409063341096e-05,2.7191747449251125e-06,0.00013274018419906497,1.4638437733083265e-06,2.1057971935078967e-06,9.203693480230868e-06,7.963006282807328e-06,2.5167148010041274e-07,8.078133078015526e-07,0.002089062239974737,2.4699207301637216e-07,8.799760280453484e-07,0.00010011310951085761,2.964558188978117e-05,9.068615327123553e-05,2.0607874830602668e-05,1.2300542948651128e-06,0.001016637310385704,0.6878581643104553,2.7026699171983637e-06,1.2208917041789391e-06,4.3014773837057874e-05,5.1556624384829774e-05,1.7089929542635218e-06,4.936335972161032e-05,3.92536458093673e-05,6.839578418293968e-06,1.9256465577655035e-07,1.0813820381372352e-06,0.0005230246460996568,5.5545801842527e-06,8.201053702805439e-08,8.406761480728164e-06,3.1781783036421984e-05,0.00040461565367877483,4.123186499782605e-06,0.00029229995561763644,7.919262316136155e-06,7.84112419438543e-09,7.570665275125066e-06,1.3588012279797113e-06,3.643890877924605e-08,6.803426799706358e-08,4.474118853181608e-08,9.022879510212078e-08,1.3044042290744073e-08,0.00011631679808488116,4.6729465452699515e-07,1.5959248003127868e-06,8.828873632182876e-08,1.7144844832728268e-06,5.467298979056068e-05,5.337876700650668e-06,0.00012038506247336045,1.6579624571022578e-05,3.6758376609213883e-06,4.177404644423177e-09,3.5618897527456284e-05,2.6217169306619326e-06,4.4109776808909373e-07,3.9164163467830804e-07,0.0002075581141980365,2.880756619560998e-05,8.675635285726457e-07,1.9022477317776065e-06,8.126853208523244e-05,0.00014798468328081071,8.205161066143773e-06,1.3719832736569515e-07,4.0844435716280714e-05,8.211705790017731e-06,1.7413118257536553e-05,1.2181975250769028e-07,1.0374981229688274e-06,1.9171444876064925e-07,5.058677174929471e-07,0.00018505797197576612,1.035630781132113e-08,3.327284275655984e-06,4.68900179839693e-06,7.1911226768861525e-06,7.152984380809357e-06,2.009174068007269e-06,3.7162315038585803e-06
/users/PAS2099/jianyanggu/PlotDiversiVision/data/SCBI_005/SCBI_005_PlantDiversity_32_1_4_20140613.jpg,SCBI_005/SCBI_005_PlantDiversity_32_1_4_20140613.jpg,SCBI,2014,,SCBI_005,32_1_4,32,1,4,20140613,false,SCBI_005_PlantDiversity_32_1_4_20140613_r1_c2,3,1,2,1437,675,2156,1350,164,9.34795352236506e-09,6.24728286879872e-08,4.288662758256123e-09,5.493264154665667e-08,3.769577574530558e-07,2.2701312900608173e-06,3.88760525993348e-07,2.21027836033727e-08,3.823235147137893e-06,2.0047052373683982e-07,4.793691914528608e-06,2.712229070311878e-05,4.573003479890758e-06,4.029108367831213e-06,4.4612924909870344e-08,7.937569534988143e-07,9.176844173452992e-08,4.605300034654647e-07,2.94400104294823e-09,4.072463966053874e-08,2.8088974701745428e-08,8.057068043854088e-06,1.8178012624048279e-06,1.2609318389422697e-07,6.889436576784647e-09,2.9844979962945217e-06,6.066197215659486e-07,9.818452717524906e-10,1.2626159673345683e-08,3.4121075742632456e-08,3.188790342889547e-09,1.9088126634869695e-08,1.2157939544010787e-08,2.6770833301270613e-06,6.215334735770739e-08,1.8796504264173564e-07,1.935681666509481e-06,2.2808239918958861e-07,5.516342227451787e-08,8.318112421079604e-09,1.617302380907404e-08,1.69688678397506e-06,2.7883677589102263e-08,2.5959133509445564e-08,4.904799233429458e-09,9.782189502871574e-10,9.94830600120622e-08,7.312550587812439e-05,3.3218868793483125e-06,2.8689017383953797e-08,1.2632236234821903e-07,8.913153806133778e-07,5.929538104965104e-08,2.666203646750631e-10,2.601724133910466e-07,1.3182979152759344e-08,4.209890391848603e-07,1.4465696196452882e-08,4.6146933527779765e-06,6.436725925595965e-07,3.74601114572215e-07,5.6216457267055375e-08,2.6501230099285067e-09,1.1542092579475138e-06,1.4703527284609663e-09,1.847081705363962e-07,5.13378324740188e-07,2.4953326516197194e-08,4.907255970465485e-07,9.706305718282238e-06,3.0979325060798146e-07,2.5604114739508077e-07,3.300601463251951e-07,1.7190977814607322e-06,2.623712134663947e-06,7.170007876311502e-08,2.786985398017805e-08,8.311237706948305e-07,2.8153096520711074e-10,8.709500320946972e-08,6.489635211437417e-07,9.493143693362072e-07,2.7757098450820195e-06,2.6634717542606268e-08,1.798808924036166e-08,4.723893198388396e-06,4.593261948571126e-08,2.4735724579727503e-08,3.407334148164409e-08,0.0006489125662483275,2.992954506453316e-08,1.1117290199536001e-07,1.3831959222443402e-05,3.27389159338054e-07,5.423268248705426e-06,8.584654551668791e-07,3.9598660350748105e-08,3.425594741202076e-07,0.9986097812652588,4.172680867498002e-09,5.3890705231651737e-08,2.7007456537830876e-07,1.0966372343546027e-07,1.8352541530930466e-07,7.977547511472949e-07,4.359516242402606e-05,6.39977670857661e-08,2.1663703719809746e-08,1.5442485334915546e-07,2.767990736174397e-06,3.397834689167212e-07,7.873027563221058e-09,2.716969333960151e-07,9.070454325410537e-07,7.531965820817277e-05,3.912452029908309e-06,0.0003603485238272697,2.2998453914624406e-06,2.6758437687846026e-09,2.2298253554708936e-07,9.175133186545281e-07,5.360851762503671e-10,1.8532986700847687e-08,1.1719721859648757e-09,3.089903666264604e-09,2.1149819395827052e-10,5.450520802696701e-06,1.5832947397598218e-08,2.580177920208371e-07,1.8138295310166086e-09,1.5374068595974677e-07,2.2118747438071296e-06,7.725883506282116e-07,3.191349264852761e-07,3.6649345247496967e-07,7.198403864094871e-07,7.675990398858801e-10,4.714208444056567e-06,5.6936865888701504e-08,4.480923720961982e-08,3.239168933077963e-08,1.4665848766526324e-06,8.060196421411092e-08,1.2367934232315747e-07,2.1516784443065262e-07,2.7110588689538417e-06,6.526704964926466e-06,2.3720990611764137e-06,3.275876281350065e-08,1.3419077049547923e-06,1.5817266785234096e-06,4.752920119699411e-07,1.5688644827704934e-09,1.200888391394983e-06,5.358099315344589e-07,1.9873677103987575e-07,1.0294067578797694e-05,7.780323940664857e-09,8.614507009951922e-07,1.604172581437524e-07,5.301334908835997e-07,9.048504523434531e-08,1.3303827017807635e-07,1.803585263360219e-07
/users/PAS2099/jianyanggu/PlotDiversiVision/data/SCBI_005/SCBI_005_PlantDiversity_32_1_4_20140613.jpg,SCBI_005/SCBI_005_PlantDiversity_32_1_4_20140613.jpg,SCBI,2014,,SCBI_005,32_1_4,32,1,4,20140613,false,SCBI_005_PlantDiversity_32_1_4_20140613_r2_c0,3,2,0,0,1350,719,2025,164,2.115947427228093e-05,5.511614745046245e-06,1.463722441030768e-07,4.177531081950292e-05,5.206421519687865e-06,1.076744524652895e-06,2.5009194359881803e-06,4.459237970877439e-06,0.6134281754493713,7.775855920044705e-06,1.2814937690563966e-05,0.012848291546106339,3.243426908738911e-05,3.3164691558340564e-05,1.0433379884489113e-06,0.00013824633788317442,2.473282393111731e-06,9.121116818278097e-06,6.757061754569804e-08,2.4429843392681505e-07,2.7459261673357105e-06,0.002896057441830635,0.0001536459312774241,4.3499102275745827e-07,2.6018518894943554e-08,0.00010261296120006591,1.7450183804612607e-05,8.841694665306932e-08,1.8883898178501113e-07,3.284622707155904e-08,6.979963274034162e-08,7.260089773808431e-08,2.702982158098166e-07,1.2971487194590736e-05,2.3596353457833175e-06,5.382316430768697e-06,3.752465272555128e-05,1.5259678548318334e-05,8.50479580094543e-07,2.9886885499763594e-07,1.079574190043786e-06,0.004132395144551992,3.312018816359341e-05,0.000174251152202487,3.060881326177878e-08,1.1373024300098677e-08,2.2782674591326213e-07,0.00017463711265008897,5.5469052313128486e-05,2.959002586067072e-06,5.805167688777146e-07,3.202009975211695e-05,8.255155989900231e-06,2.567519086227321e-09,4.1154144128086045e-06,3.2688123496882326e-07,8.187539606296923e-06,1.799406845748308e-07,0.00010071849828818813,3.038582235603826e-06,0.000985890394076705,2.5716988147905795e-06,2.466412638568727e-07,4.375758635433158e-06,3.4893057332396893e-09,2.4960598238976672e-05,2.5970068236347288e-05,7.751595489935426e-07,0.0002272177953273058,0.0003200302307959646,4.546876425592927e-06,4.3267268665658776e-06,2.641697562921763e-07,6.641841173404828e-05,1.0120255865331274e-05,2.9330632855817385e-07,1.0911129493251792e-06,6.214985660335515e-06,3.3412246303043958e-09,2.3156296720117098e-06,6.534007115988061e-05,5.156847691978328e-06,0.00017879487131722271,1.5682386447224417e-06,1.613939821254462e-05,7.66924858908169e-05,4.413261194713414e-05,1.878389866760699e-06,3.182281943736598e-06,0.003522994462400675,2.0734209726924746e-07,1.0734389661593013e-06,0.0021492792293429375,0.00011952544446103275,0.0007709702476859093,0.00022898765746504068,4.1164198592014145e-06,0.031141728162765503,0.31963905692100525,1.675992643868085e-05,6.893652880535228e-06,2.873802077374421e-05,3.539775934768841e-05,2.9488385280274088e-06,1.9673881979542784e-05,0.00014775195450056344,3.474860932328738e-05,1.9528579286998138e-07,1.5402898725369596e-06,0.002658889861777425,1.2301740753173362e-05,3.832561645822352e-08,2.3165406673797406e-05,6.637130718445405e-05,0.000542627414688468,4.71528755952022e-06,0.00023410696303471923,5.154507562110666e-06,1.4866926356660315e-08,2.0566674720612355e-05,3.7339412983783404e-07,1.28460044379608e-07,2.934440033186547e-07,1.4734646924807748e-07,4.535769733138295e-07,2.285046640793098e-08,3.515083881211467e-05,2.1848215965292184e-06,2.1994808321323944e-06,3.9835791199038795e-07,3.3320270631520543e-06,0.00046554533764719963,8.140384579746751e-07,0.00019796226115431637,1.5977615476003848e-05,3.249743167543784e-05,1.117306425157949e-08,3.9707476389594376e-05,6.7852238316845614e-06,1.8083052282236167e-06,1.8071949625664274e-06,0.00015024827735032886,2.3318258172366768e-05,1.019651222122775e-06,1.2678054872594657e-06,8.712503040442243e-05,0.0002733127330429852,0.00016084275557659566,3.5185817637284345e-07,0.00014497268421109766,1.1780750355683267e-05,4.330229421611875e-05,6.656821938122448e-08,2.067971536234836e-06,3.6781841572519625e-07,8.115178502521303e-07,0.0001313251123065129,2.928522846445958e-08,8.242505828093272e-06,6.897124876559246e-06,6.63710216031177e-06,3.8191261410247535e-05,5.966206799712381e-07,2.918410700658569e-06
/users/PAS2099/jianyanggu/PlotDiversiVision/data/SCBI_005/SCBI_005_PlantDiversity_32_1_4_20140613.jpg,SCBI_005/SCBI_005_PlantDiversity_32_1_4_20140613.jpg,SCBI,2014,,SCBI_005,32_1_4,32,1,4,20140613,false,SCBI_005_PlantDiversity_32_1_4_20140613_r2_c1,3,2,1,719,1350,1437,2025,164,3.3327307136232776e-08,1.861373846168135e-07,1.2758220258035635e-08,2.6165798772126436e-07,2.138648596883286e-06,3.3620262911426835e-06,8.264370876531757e-07,5.6944593040952896e-08,1.2377176972222514e-05,7.498776426473341e-07,1.5913541574263945e-05,5.548420813283883e-05,7.948893653519917e-06,7.3129822339979e-06,1.407973542200125e-07,3.229555659345351e-06,1.898477108852603e-07,1.3668123983734404e-06,2.281776545487446e-08,2.1173390507556178e-07,7.407310675944245e-08,2.908416536229197e-05,3.865419785142876e-06,5.932337217018357e-07,2.0116798893354826e-08,1.4172002920531668e-05,2.8045383260177914e-06,2.8233082538520193e-09,4.474357595540823e-08,1.1310580561030292e-07,1.305320207478644e-08,4.950547349835688e-08,5.62258044567443e-08,9.90902481134981e-06,3.7168962307987385e-07,4.63348726498225e-07,3.890241714543663e-06,8.509618396601581e-07,1.7681448127859767e-07,2.160194156886064e-08,4.513012896723012e-08,5.195858193474123e-06,8.378642490924904e-08,7.700092652385138e-08,1.71842451379689e-08,2.1961874541176485e-09,1.067519832531616e-07,6.121730257291347e-05,1.4105824448051862e-05,4.6764036198965186e-08,3.5169395573575457e-07,3.82213556804345e-06,1.3599309056644415e-07,9.377649767827734e-10,1.4661295608675573e-06,5.349143705757342e-08,8.14431757589773e-07,6.901792204416779e-08,8.721431186131667e-06,1.0936407761619193e-06,1.2057936373821576e-06,3.1987423199097975e-07,9.194906169796013e-09,3.226834223823971e-06,3.531293257807988e-09,5.985163511468272e-07,1.1761418363676057e-06,7.809367019717683e-08,2.294531441293657e-06,4.39926989201922e-05,1.054652784659993e-06,8.844350531944656e-07,7.576294933642203e-07,4.702347268903395e-06,2.629439222801011e-06,7.411041735849722e-08,7.692048598073598e-08,1.508324885435286e-06,1.2499712376268235e-09,1.6096440447199711e-07,1.646503164920432e-06,1.4060582316233194e-06,6.55486473988276e-06,1.2555254613744182e-07,3.933332948236057e-08,1.3508685697161127e-05,6.843851707571957e-08,7.672034030292707e-08,9.066353356956824e-08,0.0012800372205674648,7.838018234451738e-08,2.5809217163441645e-07,5.3101772209629416e-05,1.19307401291735e-06,8.206727216020226e-06,2.2207232177606784e-06,1.2629951129383699e-07,1.3924418453825638e-06,0.9974774718284607,1.681244654605507e-08,2.198452904167425e-07,7.183826369328017e-07,3.276560391896055e-07,6.259131737351709e-07,3.0923915801395196e-06,6.355716323014349e-05,1.5873811776145885e-07,8.855723621081779e-08,5.111459131512675e-07,5.738449090131326e-06,1.144557131738111e-06,3.5466584336063534e-08,1.0825458502949914e-06,2.402612835794571e-06,8.355866157216951e-05,3.943643605452962e-06,0.000526879564858973,7.837428711354733e-06,5.903840527565762e-09,3.116239781775221e-07,1.4089952173890197e-06,2.087845007991973e-09,4.8310738520740415e-08,3.466811948626969e-09,9.132334888306559e-09,7.713844007994908e-10,2.687496817088686e-05,7.065921892035476e-08,9.430685850020382e-07,3.1988978133057344e-09,2.675750465641613e-07,4.3244758671789896e-06,1.7124320947914384e-06,2.2186570731719257e-06,1.2970174338988727e-06,2.9994105261721415e-06,1.2055756393181127e-09,5.830551344843116e-06,1.215245504226914e-07,5.05967818753561e-08,3.298756823255644e-08,3.911341991624795e-06,2.038813136095996e-07,3.4780347846208315e-07,5.59857028292754e-07,3.7956476717226906e-06,1.028541646519443e-05,3.775142658923869e-06,4.2636191466272066e-08,5.678001798514742e-06,5.8383184295962565e-06,1.1058950803999323e-06,7.809274116254983e-09,1.5604545069436426e-06,8.483235660605715e-07,2.3598467180363514e-07,1.928103665704839e-05,2.2525620479996178e-08,1.7140137060778216e-06,2.840270951764978e-07,9.789206387722516e-07,2.8005064223179943e-07,1.982843684800173e-07,3.452983605711779e-07
/users/PAS2099/jianyanggu/PlotDiversiVision/data/SCBI_005/SCBI_005_PlantDiversity_32_1_4_20140613.jpg,SCBI_005/SCBI_005_PlantDiversity_32_1_4_20140613.jpg,SCBI,2014,,SCBI_005,32_1_4,32,1,4,20140613,false,SCBI_005_PlantDiversity_32_1_4_20140613_r2_c2,3,2,2,1437,1350,2156,2025,164,7.356860454166281e-09,3.9497304982205605e-08,3.2197051691440493e-09,7.689953918088577e-08,3.529311811689695e-07,1.5469980780835613e-06,3.2771927749308816e-07,4.265285902249616e-09,9.402692739968188e-06,1.9054611755109363e-07,3.7188210626482032e-06,2.6081181204062887e-05,3.988920980191324e-06,1.590440547261096e-06,6.297726429238537e-08,8.268488613794034e-07,2.494563311472575e-08,1.9960532426921418e-07,3.066549902897009e-09,2.903696127987132e-08,4.731430536253356e-08,6.698508059344022e-06,1.706410671431513e-06,1.2626753687072778e-07,8.780757454474042e-09,2.7811065592686646e-06,4.249180278748099e-07,9.084158980599e-10,1.2859540099441347e-08,3.7788215223599764e-08,3.2443880915167256e-09,9.699042458066742e-09,7.264191914657658e-09,1.7521492736705113e-06,5.748490750079327e-08,1.224947823175171e-07,7.799117724971438e-07,1.342030770956626e-07,2.6107718653634038e-08,3.1360394281421122e-09,6.234761151802104e-09,7.814335276634665e-07,9.338942064118783e-09,1.3959536637742076e-08,6.123786810974252e-09,8.65699567587086e-10,6.164548693732286e-08,1.5660643839510158e-05,2.289937128807651e-06,1.836711227554133e-08,4.140387588336125e-08,1.423911612619122e-06,2.9747786456368885e-08,1.4127413128228739e-10,2.145933848396453e-07,1.2323384090962008e-08,1.7491232995325845e-07,1.246679381949889e-08,4.569606062432285e-06,4.4235582663532114e-07,4.289373691790388e-07,2.9641080701026112e-08,2.658782305431373e-09,9.22613651255233e-07,8.880225998986191e-10,7.704635152094852e-08,3.660871072952432e-07,2.3797298354111263e-08,3.064261306917615e-07,1.2201036952319555e-05,2.1498175328815705e-07,2.2547089884028537e-07,1.094882406960096e-07,1.2852931376983179e-06,9.480448284193699e-07,2.1234333402730954e-08,2.81588370398822e-08,4.4487728700914886e-07,4.6438780598734297e-10,8.870822654216681e-08,8.746734465603367e-07,2.796669775761984e-07,1.0072270697492058e-06,4.0139813251016676e-08,1.3575957247269343e-08,4.009179974673316e-06,2.550468636286496e-08,1.1694861967725956e-08,2.8039107036192945e-08,0.0012817404931411147,2.9149941127570855e-08,6.245071659805035e-08,1.083598272089148e-05,2.831957601756585e-07,2.3731054170639254e-06,7.05985257809516e-07,3.114783098112639e-08,4.165277118772792e-07,0.9984009861946106,6.595678669896188e-09,1.873301513910519e-08,3.6162612104817526e-07,1.6849668327267864e-07,1.1585810710812439e-07,5.87938529861276e-07,1.7388731066603214e-05,3.88904481951613e-08,1.4584112584259401e-08,2.625804995659564e-07,5.257358225208009e-06,2.8411659513949417e-07,7.75582353895743e-09,1.7259975493288948e-07,4.838040013055434e-07,3.771238334593363e-05,8.847069921102957e-07,9.713206236483529e-05,9.905452316161245e-07,1.6683677772633132e-09,1.197850707512771e-07,3.137012072329526e-07,2.7406485414438464e-10,8.58940119030649e-09,6.684659492606215e-10,1.4895426003747048e-09,1.0527637789303768e-10,5.628221515507903e-06,1.6773665123537285e-08,1.2668293436490785e-07,6.69614419468445e-10,5.763927291013715e-08,1.1838733371405397e-06,4.210326949305454e-07,6.097894242884649e-07,3.123661542758782e-07,4.082517079950776e-07,2.93666618800259e-10,2.7356509235687554e-06,2.8651525596501415e-08,1.989962328252659e-08,1.207046906870346e-08,8.934060815590783e-07,6.04271050974603e-08,5.247514778261575e-08,8.473709556255926e-08,1.0041194400400855e-06,1.460940779907105e-06,1.8166032305089175e-06,1.8826073144850852e-08,1.1406543762859656e-06,1.379470745632716e-06,2.813147261804261e-07,2.1235699865229662e-09,6.563057581843168e-07,2.1281947226725606e-07,9.467035511079303e-08,5.43321175427991e-06,3.6316853968543228e-09,4.320229720633506e-07,1.0514931148009055e-07,2.656656192812079e-07,5.0041013111012944e-08,9.286618762871512e-08,2.017772544604668e-07
/users/PAS2099/jianyanggu/PlotDiversiVision/data/SCBI_005/SCBI_005_PlantDiversity_40_1_1_20140613.jpg,SCBI_005/SCBI_005_PlantDiversity_40_1_1_20140613.jpg,SCBI,2014,,SCBI_005,40_1_1,40,1,1,20140613,false,SCBI_005_PlantDiversity_40_1_1_20140613_r0_c0,3,0,0,0,0,794,746,164,1.501103241707824e-07,4.87097338464082e-07,2.1401483252248e-08,3.846870640700217e-06,1.9650140075100353e-06,1.1042509413528023e-06,3.2291231377712393e-07,1.7552964663991588e-06,0.00018960337911266834,9.84963116934523e-06,0.00016481451166328043,0.002715457696467638,1.4107970400800696e-06,1.7891732568386942e-05,3.265116887973818e-08,3.750069663510658e-05,9.1239917310304e-06,9.309759008147012e-08,1.460357168525661e-07,3.8910414446036157e-07,7.769727972117835e-08,2.2119651475804858e-05,4.06729377573356e-05,2.2586404156754725e-05,4.206059056599543e-09,2.495978606020799e-06,4.006187737104483e-07,6.025085319549817e-09,7.833774162691043e-08,2.9520611732891666e-08,3.3126408283123965e-08,5.1772353515389113e-08,3.659883418549725e-08,7.47176818549633e-06,1.9571141365304356e-06,3.0052974580030423e-06,8.518354661646299e-07,1.7365813391734264e-06,5.61437445867341e-07,1.9383600147193647e-07,5.678302272826841e-07,1.6153724573086947e-05,7.336617500186549e-07,3.036549742319039e-06,9.914615475281607e-07,1.955672814801801e-07,9.0202313174359e-08,0.0005812635645270348,6.644717359449714e-06,8.532831088814419e-06,8.689906394465652e-08,1.3786581803287845e-05,2.4691403268661816e-06,1.0855144694232877e-07,4.872441650149995e-07,1.0373082659498323e-06,2.7045382012147456e-05,1.565097846878416e-07,2.4847791792126372e-05,1.205554553962429e-06,5.884875281481072e-05,4.922453626932111e-07,3.941973773180507e-06,2.3752375000185566e-06,1.7510277672272423e-08,3.868311068799812e-06,1.3797721010178066e-07,6.07834564902987e-08,8.356758917216212e-05,3.002031689902651e-06,3.2614480005577207e-06,2.9993761927471496e-06,1.5076001318448107e-06,5.98315773459035e-06,8.840038390189875e-06,4.869598342338577e-07,2.0175832560198614e-07,2.5496094622212695e-06,1.6221200382915413e-07,4.48915125161875e-06,8.257721901827608e-07,6.841975164206815e-07,2.4553997718612663e-05,4.427146450325381e-06,2.7618995090961107e-07,7.721577276242897e-05,4.330107549321838e-05,6.201947826411924e-07,0.00010898894106503576,2.662222323124297e-05,3.034624640463335e-08,5.187181386645534e-07,4.352230007498292e-06,0.00018856760289054364,0.00012324837734922767,2.3370941562461667e-05,3.3384344533260446e-06,0.0004400547768454999,0.0007326252525672317,2.365778755120118e-06,1.8640101018263522e-07,1.1266968613199424e-05,1.2766613508574665e-05,1.679798515397124e-05,6.546115400851704e-07,0.00039874709909781814,1.4690183434140636e-06,2.4187898816308007e-05,2.746895120253612e-07,4.1204217268386856e-05,6.09674407314742e-06,3.65543428415549e-07,1.2198030162835494e-05,8.538860129192472e-05,0.9899076223373413,0.0012121876934543252,0.0012395429657772183,6.354574452416273e-06,3.114693214456565e-08,0.00043362253927625716,1.7601701074454468e-07,1.4771528444867954e-09,5.099459343682611e-08,7.0930865625484785e-09,7.920886702095231e-08,7.027267656667391e-08,5.742456323787337e-06,2.3845250325393863e-06,2.444016445224406e-06,1.5638981665233587e-07,6.67708491164376e-07,1.18480202218052e-05,3.9427126466762275e-05,2.4657530957483687e-05,9.741635267346282e-07,4.808372523257276e-06,2.1489425350296187e-08,3.933802418032428e-06,4.977289790986106e-06,7.782071520523459e-07,3.052891997867846e-06,0.00019538788183126599,2.654444324434735e-05,1.287567329200101e-06,1.6105224176499178e-07,9.106297511607409e-05,3.449498035479337e-05,6.812656647525728e-05,1.1697919433117931e-07,2.2244377760216594e-05,1.5989229495971813e-06,1.2281138879188802e-05,5.899257303099148e-06,1.3649685570271686e-05,3.138358806609176e-06,3.7775196233269526e-06,2.7012387363356538e-05,5.019214768253732e-07,3.0667702048958745e-06,2.728423714870587e-05,1.121370814871625e-06,1.284637676235434e-07,5.660395459017309e-07,6.155538017083018e-07
/users/PAS2099/jianyanggu/PlotDiversiVision/data/SCBI_005/SCBI_005_PlantDiversity_40_1_1_20140613.jpg,SCBI_005/SCBI_005_PlantDiversity_40_1_1_20140613.jpg,SCBI,2014,,SCBI_005,40_1_1,40,1,1,20140613,false,SCBI_005_PlantDiversity_40_1_1_20140613_r0_c1,3,0,1,794,0,1587,746,164,3.207624033052525e-08,1.3016860123116203e-07,7.176201299863294e-10,4.8474873892701e-07,5.858483405063453e-07,3.286248784206691e-07,4.6667274489209376e-08,8.480549809064541e-07,2.8644073609029874e-05,2.7745304578274954e-06,1.7552703866385855e-05,0.0023621211294084787,3.02913235827873e-07,6.018111889716238e-06,2.521930886345558e-09,1.960133704415057e-05,2.649485850270139e-06,2.3387940473185154e-08,6.116445661064063e-08,9.655870059077643e-08,5.889107423939777e-09,1.4586717043130193e-05,1.3657394447363913e-05,1.5981675460352562e-05,3.3690036871369955e-10,2.866503052700864e-07,4.467569780786107e-08,1.5951676646253077e-09,3.950867011326409e-08,1.6601941155158784e-08,6.765172866352032e-09,2.325786851997691e-08,7.681753011468118e-09,1.08590006675513e-06,3.2312669873135746e-07,6.538054435623053e-07,1.61487790251158e-07,1.1190376199010643e-06,2.1794896554183651e-07,1.8187408556968876e-07,5.105924287818198e-07,4.637327037926298e-06,1.6889788412299822e-07,5.62863533559721e-07,1.706568752979365e-07,1.305569838905285e-07,5.830144544916038e-08,5.2340361435199156e-05,2.1680227746401215e-06,2.292317958563217e-06,7.362150000744805e-09,4.710713710665004e-06,3.3237197385460604e-06,1.5639988859561527e-08,5.3092172436208784e-08,2.056379884152193e-07,5.005756065656897e-06,5.143906989246716e-08,1.9136685295961797e-05,7.841996563229259e-08,5.340323332347907e-05,2.189405989838633e-07,2.427310846542241e-06,5.992931164655602e-07,2.4918458407796606e-09,2.4393407329625916e-06,4.2289691748464975e-09,4.517626717159828e-09,5.264852006803267e-06,3.356322224590258e-07,1.4518317357214983e-06,9.827970188780455e-07,3.479335362044367e-07,1.9561737190088024e-06,1.0489558917470276e-05,2.508567717995902e-07,5.28103925034884e-08,8.974380989457131e-07,4.115624108180782e-08,1.0497078619664535e-06,6.839545818593251e-08,4.075396873304271e-07,2.790026201182627e-06,5.585879534919513e-06,2.7636053445689868e-08,2.8655002097366378e-05,9.181635505228769e-06,2.0828275637541083e-07,5.835026240674779e-05,2.317535063411924e-06,3.0509776927090115e-09,8.104117199536631e-08,1.1287482948318939e-06,5.6212164054159075e-05,5.422890171757899e-05,2.6774174330057576e-05,1.1057052233809372e-06,0.00023759377654641867,9.883095481200144e-05,9.28979090986104e-07,3.6432375338790735e-08,4.3527775233087596e-06,3.0900214369466994e-06,1.76693301909836e-05,3.0836963560432196e-07,9.269976726500317e-05,4.6532196051884966e-07,7.5036737143818755e-06,1.9694772035450114e-08,1.0349926014896482e-05,1.1661123835438048e-06,4.3643783698144034e-08,3.926201316062361e-06,4.870922566624358e-05,0.9954096674919128,0.00041387759847566485,0.00018139764142688364,1.683068830971024e-06,8.317051936046482e-09,0.00022962060756981373,1.0312115605870531e-08,2.7719013195870446e-10,2.1014617601622376e-08,4.486576443696322e-09,3.353722632937206e-08,3.050362806789053e-08,1.0699951644710382e-06,2.0448896975722164e-06,4.0280400526171434e-07,2.6986288759189847e-08,6.439758237775095e-08,1.637408558963216e-06,8.523299584339838e-06,1.7447760910727084e-05,2.239360696876247e-07,3.610203975767945e-06,2.3116697889236093e-08,6.4670871324779e-07,4.320648372413416e-07,5.068216424319871e-08,3.3259883025493764e-07,0.00011546886526048183,2.4109780497383326e-05,1.1506416086604077e-07,8.614452262634131e-09,1.0382272193965036e-05,2.759257540674298e-06,9.744730778038502e-05,1.288538875598988e-08,7.479610758309718e-06,4.2121808974115993e-07,3.233179768358241e-06,6.849078317827662e-07,3.216731784050353e-06,7.682112368456728e-07,9.133667617788888e-07,1.199806501972489e-05,1.2512843738932133e-07,2.987225116157788e-07,3.199097818651353e-06,2.2258616638737294e-07,3.4855641928288605e-08,2.5648159862612374e-07,4.70799847107628e-07
/users/PAS2099/jianyanggu/PlotDiversiVision/data/SCBI_005/SCBI_005_PlantDiversity_40_1_1_20140613.jpg,SCBI_005/SCBI_005_PlantDiversity_40_1_1_20140613.jpg,SCBI,2014,,SCBI_005,40_1_1,40,1,1,20140613,false,SCBI_005_PlantDiversity_40_1_1_20140613_r0_c2,3,0,2,1587,0,2381,746,164,3.2708253883129146e-08,7.054984507703921e-08,4.077988613460093e-09,1.2461204335068032e-07,4.546172078789823e-07,3.5542452678782865e-06,8.492979191032646e-07,2.4098989115373115e-07,4.45175392087549e-05,3.0065461942285765e-06,2.4673799998709e-05,0.001104778959415853,4.0997379073814955e-06,2.131067230948247e-05,9.214431173631965e-08,6.164374553918606e-06,6.457274253079959e-07,5.980867712196414e-08,8.120202288353084e-09,4.1461298394551704e-08,7.571116356075436e-08,1.8902115698438138e-05,9.431155376660172e-06,1.0849727914319374e-05,1.467246590891591e-08,6.728810149070341e-07,5.632928719023766e-07,6.229396110057905e-09,1.3596451253761188e-07,1.6292202076328977e-07,2.784971364633293e-08,3.068989329335636e-08,3.4020285255564886e-08,2.7344437967258273e-06,3.685564990973944e-07,1.4258264400268672e-06,2.51004081519568e-07,1.307518800786056e-06,2.440586115426413e-07,7.492879205983627e-08,3.1414344903168967e-07,8.590965080657043e-06,1.3714908675410697e-07,3.5608798043540446e-07,5.619943976853392e-07,3.3789291364882956e-08,9.061267292054254e-08,0.0001932780141942203,2.557693960625329e-06,8.567466466047335e-06,8.980636678757037e-09,6.528933681693161e-06,8.192117093130946e-06,2.2133368915433493e-08,8.173789183274494e-07,3.25192900163529e-07,2.6199563762929756e-06,1.800858484557466e-08,9.140605470747687e-06,5.820546107315749e-07,1.1490764336485881e-05,1.8114906197297387e-07,6.69460462177085e-07,4.111766429559793e-06,3.100500745034651e-09,9.017927027343831e-07,2.1722759413478343e-07,2.7967676174966982e-08,2.843480160663603e-06,9.040767508849967e-06,1.571763277752325e-06,2.55639656643325e-06,2.0855380000739387e-07,1.830065048125107e-05,3.106118310824968e-05,9.140670726992539e-07,1.9973886367097293e-07,7.0741793933848385e-06,1.8040351434933655e-08,5.618550744657114e-07,8.955397561294376e-07,1.6233389033004642e-07,6.763606506865472e-06,4.3386165771153173e-07,6.6773817586351925e-09,2.5257186280214228e-05,3.3629103199928068e-06,2.804567884595599e-07,3.1712981581222266e-05,0.00017631090304348618,1.4070596243698219e-08,3.722982455656165e-07,3.96609084418742e-06,1.7734353605192155e-05,6.897168350405991e-05,7.965981239976827e-06,1.9953488390456187e-06,5.0032751460094005e-05,0.019199516624212265,1.5927243168789573e-07,5.230952737633743e-08,2.7978587695542956e-06,1.23567394894053e-06,1.1022520993719809e-05,2.4131276177286054e-07,0.00020014645997434855,7.777973110023595e-07,2.9250259103719145e-06,2.4768831963228877e-07,2.0693328224297147e-06,6.381021648849128e-07,1.0303427444569024e-07,1.3175073263482773e-06,1.3245479749457445e-05,0.9737352132797241,0.0038335586432367563,0.0006541754119098186,3.000096057803603e-06,4.481206161699447e-08,4.9324189603794366e-05,8.031207698877552e-08,3.522518388088258e-10,1.9720173938253538e-08,1.1185149473291744e-09,1.3828007183747104e-08,7.954186642677996e-09,3.4540773867774988e-06,6.385599817804177e-07,1.998883590204059e-06,3.4500313716989695e-08,3.92452079722716e-07,4.090879883733578e-06,5.3388754167826846e-05,2.2241049464355456e-06,4.24831000600534e-07,1.7453870668759919e-06,1.6667865310182606e-08,7.822009706615063e-07,1.0582230061118025e-06,1.4127937220109743e-07,3.131145547285996e-07,8.282650378532708e-05,1.3224123904365115e-05,3.570768569716165e-07,9.647325782680127e-08,2.0653751562349498e-05,5.4008373808756005e-06,4.611677286447957e-05,3.575987861381691e-08,2.539610477469978e-06,5.010508630221011e-07,2.9370789889071602e-06,4.537180302577326e-07,1.5012186850071885e-05,7.036848728603218e-06,2.508865009076544e-06,1.321363561146427e-05,1.2787994307927875e-07,2.1355094759201165e-06,4.408606855577091e-06,1.2037158967359574e-06,3.1875089234745246e-08,1.047871137416223e-06,2.377757027716143e-06
/users/PAS2099/jianyanggu/PlotDiversiVision/data/SCBI_005/SCBI_005_PlantDiversity_40_1_1_20140613.jpg,SCBI_005/SCBI_005_PlantDiversity_40_1_1_20140613.jpg,SCBI,2014,,SCBI_005,40_1_1,40,1,1,20140613,false,SCBI_005_PlantDiversity_40_1_1_20140613_r1_c0,3,1,0,0,746,794,1491,164,1.583392084114621e-08,8.830575382035022e-08,1.0575584852290376e-08,2.8561177600749943e-07,1.6663090036672656e-06,1.7029515220201574e-05,9.126267173087399e-07,1.2075584265858197e-07,5.196403890295187e-06,4.873306238550867e-07,2.222321927547455e-05,5.7839559303829446e-05,3.941665909223957e-06,6.580934041267028e-06,9.342721796201658e-08,9.711753591545857e-06,2.707131727675005e-07,1.8433950117469067e-06,1.0589834786856045e-08,1.836116325648618e-07,5.4136538807370016e-08,1.3449530342768412e-05,1.8328290025237948e-05,2.4168829781956447e-07,1.3849103197571822e-08,3.175771098540281e-06,3.972369086113758e-06,1.4042906393285648e-08,1.9114158078537002e-07,1.1439913549793346e-07,3.670054837812131e-08,2.672389598501468e-07,2.0149489898813044e-07,7.034101145109162e-06,1.6746184883231763e-06,2.112527681674692e-06,5.812663403048646e-06,1.3043037370152888e-06,2.1750255996266787e-07,3.981072183023571e-08,9.329365724397576e-08,6.272484824876301e-06,1.6147271253430517e-07,3.4553752925603476e-07,9.249311538894744e-09,2.1913300063403085e-09,6.451994636336167e-07,0.00035460907383821905,2.555955325078685e-05,5.725029339487264e-08,1.7869728026198572e-06,1.4302040654001758e-06,1.090072885290283e-07,1.0989816834339194e-09,1.1319975783408154e-06,8.412416008241053e-08,1.9293572677270276e-06,1.7372730098941247e-07,2.7888305339729413e-05,1.344275233350345e-06,1.0586938969936455e-06,4.657206886804488e-07,1.3111016272659981e-08,1.4568895494448952e-05,1.7977318522710561e-09,4.4418868583306903e-07,1.3647259038407356e-06,6.817651865276275e-08,4.571087174554123e-06,6.0117476095911115e-05,1.6986945183816715e-06,1.6848965742610744e-06,5.079319862488774e-07,3.308192844997393e-06,4.706286290456774e-06,6.951852071779285e-08,6.00197722633311e-08,1.6497317574248882e-06,7.670607482523906e-10,2.483881473835936e-07,9.122235496761277e-06,2.3838110791984946e-06,2.647966903168708e-05,6.16160846789171e-08,4.936752517892273e-08,1.4959970940253697e-05,9.649887289242542e-08,1.599474330760131e-07,4.4466315074487284e-08,0.0005076053785160184,2.7480099973331562e-08,1.0906551750622384e-07,0.00010959535575238988,1.0356061466154642e-06,1.5164575415838044e-05,5.130557383381529e-06,1.4343885368361953e-07,1.141337406806997e-06,0.9890678524971008,3.3979766556058166e-08,2.7074827357864706e-07,1.6797368971310789e-06,8.837623681756668e-07,2.3113845770694752e-07,1.445303041691659e-06,2.7938778657699004e-05,2.4346684313059086e-07,6.878098446350123e-08,5.68802590805717e-07,2.9927205105195753e-05,3.999036835011793e-06,4.365152861396382e-08,4.2245477516189567e-07,1.936022272275295e-06,0.0002532151120249182,1.0089461284223944e-05,0.009064700454473495,5.700279416487319e-06,1.1647709463602496e-08,2.715271136821684e-07,6.919845418451587e-06,4.16996170926609e-09,1.8187366279676098e-08,1.4759334865388496e-09,7.646216992895916e-09,5.320657248120142e-10,1.1686358448059764e-05,3.5609403425951314e-08,1.4803169960941887e-06,1.8765698328593317e-08,9.787733006305643e-07,1.017519025481306e-05,2.956397565867519e-06,5.622980552288936e-07,2.108727585437009e-06,3.0447449717030395e-06,7.282470737557389e-10,1.1248654118389823e-05,7.080235775447363e-08,1.616495950429453e-07,5.884271914169403e-08,3.300566731923027e-06,2.6106232553502196e-07,3.587009871353075e-07,4.070867873906536e-07,7.530815764766885e-06,2.644060441525653e-05,4.523627012531506e-06,1.341052922043673e-07,1.9131312001263723e-06,3.627494834290701e-06,3.9523861232737545e-06,8.990322264423867e-09,1.3577209756476805e-06,6.457707399931678e-07,6.898887932038633e-07,1.435347985534463e-05,2.4324762648575415e-08,4.4151806832815055e-06,1.1206290082554915e-06,9.714934776638984e-07,3.426811758799886e-07,6.883348646624654e-08,5.018820203872565e-08
/users/PAS2099/jianyanggu/PlotDiversiVision/data/SCBI_005/SCBI_005_PlantDiversity_40_1_1_20140613.jpg,SCBI_005/SCBI_005_PlantDiversity_40_1_1_20140613.jpg,SCBI,2014,,SCBI_005,40_1_1,40,1,1,20140613,false,SCBI_005_PlantDiversity_40_1_1_20140613_r1_c1,3,1,1,794,746,1587,1491,164,7.58273177581259e-09,4.2697536173363915e-08,8.35600566517769e-09,1.3777835761175083e-07,1.529892756479967e-06,1.0950936484732665e-05,6.422145020223979e-07,2.7040380601306424e-08,2.1071637092973106e-05,4.704460252469289e-07,1.1306059604976326e-05,0.00020630295330192894,5.07783806824591e-06,6.044360816304106e-06,5.8167916705542666e-08,1.1447844372014515e-05,2.6443845513313136e-07,3.553470833139727e-07,3.4953742122922904e-09,1.4466614572938852e-07,4.176560963742304e-08,1.5931209418340586e-05,6.835637123003835e-06,3.8488488485199923e-07,7.880824881567605e-09,3.067201987505541e-06,1.4862944226479158e-06,3.118280966774023e-09,8.01871777866836e-08,6.000681196383084e-08,7.345456243257331e-09,4.1581522225442313e-08,2.7043990158404085e-08,3.3080464163504075e-06,3.268793875577103e-07,1.4279057722887956e-06,1.5716374264229671e-06,3.687843275201885e-07,3.087142630420203e-08,6.461209789421218e-09,1.6652169421149665e-08,5.5432747103623115e-06,7.245689204182781e-08,5.7163088484912805e-08,6.729624857371164e-09,7.90213761092673e-09,1.6772607125403738e-07,0.0001855704322224483,8.161952791851945e-06,1.666342512862684e-07,5.4921223124893004e-08,2.324883553228574e-06,1.448389781444348e-07,4.4230338835937744e-10,6.258222811084124e-07,3.258049119381212e-08,2.4729004053369863e-06,6.785798944974886e-08,1.731309930619318e-05,8.46199782245094e-07,3.51244852936361e-06,1.155395921159652e-07,1.0094350244571615e-08,7.292615464393748e-06,1.119906833935147e-09,2.949000190710649e-07,1.1604320206970442e-06,4.016206744950068e-08,2.668473143785377e-06,2.651963586686179e-05,3.281913052433083e-07,3.8761956488997384e-07,5.801304610031366e-07,5.3274598030839115e-06,6.957839559618151e-06,1.0604207290043632e-07,6.957831999443442e-08,3.8249490899033844e-06,7.977277172166453e-10,2.4064354420261225e-07,2.6875356979871867e-06,7.257339120769757e-07,1.0296483196725603e-05,7.152538472610104e-08,2.9522629674261225e-08,1.5498182619921863e-05,4.28162991283898e-07,5.380720224934521e-08,9.608650941572705e-08,0.002025267109274864,2.2263098031771733e-08,3.2941423455667973e-07,1.587224869581405e-05,8.36832725781278e-07,3.1120958738029e-05,3.0759897526877467e-06,1.1368150865109783e-07,5.219755621510558e-06,0.995101809501648,5.823249438208222e-09,7.464635842779899e-08,1.0898546634052764e-06,7.956622880556097e-07,4.2369487118776306e-07,5.04620572883141e-07,3.180117346346378e-05,2.4485686367370363e-07,1.6415098968991515e-07,2.972265633616189e-07,1.5142748452490196e-05,9.72800421550346e-07,1.0174995956901967e-08,5.670702307725151e-07,2.494207365089096e-06,0.0006983666098676622,1.8312663087272085e-05,0.0013143318938091397,8.215338311856613e-06,9.712012527529623e-09,3.1421177482116036e-07,6.548810347339895e-07,5.791037094304841e-10,7.151879533040528e-09,3.805323278704975e-10,2.1712962539055525e-09,3.855440688926848e-10,1.0308548553439323e-05,1.4199737385922617e-08,5.601045813818928e-07,3.769926149033154e-09,2.4085937866402674e-07,3.169180217810208e-06,8.549343419872457e-07,9.554743201078963e-07,6.807790100538114e-07,3.492938560611947e-07,1.139062510979727e-09,5.666856395691866e-06,6.214659720171767e-08,6.068474789344691e-08,4.807925790828449e-08,5.674643489328446e-06,4.5027820760878967e-07,2.975112920466927e-07,2.7996617291137227e-07,7.654207365703769e-06,1.509361118223751e-05,4.215107310301391e-06,7.715673433494885e-08,2.1643447780661518e-06,7.446810741384979e-06,1.4237937193684047e-06,6.840765731652709e-09,8.196270186999755e-07,5.213504437051597e-07,2.539570402859681e-07,2.5059582185349427e-05,7.270660518088334e-09,1.5107716535567306e-06,3.9577159327564004e-07,7.904739049990894e-07,1.280483417076539e-07,1.658700483631037e-07,3.571926754375454e-07
/users/PAS2099/jianyanggu/PlotDiversiVision/data/SCBI_005/SCBI_005_PlantDiversity_40_1_1_20140613.jpg,SCBI_005/SCBI_005_PlantDiversity_40_1_1_20140613.jpg,SCBI,2014,,SCBI_005,40_1_1,40,1,1,20140613,false,SCBI_005_PlantDiversity_40_1_1_20140613_r1_c2,3,1,2,1587,746,2381,1491,164,1.8457290806850324e-08,6.060576396293982e-08,1.562415796740879e-08,2.1289002916091704e-07,5.901741246816528e-07,1.1901131983904634e-05,7.467646696568409e-07,4.5330363462880996e-08,3.0311872251331806e-05,1.5438670288858702e-06,2.978552038257476e-05,0.0002857080544345081,1.0499947165953927e-05,1.726472873997409e-05,8.938792461776757e-08,1.4018146430316847e-05,4.4867434212392254e-07,3.740557588116644e-07,3.0078217694295972e-09,7.433735760287163e-08,7.304763727233876e-08,3.5307821235619485e-05,1.1865047781611793e-05,3.5473570392241527e-07,9.932341171747794e-09,3.4037273053399986e-06,7.603293283864332e-07,4.908094819455755e-09,5.1766726016921893e-08,8.128499473514239e-08,9.66137392310884e-09,3.227797762406226e-08,3.82936278242596e-08,3.094403609793517e-06,4.0422708025289467e-07,1.484292056375125e-06,1.5847954273340292e-06,7.49452965465025e-07,8.221523728479951e-08,1.6847211625758973e-08,2.756356565214446e-08,8.084349246928468e-06,9.992391625246455e-08,6.053252121773767e-08,2.854514846717393e-08,1.0201447686597476e-08,1.6113858691824134e-07,0.0002146607730537653,5.634234184981324e-06,6.107391072873725e-07,1.4646782631189126e-07,2.8437252694857307e-06,1.466892314283541e-07,6.943019492666735e-10,1.1337175465087057e-06,1.0063850197639113e-07,1.4594863841921324e-06,3.7544367614827934e-08,2.0052126274094917e-05,1.2072549679942313e-06,4.569535121845547e-06,2.878638838410552e-07,4.447496593229516e-08,1.4007135177962482e-05,1.6219297016561995e-09,4.6692139221704565e-07,2.246193389510154e-06,7.40475414318098e-08,5.79101742914645e-06,2.8082386052119546e-05,8.660837238494423e-07,8.342274213646306e-07,3.752706163595576e-07,6.438745458581252e-06,5.225943823461421e-06,9.567707337510001e-08,1.3327756676062563e-07,2.5310762339358917e-06,1.8235986054548903e-09,2.785882315947674e-07,4.924681888951454e-06,1.5639377579645952e-06,7.477428425772814e-06,1.459346492538316e-07,6.159727661270153e-08,2.9536031433963217e-05,1.9114970655209618e-06,9.313755100492926e-08,5.738806976296473e-07,0.0013851355761289597,9.118049604239786e-08,1.3180533642298542e-06,2.9416281904559582e-05,2.1942105377092957e-06,5.2459399739746004e-05,8.48222043714486e-06,3.6779889001081756e-07,6.507713351311395e-06,0.9929729700088501,2.2388341847090487e-08,1.3315764135768404e-07,7.324326816160465e-07,5.2899031288689e-07,1.605257466508192e-06,5.144115675648209e-07,4.273925515008159e-05,4.7010624371068843e-07,1.9033900855447428e-07,5.7538449027561e-07,9.227687769453041e-06,1.0001549526350573e-06,5.751603282533324e-08,5.99127361056162e-07,2.9055486265860964e-06,0.0019184981938451529,2.6311512556276284e-05,0.002550921868532896,9.38942775974283e-06,2.2081973582999126e-08,6.403470251825638e-07,1.0668791219359264e-06,1.8362543707794998e-09,9.093487740585715e-09,7.959725656370154e-10,4.593839530997457e-09,4.3368492130824166e-10,1.658553992456291e-05,5.335906649861499e-08,1.3602507351606619e-06,7.339814978024606e-09,5.100814064462611e-07,6.9086877374502365e-06,3.9620626921532676e-06,3.642567435235833e-06,7.888851314419298e-07,9.509238907412509e-07,2.131010701234004e-09,7.985806405486073e-06,1.064240535697536e-07,7.298412896261652e-08,8.196440148822148e-08,9.583424798620399e-06,4.366953874068713e-07,7.868804345889657e-07,4.427000703799422e-07,6.185093297972344e-06,7.891715540608857e-06,1.2575567780004349e-05,8.08434066357222e-08,3.202706238880637e-06,6.872439826111076e-06,5.388111276261043e-06,2.6324324053916826e-08,3.001888444487122e-06,1.2914066473967978e-06,6.658046913798898e-07,2.81503853329923e-05,2.3822085637448254e-08,1.7414472495147493e-06,7.957611956044275e-07,1.1538046464920626e-06,2.4959155098258634e-07,3.598343312205543e-07,7.67574078963662e-07
/users/PAS2099/jianyanggu/PlotDiversiVision/data/SCBI_005/SCBI_005_PlantDiversity_40_1_1_20140613.jpg,SCBI_005/SCBI_005_PlantDiversity_40_1_1_20140613.jpg,SCBI,2014,,SCBI_005,40_1_1,40,1,1,20140613,false,SCBI_005_PlantDiversity_40_1_1_20140613_r2_c0,3,2,0,0,1491,794,2237,164,1.7458522405533472e-09,2.201449156302715e-08,3.733279019257907e-09,1.760230716740807e-08,1.9324031086398463e-07,2.6062825781991705e-06,8.360486845049309e-07,2.9171042115194723e-07,2.4341727566934424e-07,4.026460089789907e-07,3.08189082716126e-05,4.8010282625909895e-05,1.8116998035111465e-07,1.200837596115889e-05,7.467743756706113e-09,1.2076587836418184e-06,7.792150427121669e-06,3.57263900241378e-07,2.775090379714129e-08,1.5587413315643062e-07,6.862570955945557e-09,1.9068178858105966e-07,4.1187744500348344e-05,1.7682877739844116e-07,2.186909320300856e-09,4.102994068944099e-07,1.633280589885544e-05,1.7875761670893553e-07,5.26194128269708e-07,1.7906201321693516e-07,3.2315651310454996e-07,6.931959433131851e-07,3.8604562178079505e-06,2.079352725559147e-06,1.7020586255966919e-06,5.635645720758475e-06,3.92916831515322e-07,1.6025687443743664e-07,8.343819501988037e-08,1.778766467452897e-08,5.7551293508595336e-08,1.1947416851398884e-06,5.857012865817524e-07,1.8409461688406736e-07,4.490980032301195e-09,1.3973999735128473e-09,2.084165089399903e-06,0.001270866603590548,1.2499793228926137e-05,1.3200184412198723e-07,1.330427835455339e-06,7.240888777459986e-08,6.184610015225189e-07,6.305525879213292e-09,4.157747753197327e-06,3.4461805853425176e-08,1.4585549479306792e-06,5.3110237985265485e-08,3.511594513838645e-06,5.42347015652922e-06,1.526704522802902e-07,2.7470647978589113e-07,1.2471869581531791e-07,4.145236744079739e-06,5.65678504038658e-10,1.3819064292874828e-07,6.089307476031536e-07,2.0833999414548998e-08,1.5624510751877096e-06,1.0676641068130266e-05,3.193757720509893e-07,6.887124754939578e-07,1.3153737654647557e-07,2.2276297784173948e-07,2.8974870929232566e-06,1.1544845079924926e-08,2.8164148790921217e-09,1.6455490481348534e-07,3.092945277671788e-08,1.2597776049005915e-06,6.259902875171974e-06,7.051339252939215e-06,2.7596501240623184e-05,8.869653456144988e-09,1.6985284290171876e-08,9.92765199043788e-05,4.4766167661691725e-07,1.1539874833488284e-07,5.688882964705044e-08,1.9044719010707922e-05,2.352475769740181e-09,3.755463495735967e-08,5.06391552335117e-06,2.2463349580448266e-07,2.742490323726088e-06,4.607582468452165e-06,1.6644891331907274e-07,9.431047232055789e-08,0.008515777997672558,1.6790602686000966e-08,2.453863316986826e-07,3.5489497918206325e-07,5.458586542772537e-07,6.760488417967281e-07,7.819358671667942e-08,2.72983088507317e-05,7.062507734190149e-07,6.414169888557808e-07,1.6496595378612255e-07,5.1704966608667746e-05,9.210197276843246e-06,6.07830372700846e-08,1.1454439885483225e-07,3.51469043380348e-06,0.012376496568322182,0.0026939574163407087,0.9745016694068909,1.0222909168078331e-06,3.927186131846838e-09,3.9326772593994974e-07,5.555727966566337e-06,2.1649051440419953e-09,2.6138256004060167e-09,7.208164620742252e-11,3.0163664899163223e-09,1.0894253554827316e-10,1.3634960396302631e-06,3.6862819463578944e-09,2.2579503422548441e-07,1.0909990777463463e-07,6.300049903984473e-07,9.509481628811045e-07,3.530870117174345e-06,5.895318366810898e-08,3.1660522381571354e-07,1.1719992443204319e-07,6.006360409038791e-10,2.2478018308902392e-06,1.7494016901764553e-06,7.666630494895799e-07,2.503282985344413e-07,3.726010788795975e-08,2.1004613159902874e-08,2.3257716463831457e-07,5.5928069286892423e-08,1.132506258727517e-05,5.888045052415691e-05,1.0575823807812412e-06,2.9878897294111084e-06,3.8452128592325607e-07,5.86955991366267e-07,8.016134415811393e-06,4.0026137071436096e-08,3.291107759650913e-06,7.460348570020869e-07,5.070565293863183e-06,6.749485805812583e-07,2.008192723224056e-08,8.078913197095972e-06,1.6109304851852357e-05,2.4033084855545894e-08,3.795530645334111e-08,4.2407183542536586e-08,5.204582098627952e-09
/users/PAS2099/jianyanggu/PlotDiversiVision/data/SCBI_005/SCBI_005_PlantDiversity_40_1_1_20140613.jpg,SCBI_005/SCBI_005_PlantDiversity_40_1_1_20140613.jpg,SCBI,2014,,SCBI_005,40_1_1,40,1,1,20140613,false,SCBI_005_PlantDiversity_40_1_1_20140613_r2_c1,3,2,1,794,1491,1587,2237,164,1.3302275192472734e-07,5.465768140311411e-07,1.4633563694133045e-07,1.2038717613904737e-06,1.4635421393904835e-05,3.0074645110289566e-05,4.20005017076619e-06,1.288391899834096e-06,0.0002073190116789192,2.4141421818058006e-05,0.00025573541643097997,0.002163249533623457,5.4416821512859315e-05,1.542398240417242e-05,3.382760382919514e-07,0.0007353238179348409,5.954419066256378e-06,5.271500867820578e-06,8.283488028837382e-08,1.0558557050899253e-06,8.146732000113843e-08,7.584509876323864e-05,3.721309622051194e-05,0.000147084123454988,1.0793694826816136e-07,3.4988470360985957e-06,6.390303951775422e-06,4.226178162980432e-08,1.2642242381843971e-06,3.366411363003863e-07,3.5211925819567114e-07,2.9746806262664904e-07,2.3682049743456446e-07,1.9583909306675196e-05,4.022864686703542e-06,1.80659226316493e-05,3.880767962982645e-06,2.1154262867639773e-05,4.452820121514378e-06,1.6044452877395088e-06,2.07337780011585e-06,1.662838621996343e-05,2.7869594987350865e-07,4.090642562459834e-07,8.934370754332122e-08,7.546436222582997e-07,7.050466024338675e-07,0.00375700113363564,5.639964001602493e-05,8.341652574017644e-06,2.9576403903774917e-07,2.343547203054186e-05,7.0447163125209045e-06,3.5620182359252794e-08,7.330881089728791e-06,3.2713767268433003e-06,2.7813333872472867e-05,1.1277577414148254e-06,2.852563193300739e-05,1.1900419849553145e-05,8.812460873741657e-05,4.029420495044178e-07,6.9229422479111236e-06,0.0001931762380991131,2.7903301003107117e-08,4.088133209734224e-06,4.745068054035073e-06,1.4455906693910947e-07,9.817402315093204e-06,0.00029046350391581655,4.50360721515608e-06,6.1314917729760054e-06,1.2198248668937595e-06,2.037227932305541e-05,2.4856499294401146e-05,5.551375465984165e-07,2.610008777992334e-07,6.157204552437179e-06,1.5482147830425674e-07,8.436504685960244e-06,5.528153451450635e-06,3.0449343739746837e-06,3.410179488128051e-05,3.7850468288525008e-06,1.136706373472407e-07,0.00027765112463384867,2.865312490030192e-05,1.671461404839647e-06,1.3323212442628574e-05,0.0020356765016913414,4.0774622789285786e-07,4.675118816521717e-07,2.0041292373207398e-05,0.00046162368380464613,0.0001048919657478109,1.3961754120828118e-05,1.9070928374276264e-06,0.0001382328337058425,0.8850548267364502,1.6110865885821113e-07,8.258913339886931e-07,2.0756819139933214e-05,1.0167015716433525e-05,2.031655822065659e-05,5.228681857261108e-06,0.00014342174108605832,8.664549682180223e-07,8.084363071247935e-05,5.781577328889398e-06,7.434546205331571e-06,4.995280505681876e-06,8.643256705909153e-07,4.638387690647505e-05,7.78777539380826e-05,0.09672445803880692,0.0005553480586968362,0.003844042308628559,0.00011574221571208909,3.768649037283467e-07,2.37477506743744e-05,1.433614329471311e-06,6.160531196286456e-09,1.9371611870155903e-07,1.823302753223288e-08,3.77496547798728e-07,5.9797706342124e-08,3.196572288288735e-05,5.095316737424582e-07,5.01060549140675e-06,2.6945535580580326e-08,7.324978810174798e-07,2.529459015931934e-05,2.4312581444974057e-05,0.00038603958091698587,1.5493144474021392e-06,2.1025289242970757e-06,1.4467760323100265e-08,2.444304072923842e-06,3.470691808615811e-06,2.516694053156243e-07,7.350731152655499e-07,0.0001384935894748196,1.4575693057850003e-05,1.0433635679873987e-06,2.8051769618286926e-07,4.8751204303698614e-05,1.8298900613444857e-05,9.340715041616932e-05,5.467537889103369e-08,3.0306822736747563e-05,2.043174026766792e-05,8.633012839709409e-06,3.340967396070482e-06,1.1152915249112993e-05,3.119059692835435e-05,9.539376151224133e-06,0.0006865433533675969,1.9230614611842611e-07,4.207844085613033e-06,1.509509615971183e-06,8.514000910508912e-06,5.114361556479707e-07,1.7353949033349636e-06,1.1302124676149106e-06
/users/PAS2099/jianyanggu/PlotDiversiVision/data/SCBI_005/SCBI_005_PlantDiversity_40_1_1_20140613.jpg,SCBI_005/SCBI_005_PlantDiversity_40_1_1_20140613.jpg,SCBI,2014,,SCBI_005,40_1_1,40,1,1,20140613,false,SCBI_005_PlantDiversity_40_1_1_20140613_r2_c2,3,2,2,1587,1491,2381,2237,164,4.8882760950164084e-08,2.003399970362807e-07,5.120111890022372e-09,4.12343126754422e-07,2.490943643351784e-06,7.604922984683071e-07,4.670606301715452e-07,7.201432481451775e-07,8.775487367529422e-05,1.7559244952281006e-05,7.226151501527056e-05,0.009520589374005795,3.0631183562945807e-06,3.5934797779191285e-05,6.328795620902383e-08,5.710689219995402e-05,3.951996404794045e-06,1.6757370246978098e-07,3.72445470020466e-08,1.2543223704142292e-07,1.4684770732742436e-08,6.875542021589354e-05,1.85491589945741e-05,1.540462653792929e-05,6.657435047685567e-09,7.202201572908962e-07,5.653633365909627e-07,7.1295911396873635e-09,9.939971334915754e-08,1.0221520341247015e-07,3.122266889477032e-08,4.37829683619384e-08,4.9189161188678554e-08,3.5493778796080733e-06,1.8668051779968664e-06,3.964680672652321e-06,7.655656304450531e-07,2.5471856588410446e-06,4.106728681563254e-07,2.449715168495459e-07,6.354126753649325e-07,2.287476854689885e-05,3.975552260726545e-07,1.207495188282337e-06,2.784513526421506e-07,3.186583796832565e-07,2.2089751894327492e-07,0.00035001433570869267,7.573024504381465e-06,2.9215771064627916e-06,5.4547225403211996e-08,2.3546306692878716e-05,9.129724276135676e-06,7.735201812408832e-09,4.89927401758905e-07,6.122883746684238e-07,1.5718404029030353e-05,7.716344185837443e-08,4.3107862438773736e-05,3.926419083200017e-07,7.146760617615655e-05,5.572653094532143e-07,1.981277137019788e-06,9.508343282504939e-06,4.920546192721531e-09,5.097746452520369e-06,1.787620647064614e-07,1.8870872864340527e-08,1.6865897123352624e-05,8.407552741118707e-06,2.724975956880371e-06,2.583658442745218e-06,8.511100872965471e-07,6.462692454078933e-06,2.359629979764577e-05,5.914794769523724e-07,1.675219181151988e-07,4.397533757583005e-06,1.2930877346661873e-07,3.3628687106102007e-06,5.476136948345811e-07,8.892445748642785e-07,3.533706376401824e-06,3.901055606547743e-06,6.5406368321419e-08,0.0001362111943308264,1.4355514394992497e-05,4.853032464779972e-07,6.375402153935283e-05,8.704008359927684e-05,1.773485003297992e-08,2.4224132744166127e-07,5.9441345001687296e-06,0.00025724497390910983,0.00033007230376824737,9.940024028765038e-05,4.844988325203303e-06,0.00045333942398428917,0.01598881371319294,1.0290185628036852e-06,2.359555537623237e-07,6.1161872508819215e-06,4.564363734971266e-06,2.3877179046394303e-05,7.467081672984932e-07,0.00030853564385324717,1.144481529991026e-06,8.48513900564285e-06,2.8431833243303117e-07,1.5316030840040185e-05,2.4313296762557e-06,1.1504031505182866e-07,9.358895113109611e-06,0.00012404867447912693,0.9689506888389587,0.0007815810386091471,0.0006115353899076581,1.082635935745202e-05,3.970867012981216e-08,0.00011437057401053607,3.820202465476541e-08,1.182553943657183e-09,3.735040010610646e-08,1.1256627630018556e-08,8.927347749931869e-08,4.6485986615607544e-08,2.864729822249501e-06,2.464554427206167e-06,2.3400607460644096e-06,6.448033929018493e-08,3.931844787530281e-07,1.2564738426590338e-05,6.415433745132759e-06,1.9829491066047922e-05,2.747929386259784e-07,4.46550711785676e-06,2.6351365534083016e-08,2.5932563403330278e-06,5.327736403160088e-07,5.1438220793897926e-08,4.7102921030273137e-07,0.00030713938758708537,2.8188980650156736e-05,6.070741278563219e-07,9.050791760500942e-08,5.304906517267227e-05,1.3757721717411187e-05,0.00038150258478708565,4.160194677638174e-08,1.982480171136558e-05,2.0291131477279123e-06,7.5263396865921095e-06,1.2904323511975235e-06,1.8755717974272557e-05,7.998615728865843e-06,4.945827186020324e-06,9.558607416693121e-05,1.0885525369985771e-07,1.0672951020751498e-06,8.38250980450539e-06,1.8505332946006092e-06,2.1961452034702234e-07,1.4331869806483155e-06,3.0331887046486372e-06
/users/PAS2099/jianyanggu/PlotDiversiVision/data/SCBI_005/SCBI_005_PlantDiversity_40_1_3_20140616.jpg,SCBI_005/SCBI_005_PlantDiversity_40_1_3_20140616.jpg,SCBI,2014,,SCBI_005,40_1_3,40,1,3,20140616,false,SCBI_005_PlantDiversity_40_1_3_20140616_r0_c0,3,0,0,0,0,755,737,164,3.5144751109328354e-08,9.061214711891807e-08,2.0338348782900084e-09,1.6412498382578633e-07,2.303067276443471e-06,5.012162205275672e-07,2.4541273546674347e-07,1.856321773630043e-06,3.3202031772816554e-05,5.246895398158813e-06,6.582339847227558e-05,0.0018183101201429963,2.511646471248241e-06,4.6634842874482274e-05,1.4552257177058436e-08,5.983029041090049e-06,6.077827947592596e-06,3.519546609709323e-08,1.2061765630733134e-07,1.6579251393977756e-07,1.1699402335807463e-08,1.500729013059754e-05,4.9743548515834846e-06,6.719748489558697e-05,1.6181839201934167e-09,8.941179316934722e-07,3.989311778695992e-07,7.735694751431765e-09,1.1539620459188882e-07,1.299276846111752e-07,4.0099834563989134e-08,3.888863631118511e-08,4.322416558011355e-08,3.5467483030515723e-06,1.7688633988655056e-06,1.5701540405643755e-06,3.6030394312547287e-07,1.0296888603988918e-06,2.1469637090376636e-07,1.1063602300964703e-07,3.17649465841896e-07,4.758509930979926e-06,3.443044533923967e-07,5.282601023282041e-07,1.385449877489009e-06,8.201629242421404e-08,5.398351277108304e-07,0.0005296148010529578,2.919523922173539e-06,6.881828994664829e-06,4.099224781839439e-08,1.7993468645727262e-05,5.581034201895818e-05,1.7967787258044154e-08,6.977889484005573e-07,3.3650320574452053e-07,8.372018783120438e-06,5.667854807711592e-08,5.44266640645219e-06,6.03812338795251e-07,2.9805509257130325e-05,1.1146759959501651e-07,2.3174764010036597e-06,5.515652901522117e-06,2.4045105906367326e-09,1.8873104181693634e-06,5.6948152860059054e-08,3.1095215291543354e-08,1.0932423720078077e-05,1.649038836148975e-06,2.8998997549933847e-06,2.395843466729275e-06,1.2561555422507809e-06,1.2164961844973732e-05,7.316622941289097e-05,3.3999235711235087e-06,4.956641532771755e-07,1.237228570971638e-05,1.235680286981733e-07,1.0713730489442241e-06,1.8077869867738627e-07,3.9305507470999146e-07,4.806031938642263e-06,8.856314934746479e-07,8.994125444417023e-09,0.00010077228944282979,1.681588855717564e-06,3.700998547628842e-07,0.0001582156546646729,3.700282468344085e-05,2.4170093482211996e-08,9.116450314650137e-07,1.404387717229838e-06,0.00022751007054466754,0.00016702746506780386,1.7284357454627752e-05,4.164322490396444e-06,6.228232086868957e-05,0.004534792620688677,1.71832297723995e-07,1.388125951962138e-07,6.258666417124914e-06,3.0555993362213485e-06,5.536165917874314e-05,7.535405757153057e-07,0.0020731717813760042,4.4896518147652387e-07,1.0959858627757058e-05,1.0229467051203756e-07,7.255833224917296e-06,2.8914055292261764e-06,1.9893091973699484e-07,2.7453920665720943e-06,0.00017476706125307828,0.984283447265625,0.003423145506531,0.00046192415175028145,2.1617247512040194e-06,2.424804002032488e-08,0.0006779046379961073,9.245255228051974e-08,5.334087616049032e-10,3.5874304415983715e-08,4.868411895841973e-09,5.232199384863634e-08,7.046252470388481e-09,4.84672045786283e-06,1.707939645712031e-06,2.4532849351999175e-07,9.482310936448357e-09,7.592909412323934e-08,5.052629035162681e-07,1.2131781659263652e-05,7.162551355577307e-06,2.2889123840741377e-07,3.831498361250851e-06,1.1393090204592227e-07,2.238621846117894e-06,2.2262056518229656e-06,9.358554109439865e-08,1.1067575087508885e-06,9.08805668586865e-05,1.4309735888673458e-05,2.2541654232099972e-07,5.527632396251647e-08,0.0001900859788293019,3.534472853061743e-05,9.503007458988577e-05,9.595737537893001e-08,1.657591747061815e-05,1.9140279619023204e-06,3.3218991575267864e-06,1.9461729152681073e-06,1.6783533283160068e-05,1.1164176612510346e-05,5.3925300562696066e-06,7.294941315194592e-05,1.2521313408342394e-07,5.500290853888146e-07,5.582926405622857e-06,1.4725383152836002e-06,2.398017073801384e-08,2.15566410588508e-06,5.454097845358774e-06
/users/PAS2099/jianyanggu/PlotDiversiVision/data/SCBI_005/SCBI_005_PlantDiversity_40_1_3_20140616.jpg,SCBI_005/SCBI_005_PlantDiversity_40_1_3_20140616.jpg,SCBI,2014,,SCBI_005,40_1_3,40,1,3,20140616,false,SCBI_005_PlantDiversity_40_1_3_20140616_r0_c1,3,0,1,755,0,1509,737,164,1.1850102232813242e-08,4.397760378083149e-08,9.61372093044588e-10,2.3134658988510637e-07,1.076408011613239e-06,5.52681740373373e-06,6.98553549227654e-07,1.9830515896046563e-07,1.4340341294882819e-05,2.6186030481767375e-06,4.3893203837797046e-05,0.004769768100231886,1.8696482584346086e-05,1.8423621440888382e-05,3.3524383979965933e-07,3.4959202821482904e-06,7.09613743765658e-07,4.335449261816393e-07,4.8267878582919366e-09,2.2850384695516368e-08,6.38801855856741e-09,6.517799192806706e-06,1.2187680113129318e-05,9.703087016532663e-06,1.6092716492721593e-08,5.149219646227721e-07,1.4486421378023806e-06,3.08014982408622e-08,1.250714603884262e-06,5.299860390550748e-07,1.8758474595870211e-07,1.3521991526488364e-08,1.236600155607448e-07,1.4534974070556927e-05,1.2602548622453469e-06,2.5373788048455026e-06,1.324443417161092e-07,1.9449191768217133e-06,7.25572078863479e-07,3.8614305708506436e-07,3.5998255043523386e-07,1.3775138540950138e-06,4.670404507578496e-08,1.8062983997424453e-07,4.2577451608849515e-07,1.467451138381648e-08,2.2330860360852967e-07,0.00042786740232259035,3.6254189126339043e-06,2.6586619128465827e-07,2.3991891140440202e-08,3.1583389500156045e-05,4.148737843934214e-06,1.8075098084935348e-09,1.9242411326558795e-06,6.950047293230455e-08,3.220998451070045e-06,8.867600875817061e-09,8.151551446644589e-05,2.994692351876438e-07,6.27439794698148e-06,5.077088260918572e-08,9.61582102831926e-08,1.1839179023809265e-06,8.984967769798402e-10,9.263544598070439e-08,6.471960887211026e-07,1.0366879799050821e-08,1.2920716017106315e-06,1.0323919013899285e-05,1.8973594251292525e-06,3.0477424388664076e-06,3.4252428804393276e-07,2.233146688013221e-06,7.08221341483295e-06,8.360336209989327e-07,5.140346104326454e-08,1.7241419527636026e-06,2.1822128104531657e-08,4.185791055988375e-07,9.807421719187914e-08,7.90768126535113e-07,1.691639113232668e-06,3.8505308452840836e-07,4.762444216765971e-09,3.262886457378045e-05,4.7583816353835573e-07,2.2612196914906235e-07,4.460838226805208e-06,0.004204170312732458,9.417355784080428e-09,5.386525572248502e-07,3.0940373108023778e-06,6.247340934351087e-05,4.8765250539872795e-06,6.669358185718011e-07,7.844556648706202e-07,1.1846549568872433e-05,0.9686727523803711,1.4130385750377172e-08,4.056123614759599e-08,3.0820333449810278e-06,1.0758661801446578e-06,1.6069245248218067e-05,2.601655353373644e-07,0.0005714697181247175,1.0431108421471436e-07,2.3743812107568374e-06,3.1795994459571375e-07,1.8724309711615206e-06,1.1988151982222917e-06,1.0043176956742172e-07,9.998000223276904e-07,3.415408355067484e-05,0.01966273784637451,0.0004598830419126898,0.000416701368521899,2.7413113912189147e-06,7.264770118808883e-09,5.092652645544149e-05,1.4904870226928324e-07,1.3698918388538317e-10,9.882112905756912e-09,1.5676564490973988e-09,8.676403595586635e-09,1.6840968619646901e-09,9.704307558422443e-06,2.480491048117983e-07,4.924826413343908e-08,5.989481688395415e-10,1.204093891260527e-08,2.559620781994454e-07,2.1504656615434214e-06,3.598770490498282e-06,2.540166690323531e-07,6.900044127178262e-07,1.6485604703575518e-07,6.101990038587246e-06,5.284517783366027e-07,1.5486252280538793e-08,4.390772687656863e-07,1.25173182823346e-05,9.943230452336138e-07,9.200616091220581e-07,3.267928150307853e-07,1.3961095646664035e-05,2.59125681623118e-06,7.602658115501981e-06,7.65772014688082e-08,3.908201961166924e-06,3.240654393721343e-07,1.093926357498276e-06,5.4203063371005555e-08,6.254777872527484e-06,3.687655862449901e-06,1.9399103621253744e-06,0.0001518744684290141,1.70644725017155e-08,9.736228321344242e-07,1.553229708406434e-06,1.8907987850980135e-06,3.5524581054602322e-09,7.486013942070713e-07,5.005555067327805e-06
/users/PAS2099/jianyanggu/PlotDiversiVision/data/SCBI_005/SCBI_005_PlantDiversity_40_1_3_20140616.jpg,SCBI_005/SCBI_005_PlantDiversity_40_1_3_20140616.jpg,SCBI,2014,,SCBI_005,40_1_3,40,1,3,20140616,false,SCBI_005_PlantDiversity_40_1_3_20140616_r0_c2,3,0,2,1509,0,2264,737,164,5.6053943708889165e-09,2.152442490910289e-08,1.3877288207453375e-09,7.646399069471954e-08,3.6695820426757564e-07,5.961047691016574e-07,1.2458197318210296e-07,2.1088077062358934e-07,1.8498492863727733e-05,4.067642748850631e-06,2.6798046746989712e-05,0.0026257806457579136,8.173125820576388e-07,2.7959795261267573e-05,7.940535340367205e-09,4.0743361751083285e-06,9.96860649138398e-07,2.033620383201651e-08,5.5969113788023606e-09,1.8107970234382265e-08,7.848474758986868e-09,1.7913083866005763e-05,1.5774265193613246e-05,4.871154942520661e-06,9.787048949050359e-10,1.6140073455517268e-07,1.4686287386211916e-07,1.1522551801590453e-09,9.496732644720396e-08,5.111682810365892e-08,8.880808088918002e-09,8.473608481551764e-09,1.0325248211984217e-08,7.720881285422365e-07,3.498962826142815e-07,1.9476303805276984e-06,1.1137844779796069e-07,5.211390998738352e-07,8.584821387103148e-08,3.7864985813484964e-08,1.0959481500094626e-07,4.527530109044164e-06,1.72685403754258e-07,3.8994309647932823e-07,1.7088333947867795e-07,3.462499975626088e-08,4.6397573782996915e-08,9.678624337539077e-05,1.2836078440159326e-06,9.953823791875038e-07,5.114391576910293e-09,1.253514983545756e-05,2.703233349166112e-06,4.45459402698134e-09,2.3799583459549467e-07,2.359645350225037e-07,2.4805885914247483e-06,2.77876033294433e-08,6.287747964961454e-06,4.7239826272971186e-08,2.1201345589361154e-05,8.330729883709864e-08,9.452245990360097e-07,9.864163530437509e-07,7.930088252727785e-10,1.6689497215338633e-06,3.595160080749338e-08,7.409302948957475e-09,5.198646704229759e-06,8.813823910713836e-07,1.2383765124468482e-06,1.4843946019027499e-06,1.7586910416866885e-07,4.157469447818585e-06,8.687350600666832e-06,5.082422944724385e-07,9.674364775946742e-08,1.5620069007127313e-06,2.150251354748889e-08,2.9982720661791973e-07,1.477248048331603e-07,2.327568608961883e-07,2.9189254746597726e-06,6.650790282947128e-07,2.329814918766715e-08,3.878517236444168e-05,2.076510781989782e-06,2.534042096158373e-07,2.7549636797630228e-05,3.8987509469734505e-05,3.3660458864659404e-09,1.3137814391939173e-07,2.4356086214538664e-06,1.601460826350376e-05,9.985209908336401e-05,1.636426713957917e-05,9.332792387795052e-07,0.00010750679211923853,0.0025561635848134756,1.5838404010537488e-07,3.227910028158476e-08,2.6607754080032464e-06,2.6207233077002456e-06,6.891844350320753e-06,1.4188249508606532e-07,0.0003005571197718382,3.8588999018429604e-07,7.426321189996088e-06,4.183524637824121e-08,3.915142769983504e-06,1.223902359015483e-06,3.783553026437403e-08,1.0045871476904722e-06,1.8365182768320665e-05,0.9907562136650085,0.002385371131822467,0.00036209329846315086,1.3894155017624144e-06,5.333831154530344e-09,0.00010101871885126457,3.7192858570733733e-08,2.0775840769982068e-10,3.44133721519313e-09,5.672202152418038e-10,3.493144662414238e-09,1.779345448760239e-09,3.2048953926278045e-06,6.628249025197874e-07,5.818030786031159e-07,2.1118495396876824e-08,6.989961320869043e-08,1.5575561747027677e-06,8.33077046991093e-06,3.6829205782851204e-06,1.6565613236707577e-07,6.123490265963483e-07,1.252046022415243e-08,1.0721549870140734e-06,3.413179854305781e-07,2.2212091721485194e-08,1.1671025390569412e-07,5.509667607839219e-05,6.969838977965992e-06,2.1205207190178044e-07,6.630445881228297e-08,2.1920292056165636e-05,6.819299869675888e-06,5.7463515986455604e-05,1.7999980173044605e-08,3.422582040002453e-06,4.919762091049051e-07,3.579754547899938e-06,3.4800072512553015e-07,6.690362624794943e-06,2.680488478290499e-06,9.816191095524118e-07,1.1292340786894783e-05,4.719443325029715e-08,5.508611025106802e-07,3.452664259384619e-06,7.362568226199073e-07,4.518501484085391e-08,4.6078170612418035e-07,1.790152964531444e-06
/users/PAS2099/jianyanggu/PlotDiversiVision/data/SCBI_005/SCBI_005_PlantDiversity_40_1_3_20140616.jpg,SCBI_005/SCBI_005_PlantDiversity_40_1_3_20140616.jpg,SCBI,2014,,SCBI_005,40_1_3,40,1,3,20140616,false,SCBI_005_PlantDiversity_40_1_3_20140616_r1_c0,3,1,0,0,737,755,1475,164,1.9149368313264858e-07,9.76254113993491e-07,1.8991279659985594e-08,7.035263251964352e-07,1.9181181869498687e-06,1.973435610125307e-05,1.4542259805239155e-06,0.001787305809557438,0.00010199112875852734,7.709038618486375e-05,0.010598049499094486,0.34775012731552124,9.06183231563773e-06,0.0010598893277347088,5.179170514679754e-08,0.00010867590026464313,0.00041210520430468023,3.591837412386667e-06,9.59832178182296e-08,9.904818654149494e-08,1.3254725672595669e-06,2.280395165144e-06,0.0022745344322174788,1.573371991980821e-05,4.8957275566863245e-08,0.0002177298883907497,8.3086961240042e-05,8.199587000490283e-07,1.0131363524124026e-05,5.386453949540737e-07,6.887434551572369e-07,1.5711341347923735e-06,2.472278538334649e-06,2.7837442758027464e-05,1.8614466171129607e-05,4.518652713159099e-05,6.5397534854128025e-06,0.00015043842722661793,5.4689880926162004e-05,4.29812871516333e-06,2.4277562260976993e-05,6.913739343872294e-05,1.2959991181560326e-05,0.00012920259905513376,1.386182475471287e-06,8.734610332794546e-07,3.3261308999499306e-05,0.04458542540669441,3.4476561268093064e-05,5.998448614263907e-05,2.658487210283056e-05,2.7069429052062333e-05,5.213928307057358e-05,4.032388289942901e-08,7.187697337940335e-05,1.7838030544226058e-05,1.762893225532025e-05,1.2444961328128556e-07,0.001222114311531186,2.122369551216252e-06,0.00042396236676722765,4.926306701236172e-06,1.1389086466806475e-05,1.0237112292088568e-05,1.2875952748458985e-08,8.282837370643392e-06,1.2474292816477828e-06,4.993108859707718e-07,0.0005345094832591712,1.6254727597697638e-05,0.0006493423134088516,0.001166158472187817,2.2082206214690814e-06,3.44680120178964e-05,0.00041133875492960215,8.65748825162882e-06,4.230554111472884e-07,2.594190664240159e-05,7.68281083196598e-08,5.385491022025235e-06,3.5940852285420988e-06,2.4729211872909218e-05,0.0007842071354389191,4.64590961257727e-08,9.664165645517642e-07,0.00518545089289546,0.00013323684106580913,6.299039796431316e-06,5.491503543453291e-05,0.0012839738046750426,3.309937213202829e-08,7.933292181405704e-06,0.0001762840402079746,6.371446215780452e-05,0.0008827173733152449,0.00016818958101794124,6.843622941232752e-06,7.392755651380867e-05,0.13353979587554932,1.723001219033904e-06,3.838822067336878e-06,0.0002454698260407895,0.00014079864195082337,3.4619286452652887e-05,7.513415039284155e-05,0.0028091464191675186,2.7720030630007386e-05,0.0010286603355780244,3.1622354867977265e-07,0.0008205450722016394,0.004487188532948494,5.451902325148694e-07,3.2969750463962555e-05,0.0005612733657471836,0.23796962201595306,0.021341785788536072,0.15432025492191315,2.2527963210450253e-06,5.852647255721877e-09,0.0043219756335020065,0.0004146092105656862,2.874317894807632e-09,5.3293661039788276e-08,3.2537611494021235e-10,3.138115900469529e-08,1.0987530885131491e-09,1.9726077880477533e-05,1.1850227110699052e-06,1.3115004549035802e-06,2.3529416637302347e-08,4.947868319504778e-07,2.5514480057609035e-06,0.0001272296067327261,3.601743856052053e-06,2.701568155316636e-05,3.1300271075451747e-05,1.0334048283766606e-08,0.0002895984798669815,3.428846184760914e-06,5.49407832295401e-06,7.718304004811216e-06,9.744017916091252e-06,6.4491055127291474e-06,7.450762041116832e-06,5.781977506558178e-06,0.001553679583594203,0.002062960295006633,1.905233511934057e-05,2.924726504716091e-05,2.5475395887042396e-05,2.9961852305859793e-06,0.003186095505952835,1.690919930297241e-06,5.6489676353521645e-05,2.4115848646033555e-05,0.0001365083735436201,0.00045772065641358495,4.274497200640326e-08,0.0007318653515540063,0.005553253926336765,3.172979404553189e-06,2.1442676256810955e-07,7.347514838329516e-06,5.040129963163054e-06
/users/PAS2099/jianyanggu/PlotDiversiVision/data/SCBI_005/SCBI_005_PlantDiversity_40_1_3_20140616.jpg,SCBI_005/SCBI_005_PlantDiversity_40_1_3_20140616.jpg,SCBI,2014,,SCBI_005,40_1_3,40,1,3,20140616,false,SCBI_005_PlantDiversity_40_1_3_20140616_r1_c1,3,1,1,755,737,1509,1475,164,1.1029172020116107e-09,6.998975177197053e-09,1.898421642110293e-09,9.779290266465068e-09,1.809167997635086e-07,2.6055213311337866e-06,1.6315193818172702e-07,5.339372251000896e-07,3.0949477149988525e-06,3.021937118319329e-07,1.8413511497783475e-05,3.558543176040985e-05,5.789870556327514e-06,0.00014887908764649183,1.0981527687192738e-08,1.1618568578342092e-06,3.7118197724339552e-06,7.796500085532898e-07,4.8767243576719466e-09,4.889654547923783e-08,3.020080541205061e-08,7.709842861913785e-07,2.2977261323831044e-05,2.3506697743869154e-07,1.2511194746878118e-08,1.83314330115536e-06,8.150680514518172e-06,3.2407900363295994e-08,1.3399494491750374e-06,2.6937300390272867e-07,1.8647467925347883e-07,1.194902381485008e-07,2.4421288458142953e-07,3.7270459870342165e-05,5.066819426247093e-07,4.205561253911583e-06,2.100715164488065e-06,5.495156756296637e-07,1.3411401766916242e-07,1.765404888942612e-08,4.6289553523592986e-08,1.5840827245483524e-06,1.5944975473303202e-07,2.2477529171283095e-07,1.6041973083247285e-08,2.131458343157533e-09,1.641039034439018e-06,0.0022563484963029623,2.7425471671449486e-06,1.7485361070157523e-07,4.262980439762032e-07,1.6238767557297251e-06,4.1186035559803713e-07,1.8289705305818416e-09,2.4673474854353117e-06,2.4557200717367778e-08,3.9108562077672104e-07,3.7830183430287434e-08,4.411865120346192e-06,1.6491273413521412e-07,5.326535301719559e-07,1.4709328866047144e-07,1.4235134848661346e-08,8.486944693686382e-07,7.563969450785635e-10,1.2903384458695655e-06,6.292206649050058e-07,1.650895065097302e-08,1.7148677216027863e-06,9.951474567060359e-06,7.75793182583584e-07,7.462096505150839e-07,7.642436230526073e-07,3.3910794172697933e-06,2.284476431668736e-05,8.480536735078203e-07,4.220664706622301e-08,4.925904704577988e-06,3.5647976237562773e-10,1.1076828343448142e-07,4.6535851083717716e-07,1.1696656656567939e-06,2.8947753889951855e-05,7.056075723710364e-09,1.6356375809323254e-08,1.4582910807803273e-05,3.473042653467928e-08,1.7431349874641455e-07,1.0188155386003928e-07,0.0008130782516673207,2.6645188277996112e-09,1.2790319203759282e-07,1.3627708540298045e-05,1.3240555745142046e-06,3.239620855310932e-05,1.0469188964634668e-06,7.670207224919068e-08,4.517124807534856e-07,0.973310649394989,6.698778420854978e-09,2.5919680979313853e-07,1.1553200920388917e-06,1.0817020665854216e-06,1.5666603303543525e-07,2.420454165985575e-07,0.00024848239263519645,2.585873737359634e-08,1.343942358289496e-06,1.4707309503592114e-07,7.761398592265323e-06,1.407280160492519e-05,6.241403127660305e-08,3.2431788099529513e-07,1.6184909327421337e-05,0.0014321338385343552,0.0007726313197053969,0.02027283050119877,1.1584754702198552e-06,2.1152586349160174e-09,1.854956963143195e-06,1.0396245670563076e-05,1.7513772376798187e-10,9.207282047896115e-09,8.371465187728688e-10,3.6882430443085923e-09,1.710499936136145e-10,7.872383321227971e-06,1.4975709561326767e-08,5.8182049400556934e-08,1.3920126162858537e-09,6.039230981969013e-08,1.5659075813800882e-07,1.546160206089553e-06,2.6049733037325495e-07,6.882933121232782e-07,1.176337377728487e-06,4.212957094296144e-09,3.3874352084239945e-05,2.527197295876249e-07,7.746128716235035e-08,1.3022004452523106e-07,2.9643599646078655e-06,3.571009585812135e-07,1.9554607888494502e-07,3.3438058721912967e-07,5.567408516071737e-05,0.00012087080540368333,1.972325435417588e-06,1.333036152573186e-06,6.206055900292995e-07,7.716551522207737e-07,6.891208954584727e-07,4.772504169636704e-09,1.5199726703940541e-06,1.7710051452013431e-06,6.019614033903053e-07,0.000130948013975285,1.1806204902597983e-08,3.976963853347115e-06,1.214215558320575e-06,2.3732413865218405e-06,5.345912157395105e-08,1.1405145272647133e-07,1.2205632060613425e-07
/users/PAS2099/jianyanggu/PlotDiversiVision/data/SCBI_005/SCBI_005_PlantDiversity_40_1_3_20140616.jpg,SCBI_005/SCBI_005_PlantDiversity_40_1_3_20140616.jpg,SCBI,2014,,SCBI_005,40_1_3,40,1,3,20140616,false,SCBI_005_PlantDiversity_40_1_3_20140616_r1_c2,3,1,2,1509,737,2264,1475,164,4.134580233738916e-09,2.137894128395601e-08,5.710504957789908e-09,8.934301121144017e-08,7.970531328282959e-07,8.894251550373156e-06,4.6228197447817365e-07,3.878853505057123e-08,1.1495536455186084e-05,4.995409881303203e-07,2.8037669835612178e-05,0.00011818763596238568,7.29024668544298e-06,1.6155991033883765e-05,5.654991142023391e-08,3.4594686439959332e-06,2.444712379201519e-07,3.091820985900995e-07,7.588139006031724e-09,6.339526237297832e-08,2.514082098059589e-08,7.722745067439973e-06,6.532691713800887e-06,6.178869966788625e-07,1.1067832872413419e-08,2.4856765321601415e-06,1.4940302435206831e-06,6.479149661231531e-09,2.0557976654345111e-07,1.1874602279249302e-07,3.186863040127719e-08,3.820976246515784e-08,4.3311370490073386e-08,8.094416443782393e-06,3.085670243763161e-07,1.5515082623096532e-06,8.610116424279113e-07,5.842409791512182e-07,6.558803988809814e-08,1.2840577490180749e-08,2.321246483916184e-08,1.4527555549648241e-06,3.620029787043677e-08,4.266364683758184e-08,5.70417242329313e-08,3.5646385843079997e-09,2.0667746980507218e-07,0.00028147632838226855,3.917400590580655e-06,2.0537753186999907e-07,5.002100067486026e-08,5.060142029833514e-06,2.2935304855309369e-07,1.6822558901452567e-09,5.4244731018116e-07,3.381841651162176e-08,7.610874490637798e-07,2.8558137188383625e-08,5.47394847671967e-06,6.260964369175781e-07,1.651678985581384e-06,5.073841080616148e-08,1.919915426640273e-08,3.2694172205083305e-06,2.5650654933428996e-09,5.358106704989041e-07,9.279688129026908e-07,3.200483078558136e-08,9.532893159303057e-07,1.3971287444292102e-05,4.6575308942919946e-07,4.1287051999461255e-07,4.354016880370182e-07,4.8109181989275385e-06,4.263376013113884e-06,1.688758146656255e-07,6.267006824600685e-08,3.2316477245331043e-06,1.4406618120688108e-09,1.9687625751885207e-07,7.565948294541158e-07,4.874891033068707e-07,7.741977242403664e-06,7.825044434639494e-08,9.146970292306378e-09,1.8750428353087045e-05,9.880696438813175e-08,6.730394375153992e-08,7.542692515016824e-07,0.0008603398455306888,2.4510702800739637e-08,7.35255184736161e-07,9.499211046204437e-06,1.9139870346407406e-06,1.3658266652782913e-05,1.1435741953391698e-06,2.282184823343414e-07,2.1277910491335206e-06,0.9949000477790833,8.135327966840578e-09,2.7577895522767903e-08,1.3181249869376188e-06,5.364590265344304e-07,9.75534931058064e-07,4.1785685311879206e-07,0.0001288923667743802,7.601730800388395e-08,1.9995297861896688e-07,4.610245412095537e-07,4.943583917338401e-06,1.4347956494020764e-06,5.880664488699949e-08,3.467169165105588e-07,7.111975264706416e-06,0.0022786404006183147,0.00010645965085132048,0.0009760910179466009,2.4554337869631127e-06,1.1667151689209732e-08,1.4753574077985832e-06,1.5313983112719143e-06,3.514530055870324e-10,1.5250074980599493e-08,1.0006161454967355e-09,3.3418410261276676e-09,2.4743848636710197e-10,1.0430852853460237e-05,4.85525326610059e-08,1.712749764237742e-07,1.081185474482993e-09,4.3746084088525095e-08,9.417699402547441e-07,3.3399344374629436e-06,1.0330070381314727e-06,3.8404425595217617e-07,8.842250736051938e-07,5.9536136021165476e-09,4.717614501714706e-06,1.1022461166021458e-07,7.729810391765568e-08,1.6396751334468718e-07,3.7513807455979986e-06,2.7811915970232803e-07,4.254584098362102e-07,5.999193035677308e-07,8.652826181787532e-06,8.1838343248819e-06,4.896382051811088e-06,8.647867133504406e-08,1.2894978453914518e-06,1.526749429103802e-06,9.305423418481951e-07,1.756987799694798e-08,4.233911113260547e-06,2.4403343559242785e-06,8.590562856625183e-07,4.0703944250708446e-05,2.54697969381823e-08,1.3007124834985007e-06,3.709470490775857e-07,1.8415059912513243e-06,3.929294933868732e-08,2.74393926247285e-07,4.410687779454747e-07
/users/PAS2099/jianyanggu/PlotDiversiVision/data/SCBI_005/SCBI_005_PlantDiversity_40_1_3_20140616.jpg,SCBI_005/SCBI_005_PlantDiversity_40_1_3_20140616.jpg,SCBI,2014,,SCBI_005,40_1_3,40,1,3,20140616,false,SCBI_005_PlantDiversity_40_1_3_20140616_r2_c0,3,2,0,0,1475,755,2212,164,4.052997226722255e-08,1.7967727217182983e-07,1.565158669336597e-08,2.928031790361274e-07,1.927884568431182e-06,3.239468014726299e-06,9.2003307372579e-07,2.5809461021708557e-06,9.749874152475968e-05,8.871499630913604e-06,0.00022703841386828572,0.005020571872591972,2.23910956265172e-05,0.00013895424490328878,9.284342183946137e-08,7.956006447784603e-05,1.1692459338519257e-05,3.761948619285249e-07,6.821809250823208e-08,2.0472093353873788e-07,8.021453368201037e-08,2.411854984529782e-05,5.9009329561376944e-05,2.7774898626375943e-05,1.5768208072586276e-08,1.1534431223481079e-06,2.303084556842805e-06,2.9657339695177143e-08,6.817026019234618e-07,2.1397684690782626e-07,1.139904384217516e-07,7.31398870357225e-08,2.0052708293860633e-07,1.9246377632953227e-05,2.231204462077585e-06,9.537575351714622e-06,1.466612388867361e-06,1.006546699500177e-05,1.4210232848199666e-06,4.741021939480561e-07,1.4489730801869882e-06,1.8015512978308834e-05,3.9857974343249225e-07,1.2916126479467493e-06,1.8752679125100258e-06,2.470988818004116e-07,7.780775490573433e-07,0.0062158238142728806,2.8192709578434005e-05,1.700509528745897e-05,9.475480311493811e-08,2.1640522390953265e-05,9.437252629140858e-06,2.384543584810217e-08,5.653499556501629e-06,8.115237619676918e-07,1.1460489986347966e-05,8.295235431887704e-08,3.131500125164166e-05,1.0854294032469625e-06,4.331566742621362e-05,4.523983534454601e-07,2.0612608295778045e-06,5.096087079436984e-06,1.1959495616054028e-08,5.248696197668323e-06,7.521820748479513e-07,6.555541176567203e-08,3.82580365112517e-05,1.1935995644307695e-05,9.429191777599044e-06,9.598455108061898e-06,2.698130629141815e-06,1.4885275049891789e-05,2.970391869894229e-05,1.0128513849849696e-06,2.4801587983347417e-07,5.4631964303553104e-06,3.0235010939350104e-08,1.1226820788579062e-06,5.378248602028179e-07,5.026674330110836e-07,1.9539695131243207e-05,1.4494042943624663e-06,5.942670355807422e-08,0.0002950258494820446,2.716774179134518e-05,1.6598115735177998e-06,0.00011250068200752139,0.0006584904040209949,6.152373543955036e-08,1.8168718725064537e-06,1.0461798410688061e-05,0.0002640622842591256,0.0004458391049411148,4.9747359298635274e-05,7.4064805630769115e-06,5.0413898861734197e-05,0.14147904515266418,4.819430614588782e-07,2.07290625553469e-07,7.70293172536185e-06,5.148669970367337e-06,1.8750828530755825e-05,3.6943683312529174e-07,0.0012522101169452071,7.763046028230747e-07,3.8220692658796906e-05,3.6431470107345376e-07,9.796433005249128e-06,7.176991402957356e-06,5.392279831539781e-07,5.757730377808912e-06,0.00015307724243029952,0.8329415917396545,0.006001919042319059,0.002773173153400421,6.913718607393093e-06,2.5162369965414655e-08,0.00015748883015476167,1.6934008044700022e-06,7.865816886720722e-10,6.026291288208085e-08,6.6814691557226524e-09,7.652110411981994e-08,1.128632387548123e-08,1.4786969586566556e-05,2.462831389493658e-06,1.3525093436328461e-06,1.9629840863899517e-08,2.032285379982568e-07,2.814831304931431e-06,5.939959373790771e-05,2.682931699382607e-05,4.550464893782191e-07,3.679560222735745e-06,4.2681158163304644e-08,1.0517740520299412e-05,1.4097066696194815e-06,2.822582416683872e-07,2.181165427828091e-06,0.00013022060738876462,1.0767982530524023e-05,2.1347555048123468e-06,6.86781959302607e-07,0.00016184593550860882,2.919224243669305e-05,8.441321551799774e-05,1.4869878839363082e-07,6.156746621854836e-06,3.179053692292655e-06,1.2113328011764679e-05,2.3517718545917887e-06,4.3759770051110536e-05,3.3075488317990676e-05,1.681409776210785e-05,0.0001691633660811931,1.2115441450077924e-07,3.613942681113258e-06,1.3765420590061694e-05,5.8030436775879934e-06,9.137194467712106e-08,3.896633188560372e-06,6.193399713083636e-06
/users/PAS2099/jianyanggu/PlotDiversiVision/data/SCBI_005/SCBI_005_PlantDiversity_40_1_3_20140616.jpg,SCBI_005/SCBI_005_PlantDiversity_40_1_3_20140616.jpg,SCBI,2014,,SCBI_005,40_1_3,40,1,3,20140616,false,SCBI_005_PlantDiversity_40_1_3_20140616_r2_c1,3,2,1,755,1475,1509,2212,164,1.518288250679234e-08,8.838990339654629e-08,3.469551312917929e-10,3.314047773983475e-07,1.2150430848123506e-06,5.604792363556044e-07,6.645627337320548e-08,3.551401164259005e-07,2.5463272322667763e-05,2.7065925678471103e-06,3.75569834432099e-05,0.005741395987570286,3.607671601457696e-07,1.7446776837459765e-05,6.6016596633744484e-09,1.2742731996695511e-05,1.4521374396281317e-06,6.694990872802009e-08,8.493562297928747e-09,1.3110800445303994e-08,3.7185422741004004e-08,5.0386566726956517e-05,1.2539816452772357e-05,1.8275557522429153e-05,4.1066680611656636e-10,4.0873101170291193e-07,2.0296734248859138e-07,2.444061175665979e-09,2.722694034673623e-07,2.7469900132359726e-08,3.891517152965207e-08,6.842704625142915e-09,1.0976151543218293e-08,1.8799438521455158e-06,7.547799327767279e-07,2.594062834759825e-06,9.096638819983127e-08,3.7357781366154086e-06,6.102143288444495e-07,3.7962709598104993e-07,8.114057550301368e-07,2.6832155981537653e-06,8.979724697155689e-08,7.870986564739724e-07,3.932437664388999e-07,5.029489003050003e-08,5.3672366107093694e-08,9.012168447952718e-05,2.9590114536404144e-06,3.1272335831999953e-07,6.690060061487202e-09,3.069981175940484e-05,2.2633414573647315e-06,4.8762149873482485e-09,1.1995589943580853e-07,1.1912778319356221e-07,9.183179372485029e-07,1.605033617124718e-08,3.126294177491218e-05,6.262978757831661e-08,1.7566584574524313e-05,9.52734140469147e-08,5.698269660570077e-07,2.1020184703957057e-06,6.23845974878634e-10,3.005641815434501e-07,1.582719733050908e-08,7.0445538291608045e-09,6.638742434006417e-06,2.5083697892114287e-06,5.547342425415991e-06,8.199097464967053e-06,5.124954327584419e-07,2.048443548119394e-06,1.3311495422385633e-05,5.513247742783278e-07,5.085902898827044e-08,1.9170224732079078e-06,2.3618104805223084e-08,1.3535770904127276e-06,1.2903554136300954e-07,1.9825350250357587e-07,2.1978100903652376e-06,1.6085043625935214e-06,4.048745338991466e-08,7.519155042245984e-05,1.3683106772077736e-06,3.0027311481717334e-07,5.0383878260618076e-05,9.057662828126922e-05,2.7812889769052163e-09,2.0314239179697324e-07,3.88883472624002e-06,0.00027375388890504837,1.6982914530672133e-05,7.82778352004243e-06,1.6136483509399113e-06,0.00043715385254472494,0.0031413964461535215,1.0047535425883325e-07,3.09038590273758e-08,3.5992195535072824e-06,2.5911156171787297e-06,4.672420254792087e-05,3.255805154367408e-07,0.000511708902195096,3.1086790386325447e-07,2.4184593712561764e-05,1.5337436209961197e-08,3.637453119154088e-06,1.9227863958803937e-06,2.171655744120926e-08,2.942599621746922e-06,4.5641489123227075e-05,0.9874041080474854,0.0007916015456430614,0.00019984760729130358,1.3789003787678666e-06,8.988048527669434e-09,0.0004023994551971555,1.0594994215296083e-08,6.101315980222566e-11,7.9909039385484e-09,5.054333063192473e-10,8.59040394374233e-09,6.221423376473467e-09,3.7349943795561558e-06,1.5883704236330232e-06,6.870803304082074e-07,2.0075033191346847e-08,3.49772761865097e-08,1.4549597153745708e-06,6.9203906605253e-06,4.314049419917865e-06,4.320519622069696e-07,1.7480408587289276e-06,2.836460133437413e-08,1.804011390049709e-06,2.2562973356343718e-07,6.84944190254555e-09,1.4199218867361196e-07,6.302485417108983e-05,1.3708190635952633e-05,8.088808272077586e-07,1.9203591250516183e-07,8.758010153542273e-06,3.01592285723018e-06,6.192100408952683e-05,2.3457292996909018e-08,8.092792995739728e-06,1.6751971543271793e-07,2.9128027563274372e-06,4.844515046897868e-07,7.036560873530107e-06,1.0816266694746446e-05,2.806680868161493e-06,5.267992673907429e-05,6.228763993476605e-08,3.866263341478771e-06,2.618561666167807e-05,5.722666855945135e-07,1.4287775407240133e-08,2.295127217166737e-07,3.919557798326423e-07
/users/PAS2099/jianyanggu/PlotDiversiVision/data/SCBI_005/SCBI_005_PlantDiversity_40_1_3_20140616.jpg,SCBI_005/SCBI_005_PlantDiversity_40_1_3_20140616.jpg,SCBI,2014,,SCBI_005,40_1_3,40,1,3,20140616,false,SCBI_005_PlantDiversity_40_1_3_20140616_r2_c2,3,2,2,1509,1475,2264,2212,164,7.042775962418091e-08,2.591852705791098e-07,3.220642419421438e-09,1.2278778172003513e-07,9.049635082192253e-06,1.096271716960473e-06,8.932673836170579e-07,6.583676963600738e-07,0.0001072169397957623,3.000450533363619e-06,6.292820035014302e-05,0.008866829797625542,3.0120578230707906e-05,1.6152485841303132e-05,6.707202260258782e-08,3.438736530370079e-05,7.224193154797831e-07,1.5172335565694084e-07,1.168622887348647e-07,1.7507140626094042e-07,2.4542433862961843e-08,2.3502892872784287e-05,1.14213662527618e-05,5.8270157751394436e-05,1.1526745780088277e-08,3.011872422575834e-06,3.3169417292810977e-06,2.8423057685245112e-08,4.44143580580203e-07,4.5095544010109734e-07,1.7644450167608738e-07,5.1069324769059676e-08,6.231133653500365e-08,3.7722209526691586e-05,3.6447690945351496e-06,6.604961527045816e-06,7.82869619797566e-07,7.184731202869443e-06,1.120434035328799e-06,6.729476922373578e-07,1.0585822565190028e-06,4.939985956298187e-06,1.4559623195964377e-07,1.3930308568887995e-06,1.1263391570537351e-06,6.998585888595699e-08,3.8187212680895755e-07,0.0007349482621066272,1.2050396435370203e-05,8.165035978890955e-06,3.285945027187154e-08,8.275322034023702e-05,1.6764817701186985e-05,2.8712594524193946e-09,2.6088064259965904e-06,3.3457874337727844e-07,8.98997222975595e-06,7.839241078499981e-08,9.258310456061736e-05,2.3306718333060417e-07,4.320107109379023e-05,3.697489958653932e-08,7.34487457521027e-07,1.4009132428327575e-05,1.6005980985056567e-09,1.7003370658130734e-06,2.2126540955014207e-07,3.6884880927345876e-08,1.653565777814947e-05,2.7921450964640826e-05,4.613698365574237e-06,4.394904863147531e-06,2.2884116788191022e-06,8.744446859054733e-06,6.688433495583013e-05,2.3141151359595824e-06,1.3291322886743728e-07,1.124686787079554e-05,1.6176269923562359e-07,4.594834535964765e-06,6.711121613989235e-07,9.151729614131909e-07,3.202197831342346e-06,5.7527809076418635e-06,9.15238373977445e-09,8.850127051118761e-05,2.940161493825144e-06,5.663546289724763e-07,0.00011167355842189863,0.0011235043639317155,2.6314319612197323e-08,3.1909047493172693e-07,2.5058423034352018e-06,0.0005350070423446596,4.749508298118599e-05,8.010806595848408e-06,9.287488865084015e-06,0.00010345032205805182,0.13264213502407074,2.7290130333312845e-07,8.82661410628316e-08,1.0819968338182662e-05,7.741537046968006e-06,0.00033194010029546916,2.03383410735114e-06,0.0022394752595573664,4.82427878978342e-07,1.929574500536546e-05,5.055704264123051e-07,8.503096978529356e-06,2.3506647721660556e-06,5.387911414800328e-07,6.5173121583939064e-06,8.633052493678406e-05,0.8448283076286316,0.005624073091894388,0.000494702544528991,1.5146559235290624e-05,4.4130441523293484e-08,0.00020447271526791155,1.6187689766411495e-07,5.167540284567451e-10,1.9675549367548228e-07,2.2124250875776852e-08,1.6310046646594856e-07,2.9908143517332064e-08,2.506866439944133e-05,2.6404243271827e-06,3.0271212381194346e-07,3.1075340078956515e-09,7.134225654681359e-08,5.09508481627563e-07,1.8705859474721365e-05,2.5780700525501743e-05,1.0497274161025416e-06,3.010976115547237e-06,1.5307442424727924e-07,5.946611508989008e-06,5.738925210607704e-07,1.0721795007384571e-08,3.4804492088369443e-07,0.00017217342974618077,1.5968627849360928e-05,4.646707907340897e-07,2.7704666649697174e-07,0.00010924989328486845,1.812874870665837e-05,7.742752495687455e-05,2.4429876788190086e-08,3.949198799091391e-05,2.762732037808746e-06,3.5066243526671315e-06,2.815662867305946e-07,6.703350663883612e-05,5.796974437544122e-05,1.8157263184548356e-05,0.00026916933711618185,2.1720344633990862e-08,8.859035460773157e-07,4.231119874020806e-06,2.742320020843181e-06,2.610356553134352e-08,3.1496074370807037e-06,1.14555314212339e-05
/users/PAS2099/jianyanggu/PlotDiversiVision/data/SCBI_005/SCBI_005_PlantDiversity_41_1_1_20140616.jpg,SCBI_005/SCBI_005_PlantDiversity_41_1_1_20140616.jpg,SCBI,2014,,SCBI_005,41_1_1,41,1,1,20140616,false,SCBI_005_PlantDiversity_41_1_1_20140616_r0_c0,3,0,0,0,0,711,677,164,6.505401017875556e-08,3.2632584634484374e-07,1.008429428850377e-08,4.803395086128148e-07,3.802076207648497e-06,1.0901611631197738e-06,1.2271140121811186e-06,7.443561003128707e-07,8.230545790866017e-05,1.1877144970640074e-05,8.841816452331841e-05,0.005794763099402189,3.81241693503398e-06,1.8309219740331173e-05,1.72009535504003e-07,3.400538116693497e-05,1.1428975312810508e-06,4.3743418132180523e-07,5.2634536729101455e-08,1.2910764723983448e-07,2.312663127668202e-08,7.273996016010642e-05,5.605854676105082e-05,1.5613164578098804e-05,1.135127547513548e-08,1.1738452485587914e-06,9.844052328844555e-07,7.288062597865519e-09,7.820862890639546e-08,9.871197192978798e-08,2.8153255726692805e-08,4.296823519212012e-08,4.776331863354244e-08,4.844857812713599e-06,1.2866030374425463e-06,2.657660843397025e-06,2.4613689220132073e-06,2.251658997920458e-06,6.503966005766415e-07,2.895766897381691e-07,5.728530254600628e-07,3.141170600429177e-05,4.509412008246727e-07,2.9328434720810037e-06,2.5508884959890565e-07,4.9296410509214184e-08,2.2483533257400268e-07,0.001017046975903213,1.139628602686571e-05,1.4050642676011194e-06,2.7698823146238283e-07,2.4579734599683434e-05,5.858880285813939e-06,1.3551639810316374e-08,5.982392394798808e-07,5.496834774021409e-07,1.8111240933649242e-05,1.378055287659663e-07,3.8349251553881913e-05,1.0525130846872344e-06,6.275793566601351e-05,8.150024086717167e-07,7.989126515894895e-07,1.1205915143364109e-05,3.766802425531068e-09,5.993565537210088e-06,3.413218792047701e-07,3.0863031241779026e-08,1.2029532626911532e-05,1.7432101230951957e-05,6.871997356938664e-06,8.90820228960365e-06,1.2910770692542428e-06,7.182448825915344e-06,1.402483758283779e-05,7.378425266324484e-07,1.0290100505017108e-07,4.831790647585876e-06,3.254877611880147e-08,1.804475346034451e-06,7.321229418266739e-07,7.188010044956172e-07,4.967703262082068e-06,9.071499675883388e-07,1.5298260791496432e-07,0.00012323127884883434,4.367923793324735e-06,1.3970313830213854e-06,2.0974415747332387e-05,0.00034125076490454376,2.343747418365183e-08,3.146972460399411e-07,1.4153289157547988e-05,0.00014101936540100724,0.00041629807674326,9.118032903643325e-05,1.963797103599063e-06,0.00016011683328542858,0.05716755986213684,1.036673779708508e-06,2.0477739326452138e-07,4.514319698500913e-06,2.5767189981706906e-06,9.779456377145834e-06,1.5879428474363522e-06,0.0006302811088971794,1.5770165191497654e-06,8.802538104646374e-06,5.797846824862063e-07,1.6422236512880772e-05,4.493221695156535e-06,1.9003221041202778e-07,6.638170816586353e-06,7.965094846440479e-05,0.9303423762321472,0.0007485744426958263,0.0011434619082137942,6.589226359210443e-06,1.837916840941034e-08,5.009209053241648e-05,1.3644967111758888e-07,3.4471050458506625e-09,7.250879718867509e-08,1.015567363538139e-08,8.296352405068319e-08,3.5801740239094215e-08,5.500067800312536e-06,2.6226132376905298e-06,1.9325550510984613e-06,6.03467142923364e-08,5.943767860117077e-07,2.001132997975219e-05,9.353396308142692e-06,7.5129137258045375e-06,3.2071562827695743e-07,7.955403816595208e-06,9.05040575815974e-09,3.087954837610596e-06,7.740787282273232e-07,1.0093305036207312e-07,5.323245773070084e-07,0.00032186697353608906,1.6664440408931114e-05,7.47600154227257e-07,2.1283084095102822e-07,9.527008660370484e-05,2.9089893359923735e-05,0.00026448193239048123,7.412641878090653e-08,2.3875989427324384e-05,2.4938526621554047e-06,5.6024528021225706e-06,8.756684337640763e-07,1.4134188859316055e-05,1.168925973615842e-05,5.501011855812976e-06,5.954621883574873e-05,1.6430617222340516e-07,1.8059008652926423e-06,1.1583746527321637e-05,3.077652991123614e-06,7.935789199109422e-07,7.177926590884454e-07,1.313310917794297e-06
/users/PAS2099/jianyanggu/PlotDiversiVision/data/SCBI_005/SCBI_005_PlantDiversity_41_1_1_20140616.jpg,SCBI_005/SCBI_005_PlantDiversity_41_1_1_20140616.jpg,SCBI,2014,,SCBI_005,41_1_1,41,1,1,20140616,false,SCBI_005_PlantDiversity_41_1_1_20140616_r0_c1,3,0,1,711,0,1422,677,164,2.881823490952229e-08,2.615387302284944e-07,1.1413010980731997e-08,4.2886514961537614e-07,8.061067092057783e-06,1.0132774150406476e-05,8.641925433039432e-07,9.0075921832522e-08,6.330973701551557e-05,1.9914823496947065e-06,3.0046736355870962e-05,0.0005682351184077561,1.0560239388723858e-05,1.1925624676223379e-05,1.2737241661398002e-07,2.219770976807922e-05,3.6152525240140676e-07,6.385759547811176e-07,2.5403881664942674e-08,5.09138487814198e-07,6.454550316448149e-08,3.125844523310661e-05,1.9678540411405265e-05,4.419847755343653e-06,2.123594100567061e-08,2.910417833845713e-06,2.225577873105067e-06,3.5251082053378013e-09,8.308318655281255e-08,5.097776067941595e-08,1.3705203194547266e-08,7.235015431206193e-08,4.244591167434919e-08,7.2648645073059015e-06,5.480312097461137e-07,9.452708695789624e-07,4.039636223751586e-06,1.1497710374896997e-06,1.954833379613774e-07,3.6958482496629586e-08,9.043398563335359e-08,1.0970486073347274e-05,7.51459268144572e-08,1.7724700285270956e-07,3.772942491764297e-08,1.5618908832948364e-08,6.984203650972631e-07,0.0016134247416630387,9.202972250932362e-06,3.468408635853848e-07,1.770382027643791e-07,1.2828831131628249e-05,4.2184274207102135e-07,1.776577107648336e-09,1.3734211279370356e-06,1.6822556858642201e-07,1.1315791198285297e-05,1.466153776163992e-07,0.00010085923713631928,1.7293785958827357e-06,1.350206457573222e-05,1.528850788190539e-07,4.177398338356397e-08,2.7930032956646755e-05,1.4566361450363274e-09,5.929474014010339e-07,9.108527478929318e-07,6.945489161580554e-08,8.827988494886085e-06,7.393079431494698e-05,1.5051490436235326e-06,1.2203910273456131e-06,2.6008924578491133e-06,1.0173713235417381e-05,1.7562513676239178e-05,2.0681839885128284e-07,1.3820238109474303e-07,6.230369308468653e-06,8.522716754555404e-09,1.4344108194563887e-06,1.2094956218788866e-05,1.2114020364606404e-06,1.386873464070959e-05,7.136586077649554e-07,6.519383788372579e-08,0.00010563750402070582,1.9752835669351043e-06,2.440060598019045e-07,9.205811579704459e-07,0.001759673235937953,4.625775673616772e-08,1.7420839526494092e-07,1.673603583185468e-05,9.75184502749471e-06,0.00011099850962636992,1.2570097169373184e-05,4.87970453377784e-07,9.15758664632449e-06,0.9784325361251831,2.9631570086507963e-08,1.0475051226421783e-07,6.491942713182652e-06,4.80623521070811e-06,1.771848928910913e-06,2.1032963104516966e-06,5.839222649228759e-05,8.795614121481776e-07,6.59442434880475e-07,1.191797878163925e-06,5.077366949990392e-05,4.0615468606119975e-06,1.033292988950052e-07,1.8531101204644074e-06,8.169601642293856e-06,0.013208391144871712,6.499181472463533e-05,0.0029480450320988894,2.372915332671255e-05,1.6482639253467823e-08,1.488368525315309e-06,2.7283019790047547e-06,1.8960033543180543e-09,2.3553079486759998e-08,2.288675027273257e-09,9.97079485642871e-09,1.765113499807569e-09,1.9849683667416684e-05,8.865676903724307e-08,2.029552661042544e-06,1.5566387290277817e-08,7.332628797485086e-07,1.1049023669329472e-05,3.7085485473653534e-06,2.9176655971241416e-06,2.310776835656725e-06,8.848854804455186e-07,1.3547954980097643e-09,1.6978074199869297e-05,1.9854130073326814e-07,2.463310408984398e-07,2.5214569632225903e-07,3.8463505916297436e-05,2.0863471945631318e-06,3.5112350360577693e-07,4.457536135760165e-07,4.484351666178554e-05,5.6462420616298914e-05,2.8867900255136192e-05,1.6014153914056806e-07,1.2076515304215718e-05,7.107329111022409e-06,5.465783942781854e-06,4.7155715776625584e-08,5.0804837883333676e-06,3.4936806514451746e-06,3.655665750557091e-06,0.00010759246652014554,2.3689501915669098e-08,2.232806082247407e-06,1.1448516943346476e-06,2.046204372163629e-06,3.827188095328893e-07,4.7095872446334397e-07,7.922687359496194e-07
/users/PAS2099/jianyanggu/PlotDiversiVision/data/SCBI_005/SCBI_005_PlantDiversity_41_1_1_20140616.jpg,SCBI_005/SCBI_005_PlantDiversity_41_1_1_20140616.jpg,SCBI,2014,,SCBI_005,41_1_1,41,1,1,20140616,false,SCBI_005_PlantDiversity_41_1_1_20140616_r0_c2,3,0,2,1422,0,2133,677,164,1.024768159219036e-09,3.2489140266989125e-09,2.3205748433952067e-09,1.7794508977431178e-08,4.0999722727974586e-07,1.483728851781052e-06,2.605444819892e-07,7.435192461713314e-09,5.128864813741529e-06,5.1198675521391124e-08,1.9432993667578558e-06,2.2556354451808147e-05,3.019258883796283e-06,2.523753892091918e-06,2.8947203745133265e-08,9.990053513320163e-07,4.656165231153864e-08,6.91275374720135e-08,2.390541542496294e-09,2.6704265465582466e-08,7.635883925161124e-09,1.2101484117010841e-06,1.841599214458256e-06,9.421512459084624e-08,4.9367403498479234e-09,1.1034342151106102e-06,6.991601821937365e-07,1.1299056135172236e-09,1.593799936472351e-08,1.752544953603774e-08,3.905447076846258e-09,1.0399181959996895e-08,7.37569960662654e-09,5.815135864395415e-06,5.363712674011367e-08,6.836624066863806e-08,1.0650793313971008e-07,7.694338677310952e-08,7.960625936220822e-09,1.3160391665323345e-09,3.822669292219416e-09,3.509996986394981e-07,6.473177105448258e-09,1.1873520833205475e-08,2.7631508192627052e-09,3.11161457711151e-10,2.9890816932720554e-08,0.00024012135691009462,9.494831942902238e-07,4.78237396350778e-08,6.164837973443582e-09,8.535139386367518e-07,3.445823892889166e-08,1.8612787699989752e-10,3.7849608247597644e-07,5.69660763005686e-09,5.731730539082491e-07,2.1120541759955813e-08,1.9928468191210413e-06,2.1111128489792463e-07,6.051258196748677e-07,6.7942167447654356e-09,2.399385135021248e-09,9.757889074535342e-07,3.264951919934589e-10,2.641118079793614e-08,3.244483366415807e-07,8.000384355000278e-09,4.7606252451259934e-07,1.0630994438542984e-05,2.9058393025138685e-08,3.046873686685103e-08,2.2570964119950077e-07,8.472143235849217e-07,7.245889719342813e-07,2.6306606670800647e-08,6.0684737235305874e-09,5.714722419725149e-07,2.001543375484971e-10,4.7055724650135744e-08,5.069979351901566e-07,2.690099449864647e-07,2.0438760657270905e-06,2.0820083435069137e-08,2.7652595768756782e-09,6.247637429623865e-06,2.935352227950716e-08,1.1135519173421926e-08,3.325745723259388e-08,0.0012252000160515308,7.082325836904602e-09,7.740588614524313e-08,1.6641841966702486e-06,1.5715112056113867e-07,3.0970786610851064e-06,2.6763632376969326e-07,2.8430337195572974e-08,3.187840320606483e-07,0.9981398582458496,1.0785624615650136e-09,3.0716478249814827e-09,9.39839992497582e-07,2.4754768901402713e-07,1.7135880625573918e-07,2.2858029069539043e-07,1.0322286470909603e-05,2.261878861986588e-08,2.42065087974197e-08,2.1668392946594395e-07,2.8096569621993694e-06,4.791908736478945e-07,1.4050328012160662e-08,1.8744135843462573e-07,2.4763376131886616e-06,8.55062753544189e-05,3.3537262424943037e-06,0.00014749156252946705,1.486992687205202e-06,3.174306595354892e-09,1.0174035480758903e-07,3.484276760445937e-07,5.6277225934930897e-11,2.402939180967678e-09,2.3339433163904744e-10,5.733164498700205e-10,4.077767984389524e-11,1.7607757172299898e-06,5.5051687652962755e-09,3.427783923370953e-08,3.46924433625162e-10,2.5149670790369782e-08,2.7416086822995567e-07,1.9059223177464446e-07,1.965418050531298e-07,1.8541314261710795e-07,8.968730469405273e-08,7.374542088101066e-10,2.9434172574838158e-06,5.353328802470969e-08,6.055758206002793e-08,5.152588045120865e-08,6.695041179227701e-07,4.071401704663913e-08,4.85699942487372e-08,8.264398587698452e-08,1.6872860442163073e-06,4.9483246584713925e-06,6.677136639154924e-07,1.498322177440059e-08,5.973576548967685e-07,8.578520009905333e-07,1.226675294674351e-07,1.7317628442370392e-09,4.6762818328716094e-07,2.9457859795911645e-07,1.4728108510553284e-07,3.5369630495551974e-05,2.8446269784154765e-09,3.061240079205163e-07,4.4094953466355946e-08,4.0593693029222777e-07,7.233813104079445e-09,4.1009084128518225e-08,1.1056583559820865e-07
/users/PAS2099/jianyanggu/PlotDiversiVision/data/SCBI_005/SCBI_005_PlantDiversity_41_1_1_20140616.jpg,SCBI_005/SCBI_005_PlantDiversity_41_1_1_20140616.jpg,SCBI,2014,,SCBI_005,41_1_1,41,1,1,20140616,false,SCBI_005_PlantDiversity_41_1_1_20140616_r1_c0,3,1,0,0,677,711,1354,164,1.6528032631413225e-07,8.141312832776748e-07,1.04654525046044e-08,1.0526240430408507e-06,1.977839201572351e-05,7.3124033406202216e-06,1.4642921541963005e-06,4.875384433944419e-07,0.00016558791685383767,4.059173988935072e-06,0.00021524933981709182,0.00424557039514184,1.3398359442362562e-05,6.730828317813575e-05,1.8540836776992364e-07,6.366497109411284e-05,1.2808083056370378e-06,3.6158583043288672e-06,5.045016493454568e-08,2.316280927061598e-07,5.6130716075131204e-08,7.905964594101533e-05,6.296383071457967e-05,5.260902526060818e-06,3.540065662832603e-08,5.75922240386717e-06,1.3370935221246327e-06,9.850151805324003e-09,1.7995434120621212e-07,7.872996832247736e-08,5.899167021539142e-08,6.140273711707778e-08,8.150568220344212e-08,2.2099011403042823e-05,1.2316849051785539e-06,2.0492727799137356e-06,8.844566764310002e-06,2.645086897246074e-05,5.833827344758902e-06,2.5507113150524674e-06,4.688112312578596e-06,1.3718291484110523e-05,1.6739454622438643e-07,9.706109267426655e-07,1.7695974463549646e-07,2.708677016016736e-08,4.4848738411928935e-07,0.0010615738574415445,2.931968447228428e-05,4.458961768705194e-07,3.6204389175509277e-07,2.469850551278796e-05,2.0375646272441372e-06,6.620954895453224e-09,2.9019458906986983e-06,3.0771658998673956e-07,7.36469655748806e-06,1.0267853411960459e-07,0.00013457580644171685,1.3701391026188503e-06,2.0671039237640798e-05,4.5759654199173383e-07,2.8600945256584964e-07,3.547871529008262e-05,2.060125181557737e-09,5.255203632259509e-07,7.248329438880319e-07,9.971172687528451e-08,2.9091739634168334e-05,0.00012739583326037973,1.6355568732251413e-05,1.977537431230303e-05,2.6967202302330406e-06,1.3040543308306951e-05,1.5813766367500648e-05,5.452490654533904e-07,1.3748663718615717e-07,7.046313839964569e-06,1.895699242027149e-08,2.7673347631207434e-06,3.056787136301864e-06,5.008588232158218e-06,1.3050496818323154e-05,1.2051096973664244e-06,1.3471120041685936e-07,0.00017817315529100597,3.2068965083453804e-06,3.4289807899767766e-06,6.235952241695486e-06,0.001571707776747644,5.498796440406295e-08,4.91405330649286e-07,1.5354968127212487e-05,0.00022015554714016616,0.00010199746611760929,3.170891068293713e-05,2.7853075152961537e-06,3.942355760955252e-05,0.8639605641365051,1.441655541611908e-07,3.01223138876594e-07,7.62594709158293e-06,5.206617515796097e-06,2.3976814190973528e-05,2.1510627448151354e-06,0.0005407364806160331,1.5551554497506004e-06,1.4706401998410001e-06,5.400821123657806e-07,2.7538673748495057e-05,5.7468887462164275e-06,3.2363652735512005e-07,5.869139840797288e-06,3.1861691240919754e-05,0.12037849426269531,0.00024676762404851615,0.005155909340828657,2.3056165446178056e-05,7.992617412355685e-08,7.872584319557063e-06,1.0346535646021948e-06,4.6937960185289285e-09,1.1915189901401391e-07,2.0092661756621055e-08,1.4414192150979943e-07,2.2316696046686957e-08,1.9200319002266042e-05,9.366733024762652e-07,1.2753769169648876e-06,2.9156577596722855e-08,4.031994933484384e-07,9.737304026202764e-06,9.12205177883152e-06,1.0039426342700608e-05,1.899552216855227e-06,6.684052550554043e-06,5.023486515653985e-09,1.5265377442119643e-05,6.140323876024922e-07,1.4224214339719765e-07,3.7514288919737737e-07,4.470564817893319e-05,3.684911234813626e-06,3.6291935430199374e-06,2.1751575332018547e-06,5.241154940449633e-05,4.2574865801725537e-05,4.3720880057662725e-05,2.8532397777780716e-07,2.5480381736997515e-05,5.2481345846899785e-06,1.6768424757174216e-05,3.2439541541862127e-07,4.215131048113108e-05,3.997296516899951e-05,1.2106349458917975e-05,0.00032634331728331745,8.3145586415867e-08,7.004346116445959e-06,8.534598237019964e-06,5.037406481278595e-06,6.82944005347963e-07,5.730270800086146e-07,8.203413131013804e-07
/users/PAS2099/jianyanggu/PlotDiversiVision/data/SCBI_005/SCBI_005_PlantDiversity_41_1_1_20140616.jpg,SCBI_005/SCBI_005_PlantDiversity_41_1_1_20140616.jpg,SCBI,2014,,SCBI_005,41_1_1,41,1,1,20140616,false,SCBI_005_PlantDiversity_41_1_1_20140616_r1_c1,3,1,1,711,677,1422,1354,164,7.904178422890595e-10,5.830468552403545e-09,2.1666197724812264e-09,1.5337818126681668e-08,2.3922197556203173e-07,1.4392301181942457e-06,3.0053038813093735e-07,9.047647075988152e-09,3.7953104765620083e-06,5.868808372611056e-08,3.6685214581666514e-06,1.2593242900038604e-05,6.825808668509126e-06,2.7811715881398413e-06,2.5118001900636955e-08,7.383130196103593e-07,5.836324490360312e-08,7.244771893510915e-08,1.609652966472197e-09,3.545964233353516e-08,4.607848769211387e-09,1.0406045021227328e-06,2.1973785351292463e-06,4.499118944067959e-08,4.161034627969684e-09,9.627286772229127e-07,4.830610009776137e-07,1.8000732016076881e-09,2.129363885217117e-08,2.4389635200350313e-08,4.10782208248861e-09,1.6013306236573044e-08,1.5254029150923998e-08,5.313208475854481e-06,6.032072974448965e-08,1.57699233227504e-07,4.545665603927773e-07,6.150762743573068e-08,8.446148669349895e-09,8.406286222673032e-10,3.005530047062166e-09,2.272576011819183e-07,7.789330958019036e-09,1.7284287778807084e-08,3.460479236494507e-09,7.956665326602774e-10,9.997089023272565e-08,0.0001448716939194128,1.6025543345676851e-06,3.2815833606036904e-08,2.7734133212220513e-08,8.038561531975574e-07,1.0628944124846385e-07,1.5621709481550283e-10,9.046827926795231e-07,1.147741990337181e-08,5.328306542651262e-07,9.074055284941096e-09,2.8483309506555088e-06,2.0538533362923772e-07,3.620058635078749e-07,1.0766420643903984e-08,1.8952026614726947e-09,1.0328099051548634e-06,7.201394480738088e-10,5.834031568952014e-08,4.092310916803399e-07,7.240927413221243e-09,4.5917627744529455e-07,6.249346370168496e-06,4.967074573869468e-08,2.8801666829281203e-08,1.5885970583440212e-07,1.942259586940054e-06,3.4999000035895733e-06,1.1828800694502206e-07,2.3279676852894227e-08,2.5444569473620504e-06,1.4744931664534278e-10,2.3520778213992344e-08,6.599539119633846e-07,2.4515105678801774e-07,3.022390046680812e-06,1.3191143288793228e-08,2.334983761898002e-09,2.588571760497871e-06,1.807457117308786e-08,2.0890706053933172e-08,9.037782078280543e-09,0.0006647327682003379,4.385348972846259e-09,1.571251715404287e-07,1.7500526610092493e-06,1.08694692357858e-07,4.299502052163007e-06,3.4210540889034746e-07,1.5495958294309276e-08,1.6123154011893348e-07,0.9985804557800293,7.584950445505001e-10,6.1542806406578165e-09,7.186120569713239e-07,2.423670650841814e-07,9.43117441920549e-08,1.223346544065862e-07,1.587066253705416e-05,7.52707673967734e-09,1.835150342799352e-08,2.2695785162341053e-07,2.7433018203737447e-06,5.208053721617034e-07,2.4402568854497986e-08,1.6900079913284571e-07,1.1420828514019377e-06,2.4335860871360637e-05,3.3330607038806193e-06,0.00042563266470097005,1.352237859464367e-06,3.1923723664561976e-09,4.362342664876451e-08,6.141107178336824e-07,7.030359627790972e-11,2.8255890960338093e-09,2.5619636967455506e-10,9.831131464466125e-10,4.6860522406877436e-11,3.554988325049635e-06,3.978613438704315e-09,3.8993409390286615e-08,5.115249335219119e-10,7.271018631627157e-08,5.227281008046702e-07,1.933970565914933e-07,1.1250066478396548e-07,1.7664440576936613e-07,5.2300112685088607e-08,4.909763151594859e-10,3.909875886165537e-06,3.4915487390208e-08,3.229597922427274e-08,2.6105441364165927e-08,7.482880732823105e-07,4.495876382293318e-08,3.540287707437528e-08,5.280892168002538e-08,4.220879873173544e-06,1.1167598131578416e-05,8.333057053278026e-07,5.596703189780783e-08,9.635075457481435e-07,1.1740113450287026e-06,1.2395153703437245e-07,1.379921843458476e-09,6.238220180421195e-07,3.8118346878945886e-07,9.923302712877557e-08,2.0611863874364644e-05,1.9648589422160967e-09,1.253657586630652e-07,1.1741938088505322e-08,9.41902726481203e-07,1.3452084779430606e-08,6.209180725136321e-08,1.6526927026916383e-07
/users/PAS2099/jianyanggu/PlotDiversiVision/data/SCBI_005/SCBI_005_PlantDiversity_41_1_1_20140616.jpg,SCBI_005/SCBI_005_PlantDiversity_41_1_1_20140616.jpg,SCBI,2014,,SCBI_005,41_1_1,41,1,1,20140616,false,SCBI_005_PlantDiversity_41_1_1_20140616_r1_c2,3,1,2,1422,677,2133,1354,164,3.8275608460480726e-08,1.1922777787276573e-07,1.557913975602787e-08,2.7586048645389383e-07,2.9130910661478993e-06,6.866874628030928e-06,3.7785716244798095e-07,3.602912386213575e-07,1.0321975423721597e-05,1.0678263606678229e-06,2.2172631361172535e-05,8.241464092861861e-05,5.272391717880964e-06,1.2172703463875223e-05,8.739910839494769e-08,4.746865670313127e-06,6.551939577548183e-07,3.276700908827479e-06,2.021612388602989e-08,1.7498143733973848e-07,3.59529046534135e-08,8.690615686646197e-06,9.231581316271331e-06,3.6147514492768096e-07,1.14455218636067e-08,8.101780622382648e-06,2.396727950326749e-06,4.5205941212600464e-09,4.331127101409038e-08,3.650501412266749e-08,1.381815817325105e-08,5.996521679207945e-08,4.8822279552496184e-08,1.9498133042361587e-05,3.5070539183834626e-07,3.5080174143331533e-07,1.8529523231336498e-06,2.311373464181088e-06,3.9002566154522356e-07,6.361774751439953e-08,1.0472001576999901e-07,5.812765721202595e-06,1.5814768516975164e-07,3.940680812775099e-07,2.980612023861795e-08,4.982394496977349e-09,2.2393959397959406e-07,0.0005080695846118033,2.9808212275383994e-05,1.549374530895875e-07,4.59680023823239e-07,2.646749635459855e-06,1.457669611681922e-07,1.2975061025599643e-09,2.232905444543576e-06,1.0243514481089733e-07,2.5410272428416647e-06,1.7145826802789088e-07,1.8184660802944563e-05,2.178103841288248e-06,9.644799092711764e-07,3.105892574239988e-07,1.8756365349759108e-08,9.189630873152055e-06,3.4062110909616194e-09,4.059789091570565e-07,7.924219289634493e-07,6.234253646653087e-08,8.572476872359402e-06,3.060800736420788e-05,1.774153020051017e-06,1.94531753550109e-06,1.5433172393386485e-06,2.6697887278714916e-06,2.125944547515246e-06,3.988058239201564e-08,3.324782937852433e-08,1.6564830502829864e-06,1.0114010740025492e-09,3.810386886016204e-07,3.547976348272641e-06,2.1243718038022052e-06,1.6837062503327616e-05,9.365080444467822e-08,6.87313175262716e-08,2.174908331653569e-05,1.136933107659388e-07,2.5658155777819047e-07,2.0215671270307212e-07,0.0006594049045816064,6.159578447295644e-08,3.3064830518014787e-07,5.3421190386870876e-05,2.2114084003987955e-06,1.642508686927613e-05,3.968682449340122e-06,1.1920867137860114e-07,1.4073735883357585e-06,0.9949925541877747,2.004801480381957e-08,1.3939032328380563e-07,2.149888814528822e-06,9.807151855056873e-07,5.91453499509953e-07,3.394697387193446e-06,5.5128319218056276e-05,4.2558886548249575e-07,2.6355749582762655e-07,2.872327797831531e-07,1.2608068573172204e-05,2.9339682896534214e-06,8.705139720177613e-08,1.78200082245894e-06,5.737663741456345e-06,0.00024504991597495973,8.138269549817778e-06,0.0028620087541639805,1.1861909115395974e-05,1.6423935988996163e-08,7.283109653144493e-07,3.5062130336882547e-06,2.8816644626061816e-09,2.7173379990586e-08,1.9831074560272555e-09,1.2331310195179412e-08,6.762824744654949e-10,8.682066436449531e-06,5.2490474189426095e-08,4.7614443587917776e-07,1.009720929090463e-08,3.970239959016908e-07,3.864094651362393e-06,1.7784761894290568e-06,9.405434298059845e-07,1.0987806717821513e-06,2.6100331069756066e-06,6.462148594010841e-10,7.392755833279807e-06,1.1382437037354975e-07,2.50190794304217e-07,1.6905006816614332e-07,3.1227759791363496e-06,1.9212012603020412e-07,4.593224502968951e-07,8.240701276918116e-07,1.2690485164057463e-05,3.986832598457113e-05,2.136464445356978e-06,1.4470654718934384e-07,3.7267104744387325e-06,6.9898751462460496e-06,2.2735780476068612e-06,2.106037122473481e-08,1.2300548632993014e-06,1.0075787031382788e-06,1.1653836509140092e-06,4.639702819986269e-05,3.398982784119653e-08,1.0589957128104288e-05,1.2429318303475156e-06,1.1619566748777288e-06,1.5298991229428793e-07,1.2258806236786768e-07,1.458370491036476e-07
/users/PAS2099/jianyanggu/PlotDiversiVision/data/SCBI_005/SCBI_005_PlantDiversity_41_1_1_20140616.jpg,SCBI_005/SCBI_005_PlantDiversity_41_1_1_20140616.jpg,SCBI,2014,,SCBI_005,41_1_1,41,1,1,20140616,false,SCBI_005_PlantDiversity_41_1_1_20140616_r2_c0,3,2,0,0,1354,711,2031,164,1.3835834700159921e-09,1.0876336276055554e-08,3.6985818852031116e-09,4.274422593653071e-08,4.520672405305959e-07,2.3381755909213098e-06,2.6285590593033703e-07,9.280480384177281e-09,1.8762200397759443e-06,5.150237214479603e-08,5.966050593997352e-06,1.2549541679618414e-05,5.446696377475746e-06,2.359104655624833e-06,2.77059726272455e-08,9.221626555699913e-07,5.729156171696559e-08,1.0823983132013382e-07,1.9828902964036388e-09,2.3711375973789472e-08,6.762602922094629e-09,2.1495957298611756e-06,1.0716101996877114e-06,4.995495572757136e-08,8.26330381897833e-09,1.1960514711972792e-06,1.3808536891701806e-07,8.704906795387046e-10,7.582891647928136e-09,1.681330630276534e-08,2.2850366043769554e-09,1.1896841733971542e-08,7.422281456115343e-09,3.032965878446703e-06,2.398703635719812e-08,6.09007670959727e-08,5.814453629682248e-07,1.2185850550849864e-07,1.5708176093198745e-08,2.37122699253689e-09,5.749338782834457e-09,2.644883920766006e-07,9.806853107363622e-09,1.3421161071391907e-08,4.0476813012446655e-09,1.0472082090373647e-09,3.814563243054181e-08,4.992798130842857e-05,1.9699630229297327e-06,3.3417233424870574e-08,2.0433780889561604e-08,9.529244948680571e-07,5.1830728153845484e-08,1.576777458600631e-10,6.962866905269038e-07,1.3375366592072169e-08,2.615765879454557e-07,4.539832954009171e-09,2.3154530026658904e-06,2.7503909905135515e-07,3.814346882791142e-07,1.7279257136237902e-08,2.846280988677563e-09,1.4393438050319673e-06,7.240583688172819e-10,4.7257628921215655e-08,3.7878263015045377e-07,8.864148526299687e-09,8.362853805010673e-07,5.42651741852751e-06,5.11960145388457e-08,3.2495773183427445e-08,1.4512851009840233e-07,9.857648137767683e-07,1.4910845038684784e-06,5.455902751805297e-08,1.4203068943174912e-08,7.54196321395284e-07,2.9905092291393487e-10,4.703210620959908e-08,8.603701644460671e-07,1.0555560265856911e-06,1.5577865042359917e-06,2.3122023407040615e-08,3.3516414088552438e-09,1.7802428828872507e-06,4.305909939716912e-08,2.466627968544799e-08,1.973782204345298e-08,0.00043960410403087735,1.2647273450738794e-08,1.0596988886391046e-07,1.4964751926527242e-06,1.280236716638683e-07,3.6800945508730365e-06,2.8920769068463414e-07,2.206596860787613e-08,2.1195241117766273e-07,0.9991927742958069,1.1520037146439677e-09,8.329384293404019e-09,8.804407229945355e-07,3.474751508747431e-07,9.203277073766003e-08,1.9573700171804376e-07,3.729688614839688e-05,1.6414119841101638e-08,1.3348504523946758e-08,2.168074644259832e-07,1.5193455737971817e-06,2.0633135022762872e-07,1.1436019242694329e-08,1.606162669531841e-07,7.522281180172286e-07,2.129332278855145e-05,2.6330164928367594e-06,0.0001412679994245991,9.699083420855459e-07,8.764555303741872e-09,9.725976468644149e-08,3.578520875180402e-07,1.5089457461314737e-10,6.935396701379659e-09,7.577711236272933e-10,1.8024004511119074e-09,9.091046665465896e-11,2.044003622359014e-06,7.723900630196567e-09,4.330289016252209e-08,6.775097149969156e-10,7.028806692233047e-08,7.172446316872083e-07,2.1367182512221916e-07,2.2154708290145209e-07,2.835620023233787e-07,9.248995525013015e-08,1.0137584105507358e-09,2.4638845843583113e-06,4.205826797942791e-08,3.510830381969754e-08,3.890362521019597e-08,6.245737154131348e-07,4.559342769994146e-08,6.352275505605576e-08,1.1916559827795936e-07,1.4620101183027145e-06,5.411612619354855e-06,1.160270358013804e-06,3.2174330755196934e-08,9.16418514407269e-07,6.976905524425092e-07,1.6799211266516068e-07,1.9913650728398125e-09,1.2798418538295664e-06,5.042828661316889e-07,1.2350771783076198e-07,1.8299639123142697e-05,2.325203585229474e-09,1.8194099027368793e-07,2.0711116377469807e-08,3.7550819342868635e-07,1.4230836065109997e-08,6.172686539684946e-08,1.497702299957382e-07
/users/PAS2099/jianyanggu/PlotDiversiVision/data/SCBI_005/SCBI_005_PlantDiversity_41_1_1_20140616.jpg,SCBI_005/SCBI_005_PlantDiversity_41_1_1_20140616.jpg,SCBI,2014,,SCBI_005,41_1_1,41,1,1,20140616,false,SCBI_005_PlantDiversity_41_1_1_20140616_r2_c1,3,2,1,711,1354,1422,2031,164,3.610391274833091e-08,1.3405329468696436e-07,1.22252563627967e-08,5.441199277811393e-07,7.1905978984432295e-06,1.276095827051904e-05,1.0164142167923274e-06,7.214635502350575e-07,0.00016063271323218942,9.048804713529535e-06,0.00017553172074258327,0.01556954812258482,1.158658506028587e-05,6.329823372652754e-05,7.495937381918338e-08,0.00021489537903107703,6.033646968717221e-06,8.556682473681576e-07,2.5163473083011922e-08,4.0780071230983594e-07,6.917973394138244e-08,0.00012061253801221028,3.3531116059748456e-05,8.607201380073093e-06,1.1309058578490294e-08,2.1613657281704945e-06,3.1461845537705813e-06,1.527709692084045e-08,6.496606488326506e-07,1.1280196332563719e-07,1.2485659794947424e-07,1.1840997160561528e-07,2.071029285843906e-07,1.2857314686698373e-05,2.24727637032629e-06,1.263713784283027e-05,3.288832203907077e-06,9.135793334280606e-06,8.923681775740988e-07,5.451753963825468e-07,1.1402030395402107e-06,2.2421994799515232e-05,2.6363161964582105e-07,5.418953037406027e-07,6.722903833633609e-08,3.445100276167068e-07,2.222780182137285e-07,0.0024511616211384535,1.556008282932453e-05,1.4226966413843911e-06,1.2544572314254765e-07,2.196048262703698e-05,2.8810281946789473e-06,7.889515707404371e-09,2.5088929760386236e-06,7.108448016879265e-07,1.4506414117931854e-05,1.9583815458190656e-07,0.00010754872346296906,1.5985377785909805e-06,0.00020008764113299549,5.470962491926912e-07,1.0927684570560814e-06,2.576722727098968e-05,2.3069366417161064e-09,1.3011992905376246e-06,7.527289085373923e-07,4.3152411421942816e-08,2.2101674403529614e-05,6.62254897179082e-05,2.976385303554707e-06,4.914610599371372e-06,1.7442552007196355e-06,2.0309817045927048e-05,5.4253290727501735e-05,1.493893933002255e-06,3.247824622576445e-07,1.402388807036914e-05,1.593142506806089e-08,1.3324985275176005e-06,2.3912641609058483e-06,6.220068939910561e-07,2.0226778360665776e-05,1.5655693914595759e-06,7.399568602295403e-08,9.389731712872162e-05,3.272676622145809e-05,7.680819180677645e-07,9.40690006245859e-06,0.000995874754153192,2.346889971249766e-08,7.71582335801213e-07,2.2826756321592256e-05,0.00016750248323660344,0.0006732772453688085,7.232443749671802e-05,4.273309514246648e-06,0.00017589368508197367,0.20115554332733154,1.2671399929331528e-07,2.520239377190592e-07,4.649174115911592e-06,3.476403435342945e-06,7.783406545058824e-06,9.172104569188377e-07,0.0003636605688370764,1.648569991630211e-06,1.1690920473483857e-05,8.642663829050434e-07,1.6549221982131712e-05,2.768935473795864e-06,8.946410900989576e-08,4.224780695949448e-06,0.00010921737703029066,0.7667434215545654,0.001382835558615625,0.007098030298948288,3.365657539688982e-05,6.691740139785907e-08,1.3130623301549349e-05,5.437858590084943e-07,7.953817049433098e-10,4.705695388906861e-08,6.1660094807791666e-09,6.806563845884739e-08,2.282001609898998e-08,9.47124499361962e-06,5.772363351752574e-07,3.4727715956250904e-06,3.2576128461414555e-08,5.093082222629164e-07,1.2632655852939934e-05,9.822347237786744e-06,1.3993107131682336e-05,1.7768874158718972e-06,1.9283074834675062e-06,3.706426943139718e-09,4.801020168088144e-06,9.614483360564918e-07,2.2851040171190107e-07,8.131367508212861e-07,0.0003652204177342355,4.773975524585694e-05,2.9605657800857443e-06,7.437919293806772e-07,4.4451855501392856e-05,3.768753958866e-05,0.0001680990681052208,1.94010468135275e-07,1.9244653230998665e-05,5.050656000094023e-06,2.937079807452392e-05,3.952238500914973e-07,1.7512566046207212e-05,2.3636137484572828e-05,8.470009561278857e-06,0.00040784646989777684,6.644680894396515e-08,5.234350282989908e-06,9.656538168201223e-06,2.038680804616888e-06,4.044080696985475e-07,8.865660561241384e-07,2.3871630219218787e-06
/users/PAS2099/jianyanggu/PlotDiversiVision/data/SCBI_005/SCBI_005_PlantDiversity_41_1_1_20140616.jpg,SCBI_005/SCBI_005_PlantDiversity_41_1_1_20140616.jpg,SCBI,2014,,SCBI_005,41_1_1,41,1,1,20140616,false,SCBI_005_PlantDiversity_41_1_1_20140616_r2_c2,3,2,2,1422,1354,2133,2031,164,1.5807903874787144e-09,1.7576972766164545e-08,4.1346561729938e-09,1.4240085022265703e-07,4.249083076501847e-07,5.6597414186398964e-06,1.6630890797841857e-07,1.395176418839128e-08,3.131083531116019e-06,1.3828683620431548e-07,6.878369731566636e-06,1.4936994375602808e-05,2.7789535579358926e-06,1.930859980348032e-06,2.1051251408721328e-08,2.0183892956993077e-06,6.182941802990172e-08,2.564997885201592e-07,5.214745968373791e-09,5.706062466970252e-08,1.0977716513593805e-08,7.463609108526725e-06,1.950343857970438e-06,2.2873342686580145e-07,2.4967803380349096e-09,1.6650260477035772e-06,1.0067735729535343e-06,2.157258149892982e-09,5.8764673127598144e-08,4.2940047961792516e-08,9.626795360873075e-09,3.731578601673391e-08,3.913525858934008e-08,1.1669744708342478e-05,1.5606835290782328e-07,3.797334215960291e-07,6.750449301762274e-07,1.9229130998610344e-07,2.9316657546019087e-08,4.240076290074057e-09,1.225176227137581e-08,1.0181749985349597e-06,2.2085941964178346e-08,3.096491596465967e-08,4.728071711923576e-09,1.6289057880314317e-09,7.07068394945054e-08,9.614739974495023e-05,6.971992206672439e-06,2.57095269518004e-08,7.029080251186315e-08,7.571226774416573e-07,8.659184658199592e-08,3.8655681433574784e-10,4.6423085109381645e-07,1.1399353461172268e-08,4.5556626560028235e-07,3.969850936869079e-08,6.410147761926055e-06,4.3736071120292763e-07,8.278525456262287e-07,3.5479789772807635e-08,4.226575534005406e-09,3.1845306693867315e-06,8.69615102150334e-10,8.991838740257663e-08,3.1606390393790207e-07,1.2393534198906764e-08,1.5971526181601803e-06,1.561393764859531e-05,2.1020848350872257e-07,2.05914787443362e-07,2.68423178795274e-07,3.0144435640977463e-06,6.409194156731246e-06,1.2547239691684808e-07,1.918493985897385e-08,2.5463104975642636e-06,2.332311010988519e-10,1.0465470268172794e-07,1.8615069166116882e-06,1.068463802766928e-06,9.08729725779267e-06,5.607021691389491e-08,1.3850744551291427e-08,4.894250196230132e-06,5.679308401340677e-08,3.104463175418459e-08,2.5789974600343157e-08,0.0006888092029839754,1.9330760991920215e-08,8.117471139712507e-08,6.250129899854073e-06,1.54663737816918e-07,7.93213075667154e-06,1.0685861298043164e-06,3.136244686174905e-08,5.575521981882048e-07,0.9981268048286438,1.1321947823716982e-09,3.355393474180346e-08,1.1322224509058287e-06,3.597274087496771e-07,9.646908694094236e-08,1.123732886298967e-06,1.9133150999550708e-05,6.883298198090415e-08,2.9306706395004767e-08,1.403236922215001e-07,1.0161848877032753e-05,5.179699087420886e-07,1.7860310563833082e-08,4.4623703843171825e-07,9.95636696643487e-07,6.66985142743215e-05,3.798756097239675e-06,0.0007609372260048985,2.46140621129598e-06,3.820724181480273e-09,1.9267899631358887e-07,1.1096924481535098e-06,4.4471543114710244e-10,1.2101174284850913e-08,7.043056693412098e-10,2.2139325928094422e-09,2.0064631900407193e-10,5.942183179286076e-06,6.826159637540741e-09,2.548553936776443e-07,2.690041078778904e-09,3.272507740348374e-07,2.128999767592177e-06,4.379450331271073e-07,2.184855389941731e-07,1.1816445066870074e-06,3.1909010544950434e-07,9.11567876737962e-10,8.959253136708867e-06,2.7662061086175527e-08,4.4735660509331865e-08,2.664540588170894e-08,2.215947006334318e-06,1.414269519273148e-07,2.506172620542202e-07,4.5231081458041444e-07,2.086563199554803e-06,9.062856406671926e-06,2.6389509457658278e-06,6.781650796483518e-08,8.410144687331922e-07,1.9480685296002775e-06,2.895235979849531e-07,2.628177453445346e-09,6.410169248738384e-07,3.644456967322185e-07,3.0986083743300696e-07,2.6550680559012108e-05,5.5299329559943544e-09,1.0859316716960166e-06,1.0984299336769254e-07,7.571804303552199e-07,4.6000863562767336e-08,5.276640990814485e-08,5.032471506183356e-08
/users/PAS2099/jianyanggu/PlotDiversiVision/data/SCBI_005/SCBI_005_PlantDiversity_41_1_4_20140613.jpg,SCBI_005/SCBI_005_PlantDiversity_41_1_4_20140613.jpg,SCBI,2014,,SCBI_005,41_1_4,41,1,4,20140613,false,SCBI_005_PlantDiversity_41_1_4_20140613_r0_c0,3,0,0,0,0,730,727,164,1.3948462829205255e-08,6.253437589975874e-08,3.3418381395478036e-09,7.353411746180427e-08,1.2846361414631247e-06,5.678289483057597e-08,1.301375185391862e-08,2.9500409226557167e-08,1.7203713014168898e-06,5.097758304373201e-08,3.058923425669491e-07,1.5447922123712488e-06,2.9351342689665216e-08,6.695408671930636e-08,2.61982879834477e-09,2.9778112775602494e-07,1.6333312657934584e-07,1.7583350597760727e-07,3.2940228322786425e-08,4.633936612208345e-08,6.261434037924118e-08,0.9997690320014954,1.7441325894651527e-07,2.7456003692805098e-08,2.2366128393791485e-10,5.152558912868699e-08,3.2216331824486133e-09,1.727621656844036e-10,1.435711272090856e-10,4.770535078080229e-10,2.8089819359422563e-10,6.065083990591802e-09,3.755595834320502e-09,2.8704029375603568e-08,4.099634054455237e-08,2.6557218646416914e-08,5.7724417246163284e-08,1.3862899272965024e-08,4.912497963971418e-09,7.712389060721137e-10,2.800242482337012e-09,2.7055240934714675e-05,5.402392844189308e-07,1.0148816009802886e-08,1.3284600086649334e-09,4.108679230174772e-10,5.3919109177513747e-08,8.13371130448104e-08,3.854147223592008e-07,1.2658574632951058e-08,9.074676654563518e-08,1.2844352568208706e-06,5.354033660864843e-08,7.06755010071447e-09,1.7513320571538316e-08,1.5122383345556045e-08,1.8033652793292276e-08,1.893922352280697e-09,4.962964226251643e-07,1.3273418630888045e-07,1.366403353131318e-06,4.991367177353823e-07,3.994779262939119e-08,2.293826071309013e-07,1.7029352372688322e-09,3.3608407647989225e-06,5.375481393343762e-08,1.433490925961678e-08,1.4592855279715877e-07,8.031323091017839e-07,1.380891347935176e-07,7.062891427267459e-08,1.1382368114709607e-07,3.241659942432307e-05,9.493371180724353e-06,4.28554365328182e-08,1.2311459158809157e-06,1.5098486073839013e-05,7.317921268956695e-10,3.5311678914240474e-08,3.557236425422161e-07,6.528174480990856e-07,7.91767433838686e-07,3.1265579991668346e-07,1.2799736737179046e-07,4.6002284648238856e-07,8.365785397757008e-09,3.295832939897991e-08,2.5631979383433645e-07,4.3429135843098265e-08,8.470504297974912e-09,7.513821032034684e-08,1.635677290323656e-05,3.9704431742393353e-07,9.685819350124802e-06,6.953875981707824e-06,3.216135837647016e-07,1.1731202903320082e-05,2.093714783768519e-06,1.619958389653675e-08,1.0133468322237604e-06,1.2368977309051843e-07,1.4152676897083438e-07,3.6724239294017025e-07,8.354182057246362e-08,1.3674991350853816e-05,2.3710316554570454e-07,8.020258346341791e-10,2.785199626487156e-09,7.183156753853837e-07,1.18136419757775e-07,3.030223538758037e-08,3.9172613242044463e-07,1.5903545147466502e-07,4.327568774442625e-07,9.880118057026266e-09,1.0533161685088999e-06,3.643747277237708e-07,1.4991197616609497e-08,1.249407830528071e-07,1.0749177548063926e-08,4.5586299179944945e-09,1.0892279300733776e-09,6.417718023676855e-10,1.562367457630387e-09,4.058504088355619e-10,1.3633316484629177e-06,4.461280127543432e-07,4.6749178750360443e-07,6.8334791158974895e-09,5.247073531222668e-08,8.036655572141171e-07,4.686130523623433e-07,6.719643010910659e-07,1.6595967622379248e-07,1.952807679117541e-06,2.461589820867971e-09,1.7352132886117033e-07,2.1054310650470143e-07,3.8745028518860636e-08,3.386137237271214e-08,1.2039805596941733e-06,1.8416511693430948e-07,1.3951981259197055e-07,2.966720735742001e-08,7.740578098491824e-07,6.094545028645371e-07,3.7134923331905156e-05,1.549416817070437e-09,5.62959485250758e-06,1.0178248288639224e-07,1.1170433822371706e-07,1.621528689099705e-08,2.644027858877962e-07,4.842652856495988e-08,1.942122906939403e-08,1.0815651307893859e-07,3.1309141945712327e-07,9.96825022525627e-09,7.224975284714219e-09,2.4024149070100975e-07,5.461700311570894e-06,8.099061865607382e-09,2.3493415213238222e-08
/users/PAS2099/jianyanggu/PlotDiversiVision/data/SCBI_005/SCBI_005_PlantDiversity_41_1_4_20140613.jpg,SCBI_005/SCBI_005_PlantDiversity_41_1_4_20140613.jpg,SCBI,2014,,SCBI_005,41_1_4,41,1,4,20140613,false,SCBI_005_PlantDiversity_41_1_4_20140613_r0_c1,3,0,1,730,0,1461,727,164,2.168300872185114e-09,2.4606283233197246e-08,3.391521374851436e-08,4.0651340782460466e-07,1.9801011603703955e-06,3.026857200438826e-07,1.7053444878456503e-08,7.147222191861147e-08,1.8330904367758194e-06,2.071395101665985e-06,1.7378737311446457e-06,5.597355539066484e-06,5.6228600442409515e-08,1.292280700226911e-07,1.2441444319222228e-08,4.2523492993495893e-07,2.1737275801569922e-07,6.209405114532274e-07,3.838249824639206e-07,1.8437641529089888e-06,2.7918028422391217e-07,0.9979419112205505,8.511177611580933e-07,8.797713348940306e-07,9.297860814605485e-10,6.36303383316772e-08,3.376843338287472e-08,4.47710490902864e-09,2.480948113614545e-09,3.394897918340689e-09,4.017877142103998e-09,7.019418291065449e-08,4.6614991333626676e-07,9.589430760570394e-08,5.039417487751052e-07,1.5592349882354029e-06,7.831742721009505e-08,2.2294807777711867e-08,1.2481851108248065e-08,1.1992916659764319e-09,1.0279439521809763e-08,0.00029723282204940915,6.630990014855342e-07,3.6931645297499927e-08,5.987512707861242e-08,9.958083246885963e-09,2.5595106762921205e-06,9.579965762895881e-07,1.225797132065054e-05,1.7638402027841948e-07,7.473589107576117e-07,2.6940751922666095e-06,2.2351703421463753e-07,1.7119603512583126e-08,5.423712536867242e-07,1.363515309549257e-07,1.233253499322018e-07,2.430440382283905e-08,2.6919385618384695e-06,4.860838771492126e-07,4.676908702094806e-06,4.0164272832043935e-06,1.5915954065803817e-07,1.5581520074192667e-07,6.9712484673800645e-09,1.1723619536496699e-05,3.7068431879561103e-07,6.520243545082849e-08,3.6206844811204064e-07,3.238586714360281e-06,2.4727034997340525e-06,5.125774805492256e-06,4.985819828107196e-07,8.023568079806864e-05,2.977331132569816e-05,9.917486920585361e-08,7.674292419324047e-07,1.0558046596997883e-05,6.220419734859206e-10,2.567036894163266e-08,1.0205370699623018e-06,3.1890448326521437e-07,2.8380304684105795e-06,1.2572606067351444e-07,3.3809695310083043e-07,4.952231620336534e-07,4.5483770350074337e-07,6.87027110757299e-08,4.5420136984830606e-07,7.28227348645305e-07,5.399989433385599e-08,2.9302185566848493e-07,0.00019256350060459226,1.7388741468948865e-07,3.306888902443461e-05,2.2252103008213453e-05,8.366128554371244e-07,4.536717369774124e-06,5.688563396688551e-05,1.1532563348737312e-07,3.793896439674427e-06,8.916570948258595e-08,1.543574938978054e-07,2.621975738748006e-07,8.173663701427358e-08,3.7123943911865354e-05,3.943972899378423e-07,2.1590246035430027e-08,5.327697394363895e-09,2.91563583232346e-06,5.047979243499867e-07,5.780517042808242e-08,1.2193321197173645e-07,6.621182819799287e-07,2.283085223098169e-06,2.839240664798126e-08,3.833934897556901e-06,2.09164295483788e-06,3.827046235471698e-09,1.437617953570225e-07,5.428864469081418e-08,5.57461099504053e-09,4.587334512251573e-09,3.7726882728961186e-10,7.005955260375174e-10,1.3586282099353753e-09,6.371174094965681e-07,8.23365951418964e-07,3.1843552278587595e-05,1.872890287302198e-08,6.363012516885647e-07,2.8689883038168773e-06,1.8988912415807135e-06,1.800448075073291e-07,1.0949348734357045e-06,6.550590569531778e-06,2.4514468677239165e-08,9.041422686095757e-07,3.1772418651598855e-07,8.142481533468526e-08,5.960621507483665e-08,2.5350538635393605e-05,1.6571904097872903e-06,1.057529402714863e-06,1.0847073639297378e-07,4.561463356367312e-06,8.979929475572135e-07,0.0010533960303291678,2.6101290018232248e-08,1.4227520068743615e-06,7.10842584794591e-07,5.511141694114485e-07,2.6841222577900226e-08,1.3446106095216237e-07,3.57432554665138e-08,1.0678533612917818e-08,1.0624902557765381e-07,3.1066261385603866e-07,8.617315927494928e-08,3.031953497156792e-07,7.324844659706287e-07,4.757180795422755e-05,8.497871561985448e-08,7.893890341392762e-08
/users/PAS2099/jianyanggu/PlotDiversiVision/data/SCBI_005/SCBI_005_PlantDiversity_41_1_4_20140613.jpg,SCBI_005/SCBI_005_PlantDiversity_41_1_4_20140613.jpg,SCBI,2014,,SCBI_005,41_1_4,41,1,4,20140613,false,SCBI_005_PlantDiversity_41_1_4_20140613_r0_c2,3,0,2,1461,0,2191,727,164,7.469358465073128e-09,8.535260320741145e-08,9.394841526955133e-08,2.537526881951635e-07,4.975519232175429e-07,3.055789932204789e-07,5.247340340019946e-08,6.325786330307892e-07,1.4153728216115269e-06,1.239682205778081e-06,2.266838237119373e-06,4.3164973249076866e-06,1.1628817020437054e-07,6.733713462381274e-07,5.0010530827648836e-08,1.3277487198593008e-07,1.1357665243849624e-06,5.489132036018418e-06,1.4711085327689943e-07,6.328417612166959e-07,6.226740651982254e-07,0.9982154369354248,2.5459911512371036e-07,3.121986765108886e-06,2.0859096672154465e-09,2.4785828500739626e-08,1.5496144811777413e-08,1.37307543113252e-09,9.842394677050947e-10,1.0017776608250983e-09,3.8632745891220566e-09,1.8324652018009147e-08,3.75037672029066e-08,4.4517611819117064e-09,5.5485362082663414e-08,9.420793389836035e-07,8.645694293818451e-08,1.1399235333442448e-08,5.98876281898697e-09,4.1262132599584334e-10,8.840964405010254e-09,0.00039229693356901407,1.3268531802168582e-06,2.7218586495791897e-08,1.0378732184790351e-07,3.2189486631750697e-08,3.428515924497333e-07,1.3147258641765802e-06,9.451245546188147e-07,4.75682568890079e-08,8.347346920345444e-07,4.375983735371847e-06,5.376454623728932e-07,1.2449887343279897e-08,2.374763994339446e-07,3.5149528798683605e-07,9.606193884792447e-08,5.082366882902534e-08,1.8976012370330864e-06,6.623452577514399e-07,1.3444206388157909e-06,3.499476588331163e-05,8.289811859185647e-08,1.4220998991731904e-06,5.868095342975721e-08,7.106584962457418e-05,4.382747249565e-07,6.418152338483196e-07,2.3127900306008087e-07,1.3015071544941748e-06,1.7141100272510812e-07,4.832843387703178e-07,1.9717097643479065e-07,7.167320745793404e-06,1.194649144053983e-06,1.8452660510703822e-09,1.5076501824751176e-07,1.4771712812944315e-06,4.720811519476342e-10,1.215402001264465e-08,3.597511124553421e-07,2.7118377943224914e-07,9.531478895041801e-07,4.838285008190724e-07,1.4600898339267587e-06,3.5574984735831094e-07,1.7132209961800982e-07,5.845641481982966e-08,1.3684707482752856e-06,3.731287051778054e-06,3.7850310263820575e-07,6.205848990248342e-07,0.0002635686832945794,3.595123985178361e-07,2.597923048597295e-05,1.8345313947065733e-05,4.087743946001865e-06,2.1807716620969586e-05,6.762499833712354e-05,3.5508278983797936e-07,1.271067503694212e-05,1.0971448638485981e-08,1.952160211260434e-08,5.193534775571607e-07,5.676477243810041e-08,5.273032729746774e-05,1.8239647658901958e-07,8.786463112642195e-09,3.856766017662494e-09,5.842634891450871e-07,1.527156996417034e-07,2.5300249006932063e-08,9.419315460945654e-08,3.882809949118382e-07,5.633916657643567e-07,3.193007636070888e-09,6.122491527094098e-07,8.044919923122507e-06,2.4272791776525082e-08,1.8445923899435002e-07,1.079682121485348e-08,9.36771016313287e-09,7.945694768807243e-09,3.299834294701043e-10,1.0306010489458117e-09,7.071037533279423e-09,5.673254008797812e-07,4.883643669018056e-06,1.596460788277909e-05,2.683117372725974e-08,7.773759875817632e-07,4.354535576567287e-06,4.78246477086941e-07,2.967574914691795e-07,6.636857392550155e-07,9.413721272721887e-06,1.690349904492905e-08,2.1393890392573667e-07,7.235748284983856e-07,1.5135675823785277e-08,1.6153936854834683e-08,1.55068719323026e-05,4.413853957885294e-07,1.0579852641967591e-05,7.235527732518676e-07,1.4873775171508896e-06,7.409850866224588e-08,0.0006259328802116215,8.709942100892931e-09,4.3413473349573906e-07,4.97214159622672e-07,2.0328866412455682e-07,5.058730323526106e-08,5.657931296809693e-07,1.668014846245569e-07,3.9276031316148874e-08,8.0882387010206e-08,4.340983252859587e-07,6.332063549052691e-07,1.3322952554517542e-06,5.011351731809555e-06,3.869683496304788e-05,7.469224101441796e-07,5.817681199005165e-07
/users/PAS2099/jianyanggu/PlotDiversiVision/data/SCBI_005/SCBI_005_PlantDiversity_41_1_4_20140613.jpg,SCBI_005/SCBI_005_PlantDiversity_41_1_4_20140613.jpg,SCBI,2014,,SCBI_005,41_1_4,41,1,4,20140613,false,SCBI_005_PlantDiversity_41_1_4_20140613_r1_c0,3,1,0,0,727,730,1454,164,7.426153752021492e-05,0.00011313126742606983,1.951414674294938e-07,1.1636449926299974e-05,0.0006649734568782151,1.1321582860546187e-05,2.079237219732022e-06,0.0004950115690007806,0.00038554772618226707,8.199646254070103e-05,2.190465784224216e-05,0.0018248505657538772,1.3644303180626594e-05,0.0025134924799203873,1.0879426781684742e-06,0.0004922247026115656,0.0002101647260133177,0.0005382654489949346,2.9447714950947557e-06,6.945741915842518e-05,7.797664693498518e-06,0.8311079144477844,0.0002318188053322956,5.940619757893728e-06,1.4670217751699965e-07,1.0878269677050412e-05,1.44184596138075e-05,5.759226837653841e-07,5.448152364806447e-07,1.559891984470596e-07,2.174611637428825e-07,7.726213198111509e-07,1.3244296042103088e-06,3.279184238635935e-05,1.0569716323516332e-05,2.623024738568347e-05,0.002229125704616308,0.0003424491733312607,0.00014310791448224336,2.1478852431755513e-05,0.00032107721199281514,0.024008365347981453,0.00014812227163929492,0.00010700966231524944,8.051935651565145e-08,2.8184322786728444e-07,9.862436854746193e-06,0.003196804551407695,0.0014532391214743257,8.99445603863569e-06,2.5756489776540548e-05,5.910513937124051e-05,3.381752549103112e-06,3.0488936886285956e-07,7.981240742083173e-06,1.1796178114309441e-06,2.348932184759178e-06,9.220859737979481e-07,0.00045312661677598953,5.732773388444912e-06,0.00040969857946038246,0.0022640565875917673,6.569398465217091e-06,2.5652258045738563e-05,1.1902576346756177e-07,0.005283724516630173,1.938322020578198e-05,1.1378338058420923e-06,0.0006222540978342295,0.002454799134284258,0.0019253832288086414,0.002180164447054267,0.0007700009155087173,0.00044253034866414964,0.00037277021328918636,1.0518748467802652e-06,1.1595461728575174e-05,7.449419354088604e-05,1.724976605999018e-08,1.3173506886232644e-05,8.707593224244192e-05,5.808589412481524e-05,0.0008839527727104723,1.3289852176967543e-05,1.3298523299454246e-05,0.00019009484094567597,1.6742686057114042e-05,0.0005604382022283971,0.00014813244342803955,1.4518357602355536e-05,9.45555811426857e-08,6.145556881165248e-07,0.03672755882143974,0.0019094672752544284,0.008342135697603226,0.004124933388084173,1.2548066479212139e-05,0.00023681613674852997,0.01636778749525547,7.799333980074152e-05,0.0005757061298936605,1.9145854821545072e-05,8.018506196094677e-05,2.0374438463477418e-05,1.7539894543006085e-05,0.0006976628792472184,0.00010057229519588873,1.8379689208813943e-05,5.8410915926288e-07,0.00019615529163274914,0.00011574035306693986,7.333500207096222e-07,0.00011955654917983338,0.00024051700893323869,0.0058520762249827385,0.00014134788943920285,0.011815297417342663,0.0008122722501866519,7.685379443955753e-08,4.215988519717939e-05,1.0015225598181132e-05,2.388819666521158e-05,4.709107543021673e-06,4.706234449258773e-06,5.757582584919874e-06,1.4241722965380177e-06,2.536733154556714e-05,0.0015771210892125964,0.0018313219770789146,3.094168732786784e-06,3.092435508733615e-05,0.0002848604053724557,8.451093162875623e-05,3.190734059899114e-05,7.069238199619576e-05,0.001052486477419734,3.5870655779035587e-07,1.0475107956153806e-05,1.4881031347613316e-05,1.5802985444679507e-06,1.5466440572708962e-06,0.0015996245201677084,0.00024077127454802394,4.604324567480944e-05,5.568428605329245e-05,0.0005888395244255662,0.0008774853777140379,0.00979769229888916,1.8816330111803836e-06,0.0002866699651349336,2.0981295165256597e-05,0.001058861380442977,6.009358912706375e-07,8.534577318641823e-06,1.967636308108922e-06,3.155063268422964e-06,0.00012146661902079359,4.1646917452453636e-06,2.5633380573708564e-05,2.2803322281106375e-05,6.645850953646004e-05,0.0010152909671887755,1.1613256901910063e-05,1.1961624295508955e-05
/users/PAS2099/jianyanggu/PlotDiversiVision/data/SCBI_005/SCBI_005_PlantDiversity_41_1_4_20140613.jpg,SCBI_005/SCBI_005_PlantDiversity_41_1_4_20140613.jpg,SCBI,2014,,SCBI_005,41_1_4,41,1,4,20140613,false,SCBI_005_PlantDiversity_41_1_4_20140613_r1_c1,3,1,1,730,727,1461,1454,164,9.894389307874007e-09,1.3412238786258968e-07,6.646048156255802e-09,1.9733880662897718e-07,5.398815687840397e-07,4.788675141753629e-06,5.994415346322057e-07,2.57069121545328e-08,6.473233952419832e-06,7.403103268188715e-07,4.37907374362112e-06,4.353127224021591e-05,7.194083991635125e-06,7.0732621679781005e-06,1.0544427198055928e-07,1.2888740457128733e-06,1.196555245996933e-07,5.971501195745077e-07,8.573175058756988e-09,1.4555293148532655e-07,4.5830496731014136e-08,1.4587158148060553e-05,2.7910364224226214e-06,5.292595801620337e-07,2.4039570334366545e-08,3.779262442549225e-06,1.1742585002139094e-06,3.5520033581093458e-09,2.4288452138421235e-08,5.985980067180208e-08,1.2245002345423472e-08,8.258974304453659e-08,5.497404487186941e-08,6.147607564344071e-06,1.7637587745866767e-07,3.625603142154432e-07,3.8892462725925725e-06,5.035572030465119e-07,9.894243646613177e-08,7.697678050533341e-09,3.810149351579639e-08,3.405303914405522e-06,6.527083940000011e-08,5.5508873941789716e-08,1.0111077308749827e-08,1.7164774046563025e-09,2.860898291601188e-07,8.960669947555289e-05,7.181498403951991e-06,4.648532225814961e-08,2.5319286578451283e-07,1.5171939367064624e-06,1.1475246708414488e-07,5.710244499468331e-10,4.604501100402558e-07,1.7735070301228006e-08,2.6111447937182675e-07,1.7519491635198392e-08,7.017334155534627e-06,7.047053145470272e-07,7.4917977599398e-07,2.8977700594623457e-07,5.0171982124425085e-09,2.739152478170581e-06,3.0111442228530905e-09,9.27173232412315e-07,1.2528465731520555e-06,3.401704162797614e-08,1.0347390571041615e-06,2.067369314318057e-05,7.036496754153632e-07,5.66110543331888e-07,6.624590582759993e-07,3.211556759197265e-06,6.016135557729285e-06,5.4389154513501126e-08,4.3076269662378763e-08,1.924237267303397e-06,2.5586938123822733e-10,1.3539312249122304e-07,2.033927330558072e-06,1.4171072280078079e-06,5.175896603759611e-06,4.012271404008061e-08,1.4493175548579984e-08,6.295026196312392e-06,8.26411223897594e-08,6.001162233815194e-08,7.45470458696218e-08,0.0009782499400898814,2.612249616618101e-08,2.2233574270558165e-07,3.535100040608086e-05,6.822322120569879e-07,1.5949939552228898e-05,3.357539526405162e-06,4.485618632088517e-08,7.612185868310917e-07,0.9981508851051331,1.0007240369702686e-08,1.253854691185552e-07,8.278408927253622e-07,4.0807469758874504e-07,9.070156181678612e-08,1.330934196630551e-06,2.4401881091762334e-05,1.337473634066555e-07,4.281317345089519e-08,5.736474690820614e-07,1.2030922334815841e-05,1.034147089740145e-06,2.5826729199707188e-08,7.008983970990812e-07,5.009422238799743e-06,5.2054019761271775e-05,3.1699541978014167e-06,0.000318309263093397,3.398724402359221e-06,2.737247095652151e-09,2.536481815695879e-07,9.309938491242065e-07,1.0618486090407941e-09,4.1354521584935355e-08,1.8547441360539096e-09,4.811647968949728e-09,4.851271051542483e-10,9.351267181045841e-06,2.754479311306568e-08,4.510415010372526e-07,3.1685831736183445e-09,5.008100742998067e-07,3.914624812750844e-06,6.144087478787696e-07,7.908026873337803e-07,9.205757578456542e-07,1.3980192079543485e-06,6.080518311080141e-10,5.6720896282058675e-06,5.8635766464476546e-08,1.216803866554983e-07,5.5628003536867254e-08,4.224056738166837e-06,2.8465501600294374e-07,1.766452157880849e-07,2.3659934811348649e-07,5.082702500658343e-06,1.279981734114699e-05,8.192367204173934e-06,8.062825429533405e-08,3.028058699783287e-06,2.31639410230855e-06,1.206129127240274e-06,4.99302599266116e-09,1.0470281495145173e-06,5.253793347037572e-07,2.59930885704307e-07,4.342992542660795e-05,1.3248946828525732e-08,9.54308575273899e-07,1.8733334172793548e-07,1.3690400919585954e-06,2.430533356800879e-07,1.9573737120026635e-07,1.6390571033753076e-07
/users/PAS2099/jianyanggu/PlotDiversiVision/data/SCBI_005/SCBI_005_PlantDiversity_41_1_4_20140613.jpg,SCBI_005/SCBI_005_PlantDiversity_41_1_4_20140613.jpg,SCBI,2014,,SCBI_005,41_1_4,41,1,4,20140613,false,SCBI_005_PlantDiversity_41_1_4_20140613_r1_c2,3,1,2,1461,727,2191,1454,164,3.556395355985842e-08,7.73828048750147e-07,3.711760854230306e-08,1.1389590781618608e-06,5.836574928252958e-06,1.2889818208350334e-05,8.282413546112366e-07,5.5066561088779054e-08,3.120795372524299e-05,3.5424120596871944e-06,1.647576573304832e-05,8.491522748954594e-05,8.385868568439037e-06,4.194716439087642e-06,1.3243888474789856e-07,9.589538422005717e-06,1.7984002909088304e-07,2.126768322341377e-06,8.928779493544425e-08,1.877955014606414e-06,2.5178545115522866e-07,0.0003724860434886068,4.816646196559304e-06,3.871524768328527e-06,1.6312329265133485e-08,1.7289457900915295e-05,1.8499828229323612e-06,7.796881362764907e-09,2.9726129113782918e-08,8.48772074846238e-08,1.501810942272641e-08,2.2985048531154462e-07,1.9766864056691702e-07,6.747520728822565e-06,6.20144305685244e-07,5.886433882551501e-07,1.5529829397564754e-05,9.017197157845658e-07,3.0742026524421817e-07,2.981039060045987e-08,1.588027487287036e-07,3.271676177973859e-05,9.582470994473624e-08,2.1109813985731307e-07,2.575999680232144e-08,1.740981758757698e-08,1.8697917312238133e-06,9.28943554754369e-05,2.0449429939617403e-05,5.6812822890606185e-08,1.9946392058045603e-06,1.941630762303248e-05,6.86704368035862e-07,5.925603896450582e-10,1.2822280268665054e-06,1.253155517133564e-07,1.6656047137075802e-06,1.069976960366148e-07,8.645965135656297e-05,1.718096541480918e-06,1.917333520395914e-06,1.5282058711818536e-06,2.098815521378583e-08,4.702612932305783e-05,4.314363533097776e-09,2.419598104097531e-06,1.3991650575917447e-06,7.118099887293283e-08,6.931949883437483e-06,7.325290061999112e-05,3.5031323477596743e-06,3.7184963730396703e-06,2.7868104552908335e-06,2.9578788598882966e-05,4.8993915697792545e-05,1.0968435049107939e-07,3.6322865071269916e-07,1.0963090971927159e-05,1.7690517939428219e-09,8.173065566552395e-07,3.87498403142672e-05,3.5746654702961678e-06,5.12178075950942e-06,2.812000445828744e-07,1.43319724088542e-07,1.4177988305164035e-05,3.1692363222646236e-07,1.9666303785470518e-07,1.3910113239035127e-07,0.002024639630690217,1.7139259966825193e-07,4.305884431232698e-07,5.166347182239406e-05,2.6264185635227477e-06,0.00020900792151223868,2.966036663565319e-05,5.269927214612835e-07,1.5369283801192068e-06,0.9955072402954102,7.338787355593013e-08,5.62616037314001e-07,1.7654276689427206e-06,1.0820450597748277e-06,4.5006316895523923e-07,8.305799383379053e-06,3.702037793118507e-05,4.3455696641103714e-07,6.614354930434274e-08,9.997322649724083e-07,3.0798400985077024e-05,3.915009529009694e-06,4.7682682691174705e-08,2.1126741103216773e-06,7.749893484287895e-06,3.693883991218172e-05,5.593610694631934e-07,0.00021182849013712257,2.419128577457741e-05,2.304790136520296e-08,1.0018047191806545e-07,9.263663969250047e-07,5.419522608463012e-09,1.1460318916078904e-07,1.172041219632547e-08,1.716188613443137e-08,3.378228807804362e-09,3.776278026634827e-05,2.353766461737905e-07,1.188539681606926e-05,3.58642182618496e-08,1.9640085156424902e-05,6.948924419702962e-05,5.583846700574213e-07,3.981230747740483e-06,6.5938297666434664e-06,3.1151087114267284e-06,2.962173284437597e-10,1.9063145373365842e-05,5.871383024214083e-08,1.0973749908771424e-07,4.718652846236182e-08,4.044082379550673e-05,1.4324054973258171e-06,4.220121070375171e-07,5.140549319548882e-07,1.305878504354041e-05,3.53086506947875e-05,0.00016469050024170429,2.0187432880902634e-07,2.5792976884986274e-05,9.68959375313716e-06,3.989197011833312e-06,1.3070875048981634e-08,1.8060392221741495e-06,3.7110144148755353e-06,8.988005788523878e-07,0.00014116581587586552,1.63969904320993e-08,2.0284167021600297e-06,6.122767786109762e-07,5.204004992265254e-06,6.069424671295565e-06,1.4946625697120908e-06,1.109294998968835e-06
/users/PAS2099/jianyanggu/PlotDiversiVision/data/SCBI_005/SCBI_005_PlantDiversity_41_1_4_20140613.jpg,SCBI_005/SCBI_005_PlantDiversity_41_1_4_20140613.jpg,SCBI,2014,,SCBI_005,41_1_4,41,1,4,20140613,false,SCBI_005_PlantDiversity_41_1_4_20140613_r2_c0,3,2,0,0,1454,730,2181,164,1.7789211881336087e-08,1.687523081272957e-07,1.1669564869976057e-08,9.474310047608014e-08,1.5421393300130148e-06,2.7053411031374708e-06,1.2572081686812453e-06,5.2066461364574934e-08,9.483649591857102e-06,5.890977945455234e-07,8.900911780074239e-06,7.948866550577804e-05,1.7914813724928536e-05,4.5065658014209475e-06,1.4535707748564164e-07,8.545563332518213e-07,9.103156628498255e-08,3.1793021548764955e-07,2.8083999126238268e-08,4.642226656415005e-07,5.811713776893157e-08,1.3127524653100409e-05,2.048918531727395e-06,9.750929166330025e-07,2.319407244044669e-08,9.703993782750331e-06,1.148839373854571e-06,2.0118398058599496e-09,1.2081081912640457e-08,7.334681129123055e-08,4.741914860773022e-09,6.562212462313255e-08,3.33245040451402e-08,7.866870873840526e-06,1.8509791743781534e-07,1.9589653277307661e-07,6.586546078324318e-06,3.93430980238918e-07,1.0893472790485248e-07,7.617553698935353e-09,2.8658780237833525e-08,5.119637535244692e-06,7.917019217984489e-08,7.432500837012412e-08,1.6300278460334994e-08,2.0228907438024635e-09,3.2165334573619475e-07,0.00013662714627571404,9.146257980319206e-06,1.2168689522695786e-07,1.7013164210766263e-07,3.9539763747598045e-06,2.512493892936618e-07,7.335680951570112e-10,1.0448179637023713e-06,3.309040863541668e-08,1.3669842928720755e-06,3.129305525817472e-08,7.04152307662298e-06,1.2802938726963475e-06,9.20351226341154e-07,1.4559236660716124e-07,5.067497976796176e-09,3.436611223150976e-06,3.4166980356076238e-09,6.399427547876257e-07,1.1007558669007267e-06,4.280844478898871e-08,1.8472486544851563e-06,2.326801768504083e-05,6.093810611673689e-07,4.377502307306713e-07,1.1947589655392221e-06,4.7542748689011205e-06,7.454031219822355e-06,1.0990685694878266e-07,8.248900940088788e-08,3.623144721132121e-06,5.782980205815136e-10,1.5227365679493232e-07,1.330310169578297e-06,8.411311682721134e-07,5.730900738853961e-06,5.2070038947249486e-08,1.1882217876291179e-08,7.574246410513297e-06,8.865761458309862e-08,8.208971991052749e-08,8.719025856862572e-08,0.001088178250938654,4.853590596098911e-08,4.2269081745871517e-07,1.7470938473707065e-05,9.871365591607173e-07,2.7551564926397987e-05,3.839891178358812e-06,9.60828643314926e-08,4.9030188620236e-07,0.9978883862495422,8.237544868450186e-09,9.738582207319268e-08,1.0479951697561773e-06,4.130520210310351e-07,2.226761495194296e-07,1.257189069292508e-06,5.636762216454372e-05,1.2277423877549154e-07,5.098524979985086e-08,4.163821643032861e-07,6.50415086056455e-06,6.295360890362645e-07,2.97270705829078e-08,6.859379482193617e-07,3.540672878443729e-06,6.536240107379854e-05,4.64162712887628e-06,0.0002846707066055387,1.0039299922937062e-05,3.746258414594195e-09,2.653935098351212e-07,1.7342971432299237e-06,7.331680818012387e-10,4.610194181964289e-08,1.9154025032719346e-09,6.3103575698164605e-09,6.204303182322235e-10,1.639109177631326e-05,5.1929593070099145e-08,4.126598582843144e-07,2.367418039384006e-09,3.5269752629574214e-07,2.1196915440668818e-06,1.177075318992138e-06,7.488027335966763e-07,6.856763548057643e-07,8.027231501728238e-07,1.1652966369624096e-09,6.928599759703502e-06,6.947225017484016e-08,1.3983706992348743e-07,7.496169018850196e-08,6.2605909079138655e-06,3.324110764424404e-07,1.0663637084462607e-07,2.521682915812562e-07,1.4188391105562914e-05,2.3436470655724406e-05,7.0574692472291645e-06,5.198152308594217e-08,6.948557256691856e-06,7.858533535909373e-06,1.2535590485640569e-06,7.1603438733802705e-09,1.7109563259509741e-06,1.090353862309712e-06,4.1895532376656774e-07,2.5363107852172107e-05,1.047123010522455e-08,5.248626280263124e-07,1.7921973949341918e-07,2.232478209407418e-06,1.191495044849944e-07,5.506538514055137e-07,7.206414238680736e-07
/users/PAS2099/jianyanggu/PlotDiversiVision/data/SCBI_005/SCBI_005_PlantDiversity_41_1_4_20140613.jpg,SCBI_005/SCBI_005_PlantDiversity_41_1_4_20140613.jpg,SCBI,2014,,SCBI_005,41_1_4,41,1,4,20140613,false,SCBI_005_PlantDiversity_41_1_4_20140613_r2_c1,3,2,1,730,1454,1461,2181,164,3.160983226280223e-07,4.2857209336943924e-06,1.3357411887682247e-07,7.655728495592484e-07,3.982545968028717e-05,1.3562495951191522e-05,3.4480378872103756e-06,6.490643613688007e-07,0.00011358728079358116,2.0661649614339694e-05,3.680949521367438e-05,0.0008533137734048069,2.606134512461722e-05,2.1844703951501288e-05,4.036117502437264e-07,2.555161881900858e-05,1.1432355222495971e-06,5.732522367907222e-06,6.33840215868986e-07,4.01722581955255e-06,1.773495910128986e-07,8.429698937106878e-05,2.062448038486764e-05,4.9529939133208245e-05,5.4790902481727244e-08,9.01532985153608e-05,6.0285259678494185e-05,1.674992233802186e-07,7.217258257696813e-07,2.675753421499394e-06,2.8556777920130116e-07,2.7110042992717354e-06,1.9713593246706296e-06,0.0001005061567411758,9.442646842217073e-06,7.490378720831359e-06,6.561401096405461e-05,1.5277777492883615e-05,5.408428933151299e-06,8.699799423084187e-07,5.475752459460637e-06,1.5729350707260892e-05,2.879414751078002e-07,1.1400867379052215e-06,1.0783254822399613e-07,2.0620053930997528e-07,2.130767143171397e-06,0.00016585842240601778,0.00027601985493674874,9.066842210359027e-08,3.2864402328414144e-06,5.841443271492608e-05,5.811479240946937e-06,2.5620767729606087e-09,2.67863451881567e-05,4.2342864503552846e-07,2.623840919113718e-05,4.0365944187215064e-07,8.789138519205153e-05,6.410160949599231e-06,1.1918606105609797e-05,3.765321480386774e-06,1.015403299220452e-07,1.6038238754845224e-05,3.161739758894555e-09,5.947026238573017e-06,9.970602832254372e-07,7.31844806978188e-08,3.263865801272914e-05,0.00015508494107052684,3.2692114473320544e-05,2.6071387765114196e-05,2.869921263481956e-05,3.209638089174405e-05,8.943705324782059e-05,5.482207825480145e-07,2.171026807218368e-07,2.0843966922257096e-05,9.216051033433814e-09,3.5084876799373887e-06,1.9104236343991943e-05,9.7906731753028e-06,2.1426603780128062e-05,2.3277518721442902e-06,1.4083127553021768e-07,6.195052264956757e-05,7.207628982541792e-07,3.6701651424664306e-06,1.1478326769065461e-06,0.005999443121254444,1.863854635075768e-07,7.294175929928315e-07,7.546769484179094e-05,8.38774285512045e-05,0.00023497101210523397,6.707730062771589e-05,3.322413988371409e-07,1.0564335752860643e-05,0.9873700141906738,1.0997697330594747e-07,4.596539838530589e-06,1.7027346984832548e-05,6.547020802827319e-06,1.7172411617139005e-06,1.0390677743998822e-05,0.0004036831669509411,1.4579652543034172e-06,2.278231704622158e-06,7.800086336828826e-07,6.865280738566071e-05,4.313670160627225e-06,6.738213187418296e-08,1.573019108036533e-05,3.329954415676184e-05,0.0002360634971410036,2.1726114937337115e-05,0.0006461674929596484,8.044902642723173e-05,3.833201489555904e-08,1.4230075748855597e-06,4.247991910233395e-06,4.173281720198929e-09,4.149935648456449e-06,1.7601642809950135e-07,4.701145428498421e-07,2.0395766853198438e-07,0.00012980787141714245,7.658181857550517e-07,3.961708898714278e-06,2.0749606477465932e-08,5.9008134485338815e-06,1.1919060852960683e-05,2.1489047412615037e-06,3.540906618582085e-05,9.33167575567495e-06,2.5602063033147715e-05,2.793015596580517e-09,2.8298280085437e-05,5.431044769466098e-07,2.7547454806153837e-07,9.241649934210727e-08,7.741991430521011e-05,4.644162800104823e-06,1.2513429510363494e-06,2.1720968561567133e-06,2.5902665583998896e-05,0.00015748270379845053,9.447912452742457e-05,5.631774229186703e-07,0.00018846198508981615,0.00010192857007496059,2.7310490622767247e-05,1.0009011219835884e-07,3.7871022868785076e-06,2.8586546250153333e-06,1.1420804639783455e-06,0.0006661197985522449,4.284360244355412e-08,5.564105322264368e-06,5.583667189057451e-06,2.709846285142703e-06,5.2203977247700095e-06,3.3760109090508195e-06,4.570888449961785e-06
/users/PAS2099/jianyanggu/PlotDiversiVision/data/SCBI_005/SCBI_005_PlantDiversity_41_1_4_20140613.jpg,SCBI_005/SCBI_005_PlantDiversity_41_1_4_20140613.jpg,SCBI,2014,,SCBI_005,41_1_4,41,1,4,20140613,false,SCBI_005_PlantDiversity_41_1_4_20140613_r2_c2,3,2,2,1461,1454,2191,2181,164,1.5364669252448948e-06,7.480236945411889e-06,7.905551058229321e-08,4.3854916498276e-07,1.7568043404025957e-05,3.65126879842137e-06,4.629196155292448e-06,9.243874046660494e-06,3.384701631148346e-05,2.5169474611175247e-05,2.9046685085631907e-05,0.0002418301737634465,2.8199661755934358e-05,2.893498822231777e-05,1.2082753073627828e-06,5.351005711418111e-06,1.0232225804429618e-06,4.690969490184216e-06,2.2443546754402632e-07,3.9586702769156545e-06,6.555282539011387e-08,6.088635200285353e-05,1.0359996849729214e-05,5.5046537454472855e-05,8.58561861605267e-08,3.4689088352024555e-05,1.0078092600451782e-05,5.426047167134129e-08,6.840848953970635e-08,3.7925769902358297e-07,1.1937925137317507e-07,2.056898665614426e-06,1.8542663156040362e-06,3.510656097205356e-05,1.6356042351617361e-06,3.5747236779570812e-06,2.4856892196112312e-05,1.754540608089883e-05,3.081453178310767e-05,3.6167234611639287e-06,2.9138131139916368e-05,1.8344549971516244e-05,1.0305119957365605e-07,8.768194561525888e-07,9.661359001711389e-08,1.3729255954331165e-07,7.084980211402581e-07,3.9330981962848455e-05,0.00019890282419510186,1.289566995410496e-07,2.1046485016995575e-06,3.011771332239732e-05,1.365062144031981e-05,7.010578229049713e-10,4.954445830662735e-05,1.6588345488344203e-06,1.3026706255914178e-05,2.5989325536102115e-07,1.6793754184618592e-05,4.859079126617871e-06,5.28943110111868e-06,3.2574564556853147e-06,1.1099898244992801e-07,9.560437320033088e-06,1.0692058349803801e-09,1.9136828996124677e-05,1.5117636849026894e-06,1.6935970847953286e-08,1.6812085959827527e-05,0.00016713938384782523,0.00010315165127394721,5.5834105296526104e-05,7.424088721563749e-07,0.00011828469723695889,9.977455192711204e-05,9.149812854047923e-07,4.3658121740008937e-07,2.628196671139449e-05,1.776080083004672e-08,7.423324177580071e-07,2.085874803015031e-05,1.3886125998396892e-05,1.116104976972565e-05,9.54734900915355e-07,5.3587626780426945e-08,1.0168456356041133e-05,6.974073585297447e-07,1.9418177544139326e-05,1.264263460143411e-06,0.000788484641816467,3.233385825751611e-08,2.7934748914049123e-07,5.207528010942042e-05,9.411144128534943e-05,0.0003568269603420049,7.048728730296716e-05,7.41257167646836e-07,1.1888855624420103e-05,0.9949653744697571,3.4887580113718286e-07,3.5264251891931053e-06,1.0226768608845305e-05,5.757546205131803e-06,3.017853714482044e-06,6.99782140145544e-06,0.00016555047477595508,8.310498742503114e-06,6.702834411953518e-07,6.966601517888193e-07,1.4502768863167148e-05,2.3957941266417038e-06,1.5842354628148314e-07,5.298094492900418e-06,3.0334253096953034e-05,0.00022356763656716794,4.682281087298179e-06,0.0004340859013609588,2.647476503625512e-05,3.470822562690046e-08,1.2586141338033485e-06,1.3446724551613443e-06,1.3424364730951766e-08,4.3819676648126915e-05,1.160436568170553e-06,3.663574489110033e-06,1.724967546579137e-06,3.406748510315083e-05,1.4866690207782085e-06,9.413472980668303e-06,3.315320284968948e-08,1.0360708074586e-05,1.608522143214941e-05,1.471216478421411e-06,1.230693123943638e-05,2.3753380446578376e-05,5.7920693507185206e-05,3.2308428155047864e-10,2.3184275050880387e-06,5.288944180392718e-07,1.0272425754465075e-07,1.928137294271437e-08,5.02260954817757e-05,2.214378355347435e-06,1.645536144678772e-06,1.3382503993852879e-06,5.223962580203079e-05,0.0001947285927599296,7.877776806708425e-05,1.606313162483275e-07,5.7989669585367665e-05,2.558749656600412e-05,4.215319131617434e-05,2.3211431710024044e-07,4.122683094465174e-06,1.583275548000529e-06,5.335410264706297e-07,5.105714444653131e-05,4.264104180862205e-09,1.6537860574317165e-06,2.669725745363394e-06,3.005354301421903e-06,2.846780262188986e-06,3.398208355065435e-05,1.3218326785136014e-05
