image_path,relative_image_path,site_id,year,site_year,plot_id,subplot_id,subplot_base,subplot_row,subplot_col,image_date,is_straightened,crop_id,grid_size,grid_row,grid_col,x_min,y_min,x_max,y_max,species_count,Acer platanoides,Acer rubrum,Achillea millefolium,Actaea racemosa,Adiantum pedatum,Agrimonia parviflora,Agrostis gigantea,Ailanthus altissima,Alliaria petiolata,Allium vineale,Ambrosia artemisiifolia,Amphicarpaea bracteata,Anthoxanthum odoratum,Apocynum cannabinum,Arrhenatherum elatius,Asarum canadense,Asclepias syriaca,Asimina triloba,Asplenium pinnatifidum,Asplenium platyneuron,Barbarea vulgaris,Berberis thunbergii,Boehmeria cylindrica,Botrychium virginianum,Bromus arvensis,Cardamine concatenata,Carex amphibola,Carex brevior,Carex conjuncta,Carex gracilescens Steud.,Carex gravida,Carex hirsutella,Carex muehlenbergii,Carex platyphylla,Carex rosea,Carex vulpinoidea,Carpinus caroliniana,Carya cordiformis,Carya glabra,Carya ovalis,Carya alba,Celastrus orbiculatus,Celastrus scandens,Celtis occidentalis,Chondrilla juncea,Cirsium discolor,Clinopodium vulgare,Commelina communis,Conopholis americana,Convolvulus arvensis,Cornus florida,Corydalis flavula,Cruciata pedemontana,Cynoglossum officinale,Cyperus lupulinus,Daucus carota,Sitobolium punctilobum,Deparia acrostichoides,Hylodesmum nudiflorum,Dianthus armeria,Dioscorea villosa,Diospyros virginiana,Dipsacus laciniatus,Potentilla indica,Echium vulgare,Elaeagnus umbellata,Elymus repens,Erigeron annuus,Eurybia divaricata,Festuca subverticillata,Fraxinus americana,Fraxinus pennsylvanica,Galearis spectabilis,Galium aparine,Galium circaezans,Galium latifolium,Galium mollugo,Galium triflorum,Geranium columbinum,Geranium maculatum,Geum canadense,Gillenia trifoliata,Hackelia virginiana,Heuchera americana,Hydrangea arborescens,Impatiens capensis,Ipomoea pandurata,Juglans nigra,Lactuca serriola,Leersia virginica,Leucanthemum vulgare,Linaria vulgaris,Lindera benzoin,Liriodendron tulipifera,Lonicera japonica,Lonicera maackii,Medicago lupulina,Menispermum canadense,Microstegium vimineum,Morus alba,Nyssa sylvatica,Osmorhiza claytonii,Osmorhiza longistylis,Oxalis stricta,Panax quinquefolius,Paronychia canadensis,Parthenocissus quinquefolia,Peltandra virginica,Phleum pratense,Phryma leptostachya,Pilea pumila,Plantago lanceolata,Podophyllum peltatum,Polygonatum biflorum,Persicaria perfoliata,Polygonum sagittatum,Persicaria virginiana,Polystichum acrostichoides,Potentilla recta,Prenanthes altissima L.,Prunella vulgaris,Prunus avium,Quercus alba,Quercus montana,Quercus rubra,Quercus velutina,Ranunculus abortivus,Robinia pseudoacacia,Rosa multiflora,Rubus allegheniensis,Rubus flagellaris,Rubus phoenicolasius,Rumex acetosella,Sanguinaria canadensis,Sanicula canadensis,Sassafras albidum,"Schedonorus arundinaceus (Schreb.) Dumort., nom. cons.",Scutellaria serrata,Silene antirrhina,Silene latifolia,Silene vulgaris,Smilax rotundifolia,Smilax tamnoides,Solidago altissima,Solidago curtisii,Stellaria media,Stellaria pubera,Symphoricarpos orbiculatus,Teucrium canadense,Thalictrum thalictroides,Amauropelta noveboracensis,Toxicodendron radicans,Tragopogon dubius,Trifolium arvense,Trifolium campestre,Trifolium pratense,Uvularia perfoliata,Verbascum thapsus L.,Verbesina alternifolia,Verbesina occidentalis,Veronica hederifolia,Viburnum prunifolium,Vicia sativa,Vicia tetrasperma
/users/PAS2099/jianyanggu/PlotDiversiVision/data/SCBI_021/SCBI_021_PlantDiversity_31_1_1_20150601-straightened.jpg,SCBI_021/SCBI_021_PlantDiversity_31_1_1_20150601-straightened.jpg,SCBI,2015,,SCBI_021,31_1_1,31,1,1,20150601,true,SCBI_021_PlantDiversity_31_1_1_20150601-straightened_r0_c0,3,0,0,0,0,540,467,164,2.6968397293103408e-08,1.6031064831167896e-07,1.922094661210849e-08,1.9532879491634958e-07,2.554234924900811e-06,4.877765150013147e-06,7.016078598098829e-07,1.257553776667919e-07,1.8865681340685114e-05,1.1290117072348949e-06,1.6082900401670486e-05,0.00015188762336038053,8.773691661190242e-06,1.1958089999097865e-05,1.9667012907120807e-07,2.970773493871093e-06,2.0171688674963661e-07,7.459977950929897e-07,1.1259611021330329e-08,2.59463490692724e-07,5.886328580118061e-08,3.1921772460918874e-05,6.296328592725331e-06,3.919856226275442e-07,1.7910494420902978e-08,4.304694812162779e-06,6.835614385636291e-07,6.7328658204246494e-09,1.756742484815277e-08,8.182433930414845e-08,7.572390714472022e-09,4.3440007146955395e-08,3.8978605232387054e-08,2.488849077053601e-06,2.447412725814502e-07,4.6589235580540844e-07,5.101160240883473e-06,5.086777719043312e-07,5.6823541427775126e-08,9.21011178434128e-09,1.8458109707353287e-08,7.421209375024773e-06,9.398328160159508e-08,1.829339026926391e-07,2.5389805813347266e-08,2.9108098154040363e-09,5.042919610787067e-07,6.511606625281274e-05,1.315816643909784e-05,1.421314266281115e-07,1.298255085657729e-07,3.545906338331406e-06,2.701360983792256e-07,9.554955715529445e-10,9.4142285433918e-07,6.201238278435994e-08,1.022872083922266e-06,6.136500729780892e-08,1.996653554670047e-05,8.380698091059458e-07,6.265800607252459e-07,1.7913305327965645e-07,1.3412908117516054e-08,2.9590109988930635e-06,5.2811803818997305e-09,1.262664227397181e-06,1.4457641555054579e-06,3.979077689564292e-08,2.7773380679718684e-06,2.4762832254054956e-05,1.4239578831620747e-06,1.818437453948718e-06,7.337404781537771e-07,3.871220997098135e-06,3.5586440390034113e-06,4.554383892241276e-08,6.486977355280032e-08,1.6594368617006694e-06,9.308263049234711e-10,1.7353828241084557e-07,2.0083170966245234e-06,1.3945157206762815e-06,4.301543413021136e-06,1.3185838554363727e-07,3.52922349122764e-08,1.8164279026677832e-05,2.2644626085366326e-07,1.2266244198144705e-07,1.391294972563628e-07,0.0012619293993338943,7.96901886701562e-08,3.284646368229005e-07,3.2539453968638554e-05,8.17205091152573e-07,3.8296700950013474e-05,1.426911330781877e-05,1.5630939742550254e-07,1.32901766392024e-06,0.9975351095199585,4.6748724003009556e-08,1.04058592853562e-07,1.2379585996313835e-06,6.401116365850612e-07,3.6768756217497867e-07,1.4815973372606095e-06,4.5807533751940355e-05,1.6775756250808627e-07,5.75506291511374e-08,6.603604560950771e-07,1.2605135452758987e-05,1.4432404213948757e-06,3.042659102447942e-08,6.090166380090523e-07,2.355604010517709e-06,0.00016013304411899298,3.6344010823086137e-06,0.00030039381817914546,6.833766292402288e-06,6.230304716581259e-09,5.676723731085076e-07,1.6030645610953798e-06,4.284766763618109e-09,1.6171650685237182e-08,1.31372746015046e-09,3.9423762032697596e-09,4.0914996390917224e-10,5.919458544667577e-06,1.838644010376811e-07,1.2013774721708614e-06,3.822175465018063e-09,3.5688384514287463e-07,6.793738066335209e-06,9.707326853458653e-07,1.076164608093677e-06,6.067556910238636e-07,1.0440337518957676e-06,2.7208633124331527e-09,7.751562407065649e-06,6.725348100644624e-08,5.4171373164990655e-08,6.301440436118355e-08,3.4052031878673006e-06,1.8052975292448536e-07,1.9350142110852175e-07,3.23983471162137e-07,6.2171375247999094e-06,8.438124496024102e-06,2.904382381530013e-05,1.2144722916218598e-07,4.284249826014275e-06,6.521372597489972e-06,1.9986719053122215e-06,6.8807883835120265e-09,1.43112447403837e-06,7.489231848012423e-07,3.1600910688212025e-07,1.8125032511306927e-05,2.1396758143055195e-08,1.4892128774590674e-06,5.30011675436981e-07,1.1869281024701195e-06,3.69092873597765e-07,4.962880666425917e-07,6.831495511505636e-07
/users/PAS2099/jianyanggu/PlotDiversiVision/data/SCBI_021/SCBI_021_PlantDiversity_31_1_1_20150601-straightened.jpg,SCBI_021/SCBI_021_PlantDiversity_31_1_1_20150601-straightened.jpg,SCBI,2015,,SCBI_021,31_1_1,31,1,1,20150601,true,SCBI_021_PlantDiversity_31_1_1_20150601-straightened_r0_c1,3,0,1,540,0,1080,467,164,7.470023710709484e-09,2.9593469008659667e-08,5.000713176883664e-09,1.330529471488262e-06,1.2922920404889737e-06,7.09150242528267e-07,2.7688606962783524e-09,2.5026924959092867e-06,1.2222113809912116e-06,1.8820463765223394e-06,1.97553777070425e-06,5.1293009164510295e-05,4.4189931713845e-09,0.00019205671560484916,7.621508979482883e-10,1.4946083410904976e-06,4.6417371777351946e-06,2.682467084014206e-07,3.8344119546174227e-10,2.8438273957931415e-08,1.275764471841967e-08,0.00017888957518152893,7.87654789746739e-06,7.56705347271236e-08,6.284459758143512e-11,6.392716578318414e-09,5.045186046714889e-09,2.5652457935620987e-09,5.388607893230812e-10,2.973262192007553e-10,2.79037376538227e-10,1.4494628608474613e-08,9.21179932333871e-09,2.5542996606731094e-09,5.476580966501388e-09,1.1810872280193507e-08,4.1546701368133654e-07,1.241642451077496e-07,2.511612029465482e-09,1.948843086907459e-09,2.7849317518757744e-08,4.898221050098073e-06,4.3809643557324307e-07,7.764288966427557e-06,2.0750312579309593e-09,2.2514040409760128e-08,2.403512780801975e-06,4.1995892274826474e-07,1.4379259027919034e-07,2.661590414732018e-08,5.963649840623475e-08,9.127369935413299e-07,4.5324625830289733e-07,1.506553282126788e-08,1.5321646174015768e-08,4.2106233166805396e-08,1.1161687041294499e-07,6.437674926473846e-08,1.2785239050572272e-05,6.0260778589338315e-09,1.0197238253795149e-07,2.4513677999493666e-05,3.330726485728519e-07,5.64991182727681e-08,2.539260357536932e-09,2.8967811886104755e-05,2.9403974366459806e-08,2.5427693284285624e-09,1.8775563148665242e-07,1.1007011302410774e-08,4.396268195705488e-06,6.4466021285625175e-06,4.837829692405649e-07,4.294426219075831e-07,9.880307516141329e-06,3.016470406791427e-09,1.3630891082527796e-08,1.2092579027012107e-07,1.7425970388895706e-11,9.373655629474342e-09,4.5778324420098215e-07,1.0483560117791058e-06,2.954409637823119e-06,3.0371399617479256e-08,7.148076406338078e-07,1.1140557035105303e-05,8.788859418018546e-08,2.7171961392014055e-06,3.849073095807398e-07,7.642945121233424e-08,3.5734533110343136e-09,2.5518952284642182e-08,0.0002483995631337166,3.904706602497754e-08,0.00236200587823987,0.009839513339102268,2.3497426582252956e-07,1.1476627150841523e-05,3.1273425520339515e-06,2.9109796173543145e-07,1.2231902246639947e-07,1.7749251810528222e-06,3.2591742638032883e-06,2.412328470313696e-08,1.0585223009229594e-07,6.884554295538692e-06,1.7750656056136904e-08,1.4827833183517214e-08,9.971203418501773e-09,1.3615373063657898e-05,1.5531799135715119e-07,1.6876965380774323e-09,1.9759211511427566e-07,9.226228030456696e-07,1.7975609125642222e-06,3.174383067516828e-08,4.0141301838048093e-07,3.1021397717267973e-07,2.4573267864980153e-09,7.645598998351488e-08,9.644681497888996e-09,1.3388270936331992e-08,2.5466050601608003e-08,9.844922654878019e-10,4.2013775791716057e-10,5.558346005685166e-10,2.3492845002692775e-08,7.294768874999136e-05,7.959124559420161e-06,1.4028974248958548e-07,2.883889465010725e-07,7.13710323907435e-05,3.3262028686920075e-09,1.437114178770571e-07,4.072103365615476e-08,1.9426113340159645e-06,9.45751324477051e-11,3.523051645970554e-07,6.428616305953483e-09,9.143814594381183e-08,2.67602668913014e-08,4.464270375592605e-07,8.417637786806154e-08,4.596255465116883e-08,3.900982648019635e-09,4.3410051375758485e-07,9.432455385649519e-07,0.9865757822990417,1.5997589741800766e-07,3.908466169377789e-06,6.835976051888792e-08,2.5399617697985377e-06,2.8593719392233652e-08,1.0945591810695987e-07,2.4532738507332397e-07,9.566163328145194e-08,2.1757043668912956e-06,5.0647802396497354e-08,2.6051978352370497e-07,4.5289021954886266e-07,4.6399975417443784e-08,0.00018714739417191595,1.9764941328048735e-07,1.2969681506547204e-07
/users/PAS2099/jianyanggu/PlotDiversiVision/data/SCBI_021/SCBI_021_PlantDiversity_31_1_1_20150601-straightened.jpg,SCBI_021/SCBI_021_PlantDiversity_31_1_1_20150601-straightened.jpg,SCBI,2015,,SCBI_021,31_1_1,31,1,1,20150601,true,SCBI_021_PlantDiversity_31_1_1_20150601-straightened_r0_c2,3,0,2,1080,0,1620,467,164,1.4160393675410887e-06,8.946299203671515e-06,5.523352086811428e-08,8.129807974910364e-05,7.521855877712369e-05,0.0001080003276001662,2.967138357234944e-07,0.0012737890938296914,0.00022148819698486477,9.542892075842246e-05,7.8086435678415e-05,0.008342348039150238,2.2187612103152787e-06,0.0010851245606318116,4.0334572304345784e-07,9.442622103961185e-05,9.92057266557822e-06,5.832051101606339e-05,2.620797445729295e-08,1.055293864737905e-06,1.6351501130884571e-07,0.0012662700610235333,0.0009475824772380292,4.301004537410336e-06,7.377649602346992e-09,1.1620151099123177e-06,1.93399068848521e-06,2.0567892278222644e-08,4.4974477475534513e-08,1.7589027123676715e-08,1.7301676535907973e-08,1.6066827868144173e-07,1.9707279363956332e-07,3.3750086458894657e-06,1.1069682841480244e-06,1.4265903018895187e-06,9.742102702148259e-05,0.00010468190157553181,9.692981620901264e-06,2.5731603727763286e-06,1.5104636077012401e-05,0.00023529854661319405,1.217892986460356e-06,2.28732551477151e-05,5.395980195999073e-08,5.2149420781688605e-08,8.117067409330048e-06,0.0006569673423655331,1.2058922948199324e-05,5.535990226235299e-07,5.112832695886027e-06,3.479688166407868e-05,1.7833484662332921e-06,5.907970557217368e-09,4.7946041377144866e-06,2.283984940731898e-06,3.5051186841883464e-06,3.9950060681803734e-07,0.0014423133106902242,2.7377045626053587e-06,5.102508293930441e-05,6.449313514167443e-05,1.8906669652096753e-07,2.6516934212850174e-06,2.3954473959975076e-08,0.00021007390751037747,3.1754534575156868e-06,3.368226941802277e-08,2.5605106202419847e-05,2.0925879653077573e-05,0.0013509539421647787,0.001637375564314425,8.406190090681775e-07,8.3931854533148e-06,2.25422736548353e-05,1.3705202661640215e-07,8.707702647825499e-08,1.76756782366283e-06,6.045695055689748e-10,9.353095720143756e-07,2.04713323910255e-05,4.859996261075139e-05,0.0001318043505307287,9.651835171098355e-07,4.079261088918429e-06,0.0003187836264260113,6.968691013753414e-05,0.0002235031279269606,2.382654429311515e-06,0.0003941230825148523,3.548584359691631e-08,1.4581830782844918e-06,0.010810636915266514,4.950560469296761e-05,0.0041482034139335155,0.005407677497714758,4.2070630001944664e-07,0.0001844176003942266,0.9388513565063477,3.621753421612084e-06,3.4953582144225948e-06,3.6995475966250524e-05,4.6392455260502174e-05,1.9805488591373432e-06,1.0801840289786924e-05,0.0002205960772698745,3.9644783100811765e-06,2.574898189777741e-06,5.02046532346867e-07,0.0001911650615511462,0.00012323442206252366,7.931418366524667e-08,4.996299594495213e-06,0.0002091447968268767,0.004176083952188492,2.4340095478692092e-05,0.003534798976033926,8.932357013691217e-05,5.881952702679882e-09,1.1291680493741296e-05,3.7698637811445224e-07,1.9751533386624942e-07,1.9255094230175018e-07,9.685610535825617e-09,7.013670710875886e-08,1.7409991670547242e-08,2.317794042028254e-06,0.00018818695389200002,0.0002454027417115867,2.718626888054132e-07,3.0385117497644387e-06,0.0006162226782180369,1.9374244857317535e-06,8.581414476793725e-06,4.5508486437029205e-06,5.154901373316534e-05,5.493969168490764e-10,3.7815466384927277e-06,1.9366400749731838e-07,8.807292601886729e-07,1.535912247163651e-06,5.6552707974333316e-05,1.809498371585505e-06,6.518939244415378e-06,3.1599861358699854e-06,3.615612877183594e-05,4.9069032684201375e-05,0.008762872777879238,1.4644599559687776e-06,3.7544970837188885e-05,4.759016519528814e-06,0.00011355573224136606,7.133692747629539e-08,1.3095524309392204e-06,1.6410873513450497e-06,2.614748609630624e-06,0.0005288475076667964,3.1444951531511833e-08,1.9877252270816825e-05,1.2600239642779343e-05,1.7561288814249565e-06,3.111281694145873e-05,1.8459056718711508e-06,9.624922086004517e-07
/users/PAS2099/jianyanggu/PlotDiversiVision/data/SCBI_021/SCBI_021_PlantDiversity_31_1_1_20150601-straightened.jpg,SCBI_021/SCBI_021_PlantDiversity_31_1_1_20150601-straightened.jpg,SCBI,2015,,SCBI_021,31_1_1,31,1,1,20150601,true,SCBI_021_PlantDiversity_31_1_1_20150601-straightened_r1_c0,3,1,0,0,467,540,933,164,1.1551100520534874e-08,5.553117077283787e-08,2.4016042488028688e-08,2.2288043055596063e-06,3.233762072341051e-06,9.669778364695958e-07,1.3259629838557885e-08,1.881177922768984e-06,7.738741260254756e-06,8.229179002228193e-06,2.7239420887781307e-06,4.806581273442134e-05,1.1367204066914383e-08,2.617982499941718e-05,3.572581119826168e-09,2.7543167107069166e-06,7.673540494579356e-06,2.6859382273869414e-07,3.1777498410434646e-09,6.499366804746387e-07,7.900281673300924e-08,0.0003924531047232449,1.8736652691586642e-06,5.14336164769702e-08,1.3753988226117286e-10,8.965384523662578e-08,1.899433854646304e-08,1.1104559938246439e-08,1.3032258605605307e-09,2.0954973867226556e-10,1.137830385466998e-09,9.987996918425779e-08,5.7953805310262396e-08,1.1718288561723966e-08,5.744470499280396e-08,8.945228557877272e-08,7.278833891177783e-07,7.677924429572158e-08,2.299278545336847e-09,2.062790604995257e-09,2.1118461646096875e-08,1.3392377695709001e-05,3.275525557455694e-07,2.3534041702077957e-06,5.991558360562976e-09,1.196688828031256e-07,8.896030522009823e-06,1.4376305443875026e-06,7.898508442849561e-07,9.403207457125973e-08,1.1013149503469322e-07,2.389735300312168e-06,2.775845132418908e-06,3.87813336999443e-09,1.5248421902924747e-07,1.4633640432748507e-07,6.717199880768021e-07,5.454714937513927e-07,6.042107997927815e-06,7.311724914416118e-08,3.5452964652904484e-07,4.9796863095252775e-06,1.7220500012626871e-06,5.866404535481706e-07,4.970986289265511e-09,4.50121151516214e-05,3.528149079556897e-07,5.947880410417383e-09,9.286113140660746e-07,6.002244390401756e-08,2.799933099595364e-06,2.0174318251520162e-06,1.5077679336172878e-06,2.257503865621402e-06,1.1811520380433649e-05,1.4659886637957698e-09,6.530403595661483e-08,5.834668286297529e-07,4.773858044981871e-11,1.6661909185700097e-08,8.481138706883939e-07,1.1610171668507974e-07,3.0950138807384064e-06,8.784803640082828e-08,7.742930279164284e-07,4.258457920514047e-06,2.2798131737999938e-07,2.573443680375931e-06,2.528234972487553e-07,2.1748486744854745e-07,2.2293631829484184e-08,1.4561805983248632e-07,0.00012278063513804227,2.237483727185463e-07,0.004768307786434889,0.016818668693304062,1.2803732261090772e-06,8.335302482009865e-06,3.2821938020788366e-06,6.094374498388788e-07,7.187364303717914e-08,4.500589056988247e-07,1.822284843910893e-06,7.81414044581652e-08,6.648721040392047e-08,1.6687306469975738e-06,9.282915769404099e-09,1.8498715448345138e-08,2.6581204792819335e-08,1.1730874575732742e-05,3.7984585787853575e-07,8.489222658170092e-09,4.377105540243065e-07,3.5960222248831997e-06,1.491731950409303e-06,9.415657586941961e-09,1.5453089190486935e-06,2.274463440699037e-06,4.940191367097668e-09,1.1067768035388781e-08,3.211140509051802e-08,4.984714863098816e-09,5.7823516641519745e-08,2.2966313295569307e-09,1.0349043844115613e-09,3.927156821958988e-09,1.0397012317753251e-07,0.00014374565216712654,1.5620706108165905e-05,8.591489830678256e-08,1.6802026721052243e-06,9.677981142885983e-05,5.619665621736658e-09,5.783612095910939e-07,6.470790481216682e-08,4.589407751609542e-07,6.741778663110765e-11,1.1039822993552662e-06,5.433322414205577e-08,2.7638512278826965e-07,8.653822192172811e-08,1.5769659285069793e-06,2.2245136221954454e-07,1.6923853252137633e-07,7.992031925141418e-09,3.312153694423614e-06,6.864676379336743e-06,0.9771708250045776,5.135188985150307e-07,2.5314415324828587e-05,4.401887565563811e-07,1.5685305925217108e-06,1.247277481297715e-07,8.000667861551847e-08,3.8737164231861243e-07,1.475229680636403e-07,2.8162905891804257e-06,7.369099108700539e-08,4.4830940737483616e-07,7.74810189341224e-07,3.4036958140859497e-07,0.00013600534293800592,1.1740403351723216e-06,2.913157004513778e-07
/users/PAS2099/jianyanggu/PlotDiversiVision/data/SCBI_021/SCBI_021_PlantDiversity_31_1_1_20150601-straightened.jpg,SCBI_021/SCBI_021_PlantDiversity_31_1_1_20150601-straightened.jpg,SCBI,2015,,SCBI_021,31_1_1,31,1,1,20150601,true,SCBI_021_PlantDiversity_31_1_1_20150601-straightened_r1_c1,3,1,1,540,467,1080,933,164,3.7959441101520497e-07,9.620343917049468e-07,1.3644646301713692e-08,5.134631464898121e-06,0.00012444202729966491,5.297563984640874e-05,4.193640563698864e-07,3.6499266116152285e-06,3.626750549301505e-05,3.4552592751424527e-06,1.8269449356012046e-05,0.002185660181567073,7.014033599261893e-06,2.3070886527420953e-05,1.8263160939113732e-07,0.00017341310740448534,1.224527977683465e-06,1.265212722501019e-05,3.853116936625156e-08,2.0680204215750564e-06,9.08631676566074e-08,0.0002807587443385273,2.03164618142182e-05,3.1686445254308637e-06,9.670595879640587e-09,2.075268275802955e-05,4.053484644828131e-06,5.118177437424265e-09,9.552795177114604e-08,7.528885248575534e-08,2.291394096687327e-08,1.4271027737322584e-07,1.3095731787871046e-07,3.626792022259906e-05,1.8181632412961335e-06,5.685489554707601e-07,2.2128733689896762e-05,1.2452031114662532e-05,1.332720898972184e-06,3.6131174852016557e-07,7.0558138531851e-07,2.7334199330653064e-05,4.3413760408839153e-07,1.901272753457306e-06,1.4727120856150577e-08,1.0827909235899824e-08,1.269558538297133e-06,0.0003213688323739916,8.467421139357612e-05,1.258760562450334e-07,9.743998816702515e-07,5.898733434150927e-05,2.3480808977183187e-06,2.122711562080326e-09,3.275444669270655e-06,1.891902599027162e-07,2.5412352897546953e-06,5.599736141448375e-07,0.0006688811699859798,3.1778686206962448e-06,2.2915812223800458e-05,2.9782336241623852e-06,6.887184866855023e-08,1.328685993939871e-05,1.0467741340391967e-08,1.9893420812877594e-06,2.0307927570684114e-06,3.867312514671539e-08,3.353415377205238e-05,0.00011508785974001512,2.3841312213335186e-05,2.346703149669338e-05,2.978257543873042e-05,1.654996412980836e-05,3.126203591818921e-05,2.8103585236749495e-07,1.7946508990007715e-07,1.4049146557226777e-05,1.1091575435884238e-09,1.0336410696254461e-06,1.2944902664457913e-05,9.984365533455275e-06,3.9041824493324384e-05,1.122087951443973e-06,1.9097109316135175e-07,3.048966573260259e-05,2.680109901120886e-06,2.623563887027558e-06,1.1286126522236373e-07,0.0006281304522417486,5.232183752923447e-08,7.614848414050357e-07,0.00040104996878653765,7.86086093285121e-06,0.00040513090789318085,8.942560089053586e-05,2.968896524180309e-07,1.824702303565573e-05,0.9906162619590759,1.000986813437521e-07,1.1349684427841567e-06,2.0343682990642264e-05,1.1957700735365506e-05,1.3498819271262619e-06,3.488703441689722e-05,0.0001805633946787566,8.868493068803218e-07,6.535600505230832e-07,3.336721476898674e-07,0.00012070861703250557,7.480939984816359e-06,4.789139040894952e-08,1.0221059710602276e-05,3.7063036870677024e-05,0.00018406569142825902,4.329966486693593e-06,0.0012362166307866573,0.00011092830391135067,1.117720849208581e-08,1.856457743087958e-06,1.963437398444512e-06,2.3188819753272583e-08,1.1594653415158973e-07,1.900313861824543e-08,3.778158585987512e-08,6.494859317029977e-09,9.521952051727567e-06,3.4538622912805295e-06,5.649365903082071e-06,2.2096813268035476e-08,1.4699746770929778e-06,3.335197834530845e-05,7.455495278918534e-07,1.0259303053317126e-05,6.112896699050907e-06,4.3969121179543436e-06,1.6409363867708748e-09,2.8882455808343366e-05,8.38630498378734e-08,2.4491541239513026e-07,3.656683986719145e-07,1.3316645890881773e-05,1.5072528185555711e-06,7.036246074676455e-07,1.9309263734612614e-06,6.0258898884058e-06,7.286353502422571e-05,0.00023049522133078426,2.1723562326769752e-07,4.917571277474053e-05,1.9239569155615754e-05,1.1258875019848347e-05,1.0731397992458369e-08,1.3100684554956388e-06,2.2821323000243865e-06,8.924761800699343e-07,0.0006670007132925093,2.2616077899328957e-08,3.5015143566852203e-06,8.404852565035981e-07,2.951766873593442e-06,7.171990091592306e-06,8.386437002627645e-07,1.1441886726970552e-06
/users/PAS2099/jianyanggu/PlotDiversiVision/data/SCBI_021/SCBI_021_PlantDiversity_31_1_1_20150601-straightened.jpg,SCBI_021/SCBI_021_PlantDiversity_31_1_1_20150601-straightened.jpg,SCBI,2015,,SCBI_021,31_1_1,31,1,1,20150601,true,SCBI_021_PlantDiversity_31_1_1_20150601-straightened_r1_c2,3,1,2,1080,467,1620,933,164,9.496320103608014e-07,2.747495045696269e-06,8.721391964172653e-08,1.8536519519329886e-06,1.4043709597899579e-05,3.444358299020678e-05,2.659824929196475e-07,6.944294455024647e-06,0.0004584828275255859,4.150950553594157e-05,1.789488123904448e-05,0.01309593953192234,1.3960065189166926e-05,0.00020466015848796815,2.414400341876899e-07,5.5192067520692945e-05,4.298638941691024e-06,3.083289266214706e-05,4.4609809179974036e-08,1.8078617358696647e-06,8.48728461733117e-07,0.0007034419104456902,5.50259901501704e-05,8.107746907626279e-06,1.235353153106189e-08,8.362912922166288e-06,2.3332200726144947e-05,1.5629915139925288e-08,3.1750738571645343e-07,5.916719914011992e-08,8.910588888966231e-08,3.942469959383743e-07,3.22023026910756e-07,1.9251279809395783e-05,2.4585767732787644e-06,5.3572994147543795e-06,5.910728214075789e-05,2.2829650333733298e-05,3.957117314712377e-06,8.329795946337981e-07,2.923421561717987e-06,8.555589738534763e-05,3.188668529219285e-07,1.495280798735621e-06,3.646005453106227e-08,2.769052684925555e-07,9.510385439170932e-07,0.001781534287147224,6.808576927141985e-06,6.296348828982445e-07,5.68392033528653e-06,4.0802402509143576e-05,1.2049900760757737e-05,4.850164159186932e-10,8.600677574577276e-06,1.179539026452403e-06,1.2342668924247846e-05,1.2487058711485588e-06,0.0009376215748488903,8.49253592605237e-06,0.00016285838501062244,5.348967533791438e-06,1.4905589296176913e-07,5.757925828220323e-05,3.448137331218959e-09,2.0108245735173114e-05,2.082543460346642e-06,1.589229725595942e-07,5.991293801344e-05,0.0001330789236817509,1.4377732441062108e-05,1.3313318959262688e-05,7.875042683735956e-06,2.2881351469550282e-05,6.859599670860916e-05,6.989551479819056e-07,3.8367136312444927e-07,1.2267190868442412e-05,3.1685127854785833e-09,4.228863872413058e-06,2.2031994376447983e-05,7.185476988524897e-06,1.5502686437685043e-05,3.4776664961100323e-06,1.883589789031248e-06,0.00016549245628993958,0.00015963045007083565,3.521533699313295e-06,2.9083496428938815e-06,0.0010808850638568401,1.627072379051242e-07,5.609092113445513e-06,0.0011261055478826165,9.552937262924388e-05,0.005466869100928307,0.00034749117912724614,7.558948595942638e-07,0.00020721644978038967,0.9519706964492798,9.314207431998511e-07,1.242315420313389e-06,7.358598395512672e-06,1.1429002370277885e-05,2.641625314936391e-06,1.2603691175172571e-05,5.877742660231888e-05,1.1876118151121773e-06,2.30694240599405e-06,4.2606151851032337e-07,0.00010784174082800746,2.0636833141907118e-05,5.744008646502152e-08,2.5350836949655786e-05,7.41326148272492e-05,0.008964241482317448,1.2274117580091115e-05,0.006431822665035725,0.00014973829092923552,5.100142175251676e-08,6.225751349120401e-06,2.6849552341445815e-06,4.490706828619295e-08,1.232966724273865e-07,1.2965070794734856e-08,5.7097750527645985e-08,2.1614399159375353e-08,2.0353192667244002e-05,5.053513177699642e-06,5.8643727243179455e-05,2.779933083729702e-07,2.434443922538776e-05,0.00030486597097478807,1.969630147868884e-06,1.2409235750965308e-05,1.43918359754025e-05,7.641143383807503e-06,3.84492743199516e-10,4.013137731817551e-05,1.4125477036941447e-06,9.245885053132952e-07,1.558872668283584e-06,0.0003969442914240062,2.0150171621935442e-05,2.0549937289615627e-06,5.314493137120735e-06,2.9667315175174735e-05,5.1251139666419476e-05,0.0007716431864537299,1.0021468597187777e-06,5.7932651543524116e-05,1.4691932847199496e-05,4.4683798478217795e-05,4.796534724960111e-08,1.5156564359131153e-06,9.8515138233779e-06,3.1091180971998256e-06,0.0030600682366639376,7.951709335429769e-08,1.734669422148727e-05,5.738298114010831e-06,4.4025600800523534e-06,2.3965460059116594e-05,6.648903308814624e-06,5.77765922571416e-06
/users/PAS2099/jianyanggu/PlotDiversiVision/data/SCBI_021/SCBI_021_PlantDiversity_31_1_1_20150601-straightened.jpg,SCBI_021/SCBI_021_PlantDiversity_31_1_1_20150601-straightened.jpg,SCBI,2015,,SCBI_021,31_1_1,31,1,1,20150601,true,SCBI_021_PlantDiversity_31_1_1_20150601-straightened_r2_c0,3,2,0,0,933,540,1400,164,2.6908512751333546e-08,1.5244760120936007e-08,2.0435338754509758e-08,1.7089629409383633e-06,1.3840553947375156e-06,1.6516821688128402e-07,5.402631675366365e-09,1.4214518841981771e-06,4.980392986908555e-06,3.128263642793172e-06,2.1025734895374626e-06,3.303816993138753e-05,1.6140420555643686e-08,3.6185527278576046e-05,3.767374412433355e-09,9.161004186353239e-07,3.202411789970938e-06,4.791419527805374e-08,1.0517962056866281e-09,1.9894838487743982e-07,3.672629844686526e-08,8.696233271621168e-05,6.620585963901249e-07,1.029947824804367e-07,1.2266143656347595e-10,2.209561600352572e-08,2.231141715824947e-09,8.384311023235114e-09,2.2111867892249393e-10,3.228568801194598e-10,3.154236316582626e-10,2.3275298133285105e-08,2.7893038989645902e-08,6.157607757018013e-09,1.5437766620607363e-08,8.228136394450303e-09,1.414646106923101e-07,1.2959103123932891e-08,4.456576219169506e-10,2.4317767244319555e-10,2.7680076009062304e-09,3.75232025362493e-06,3.9116594052757137e-07,2.184563300033915e-06,2.993570902276588e-08,3.1243011733295134e-08,7.35072308089002e-06,5.216657541495806e-07,1.3920555375079857e-07,3.275253277479351e-07,5.161861693636638e-08,4.6638004391752474e-07,1.2899487273898558e-06,2.6469212599522507e-08,5.30752437555293e-08,6.655044870740312e-08,2.0330767824816576e-07,1.4612119514367805e-07,3.689822051455849e-06,2.1745007572349095e-08,1.5967057720445155e-07,1.3855345741831115e-06,4.27799733415668e-07,8.619367264373068e-08,7.564631587797521e-09,5.45087414138834e-06,2.3124505332816625e-07,1.7301351462606362e-08,8.851451980262937e-07,8.712685684031385e-09,8.88884187588701e-07,8.682567340656533e-07,2.196227796957828e-06,1.7605699440537137e-06,9.83110203378601e-06,1.2959201711737478e-08,1.136357639097696e-07,3.4591059261401824e-07,3.366747713950957e-10,1.793204695843542e-08,2.3575110219553608e-07,2.5138402293123363e-07,1.3530567457564757e-06,6.542951780375006e-08,1.5010310505658708e-07,5.910551408305764e-06,2.6141697162529454e-07,7.945384936647315e-07,5.373717044676596e-07,3.383385305255615e-08,4.3631366963836626e-08,1.8248452704483498e-07,1.4308753634395543e-05,2.041811875130861e-08,0.0021809611935168505,0.003397115506231785,1.1130238135592663e-06,6.389903319359291e-06,6.287451697062352e-07,1.6401985192260327e-07,1.013816941508594e-08,6.358993687172187e-07,1.6290376834149356e-06,8.595168310421286e-08,1.0735817568274797e-07,1.1070785603806144e-06,2.3366395041080068e-08,1.1512618414144526e-08,2.5501359246504762e-08,2.2196012650965713e-05,7.556818815146471e-08,1.2296889728702354e-08,3.1476179174205754e-07,9.410683219357452e-07,1.2128166417824104e-06,3.609930487868951e-08,3.368255931945896e-07,2.3008269067759102e-07,1.3586457514591643e-09,7.509060395705092e-08,5.879557107846267e-08,3.8254047041164085e-08,3.128570824628696e-08,9.224672692376146e-10,5.900401833791591e-10,5.990393736610145e-10,2.6343901282643856e-08,9.679095819592476e-05,4.191240350337466e-06,8.056353095753366e-08,5.780880769634678e-07,3.0660976335639134e-05,6.63909238696192e-09,1.9529547046204243e-07,4.895922245395923e-08,2.8926507411597413e-07,9.562840519450333e-10,7.40469829452195e-07,2.6947136078092626e-08,2.4662057285240735e-07,1.5079754689395486e-07,1.0528575558055309e-06,1.6580202100158203e-07,4.5454498831531964e-08,2.7752606879261066e-09,2.2669291865895502e-06,2.4335911348316586e-06,0.9939541220664978,1.789699837217995e-07,2.1017007384216413e-05,1.8213401631328452e-07,1.1253192724325345e-06,8.886803470886662e-08,6.839972854777443e-08,2.5302631456725067e-07,2.0724641558445e-07,9.948234946932644e-07,3.299378548149434e-08,6.630566673493377e-08,2.477766827269079e-07,9.084265428782601e-08,1.7174139429698698e-05,1.7164896917165606e-06,7.319939072658599e-07
/users/PAS2099/jianyanggu/PlotDiversiVision/data/SCBI_021/SCBI_021_PlantDiversity_31_1_1_20150601-straightened.jpg,SCBI_021/SCBI_021_PlantDiversity_31_1_1_20150601-straightened.jpg,SCBI,2015,,SCBI_021,31_1_1,31,1,1,20150601,true,SCBI_021_PlantDiversity_31_1_1_20150601-straightened_r2_c1,3,2,1,540,933,1080,1400,164,1.5959679444677022e-07,2.2383973430351034e-07,4.447933221740641e-08,3.821774498646846e-06,3.686149648274295e-05,1.0623018170008436e-05,1.18768502943567e-06,0.0002287334791617468,3.871150693157688e-05,3.484309490886517e-05,1.1663720215437934e-05,0.00035433960147202015,3.041814693460765e-07,0.0013136417837813497,2.1152740714569518e-07,1.1481095498311333e-05,1.8304515833733603e-05,1.9843826066789916e-06,9.763323483014119e-09,3.778344307647785e-06,1.4214558063940785e-07,0.000606835528742522,3.5473840398481116e-05,2.875716518246918e-07,1.4909448120548063e-09,2.5273192250097054e-07,1.8761463138616818e-07,1.7108789052144857e-07,8.778000548659293e-09,2.0386584864695578e-08,6.34747188144047e-09,1.404852412179025e-07,2.3682990502038592e-07,1.6700737148767075e-07,5.893703587389609e-07,9.952669870472164e-07,2.1911313524469733e-05,1.476204488426447e-06,6.222447979098433e-08,3.274250204299278e-08,1.8383498456842062e-07,0.00019194981723558158,2.8876120268250816e-06,1.5196931599348318e-05,1.6046053374907387e-08,1.5304825851103487e-08,9.660015166446101e-06,2.9292405088199303e-05,1.0432502676849253e-05,4.6686037080689857e-07,2.112935391096471e-07,8.6923100752756e-06,5.796426194137894e-06,1.92359062012315e-09,3.747511527762981e-06,2.868835622393817e-07,2.9733366773143644e-06,2.446425241942052e-06,0.00010645618749549612,1.486516651993952e-07,3.672617367556086e-06,1.2967620023118798e-05,7.593633313263126e-07,1.8174256410929956e-06,1.0569801700555104e-09,5.689805038855411e-05,1.2084477020835038e-05,3.261159786660528e-09,7.918485607660841e-06,5.832624992763158e-06,0.00015118705050554127,0.0002269742253702134,1.7399248690708191e-06,4.294363861845341e-06,3.636761903180741e-05,1.4698981587457638e-08,1.0758647306374769e-07,1.7716176898829872e-06,8.555176705948853e-11,2.646949859297365e-08,4.589988293446368e-06,6.305004944806569e-07,2.716037488426082e-05,4.462004454808266e-08,3.0370506465260405e-06,3.34675278281793e-05,3.859455773636e-06,3.705704875756055e-05,2.793520366140001e-07,6.75954288453795e-05,9.361079023051389e-09,2.66732484988097e-07,0.0003269763255957514,1.8597299913380994e-06,0.05878562107682228,0.02989652380347252,4.789938543581229e-07,2.6497220460441895e-05,0.004603357054293156,1.1759993867599405e-06,3.214341006696486e-07,3.5865014069713652e-06,5.1445649660308845e-06,1.2632612822471856e-07,7.030762958493142e-07,2.5345725589431822e-05,1.1764519314283461e-07,4.0143146406990127e-07,2.7155581960869313e-07,0.00010759689757833257,3.8040002436900977e-06,2.0759273411385948e-08,5.240249265625607e-07,1.8282531527802348e-05,0.00012322499242145568,9.849522939475719e-07,0.00010651467891875654,1.5708668797742575e-05,9.659848476673005e-10,1.622461951455989e-07,3.0917561844034935e-07,1.4045998142364624e-08,7.263243162469735e-08,3.883596555454005e-09,3.644420321080588e-09,2.2787156606085546e-09,1.0580824749695239e-07,0.0006010895594954491,5.9920508647337556e-05,1.1100841135203154e-07,7.4596991908038035e-06,0.0004973445902578533,4.6606114523228825e-08,3.8678842884110054e-07,2.6647518325262354e-07,1.57227498220891e-06,4.986120405447991e-10,7.657604328414891e-06,3.0569935915991664e-08,1.4240936252463143e-07,1.098751098993489e-07,3.919695245713228e-06,2.3118140290989686e-07,7.395153147626843e-07,1.7165400834073807e-07,2.637801480886992e-05,6.952916010050103e-05,0.9006689190864563,1.7825726672526798e-06,1.6499699995620176e-05,3.341405999890412e-06,4.147676008869894e-05,6.535887564496079e-08,1.7677956520856242e-07,4.965571633874788e-07,3.199612024218368e-07,4.458557305042632e-05,2.831066581165942e-08,1.0084058885695413e-06,4.304236881580437e-06,1.2587738638103474e-06,4.685200110543519e-05,1.6542610410397174e-06,1.083397933143715e-06
/users/PAS2099/jianyanggu/PlotDiversiVision/data/SCBI_021/SCBI_021_PlantDiversity_31_1_1_20150601-straightened.jpg,SCBI_021/SCBI_021_PlantDiversity_31_1_1_20150601-straightened.jpg,SCBI,2015,,SCBI_021,31_1_1,31,1,1,20150601,true,SCBI_021_PlantDiversity_31_1_1_20150601-straightened_r2_c2,3,2,2,1080,933,1620,1400,164,5.054678098304066e-08,4.1759557234399836e-07,1.5555782439946597e-08,6.459414407800068e-07,1.4363572518050205e-05,1.11684112198418e-05,2.537332477459131e-07,2.9398015612969175e-06,1.3014479918638244e-05,1.3190557410780457e-06,5.8870232351182494e-06,0.00023579769185744226,2.6792840799316764e-06,3.389764606254175e-05,3.087718170036169e-08,1.1468251614132896e-05,4.961246418133669e-07,4.74800071970094e-06,6.545903818988563e-09,4.851868879995891e-07,2.6059680635626137e-08,3.976028528995812e-05,3.353482316015288e-05,1.6191337408599793e-06,3.1740861050622016e-09,1.268697701561905e-06,1.392796662003093e-06,9.576768711383465e-09,5.01205228431445e-08,3.651262758808116e-08,7.065184881582809e-09,6.370216709683518e-08,8.681450935910107e-08,6.753110938007012e-06,8.223921099670406e-07,8.527646855327475e-07,2.7623635105555877e-05,3.285082129877992e-06,3.475923620044341e-07,8.121659078597077e-08,1.754510918772212e-07,7.49477067074622e-06,1.1091763241211083e-07,7.587598247482674e-07,1.1043416847655863e-08,5.273905756553177e-09,4.691715957960696e-07,7.926968100946397e-05,2.1661538994521834e-05,3.994523822825613e-08,2.53818427609076e-07,7.924818419269286e-06,6.02278873884643e-07,1.8022922043670064e-10,3.8558296182600316e-06,1.0238930769901344e-07,2.0888344351988053e-06,1.3813721011501912e-07,0.00010456276504555717,4.494199856708292e-07,4.36992695540539e-06,1.2443108516890788e-06,7.266026891272759e-09,4.5966216930537485e-06,7.250932632096863e-10,7.402055075544922e-07,5.841674806106312e-07,5.420145665624432e-09,1.6675008737365715e-05,5.264710489427671e-05,7.214940524136182e-06,4.757900569529738e-06,1.4020722574059619e-06,2.582369234005455e-06,1.7798458429751918e-05,1.387995922641494e-07,2.380076757901861e-08,2.3569493805553066e-06,1.315339781537972e-10,4.43102408098639e-08,3.746790298464475e-06,3.3768178582249675e-06,2.043243875959888e-05,2.3113958036447002e-07,8.51756425390704e-08,2.3872546080383472e-05,8.234688948505209e-07,2.820974259520881e-06,7.447055594411722e-08,0.0006557742017321289,1.4076657173234253e-08,1.6574789185597183e-07,0.00020260763994883746,4.581811481330078e-06,0.00011039480159524828,1.9715684175025672e-05,3.431562234368357e-08,4.0054687815427314e-06,0.996856689453125,3.989361729850316e-08,2.669050616077584e-07,3.5169518923794385e-06,1.7574658386365627e-06,3.512096782287699e-07,4.49547087555402e-06,7.570720481453463e-05,4.7548834203325896e-08,2.0469006756229646e-07,1.0279043749505945e-07,2.286919698235579e-05,5.284910002956167e-06,1.0767861269300738e-08,7.263651014000061e-07,6.343186214508023e-06,5.242245242698118e-05,3.1528038562100846e-06,0.0006298152729868889,3.337389352964237e-05,3.391115610540396e-09,6.784014203731203e-07,7.646874564670725e-07,4.1626391222848724e-09,2.1591791465880306e-08,6.104060812361922e-09,8.515415039767049e-09,7.410378422001429e-10,3.141279194096569e-06,1.59705632540863e-06,2.66841061602463e-06,5.978284534080558e-09,3.855150794151996e-07,1.5625211744918488e-05,2.3299331530779455e-07,1.653709432503092e-06,1.955866309799603e-06,2.0914974356855964e-06,5.072830489005753e-10,7.4479153227002826e-06,4.3934903715125984e-08,1.0894956936624567e-08,2.7912347988490183e-08,9.505084562988486e-06,8.74097111136507e-07,3.797221381773852e-07,1.2851421615778236e-06,4.020593223685864e-06,1.6181156752281822e-05,0.00013965861580800265,1.7403392860160238e-07,1.1274484677414875e-05,5.490198873303598e-06,2.5387473669979954e-06,7.864484175001962e-09,1.9316192378937558e-07,6.898105766595108e-07,1.5056555469072919e-07,0.00021091180678922683,4.251124785525917e-09,1.211907374454313e-06,4.7134039959928486e-07,9.918920795826125e-07,5.599056862592988e-07,2.073028610993788e-07,3.9606746327081055e-07
/users/PAS2099/jianyanggu/PlotDiversiVision/data/SCBI_021/SCBI_021_PlantDiversity_31_1_4_20150601-straightened.jpg,SCBI_021/SCBI_021_PlantDiversity_31_1_4_20150601-straightened.jpg,SCBI,2015,,SCBI_021,31_1_4,31,1,4,20150601,true,SCBI_021_PlantDiversity_31_1_4_20150601-straightened_r0_c0,3,0,0,0,0,457,458,164,4.735869515570812e-05,3.245079142288887e-06,8.973051990324166e-06,0.0009665804100222886,4.590914977598004e-05,8.175236143870279e-05,3.0701298783242237e-06,8.427955435763579e-06,0.04698466137051582,0.0007625744910910726,0.00011214448750251904,0.0614992119371891,5.633321507048095e-06,0.0037499882746487856,1.0170006135012954e-06,0.0007945719407871366,0.0004217171808704734,1.4247995068217278e-06,1.271358058829719e-07,2.0799319827347063e-05,8.280000474769622e-05,0.0033284705132246017,8.739753684494644e-05,1.1940582226088736e-05,3.191014030790029e-08,3.780318729695864e-05,6.035953447280917e-06,4.245025593263563e-06,4.004859306405706e-07,1.3886220529002458e-07,2.9689468306060007e-07,5.7648007896204945e-06,4.555186023935676e-06,4.914445071335649e-06,1.4992963770055212e-05,1.787140718079172e-05,8.086370144155808e-06,2.327822130610002e-06,6.001531005495053e-08,5.946926506794625e-08,3.0353211855072004e-07,0.00014949396427255124,1.5081302080943715e-05,0.00031773318187333643,1.0252434549329337e-05,4.173447814537212e-05,0.000262520246906206,0.0001583664125064388,3.7885454275965458e-06,0.00013645997387357056,9.296031748817768e-07,0.00010087369446409866,2.6718571461969987e-05,2.2393374820239842e-05,1.1280818398518022e-05,9.653635061113164e-06,7.35012799850665e-05,3.9160771848401055e-05,0.0006502869073301554,8.472342415188905e-06,0.00010482605284778401,3.3578628062969074e-05,4.2644231143640354e-05,1.3142308489477728e-05,2.691445843083784e-06,0.0002806606935337186,7.528536661993712e-05,3.6328907299321145e-05,8.345068636117503e-05,2.5732458652782952e-06,2.726145612541586e-05,7.362222095252946e-05,2.0843082893406972e-05,0.00024058805138338357,0.00033633256680332124,2.648415147632477e-06,8.743822399992496e-05,9.27638029679656e-05,4.491872971357225e-07,2.3096461518434808e-05,0.00025003080372698605,9.229219358530827e-06,0.0013807755894958973,6.512596883112565e-05,1.741378400765825e-05,0.0016434061108157039,3.787839159485884e-05,1.995799902942963e-05,0.00020657315326388925,1.2112481272197329e-05,4.630627699953038e-06,0.00018873457156587392,0.001230000052601099,2.1764264602097683e-05,0.01173043716698885,0.05845462530851364,0.0007292458903975785,0.022475309669971466,0.00011305854422971606,1.6191545000765473e-05,1.5779095292600687e-06,0.000288150564301759,0.0003330246836412698,1.94889053091174e-05,6.737806870660279e-06,2.5409695808775723e-05,2.5856045340333367e-06,1.1388997336325701e-06,4.7446577809751034e-05,0.004523590672761202,6.7085179580317345e-06,3.4310189676034497e-06,3.0258788683568127e-05,0.0006152449059300125,0.0006613872246816754,2.8665608624578454e-05,0.00020511029288172722,4.807678851648234e-05,7.551395242444414e-07,2.6477599021745846e-05,1.974489350686781e-06,4.6575382839364465e-06,4.423143877829716e-07,5.9286929143809175e-08,3.132341817035922e-07,2.224945063744599e-07,2.3472712200600654e-05,0.0038882007356733084,0.0007557429489679635,0.00026727962540462613,0.00021821720292791724,0.014313668943941593,2.6327616069465876e-06,8.629829972051084e-05,2.415765447949525e-05,1.5976678696461022e-05,3.2370397917702576e-08,2.3735634385957383e-05,7.359242317761527e-06,0.0001201942068291828,9.778879029909149e-05,0.00010234347428195179,6.099097663536668e-05,7.2323896347370464e-06,9.5540178790543e-07,0.00013080445933155715,9.948724618880078e-05,0.7491052150726318,1.7067204680643044e-05,0.000851983146276325,1.656919630477205e-05,5.279335891827941e-05,1.785103631846141e-05,8.821780284051783e-06,3.4126398986700224e-06,2.372694325458724e-05,0.00026328847161494195,2.5883196940412745e-05,4.458111652638763e-05,5.569542190642096e-05,1.551185232528951e-05,0.00014355650637298822,0.00032319381716661155,0.0005382889066822827
/users/PAS2099/jianyanggu/PlotDiversiVision/data/SCBI_021/SCBI_021_PlantDiversity_31_1_4_20150601-straightened.jpg,SCBI_021/SCBI_021_PlantDiversity_31_1_4_20150601-straightened.jpg,SCBI,2015,,SCBI_021,31_1_4,31,1,4,20150601,true,SCBI_021_PlantDiversity_31_1_4_20150601-straightened_r0_c1,3,0,1,457,0,915,458,164,5.627542165598243e-08,7.286085974556045e-07,1.6763078702908274e-09,8.013873411982786e-06,2.5515393645036966e-05,1.0877377008000622e-06,2.1531712945943582e-07,8.165478107002855e-07,5.043599594500847e-05,1.7519607354188338e-05,2.898815910157282e-05,0.02169601060450077,1.0186709005211014e-06,3.5307108191773295e-05,3.0348125790169433e-08,6.330146425170824e-05,7.141839432733832e-06,9.547176205160213e-07,3.418358929252463e-08,2.2496713825148618e-07,6.031762467273438e-08,0.00012584918295033276,3.440328509896062e-05,0.0002702025813050568,1.9429124975545164e-09,1.4190238744049566e-06,4.5008468418927805e-07,6.6405569931760056e-09,7.714098160249705e-07,1.0283649487519142e-07,6.23423304091375e-08,6.810729047401765e-08,3.954112060000625e-08,2.8059748728992417e-06,4.015817467006855e-06,5.616288945020642e-06,7.10019264715811e-07,5.540343408938497e-06,1.0397614005341893e-06,8.526913006789982e-07,1.4165846096148016e-06,2.6079354938701726e-05,2.3909758510853862e-06,2.986625531775644e-06,8.523200989429824e-08,3.2112282610796683e-07,2.87333676851631e-07,0.0001882673241198063,1.9976750991190784e-05,1.3401009937297204e-06,6.568430421793892e-08,8.667084330227226e-05,8.38534197100671e-06,2.702958390443655e-08,1.5219018223433523e-07,3.889263666678744e-07,1.3366451639740262e-05,7.917332709439506e-07,0.00017252341785933822,1.0078053946926957e-07,0.00024745857808738947,1.3718856735067675e-06,3.220540747861378e-06,4.896409791399492e-06,1.8686445724114265e-09,2.783013087537256e-06,5.360689669942076e-08,3.0222658153888915e-08,2.532620055717416e-05,2.756987441898673e-06,1.5803694623173214e-05,1.483838332205778e-05,9.702374882181175e-06,8.11322661320446e-06,2.852263060049154e-05,1.1575594953683321e-06,1.4811337223363807e-07,5.280344339553267e-06,1.2280621319860074e-07,6.518564077850897e-06,6.635322620240913e-07,2.964027771668043e-06,1.6606161807430908e-05,2.1807911252835765e-05,1.1735749012586894e-06,0.0008834020118229091,8.92022671905579e-06,1.1209270951439976e-06,7.359026494668797e-05,7.358857692452148e-05,3.0057325517418576e-08,1.863393066514618e-07,1.4774221199331805e-05,0.00028114847373217344,0.00021730942535214126,6.371938798110932e-05,3.2734915293985978e-06,0.002822263864800334,0.0016601362731307745,7.693438988098933e-07,3.1461513572139665e-07,4.7140456445049495e-05,3.565481893019751e-05,0.0001064281677827239,7.280532827280695e-06,0.0003219892969354987,2.8980293791391887e-06,5.1467261073412374e-05,4.866369351930189e-08,7.505086250603199e-05,4.305451966502005e-06,3.477319765465836e-08,4.819802052224986e-05,0.000190514896530658,0.966752290725708,0.00032156214001588523,0.00028709418256767094,1.3286790817801375e-05,8.129789286215328e-09,0.000857085338793695,7.614746522222049e-08,2.4758257666235295e-09,7.342975294477583e-08,8.977256271691658e-09,6.586370204786363e-08,6.079951475612688e-08,2.4223098080256023e-05,1.0850734724954236e-05,4.389197329146555e-06,2.592548469237954e-07,2.641978085193841e-07,1.6374795450246893e-05,6.641174877586309e-06,4.196407098788768e-05,2.176742327719694e-06,8.620489097665995e-06,1.5234817851705884e-07,1.1701913535944186e-05,1.0059201258627581e-06,3.8260445478499605e-08,4.709654888301884e-07,0.00022624118719249964,7.506432302761823e-05,4.095035990303586e-07,1.643592071332023e-07,3.4742890420602635e-05,1.825221988838166e-05,0.0006351120537146926,1.2972158458524063e-07,0.00010203831334365532,2.0489362668740796e-06,1.1545481356733944e-05,1.9109263575955993e-06,1.1318716133246198e-05,1.1120602721348405e-05,1.3524011592380702e-05,0.00012583623174577951,1.8942542112654337e-07,5.106301614432596e-06,1.7651829693932086e-05,1.2338338137851679e-06,6.764153113181237e-07,4.404258561407914e-06,6.821032457082765e-06
/users/PAS2099/jianyanggu/PlotDiversiVision/data/SCBI_021/SCBI_021_PlantDiversity_31_1_4_20150601-straightened.jpg,SCBI_021/SCBI_021_PlantDiversity_31_1_4_20150601-straightened.jpg,SCBI,2015,,SCBI_021,31_1_4,31,1,4,20150601,true,SCBI_021_PlantDiversity_31_1_4_20150601-straightened_r0_c2,3,0,2,915,0,1372,458,164,2.781408511509653e-06,4.1066294215852395e-05,1.223111576109659e-05,9.894226241158321e-05,2.110809327859897e-05,1.7549025869811885e-05,1.496593813499203e-05,0.00011510299373185262,0.005093154963105917,0.03575141727924347,0.0002850022283382714,0.015401264652609825,1.3970504369353876e-05,0.0022961378563195467,4.872296813118737e-06,0.000509552308358252,0.004556566476821899,0.0025085636880248785,6.266232048801612e-06,3.0242868888308294e-05,2.001732173084747e-05,0.00016110351134557277,0.003932713530957699,0.0009415820240974426,4.236630047671497e-06,5.920295006944798e-05,7.684788579354063e-05,2.9494535738194827e-06,8.573197555961087e-05,1.7388886135449866e-06,1.2244094250490889e-05,0.00010666179878171533,0.00015274751058313996,1.895910463645123e-05,3.125601142528467e-05,0.001883139950223267,0.00011447507131379098,0.00011272480332991108,6.805956945754588e-05,1.775033524609171e-05,0.000323267828207463,0.039525534957647324,0.0024247607216238976,0.001175959943793714,1.3785729890969378e-07,0.0002192677784478292,6.877204577904195e-05,0.0036698896437883377,0.0003698374785017222,3.2158630347112194e-05,0.0009668018319644034,4.954745236318558e-07,1.9393608454265632e-05,2.2298756448435597e-05,0.00023986778978724033,1.2843845070165116e-05,0.00018493311654310673,1.1121655916213058e-05,0.0005719595355913043,1.488622456236044e-05,0.009043857455253601,0.008432310074567795,5.665348726324737e-05,3.7639401284650376e-07,1.6244611344973237e-07,0.004853290040045977,0.00038587208837270737,1.1235983038204722e-05,0.001307272119447589,0.0020690453238785267,0.0017949726898223162,0.0032672814559191465,3.573554567992687e-05,1.888058068288956e-05,6.038326318957843e-06,6.264265550726122e-08,5.341113933354791e-07,4.334154709795257e-06,8.66858655967917e-08,2.605676490929909e-05,0.00010019337059929967,5.864480499440106e-06,0.019063493236899376,2.5188117433572188e-05,0.0020826973486691713,0.002312558237463236,0.02760569378733635,0.0006029907963238657,1.4191156878951006e-05,0.0014356427127495408,4.625349447451299e-06,7.761912570458662e-07,0.003704377682879567,0.0008669166127219796,0.03827439993619919,0.01672608032822609,3.349341341163381e-06,0.016592876985669136,0.0065145427361130714,0.00035219400888308883,0.003725293790921569,0.00029763791826553643,0.0025311626959592104,2.780590193651733e-07,2.0162777218502015e-05,9.001061698654667e-06,0.003627521451562643,0.01783595234155655,2.479731847415678e-06,0.5376741290092468,0.00016156016499735415,7.916149797893013e-07,0.00029754143906757236,0.0019060501363128424,0.022057758644223213,0.00023907121794763952,0.02486291341483593,8.556269676773809e-06,2.846722635396759e-09,0.00018475964316166937,0.00011405617988202721,2.088901419483591e-05,1.1993995940429159e-05,3.803243316724547e-06,8.647523827676196e-06,2.3487584257964045e-05,6.996249339863425e-06,1.1287448614893947e-05,0.0001430230331607163,0.00042651582043617964,0.00012920660083182156,0.0022899361792951822,3.382134673302062e-05,4.361804258223856e-06,7.73762003518641e-05,0.005394362844526768,3.1829181068587786e-08,6.182935521792388e-06,1.3384760677581653e-05,8.799738134257495e-05,9.34117736051121e-07,0.013133760541677475,0.018747763708233833,4.0277838706970215e-05,5.350762421585387e-06,8.322370558744296e-05,9.691830928204581e-05,0.003201863029971719,0.0001439831976313144,1.1958816685364582e-05,4.759159855893813e-05,0.022507401183247566,0.00013456595479510725,1.7013309161484358e-06,5.803499334433582e-07,1.2273882930458058e-05,2.0349540136521682e-05,1.5471845472347923e-05,0.007542947307229042,0.016050375998020172,5.3492931328946725e-06,0.0018981267930939794,2.3968825644260505e-06,3.1342319743998814e-06
/users/PAS2099/jianyanggu/PlotDiversiVision/data/SCBI_021/SCBI_021_PlantDiversity_31_1_4_20150601-straightened.jpg,SCBI_021/SCBI_021_PlantDiversity_31_1_4_20150601-straightened.jpg,SCBI,2015,,SCBI_021,31_1_4,31,1,4,20150601,true,SCBI_021_PlantDiversity_31_1_4_20150601-straightened_r1_c0,3,1,0,0,458,457,916,164,3.219898019324319e-07,8.5244022329789e-07,5.433588157188751e-08,0.00010994688636856154,7.768376963213086e-05,2.601127744128462e-05,5.288481474963191e-07,1.6280422642012127e-05,0.00018239268683828413,9.641898941481486e-05,0.0002063392603304237,0.01783132553100586,4.675194134051708e-07,0.0007177866064012051,5.770515087988315e-08,0.00037102727219462395,5.7656830904306844e-05,3.045238827326102e-06,1.8450086258781084e-07,4.612821157934377e-06,3.484821888832812e-07,0.0009240219951607287,0.00022849957167636603,1.6685140508343466e-05,1.0856832100003544e-09,1.6055117839641753e-06,7.588299126837228e-07,4.254166299233475e-07,1.4318931107482058e-07,3.172032947418302e-08,3.872042597663494e-08,6.029667360962776e-07,2.006118620556663e-06,1.6357918184439768e-06,3.320260475447867e-06,3.4236450119351503e-06,7.238682883325964e-06,1.3171870705264155e-05,6.306154887170123e-07,7.190269570855889e-07,4.479605649976293e-06,4.8310634156223387e-05,1.9510316633386537e-06,1.9907509340555407e-05,1.753294753825685e-07,2.0590971416822867e-06,9.993489584303461e-06,0.00013758377463091165,2.1690000721719116e-05,8.591788173362147e-06,6.03176090407942e-07,2.778260204649996e-05,5.561219950322993e-05,2.465177146859787e-07,4.067525424034102e-06,9.280193467020581e-07,2.4484785171807744e-05,3.6253991311241407e-06,0.0010670620249584317,5.446831323752122e-07,0.00014902479597367346,1.5948486179695465e-05,2.4009927074075677e-05,8.49340813147137e-06,1.1680658218438111e-08,3.085806383751333e-05,9.232489901478402e-07,5.165597016798529e-08,3.512492185109295e-05,1.1635663668130292e-06,7.667131285415962e-05,5.740642154705711e-05,1.0797297363751568e-05,2.109810884576291e-05,0.0002451348991598934,6.645120151915762e-07,1.1934155281778658e-06,9.319932360085659e-06,2.4374502416435462e-08,1.9226386029913556e-06,1.0692449905036483e-05,1.1119321243313607e-05,0.00012455099204089493,9.503062756266445e-06,2.5752688088687137e-06,0.00024885465973056853,9.358877287013456e-05,4.807880395674147e-05,2.8537300750031136e-05,1.3927188774687238e-05,4.503795381083364e-08,2.3360059913102305e-06,0.000457797636045143,4.220694245304912e-05,0.003285228041931987,0.009807580150663853,1.6659891116432846e-05,0.000914714124519378,0.0003315783105790615,2.9584452931885608e-06,4.670772852932714e-07,1.812447044358123e-05,4.8072201025206596e-05,1.626651646802202e-05,3.127340733044548e-06,9.849938214756548e-05,1.2560627737912e-06,1.0651413504092488e-05,4.879193511442281e-07,0.0006268293363973498,1.2529575542430393e-05,7.412120908156794e-07,1.440957476006588e-05,0.00015477222041226923,0.024743126705288887,6.78469950798899e-05,0.0007815195131115615,2.0244777260813862e-05,3.966557571288831e-08,1.2017075277981348e-05,3.7411075481941225e-07,3.863661746095204e-08,2.381278676466536e-07,1.9966725162134935e-08,3.422413996645446e-08,2.898643458593142e-08,2.193620730395196e-06,0.000265858048805967,4.03504200221505e-05,1.9026327890969696e-06,1.253340087714605e-05,0.0005954566295258701,3.1037727694638306e-06,1.6468560716020875e-05,3.4729989693005336e-06,7.057686616462888e-06,1.7311750921678026e-09,7.041551270958735e-06,1.8212690520158503e-06,1.5468766605408746e-06,2.139244770660298e-06,5.970142956357449e-05,1.8702443412621506e-05,3.320589712529909e-06,1.9503535497733537e-07,4.1984694689745083e-05,5.593303285422735e-05,0.9332656860351562,3.355044327690848e-06,0.00016788193897809833,5.349802449927665e-06,7.323455065488815e-05,3.4147365113312844e-06,3.968923010688741e-06,3.7942727431072854e-06,4.46999592895736e-06,0.00012836257519666106,3.0728481306141475e-06,6.800891696912004e-06,3.068246223847382e-05,1.5212978041745373e-06,1.6486788808833808e-05,1.1739685760403518e-05,7.214478955575032e-06
/users/PAS2099/jianyanggu/PlotDiversiVision/data/SCBI_021/SCBI_021_PlantDiversity_31_1_4_20150601-straightened.jpg,SCBI_021/SCBI_021_PlantDiversity_31_1_4_20150601-straightened.jpg,SCBI,2015,,SCBI_021,31_1_4,31,1,4,20150601,true,SCBI_021_PlantDiversity_31_1_4_20150601-straightened_r1_c1,3,1,1,457,458,915,916,164,1.7719679590300075e-07,5.755791789852083e-07,1.4609099707740825e-07,7.84686126280576e-05,9.243888052878901e-05,0.00010658335668267682,2.305166390215163e-06,2.4985429263324477e-06,0.00018046396144200116,2.578830208221916e-05,0.00022243049170356244,0.6898005604743958,3.632518564700149e-05,0.003194434568285942,3.35298494746894e-07,3.3167831134051085e-05,7.220324187073857e-05,5.911876996833598e-06,1.12689377829156e-08,2.117890971931047e-06,1.0438825484015979e-06,0.0014962878776714206,0.0001616225199541077,5.1346847612876445e-05,2.0682993095988422e-08,1.7864535038825125e-05,2.0307830709498376e-05,2.423204932711087e-06,6.043652319931425e-06,3.0029962090338813e-06,9.846816055869567e-07,5.877627131667396e-07,6.00280009166454e-06,8.002787217264995e-05,1.0576314707577694e-05,3.634362292359583e-05,4.801722297997912e-06,1.0308088349120226e-05,2.7919340936932713e-06,2.504372105249786e-07,1.005866238301678e-06,0.00032661602017469704,0.00010878341709030792,7.46223167880089e-06,1.8547268609836465e-07,6.0453130572568625e-06,0.00010131146700587124,0.00031767517793923616,1.3627376574731898e-05,2.8661363103310578e-05,3.244809249736136e-06,0.0012136275181546807,0.0017930094618350267,2.416732627352758e-07,0.00011225798516534269,1.8871363636208116e-06,0.00010855459549929947,6.557066853929427e-07,0.004377815872430801,2.1600428226520307e-05,0.0014041210524737835,2.091995384034817e-06,5.873886493645841e-06,5.457382030726876e-06,1.587127229640828e-08,1.546613020764198e-05,1.2228930245328229e-05,1.0645646852935897e-06,0.0006346082664094865,4.808541234524455e-06,1.6156633137143217e-05,4.617016384145245e-05,0.0001167048976640217,0.005686099175363779,0.10867118835449219,0.0025211707688868046,0.0003919773444067687,0.027292314916849136,4.4400351839612995e-07,3.009029387612827e-05,5.276218507788144e-05,0.0011481104884296656,0.00040449100197292864,2.638624891915242e-06,2.315495294169523e-06,0.002478110371157527,6.483030301751569e-05,3.3093626825575484e-06,2.6774998787004733e-06,0.005804975982755423,8.024421731533948e-07,0.000372126029105857,0.0001420395274180919,5.9626585425576195e-05,0.002966928295791149,0.00011410671868361533,4.62844327557832e-05,0.0055650705471634865,0.08668980747461319,2.5723613461536843e-08,8.88077283889288e-06,0.00010528940038057044,0.0001104585753637366,4.567963333101943e-05,8.08424738352187e-06,0.017185097560286522,1.0629461030475795e-05,3.598480179789476e-05,1.6938846556513454e-06,0.00012689574214164168,2.923535430454649e-05,2.973947346163186e-07,3.137022576993331e-05,0.0007379241287708282,0.004463581833988428,0.001091130543500185,0.0015350119210779667,5.3635609219782054e-05,7.903209962023539e-07,0.00027122904430143535,5.831267117173411e-06,3.0234748038537873e-09,1.4386226609985897e-07,3.994192976364275e-09,2.197883297583303e-08,1.0485869950116466e-08,0.0007038259645923972,1.5137854461499956e-05,2.4106946511892602e-05,6.976899840083206e-07,1.8983068002853543e-05,1.4057006410439499e-05,6.087313522584736e-06,1.0884853509196546e-05,0.00012865827011410147,7.980802365636919e-06,9.154703661806707e-08,0.00012007100303890184,4.9629812565399334e-05,3.991259291069582e-06,5.7559733249945566e-05,0.00019979044736828655,0.0001409922551829368,6.9133457145653665e-06,3.2316288525180425e-06,0.0011888379231095314,0.005603285972028971,0.0010369308292865753,0.0001704289170447737,0.0014473007759079337,4.017581159132533e-05,9.040506120072678e-05,3.0226016178858117e-07,9.296365897171199e-05,5.8262226957594976e-05,4.7021196223795414e-05,0.002575392136350274,2.596061108306458e-07,5.1860628445865586e-05,5.700645124306902e-05,1.024641915137181e-05,4.585819795011048e-07,0.00048673810670152307,0.002577397273853421
/users/PAS2099/jianyanggu/PlotDiversiVision/data/SCBI_021/SCBI_021_PlantDiversity_31_1_4_20150601-straightened.jpg,SCBI_021/SCBI_021_PlantDiversity_31_1_4_20150601-straightened.jpg,SCBI,2015,,SCBI_021,31_1_4,31,1,4,20150601,true,SCBI_021_PlantDiversity_31_1_4_20150601-straightened_r1_c2,3,1,2,915,458,1372,916,164,6.927277240720286e-08,3.5434035794423835e-07,1.431675400453969e-07,7.5444354479259346e-06,1.637098284845706e-05,6.267935532378033e-05,2.2052265194361098e-05,8.431428568655974e-07,0.0018139994936063886,0.000297762977425009,4.052351869177073e-05,0.013164362870156765,4.22246812377125e-05,1.2893727216578554e-05,2.1028756691521266e-07,2.4250184651464224e-05,2.6624563815857982e-06,1.508785487658315e-07,9.280729500460438e-07,1.0419097634439822e-05,2.1912728698225692e-05,0.00043887487845495343,7.936964539112523e-05,0.0007303432212211192,3.3265468601939574e-08,0.0001425443188054487,0.0008077811799012125,8.475001959595829e-05,0.0006601172499358654,0.0013696965761482716,7.174690836109221e-05,0.00018818974785972387,0.0001925100077642128,0.0004533835453912616,0.009666146710515022,0.006417658645659685,5.079858510725899e-06,2.7462801881483756e-06,4.501928003719513e-07,1.5046242651806097e-07,5.487021326189279e-07,9.198650514008477e-05,1.0806074897118378e-06,6.170047299747239e-07,1.5534591284449561e-06,3.990056484326487e-06,7.367472107944195e-07,0.0009536378784105182,1.843928112066351e-05,4.503765751451283e-07,7.407486179999978e-08,0.00015739805530756712,2.3811462597223e-05,3.4171310225872276e-09,0.0025553987361490726,3.990299774159212e-06,8.020237146411091e-05,1.947441433003405e-06,0.001794234151020646,0.00011299220932414755,0.00017820845823735,8.852217092680803e-08,6.385195320035564e-06,4.9417656555306166e-05,8.204305568249026e-10,1.2264895303815138e-06,1.2118173799535725e-05,2.861577570456575e-07,0.0007899423944763839,0.0020149429328739643,1.5068774700921495e-05,2.6881856683758087e-05,7.065206318657147e-06,0.00011035285569960251,0.0005039715906605124,6.8521962930390146e-06,2.0250108718755655e-06,0.00019187948782928288,1.4161190620143316e-07,1.1420420378271956e-05,0.00017815407773014158,2.1515146727324463e-05,3.420789653318934e-05,7.801285391906276e-05,1.4594949959700898e-07,0.0001239415432792157,2.10903840525134e-06,2.1381677584031422e-07,5.625317498925142e-05,0.0813310518860817,5.176116246730089e-07,1.973579173863982e-06,6.638995728280861e-06,7.202717097243294e-05,0.00011491965415189043,2.3604539819643833e-05,9.073011824511923e-06,0.0003334710781928152,0.5139104127883911,7.396562295980402e-07,3.0219555924304586e-07,0.00034645095001906157,0.00016064333613030612,3.9291426219278947e-05,6.621695320063736e-06,0.00044782806071452796,1.074376314136316e-06,0.00014127434405963868,5.594733920588624e-06,0.0003533137496560812,1.5445668395841494e-05,4.4290896994425566e-07,1.774308998392371e-06,0.0005592989618889987,0.3264520466327667,0.012300810776650906,0.010455026291310787,0.00013353613030631095,6.801199958772486e-08,0.0007300089346244931,2.442749291731161e-07,1.4595037678422074e-10,2.392131470685399e-08,1.1371967811868444e-09,5.5701104173522253e-08,9.072483919680963e-08,0.00044953275937587023,9.63222646532813e-07,1.368911580357235e-05,5.382637482398422e-07,2.067639616143424e-05,2.3055892597767524e-05,0.00011166174954269081,1.2966430404048879e-05,0.00018812943017110229,1.0107163461725577e-06,4.640422091028995e-08,8.968026122602168e-06,1.1259157872700598e-05,9.795783029176164e-08,3.0041857712603814e-07,0.0018634321168065071,0.0009544020867906511,5.510556206900219e-07,2.4171574750653235e-06,0.00017727413796819746,0.0001494444441050291,0.00012110138777643442,9.488822172443179e-08,0.00011885651474585757,1.3636112271342427e-05,4.23442070314195e-05,1.2726410204777494e-05,2.1298259525792673e-05,1.2817029528378043e-05,2.3956143195391633e-05,0.0003882642777170986,2.132041743152513e-08,1.4508424101222772e-05,0.00010405557986814529,5.938749154665857e-07,1.0497326456970768e-06,2.7602925911196508e-05,7.110281148925424e-05
/users/PAS2099/jianyanggu/PlotDiversiVision/data/SCBI_021/SCBI_021_PlantDiversity_31_1_4_20150601-straightened.jpg,SCBI_021/SCBI_021_PlantDiversity_31_1_4_20150601-straightened.jpg,SCBI,2015,,SCBI_021,31_1_4,31,1,4,20150601,true,SCBI_021_PlantDiversity_31_1_4_20150601-straightened_r2_c0,3,2,0,0,916,457,1374,164,1.0107991244012737e-07,1.0952174278600069e-07,2.1669592786821568e-09,4.906311005470343e-06,6.282308731897501e-06,2.555604226017749e-07,1.2683188721496208e-08,2.1184694105613744e-06,8.56615588418208e-06,1.1547487702046055e-05,2.20040715248615e-06,0.0013121870579198003,1.7239448979466943e-08,7.825057400623336e-05,3.1770657216156906e-09,1.4574578926840331e-05,8.016275387490168e-06,2.4693346745152667e-07,1.6356887400093e-08,4.115434251161787e-07,6.2385243637663734e-09,0.000519409601110965,1.8831134411811945e-06,1.5749855037938687e-06,1.0201214178939821e-10,1.9420062002950544e-08,5.019878202006112e-08,1.0985600873425483e-08,4.651241169995046e-09,1.7706727195587746e-09,1.2549532524275264e-09,8.682111740654364e-08,3.890724187272099e-08,6.226925108876458e-08,1.4483946131349512e-07,7.499738785554655e-08,1.3135723975210567e-06,8.615998012828641e-07,4.001692133215329e-08,5.404621461480019e-08,2.9508217380680435e-07,1.4221326637198217e-05,5.655383006342163e-07,1.6230357005042606e-06,4.023458188839868e-08,1.8199469309365668e-07,1.5778539363964228e-06,1.1603434359130915e-05,6.451311946875649e-07,5.249283390185155e-07,1.8004945445682097e-07,2.487886831659125e-06,3.915384240826825e-06,3.025986927696067e-08,6.711089639566126e-08,1.1065476002158903e-07,1.3659772548635374e-06,2.4272151222248795e-07,5.7091885537374765e-05,3.664113279455705e-08,9.721474270918407e-06,5.448865977086825e-06,5.453980975289596e-06,8.707855840839329e-07,9.256199140494914e-10,1.0455831215949729e-05,7.982943373008311e-08,5.497713395641313e-09,4.683027782448335e-06,6.183677925264419e-08,8.354899364348967e-06,3.492885298328474e-06,2.131552946593729e-06,2.2521930986840744e-06,4.592487312038429e-05,3.023194850015898e-08,1.1392891252626214e-07,1.7047982510121074e-06,2.6811097786350047e-09,1.917918126537188e-07,7.95136998021917e-07,5.760900876339292e-07,5.847273314429913e-06,1.222936930389551e-06,8.519127732142806e-07,4.5286233216756955e-05,2.4068212951533496e-06,3.957338776672259e-06,9.030561159306671e-06,2.2015899503458058e-07,6.002872865451536e-09,7.261928658408578e-08,6.832795770606026e-05,1.1408733371354174e-05,0.007064990233629942,0.006539434194564819,2.351668399569462e-06,0.0002295494923600927,7.820607606845442e-06,5.149815365257382e-07,2.080102348145374e-07,2.4918288090702845e-06,4.652046754927142e-06,1.451088564863312e-06,3.474942218417709e-07,1.0464929800946265e-05,1.0234048630763937e-07,8.750173208227352e-08,2.8492740611341105e-08,3.917612411896698e-05,1.5294945399091375e-07,2.0839852510334822e-08,1.2938093050252064e-06,1.6368960132240318e-05,0.0029407029505819082,1.958381972144707e-06,3.7456629797816277e-05,1.7533809568703873e-06,3.149649208111782e-09,4.039641225972446e-06,2.4873434867345168e-08,2.596957138223388e-08,5.7147801157952927e-08,7.146803593371942e-09,5.735546704244143e-09,6.913113193007803e-09,1.67345717727585e-07,0.00019810456433333457,7.188813015091e-06,3.4085886113643937e-07,1.3608334938908229e-06,8.732880087336525e-05,9.862621652700909e-08,4.828403234569123e-06,2.7671276825458335e-07,5.580401648330735e-06,2.83906320674987e-09,3.9040622823449667e-07,8.19854477640547e-08,1.765272372722393e-07,2.501398910226271e-07,4.3938485760008916e-05,1.5117805560294073e-05,1.0263175198588215e-07,4.90097207261897e-09,5.087335921416525e-06,5.057537237007637e-06,0.9802867770195007,4.579761636591684e-08,5.3156651119934395e-05,2.7200530894333497e-07,1.3228607713244855e-05,6.825781042607559e-07,5.024191409574996e-07,6.378438683896093e-07,1.0834951353899669e-06,1.4842829841654748e-05,1.5761926874802157e-07,2.7039968131248315e-07,1.6868918919499265e-06,7.862627171562053e-08,1.8769967937259935e-05,6.815139954596816e-07,7.996388262654364e-07
/users/PAS2099/jianyanggu/PlotDiversiVision/data/SCBI_021/SCBI_021_PlantDiversity_31_1_4_20150601-straightened.jpg,SCBI_021/SCBI_021_PlantDiversity_31_1_4_20150601-straightened.jpg,SCBI,2015,,SCBI_021,31_1_4,31,1,4,20150601,true,SCBI_021_PlantDiversity_31_1_4_20150601-straightened_r2_c1,3,2,1,457,916,915,1374,164,1.8616493946410628e-07,1.6799052673377446e-06,4.1599770383982104e-07,8.814103239274118e-06,5.474139834404923e-05,5.776663601864129e-05,7.68891186453402e-06,6.514529377454892e-05,0.000383196136681363,0.0005012712790630758,0.00019294791854918003,0.05247395113110542,4.8983471060637385e-05,0.005169843789190054,1.8283121789863799e-06,0.0004003899230156094,0.00026982411509379745,1.5927798813208938e-05,6.820337716817448e-08,7.793388249410782e-06,5.476662181536085e-07,0.0009884677128866315,0.00018459671991877258,1.9289996998850256e-05,1.1275547961986376e-07,2.1864518203074113e-05,9.845904969552066e-06,2.6324366331209603e-07,1.3299845704750624e-06,6.622314003834617e-07,2.658503035490867e-07,3.896328053087927e-06,2.9609491321025416e-06,2.159125142497942e-05,9.062517165148165e-06,2.9267224817886017e-05,4.893080404144712e-05,1.4157294572214596e-05,1.4595993889088277e-06,7.459256607944553e-07,6.044058409315767e-06,0.0009434831445105374,2.430757012916729e-05,5.923109711147845e-06,3.4449550412318786e-07,9.619622687750962e-06,3.162851862725802e-05,0.0011244902852922678,4.7018256736919284e-05,1.9929526388295926e-05,1.6194610452657798e-06,6.65338957333006e-05,0.0002264618524350226,7.753082087447183e-08,7.648107566637918e-05,5.541074187931372e-06,0.00019204910495318472,6.520368515339214e-06,0.0012191892601549625,2.784878779493738e-05,0.0004484017554204911,2.549676901253406e-05,3.055978595511988e-05,3.2773110433481634e-05,1.187573062111369e-08,0.0002085245941998437,3.4889457310782745e-05,2.653882518188766e-07,0.000408489431720227,0.00010506816033739597,8.748352411203086e-05,6.444727478083223e-05,4.3857777200173587e-05,0.0006545496289618313,0.0027364399284124374,1.0092128832184244e-05,3.658307150544715e-06,0.0003165412344969809,2.301689683292807e-08,5.0606258810148574e-06,2.9717799407080747e-05,2.1747646314906888e-05,0.00037273779162205756,9.983115887735039e-06,2.615481662360253e-06,0.00027619962929748,0.00017404813843313605,4.980916128261015e-05,1.9345266991876997e-05,0.002462041098624468,3.464433007138723e-07,1.5036367585707922e-05,0.0004466127138584852,0.00016422946646343917,0.33026188611984253,0.02224685624241829,4.091315076948376e-06,0.00324192619882524,0.43060141801834106,3.328460707052727e-07,1.8367215943726478e-06,8.456065552309155e-05,8.955950033850968e-05,3.325277020849171e-06,4.144930699112592e-06,0.001968549331650138,6.349868272081949e-06,2.2126723706605844e-05,5.151625828148099e-06,0.0004366132488939911,9.57700285653118e-06,6.026465939612535e-07,2.9871691367588937e-05,0.0012915774714201689,0.08249455690383911,0.0007471712888218462,0.00897175632417202,0.00016383962065447122,1.1882760020398564e-07,5.5811287893448025e-05,6.644509539910359e-06,1.0281744344808885e-08,4.898958536614373e-07,3.9787384054079666e-08,1.5788526752658072e-07,7.121389700159853e-08,3.505876156850718e-05,3.1046478397911415e-05,3.94165726902429e-05,5.438272978608438e-07,1.6606703866273165e-05,0.0002585525799077004,5.788197086076252e-06,3.18559177685529e-05,9.513536497252062e-06,4.5500612031901255e-05,1.1387280451913284e-08,3.612572618294507e-05,7.450728389812866e-06,4.6853151616232935e-06,5.216946647124132e-06,0.0007656957022845745,0.00010625478171277791,1.6516360119567253e-05,1.1108882063126657e-05,0.0006337049417197704,0.001777269528247416,0.035285834223032,2.308305374754127e-05,0.00035420386120676994,5.5745964345987886e-05,0.0003652050218079239,1.0375968486187048e-05,1.3556788871937897e-05,1.719153624435421e-05,1.1029329471057281e-05,0.0025902162306010723,9.374974752063281e-07,5.3495758038479835e-05,5.193241304368712e-05,4.91485589009244e-05,2.707798375922721e-05,9.637220500735566e-05,8.767060353420675e-05
/users/PAS2099/jianyanggu/PlotDiversiVision/data/SCBI_021/SCBI_021_PlantDiversity_31_1_4_20150601-straightened.jpg,SCBI_021/SCBI_021_PlantDiversity_31_1_4_20150601-straightened.jpg,SCBI,2015,,SCBI_021,31_1_4,31,1,4,20150601,true,SCBI_021_PlantDiversity_31_1_4_20150601-straightened_r2_c2,3,2,2,915,916,1372,1374,164,2.115546351433295e-07,7.481060606551182e-07,1.8079623131939115e-08,4.975314823241206e-06,2.739060073508881e-05,1.5118270084713004e-06,1.991843191717635e-06,3.8854655031173024e-06,0.00024237412435468286,5.953402796876617e-05,7.385228673228994e-05,0.027036134153604507,6.882237812533276e-06,0.00010809250670718029,8.886720337386578e-08,0.00013343316095415503,3.704019036376849e-05,5.70015515677369e-07,2.1438994224354246e-07,1.3418284652289003e-06,1.4922363789082738e-07,0.0003119847970083356,2.3219070499180816e-05,0.0003419326967559755,2.4429883893617443e-08,6.812912033637986e-06,2.2205026652954984e-06,5.277956915961113e-08,6.321494652183901e-07,3.0651892757305177e-07,2.831453684848384e-07,3.780616566473327e-07,2.789885797938041e-07,2.62816647591535e-05,2.2334757886710577e-05,1.1923145393666346e-05,2.405317445663968e-06,3.2873281270440202e-06,9.099445605897927e-07,6.93131880780129e-07,1.899093604151858e-06,0.00019634045020211488,1.6095104001578875e-05,8.422874998359475e-06,1.057464487530524e-06,5.132833962306904e-07,1.3729209058510605e-06,0.000656999065540731,4.1951545426854864e-05,2.511796628823504e-05,2.777228758077399e-07,0.00020619676797650754,0.00012900707952212542,2.27259562279869e-07,1.8865514448407339e-06,1.696281969998381e-06,6.39601712464355e-05,1.5170610367931658e-06,0.00013223779387772083,3.7521849662880413e-06,0.000535969331394881,4.490846094995504e-06,1.4602692317566834e-05,1.2295996384636965e-05,1.626214363170675e-08,1.4912419828760903e-05,3.5349623317415535e-07,2.2167182578414213e-07,0.00010221936827292666,2.1875461243325844e-05,1.0555103472142946e-05,1.0422427294543013e-05,2.6075049390783533e-05,6.56269839964807e-05,0.0001816912554204464,4.735667062050197e-06,7.685482046326797e-07,3.112868216703646e-05,2.8577463240253564e-07,9.505018169875257e-06,2.5558413199178176e-06,6.114094503573142e-06,6.043396206223406e-05,3.138383908662945e-05,3.0183124977156695e-07,0.0004382437909953296,1.5183993127720896e-05,2.6057336981466506e-06,0.0002615855191834271,0.00021188851678743958,1.1799518517818797e-07,2.8216861664986936e-06,2.134069291059859e-05,0.0003653543535619974,0.0006520304596051574,0.00017967865278478712,2.2855692805023864e-05,0.00165146857034415,0.0022851356770843267,2.542033826102852e-06,1.2248754046595423e-06,6.905383634148166e-05,4.2486230086069554e-05,0.0002264974027639255,6.121259048086358e-06,0.004397260025143623,2.190233544752118e-06,7.09613086655736e-05,4.7118064117057656e-07,0.00014174115494824946,4.4260309550736565e-06,5.794117896584794e-07,5.1265189540572464e-05,0.0005113279330544174,0.9500800371170044,0.0013393093831837177,0.0006256084889173508,2.2948648620513268e-05,1.8077149377404567e-07,0.0009802186395972967,1.612870761391605e-07,8.517369920468809e-09,1.9379308469069656e-07,3.5410337773100764e-08,2.575286259798304e-07,2.3871169219091826e-07,5.0840244512073696e-05,3.086782817263156e-05,9.314740054833237e-06,2.0691111046744481e-07,1.048511080625758e-06,7.476242899429053e-06,2.4172673875000328e-05,7.565499981865287e-05,1.1954427918681176e-06,1.815678297134582e-05,3.796861278715369e-07,1.2375476217130199e-05,2.1253765225992538e-05,6.407146315723367e-07,6.898955689393915e-06,0.0018246788531541824,0.0002638816658873111,5.277094032862806e-07,1.2813534056022036e-07,0.0004723133170045912,0.00015959444863256067,0.00045371532905846834,2.0502857012161257e-07,0.0001688253105385229,1.0284276868333109e-05,7.000277491897577e-06,1.8243359590996988e-05,5.6367189245065674e-05,3.375662345206365e-05,1.070011785486713e-05,0.00033805740531533957,9.155922384707083e-07,5.520737886399729e-06,2.8104403099860065e-05,9.897916243062355e-06,1.2664016821872792e-06,9.999052963394206e-06,4.250017082085833e-05
/users/PAS2099/jianyanggu/PlotDiversiVision/data/SCBI_021/SCBI_021_PlantDiversity_32_1_2_20150601-straightened.jpg,SCBI_021/SCBI_021_PlantDiversity_32_1_2_20150601-straightened.jpg,SCBI,2015,,SCBI_021,32_1_2,32,1,2,20150601,true,SCBI_021_PlantDiversity_32_1_2_20150601-straightened_r0_c0,3,0,0,0,0,500,507,164,8.419853543273348e-07,3.5262112305645132e-06,4.6935621611510214e-08,1.4490718058368657e-05,7.93623476056382e-05,5.479243191075511e-05,2.3508277990913484e-06,1.8910131984739564e-05,0.00018985819770023227,5.865266575710848e-05,8.48939671413973e-05,0.0052938214503228664,1.1563324733288027e-05,0.0002267490781378001,5.073404736322118e-07,6.41260776319541e-05,7.339309377130121e-06,2.8224316338310018e-05,2.9917178068217254e-08,1.5800300161572522e-06,7.851849659346044e-07,0.0016971396980807185,0.00014277882291935384,7.390410132757097e-07,7.999595652563585e-08,4.543890827335417e-05,5.165445145394187e-06,1.020726969613861e-08,7.488598186000672e-08,1.0030067443267399e-07,4.786846474758022e-08,2.0125104072121758e-07,2.0932864686074026e-07,1.599979805178009e-05,2.1890066363994265e-06,1.6867779777385294e-06,6.0822996601928025e-05,9.092583240999375e-06,1.0792145985760726e-06,4.250225345003855e-07,6.266013770073187e-07,0.00010054830636363477,1.1263656460869242e-06,5.489994236995699e-06,2.5628592581483645e-08,9.465716033218996e-08,5.816335033159703e-06,0.0003652165178209543,3.472723255981691e-05,3.206721430615289e-07,4.0055488170764875e-06,0.0001320256560575217,6.2713734223507345e-06,5.723815643676744e-09,5.666081051458605e-06,1.7457143712817924e-06,5.361550847737817e-06,1.1792150189648964e-06,0.0006527001969516277,1.0454566108819563e-05,5.598000279860571e-05,1.3456075976137072e-05,5.546299917114084e-07,3.313568959129043e-05,1.603771870861692e-08,3.842253499897197e-05,8.671604518895037e-06,1.4164425010676496e-07,7.04937701812014e-05,0.0001752782700350508,0.00011506436567287892,6.968631350900978e-05,1.2551008694572374e-05,6.733982445439324e-05,4.950102811562829e-05,3.3549278555256024e-07,7.241690695991565e-07,1.3680392839887645e-05,3.829734307458921e-09,3.0786798106419155e-06,1.7654039766057394e-05,1.952164529939182e-05,5.152164158062078e-05,1.1659969914035173e-06,3.4755175875034183e-06,0.0002038015954894945,3.4428844628564548e-06,1.1400218681956176e-05,6.406049237739353e-07,0.00046564952936023474,2.0886919571694307e-07,1.15648629162024e-06,0.001528542605228722,2.3566562958876602e-05,0.0049823131412267685,0.0014405085239559412,1.5860326811889536e-06,8.442407852271572e-05,0.9721176028251648,2.221765953436261e-06,2.228777475465904e-06,3.474922777968459e-05,2.8794938771170564e-05,2.70793384515855e-06,3.02135795209324e-05,0.00030121300369501114,3.3361309306201292e-06,4.333888057317381e-07,2.3096717995940708e-06,0.00017749599646776915,2.88557457679417e-05,1.2907979396459268e-07,2.0177705664536916e-05,0.00014022889081388712,0.0014807572588324547,3.6125604765402386e-06,0.0019423390040174127,0.00010738441778812557,2.3123318371176538e-08,3.1599349767930107e-06,2.2433980575442547e-06,1.3124811459874763e-07,4.852058168580697e-07,8.30133615181694e-08,9.27530550143274e-08,2.196432191681197e-08,2.66163388005225e-05,3.6979636206524447e-05,5.696729203918949e-05,5.028011855756631e-07,6.718403710692655e-06,0.0006847653421573341,1.234694650520396e-06,1.5835124941077083e-05,8.643004548503086e-06,2.9824355806340463e-05,1.6910403077829983e-09,3.269123408244923e-05,2.704928192542866e-07,4.439372105480288e-07,5.212771725382481e-07,4.468089173315093e-05,2.0483955722738756e-06,4.1086173041549046e-06,3.9412834667018615e-06,3.988063326687552e-05,0.00013067379768472165,0.0023813475854694843,1.2169443834864069e-06,0.0001343090261798352,2.1537800421356224e-05,5.923321805312298e-05,9.904368880597758e-08,4.906334652332589e-06,4.6749296416237485e-06,2.7709770620276686e-06,0.0006869002245366573,1.1944852928991168e-07,1.9042241547140293e-05,6.737421699654078e-06,9.701850103738252e-06,6.660532380919904e-05,6.980946636758745e-06,5.504380169440992e-06
/users/PAS2099/jianyanggu/PlotDiversiVision/data/SCBI_021/SCBI_021_PlantDiversity_32_1_2_20150601-straightened.jpg,SCBI_021/SCBI_021_PlantDiversity_32_1_2_20150601-straightened.jpg,SCBI,2015,,SCBI_021,32_1_2,32,1,2,20150601,true,SCBI_021_PlantDiversity_32_1_2_20150601-straightened_r0_c1,3,0,1,500,0,1001,507,164,4.3540737237890426e-08,1.730901573182564e-07,4.623513127910428e-09,1.4760867088625673e-06,1.818640885176137e-05,2.686513482785813e-07,1.6497990884545288e-07,4.146030278207036e-06,3.141250999760814e-05,2.136516195605509e-05,8.651925600133836e-05,0.0020525699947029352,3.336170948387007e-07,0.00019526667892932892,1.0385201143492395e-08,0.00012879337009508163,1.9793869796558283e-05,3.9599277101842745e-07,1.4263393666169577e-07,1.563519276714942e-06,2.172361313057536e-08,0.0008972831419669092,7.4655672506196424e-06,0.00010755590483313426,5.038512385091565e-10,1.8568162829524226e-07,6.607663038948886e-08,1.1843181546566939e-08,1.785089231987058e-08,4.474737025361719e-09,1.821102557642007e-08,6.509092997930566e-08,9.047639792925111e-08,1.3046461617705063e-06,8.835965559228498e-07,2.737024829002621e-07,9.903893669616082e-07,1.1289221220067702e-06,2.1264155236622173e-07,1.2822012251945125e-07,1.505803084000945e-06,1.3785022019874305e-05,1.0649592923073214e-06,1.3273011063574813e-06,1.8098911880315427e-07,1.8759824627068156e-07,1.91269919014303e-06,0.0005835793563164771,3.821367499767803e-06,7.175130122050177e-06,2.3087832801138575e-07,3.673195169540122e-05,8.652057294966653e-05,1.8044450200704887e-07,2.1085318735458713e-07,3.1636758990316594e-07,3.100983803960844e-06,1.214454670162013e-07,1.4613078747061081e-05,1.8752241714992124e-07,0.00021159561583772302,6.999833658483112e-06,7.179263775469735e-06,6.993321221671067e-06,4.795347674502182e-09,9.136960215982981e-06,1.061928358581099e-07,9.635567010946033e-09,1.2406786481733434e-05,1.0930457392532844e-06,1.1759017070289701e-05,1.0796074093377683e-05,2.5228053345927037e-05,3.584958903957158e-05,0.0006251203594729304,3.0173514460329898e-06,1.5609329011567752e-06,2.217865585407708e-05,4.665843178486284e-08,6.396215326276433e-07,7.277255349436018e-07,1.1321436659272877e-06,1.7527034287923016e-05,1.0303179806214757e-05,1.0317682352933844e-07,4.845114381168969e-05,1.416937266185414e-05,2.989944050568738e-06,0.00011723684292519465,1.7525688917885418e-06,1.0703587349780719e-08,1.6238257103395881e-06,1.8776740034809336e-05,9.242446685675532e-05,0.008486144244670868,0.0017973864451050758,1.5229552445816807e-05,0.0004489572311285883,0.00013245103764347732,5.586267661783495e-07,1.241377987071246e-07,8.74663055583369e-06,1.185282690130407e-05,2.676256735867355e-05,5.19164245815773e-07,0.0006394322263076901,1.023747245199047e-06,2.236377986264415e-05,4.2626329133099716e-08,8.039233216550201e-05,6.432256896005129e-07,2.179999825102641e-07,7.905751772341318e-06,0.00028569044661708176,0.5987130403518677,0.0004915430909022689,0.0003180063795298338,2.276278792123776e-06,1.3061636217059913e-08,5.018996671424247e-05,8.726491529387204e-08,3.920363589315912e-09,4.0554738234277465e-07,3.015679794771131e-08,5.978048989163653e-08,6.335430668968911e-08,1.6664857866999228e-06,3.203267988283187e-05,4.4055877879145555e-06,8.047474864270043e-08,5.024144229537342e-07,1.868749131972436e-05,4.691978574555833e-06,1.1361461474734824e-05,6.039412596692273e-07,5.130495082994457e-06,1.2301438090389638e-08,3.0168105240591103e-06,2.7874659735971363e-06,3.9736067947160336e-07,1.380675030304701e-06,0.0003337257949169725,4.878981417277828e-05,1.1425868251535576e-06,2.751123417965573e-08,0.0001556261267978698,5.7721375924302265e-05,0.38169628381729126,1.6078726616797212e-07,0.00010111422307090834,2.9234115572762676e-07,1.745064764691051e-05,4.662502760766074e-06,8.943297871155664e-06,3.0431536288233474e-05,6.088409008953022e-06,0.00023313461861107498,8.132096809276845e-07,3.89939714295906e-07,3.087774757659645e-06,4.6122104322421364e-06,4.838924269279232e-06,4.027402155770687e-06,1.5677716191930813e-06
/users/PAS2099/jianyanggu/PlotDiversiVision/data/SCBI_021/SCBI_021_PlantDiversity_32_1_2_20150601-straightened.jpg,SCBI_021/SCBI_021_PlantDiversity_32_1_2_20150601-straightened.jpg,SCBI,2015,,SCBI_021,32_1_2,32,1,2,20150601,true,SCBI_021_PlantDiversity_32_1_2_20150601-straightened_r0_c2,3,0,2,1001,0,1501,507,164,2.1805308669797796e-09,8.312118993103468e-09,5.3052153781152356e-09,8.966492259787628e-07,3.187517449987354e-07,1.1093023886132869e-06,1.2851735675667442e-08,1.459659597458085e-05,4.283076862066082e-07,9.292076015299244e-07,1.4002371244714595e-06,2.216978646174539e-05,6.460336265945443e-09,0.00043218329665251076,4.497276773207659e-09,5.212660312281514e-07,2.43382528424263e-05,8.190063738311437e-08,1.4510569412706786e-09,1.0589273102823427e-07,2.001220700265094e-08,0.00010279282287228853,5.195270773583616e-07,1.4663606862086453e-07,1.7798186535689098e-10,3.808949600170308e-09,1.4547093529770905e-09,5.1556050095769024e-08,1.9824661356970807e-10,3.814909499411101e-10,7.968473658692687e-10,4.075744186593511e-08,4.8270486274759605e-08,2.2577439917625952e-09,5.434755312450079e-09,1.1494409868362254e-08,1.7482486214248638e-07,4.433774947187885e-08,2.5413564586074244e-09,1.1990558546060015e-09,4.244704499001273e-08,8.581942893215455e-06,4.651506344544032e-07,3.634599806900951e-06,1.1827927082208589e-08,1.224619605721955e-08,2.892432348744478e-06,2.0643690845645324e-07,2.9289941494425875e-07,1.343935878139746e-07,3.055806985230447e-08,9.724425353851984e-07,8.871026579981844e-07,2.8024764731071627e-08,5.409544812096101e-08,6.398533969331766e-08,2.4765108719293494e-07,3.347618715565659e-08,5.763007266068598e-06,5.945277603558452e-09,6.270371954997245e-08,1.3500055501936004e-05,3.071152434586111e-07,2.1560664720254863e-07,9.536614831162638e-10,4.775477464136202e-06,1.8228769249617471e-07,2.1169770381135322e-09,3.173613265516906e-07,1.4451027929851534e-08,8.710840120329522e-06,9.807095921132714e-06,6.864575539111684e-07,2.242142613795295e-07,5.183000666875159e-06,1.1210333772382342e-09,1.3399015230675104e-08,6.62265620121616e-08,1.644982761117575e-11,2.2361270612947237e-09,5.127892563905334e-07,3.1842361636336136e-07,3.82846064894693e-06,4.402326325703143e-08,1.3050991753971175e-07,1.987589030250092e-06,3.181528427376179e-07,4.928120688418858e-06,1.0932959071396908e-07,5.2662826988125744e-08,3.945119342319003e-09,1.0269271655261036e-07,2.1703859601984732e-05,2.745149352278986e-08,0.002825832227244973,0.003030819818377495,5.585886810877128e-07,5.719118689739844e-06,7.271376603057433e-07,3.586913237541012e-07,2.262098597327622e-08,6.062543889129302e-07,1.0655530786607414e-06,2.758249451062511e-08,1.1819087930575733e-08,4.48429818789009e-06,2.9818782110169195e-08,7.375177801804966e-09,1.8059669315562132e-08,1.4376985745911952e-05,2.4157381872669248e-08,6.825349174732764e-09,7.306825011710316e-08,1.4968352388677886e-06,1.2603269397004624e-06,3.288535310730367e-08,3.579941676434828e-07,2.7663537593980436e-07,3.660935332661097e-09,3.584203156492549e-08,2.3830081019582394e-08,2.2694874868278703e-09,2.531053944210271e-08,4.070876691297798e-10,2.2473026217717518e-10,9.315769267104201e-10,2.266866871991624e-08,0.0003016205155290663,2.7089830837212503e-05,2.4002798681976856e-07,3.914513399649877e-06,0.00016629512538202107,3.2499483104686533e-09,4.898202732306345e-08,4.5368931722578054e-08,1.34384436023538e-06,8.438181819947488e-10,1.3114372166000976e-07,1.5023941202230162e-08,8.731591094601754e-08,2.2810148436747113e-08,4.0374004584009526e-07,8.307146259767251e-08,3.3635956242505927e-07,5.070988517985597e-09,5.931918281021353e-07,8.528839998689364e-07,0.9928895235061646,1.6321723705914337e-07,4.255603926139884e-06,6.187092083109746e-08,3.0839271403237944e-06,3.5614696969332726e-08,1.4823841354427714e-07,1.4361842204380082e-07,1.0734920152799532e-07,8.344342177224462e-07,5.1970914682897273e-08,7.272593194329602e-08,2.524671458559169e-07,3.4747507982046955e-08,3.7277959563652985e-06,3.442454783453286e-07,2.5183135221595876e-07
/users/PAS2099/jianyanggu/PlotDiversiVision/data/SCBI_021/SCBI_021_PlantDiversity_32_1_2_20150601-straightened.jpg,SCBI_021/SCBI_021_PlantDiversity_32_1_2_20150601-straightened.jpg,SCBI,2015,,SCBI_021,32_1_2,32,1,2,20150601,true,SCBI_021_PlantDiversity_32_1_2_20150601-straightened_r1_c0,3,1,0,0,507,500,1014,164,4.15280373999849e-06,9.29965722207271e-07,2.0999263483645336e-07,2.7223028155276552e-05,9.533420097795897e-07,6.079352488086442e-07,2.7226218435316696e-07,4.59564762422815e-06,0.9796231389045715,4.2181545722996816e-05,1.027593589242315e-05,0.003207047935575247,2.4376129204028985e-06,2.5659954189904965e-05,2.586827463346708e-08,0.00010200524411629885,2.029041206697002e-05,5.1065749175904784e-06,2.274235910704192e-08,3.3493040518806083e-07,2.2252037524594925e-05,0.00015142254414968193,0.00025756272953003645,2.4830560505506583e-06,1.6377700307046439e-09,0.00018354169151280075,2.0640929960791254e-06,7.032664939288225e-08,3.8150119507918134e-08,3.0561524422267894e-09,9.601586192786726e-09,3.7224602067453816e-08,7.710799820870307e-08,1.933252633534721e-06,4.1350494939251803e-07,1.9250840068707475e-06,2.1164225472602993e-05,2.6406898996356176e-06,2.2183365899763885e-07,7.49835038504898e-08,6.310996809588687e-07,0.0004373941628728062,5.997350740472029e-07,4.2080613638972864e-05,5.422639048902056e-08,1.7481937675256631e-07,3.6856962992715125e-07,0.00010045291855931282,7.094186457834439e-06,5.225238624007034e-07,1.4693615639771451e-06,2.0844452592427842e-05,2.9578948215203127e-06,2.5764952393814156e-09,5.540806000681187e-07,5.260197326606431e-07,5.646450063068187e-06,3.619444441937958e-07,0.00016939900524448603,1.3757384294876829e-05,0.0001545546401757747,9.732433454701095e-07,1.0168074595640064e-06,2.419261591057875e-06,2.307793955935722e-09,9.510687050351407e-06,7.255549689944019e-07,3.607727592225274e-07,0.0002516615786589682,1.971015262824949e-05,4.2376701458124444e-05,4.3835440010298043e-05,4.261220965418033e-06,1.4394973732123617e-05,3.6519970763038145e-06,1.1130305566098286e-08,1.8622209552177083e-07,1.2072216577507788e-06,6.086536274985122e-10,1.3581961866293568e-06,6.891338853165507e-05,1.8926880329672713e-06,0.0001297876297030598,2.6422414975968422e-06,1.8231066860607825e-05,0.00019287025497760624,1.0554593245615251e-05,7.676114250898536e-07,1.502962641097838e-05,0.00011832544987555593,2.4173874635380344e-07,1.4817900364505476e-06,0.00018673099111765623,0.0003344189317431301,0.0010994746116921306,0.0004673333023674786,1.4541888049279805e-06,0.0015687367413192987,0.0036054234951734543,2.763759584922809e-05,6.414294375645113e-07,1.2137237717979588e-05,3.868611383950338e-05,1.2692275959125254e-06,1.9454975699773058e-05,3.861400273308391e-06,2.2322167296806583e-06,4.3595261445261713e-07,2.9234328735583404e-07,0.0035482810344547033,1.9098779375781305e-05,1.368200628348859e-07,4.591146716848016e-05,0.00010660492989700288,0.00024199469771701843,1.461935852375973e-07,0.0001918107591336593,6.441367986553814e-06,5.116199019994383e-09,1.536228955956176e-05,9.547572688006767e-08,3.600534981273995e-08,7.935229717759285e-08,6.829905174754458e-08,2.492906219231372e-07,1.0160547248005969e-07,4.499461283558048e-05,1.8937280401587486e-06,4.99536463394179e-06,8.42786107568827e-07,1.4767741049581673e-05,0.0008525560260750353,2.2964675849834748e-07,0.00036647001979872584,1.4317645764094777e-05,8.133462870318908e-06,9.202384965156796e-10,1.0380024832556956e-05,3.203792221029289e-05,1.253029722647625e-06,2.77941524018388e-07,0.0002077413082588464,7.480249769287184e-05,2.5251138140447438e-06,2.9385270750026393e-07,7.147512951632962e-05,0.00012203215010231361,0.00037480302853509784,1.9741821688512573e-06,7.9482386354357e-05,1.4954299558667117e-06,2.8012706025037915e-05,6.038534934305062e-07,2.3116908209885878e-07,9.929760835802881e-08,5.566737399931299e-07,0.00019170396262779832,2.6756612214740016e-07,3.856735202134587e-05,0.00020123690774198622,1.8348550838709343e-06,4.924754466628656e-05,5.604646503343247e-06,2.377451664870023e-06
/users/PAS2099/jianyanggu/PlotDiversiVision/data/SCBI_021/SCBI_021_PlantDiversity_32_1_2_20150601-straightened.jpg,SCBI_021/SCBI_021_PlantDiversity_32_1_2_20150601-straightened.jpg,SCBI,2015,,SCBI_021,32_1_2,32,1,2,20150601,true,SCBI_021_PlantDiversity_32_1_2_20150601-straightened_r1_c1,3,1,1,500,507,1001,1014,164,9.76536185248733e-10,1.0168368369534164e-08,1.398008198094658e-08,8.927469821173872e-07,5.992133651488984e-07,7.789202527419548e-07,6.846462063947456e-09,1.5149511227718904e-06,9.011847055262479e-07,3.893955181411002e-06,2.116404402840999e-06,9.298769327870104e-06,3.6318728025008795e-09,2.911548290285282e-05,1.476049504844923e-09,6.76587944781204e-07,3.570092303561978e-06,1.230608006608236e-07,1.055818987794055e-09,1.664006248347505e-07,2.301174362173697e-08,0.00011102503776783124,8.475313961753272e-07,1.0218847279475085e-07,7.986322714259586e-11,9.326678096499563e-09,2.937659226986966e-09,9.645119369849908e-09,4.889565974330878e-10,2.531685139306461e-10,8.054645839195018e-10,5.02323693751805e-08,5.397005153895407e-08,7.100696475248469e-09,9.203578343885965e-09,2.2285547629508073e-08,1.66470456974821e-07,2.246359009916432e-08,1.1290184342982457e-09,5.767891719798968e-10,1.4928170699590737e-08,4.933418040309334e-06,1.5155920607412554e-07,7.974830964485591e-07,4.267231012988759e-09,3.9217830760662764e-08,2.3429497559845913e-06,3.084344655235327e-07,4.2832996882680163e-07,5.337710717867594e-08,4.215073801105973e-08,7.763365488244744e-07,1.2722372275675298e-06,7.463641260585518e-09,6.100835037159413e-08,4.355914029474661e-08,1.5515215068262478e-07,1.2378869485019095e-07,4.6739319259359036e-06,1.5754004323298432e-08,1.6093069632461265e-07,5.499533017427893e-06,3.8061884310991445e-07,2.3906449087007786e-07,1.562305285141008e-09,9.092100299312733e-06,9.345772866709012e-08,8.503962534156528e-10,4.770770942741365e-07,1.5163026390041523e-08,1.3457508885039715e-06,1.29286854644306e-06,7.295149089259212e-07,5.4263841775537e-07,7.939200258988421e-06,9.515670473803084e-10,1.661297055477462e-08,1.4318933949653e-07,1.3081251359903234e-11,5.43611644587827e-09,8.800031991995638e-07,1.8354201358761202e-07,2.280492026329739e-06,1.0914609305245904e-07,4.5493331413126725e-07,1.836877913774515e-06,4.446389709755749e-07,2.292694944117102e-06,1.4553083360624441e-07,1.462141483443702e-07,4.2836711955374085e-09,4.649954377100585e-08,1.782851541065611e-05,4.798438268949212e-08,0.0022468017414212227,0.0026980501133948565,3.1788189858161786e-07,3.250147528888192e-06,1.0012795428337995e-06,2.0209270701343485e-07,2.9219247466016895e-08,2.935209124643734e-07,1.0372136785008479e-06,1.507996039151749e-08,2.1376525438654426e-08,1.756281790221692e-06,1.4444890616971406e-08,1.5210646964192165e-08,1.2578696306775328e-08,1.4668581570731476e-05,5.088346810566691e-08,7.946004743075719e-09,1.0182115062207231e-07,1.3328861996342312e-06,1.2974287528777495e-06,9.938086797944834e-09,6.338474349831813e-07,4.208440316233464e-07,1.928306625487153e-09,1.9009990026574997e-08,2.2788722020550267e-08,1.7237423710625421e-09,2.789056097185494e-08,7.176916283491153e-10,1.696544710272363e-10,1.1576279934644162e-09,1.7136335017653437e-08,3.430746801313944e-05,6.605748694710201e-06,1.0384761139903276e-07,2.642199888214236e-06,0.0001280681899515912,2.9872235796091218e-09,5.445978246143568e-08,8.597684342248613e-08,3.960754781928699e-07,4.3863721682635415e-11,3.390192091501376e-07,2.260922293828571e-08,7.651461686464245e-08,1.445696362623039e-08,7.152956982281466e-07,1.4629226541273965e-07,2.3444238195224898e-07,4.8917141448612256e-09,6.810418540226237e-07,2.4455468974338146e-06,0.9945940375328064,6.119182103248022e-07,4.9605168896960095e-06,1.0356396273891733e-07,1.951598051164183e-06,4.942567599641734e-08,7.316019434711052e-08,1.6380705858409783e-07,6.957174036870128e-08,8.720963933228632e-07,5.713435413667867e-08,1.858671367926945e-07,4.4762401785192196e-07,1.009324677170298e-07,1.0531141015235335e-05,3.0236267889449664e-07,7.677043356579816e-08
/users/PAS2099/jianyanggu/PlotDiversiVision/data/SCBI_021/SCBI_021_PlantDiversity_32_1_2_20150601-straightened.jpg,SCBI_021/SCBI_021_PlantDiversity_32_1_2_20150601-straightened.jpg,SCBI,2015,,SCBI_021,32_1_2,32,1,2,20150601,true,SCBI_021_PlantDiversity_32_1_2_20150601-straightened_r1_c2,3,1,2,1001,507,1501,1014,164,9.226533426165417e-10,1.854768005848939e-09,2.1943893369069656e-09,1.0229852165366538e-07,1.8258958789374446e-07,2.559296774506947e-07,3.270266724086923e-09,4.779390110343229e-07,8.624563747616776e-07,1.7375041352352127e-06,5.900655537516286e-07,7.463002020813292e-06,3.2727627274908855e-09,8.283542229037266e-06,1.1168876934419814e-09,1.0180378922086675e-06,1.6549049632885726e-06,5.0019004049772775e-08,2.8873531343620584e-10,5.5600075654638204e-08,1.5117292306854324e-08,8.816577610559762e-05,1.499239203894831e-07,2.123487341521013e-08,4.3487706491429634e-11,7.756642439460393e-09,1.149031869651651e-09,6.097880866917649e-09,1.2065377863468285e-10,1.2786965930544625e-10,2.7669069813107683e-10,1.758083989500392e-08,2.7706487770728927e-08,9.026632774578047e-10,6.213313419323185e-09,9.327360217525893e-09,5.8526566704131255e-08,4.965263755707383e-09,3.2464128607578857e-10,1.6829836135823228e-10,3.0647804294403613e-09,2.353018544454244e-06,6.51535145834714e-08,3.3324050718874787e-07,1.161277518590964e-09,6.671687202697285e-09,7.665287853342306e-07,1.8546920443895942e-07,4.496709138379629e-08,5.5156029077352287e-08,1.682497519084336e-08,4.916790885545197e-07,5.375908926907869e-07,2.0145685120098733e-09,1.1950553435724487e-08,1.6657654811069733e-08,1.4350268529028654e-08,6.032082833229424e-09,1.6573372931816266e-06,7.649098243689423e-09,4.56839330809089e-08,1.4828306120762136e-06,9.182792126694039e-08,1.9990454802609747e-07,3.5068231651891324e-10,9.445961381970847e-07,8.288780151133324e-08,5.50830103751565e-10,7.10176095708448e-08,1.5267042741129444e-08,4.151297048338165e-07,3.963296251185966e-07,2.6667962060855643e-07,5.072402586847602e-07,3.499386821204098e-06,6.014364561934826e-10,2.505623264426049e-08,6.836004473598223e-08,1.2893395552604492e-11,2.0006682976969614e-09,3.6399649161467096e-07,5.7913819517807497e-08,3.4086733080584963e-07,3.424493755233016e-08,9.27322574284517e-08,3.0652509508399817e-07,2.0176621262635308e-07,3.2213381473411573e-07,5.684004733552683e-08,2.240959595667391e-08,1.407603034131455e-09,4.8329038548899916e-08,1.6227731975959614e-05,9.908566411809261e-09,0.004152572713792324,0.0021052404772490263,4.7442952677556605e-07,2.736805981840007e-06,4.6655063101752603e-07,1.4764911782094714e-07,6.566673871333251e-09,4.113728735433142e-08,2.449235125823179e-07,1.665257265415221e-08,1.0116799842307955e-08,3.9663817119617306e-07,1.3899156492414022e-08,1.7840939836588632e-09,3.968027240119909e-09,3.0375840651686303e-06,1.3378063989932798e-08,2.0778676557142717e-09,4.7578311068718904e-08,4.036550365071889e-07,8.456007662971388e-07,4.439676182244057e-09,5.273859642329626e-07,9.999131833637875e-08,3.3255043163649134e-10,6.139567965135484e-09,1.4219107669077857e-08,2.262086962190324e-09,2.5631825550931353e-09,5.5210887944801e-11,4.3234797686420023e-11,8.601481332748406e-11,7.733449436386763e-09,2.0790928829228505e-05,2.531228346924763e-06,2.8209225177988628e-08,9.063462584890658e-07,6.351408956106752e-05,2.303247148560672e-09,7.515016875458969e-08,1.9386122929176963e-08,9.244686793863366e-08,6.027384147344605e-11,7.903327770009128e-08,9.89610082768877e-09,3.504619883187843e-08,1.9312606625021544e-08,2.841606772108207e-07,7.686835346021326e-08,5.4478931588164414e-08,1.0028459174193927e-09,9.460097203373152e-07,8.516024081473006e-07,0.9934873580932617,6.521667472725312e-08,3.9642059164179955e-06,5.9767901738894125e-09,1.6332056702594855e-06,9.879994600225928e-09,2.6801751928928752e-08,8.651018390537502e-08,5.217647469635267e-08,3.487564583792846e-07,7.243456945360549e-09,1.8155322578650157e-08,3.337988729867902e-08,7.428711512602604e-08,4.2268025026714895e-06,3.748210417597875e-07,9.147898794026332e-08
/users/PAS2099/jianyanggu/PlotDiversiVision/data/SCBI_021/SCBI_021_PlantDiversity_32_1_2_20150601-straightened.jpg,SCBI_021/SCBI_021_PlantDiversity_32_1_2_20150601-straightened.jpg,SCBI,2015,,SCBI_021,32_1_2,32,1,2,20150601,true,SCBI_021_PlantDiversity_32_1_2_20150601-straightened_r2_c0,3,2,0,0,1014,500,1521,164,2.237251806036511e-07,1.2079208318027668e-06,3.308196028228849e-08,1.9595805497374386e-05,1.6023790294639184e-06,2.4401799237239175e-05,1.4270072767885722e-07,0.00021446803293656558,7.949258360895328e-06,0.00011344173981342465,1.8260901697431109e-06,0.009786090813577175,3.582900376386533e-07,0.0001135114289354533,2.144832649264572e-07,1.9653074559755623e-05,1.2715921002381947e-05,1.5050776482894435e-06,7.026031756396378e-09,2.519646386645036e-06,3.003048476557524e-08,0.017414608970284462,2.5238887246814556e-06,2.654311629157746e-06,1.2666320214904658e-09,4.836569544863778e-08,7.772430308250478e-07,8.803181827943263e-08,2.4793598285555163e-08,1.71451564057179e-08,3.044202045998645e-08,1.1027399295926443e-06,2.3067482288752217e-06,8.244911668953137e-07,1.4552307447956991e-06,2.21663549382356e-06,3.583874422474764e-05,2.6233390599372797e-05,6.206968919286737e-06,1.4207994354364928e-06,2.0707562725874595e-05,0.0006876105908304453,2.624168701004237e-06,5.6344422773690894e-05,1.4391645208888804e-08,1.314851374445425e-07,2.180663614126388e-06,0.00012125200737500563,4.1040275391424075e-06,6.950596116439556e-07,3.7884998960180383e-07,2.619477982079843e-06,1.4285656106949318e-06,3.852504093515563e-09,5.618639420390537e-07,8.420527137786848e-07,8.074221113929525e-07,2.1436055419599143e-07,0.002145442645996809,2.8475179192355426e-07,2.802294329740107e-05,2.8243806809769012e-05,9.633355801952348e-08,3.92068104702048e-05,7.647658062381879e-10,9.810750634642318e-05,4.60889850728563e-06,2.151755218449125e-09,3.456413833191618e-05,2.8223760182299884e-06,0.0008192348177544773,0.001627925899811089,1.9291559510747902e-05,3.0553037504432723e-06,3.5519988159649074e-05,4.5031423923092007e-08,2.2576477931579575e-07,2.6715501917351503e-06,4.640113848708438e-10,1.3936687537352555e-07,1.5517591236857697e-05,1.1552257092262153e-05,1.0447269232827239e-05,2.8845490760431858e-06,1.2153807347203838e-06,5.187108399695717e-05,4.0817027183948085e-05,4.331165109761059e-05,8.2174994986417e-07,2.5225410809071036e-06,2.995474090994321e-08,1.3555494149386504e-07,0.0006158718606457114,3.291986649855971e-05,0.23022355139255524,0.08170384913682938,2.479977410985157e-06,0.0003824473242275417,0.00020237684657331556,1.233941839018371e-05,4.813677151105367e-06,2.9448099212459056e-06,8.788560990069527e-06,1.4841139091004152e-06,9.821525281950017e-07,2.250486204502522e-06,1.113022881327197e-05,1.7818368860389455e-06,7.883417652010394e-08,6.946415669517592e-05,3.6262269986764295e-07,5.7145019383142426e-08,7.30199917597929e-06,5.9136356867384166e-05,0.00041756630525924265,2.425791763016605e-07,7.983206887729466e-05,5.3514584578806534e-05,2.0313443371833273e-08,1.423446860826516e-06,9.591040850409627e-08,2.431452230666764e-07,2.2173108504830452e-07,3.0270506101715e-09,4.8854118972485594e-08,1.0507530845416113e-07,3.017530616489239e-07,0.0010219138348475099,0.3599720895290375,0.00011351619468769059,0.0037308824248611927,0.019025638699531555,8.142015417433868e-08,2.9612795060529606e-06,2.3681448055867804e-06,2.4039711206569336e-05,3.923455782484098e-09,4.802431021744269e-07,1.1939925492754355e-08,1.3606627646822744e-07,2.8809832741671926e-08,0.001631942461244762,8.876368519850075e-05,1.0704197848099284e-06,3.6447392659511024e-08,3.6973126498196507e-06,7.824375643394887e-06,0.26489874720573425,1.975520547148335e-07,0.00012076271377736703,7.162264523685735e-07,0.0013948098057880998,6.939492891433474e-08,5.171850148144586e-07,1.1688738368320628e-06,4.292231096769683e-06,0.00020857888739556074,4.3459376541932215e-08,2.6838881694857264e-07,1.1004455018337467e-06,3.28977364461025e-07,3.841036595986225e-05,7.664290933462325e-06,1.7466867348048254e-06
/users/PAS2099/jianyanggu/PlotDiversiVision/data/SCBI_021/SCBI_021_PlantDiversity_32_1_2_20150601-straightened.jpg,SCBI_021/SCBI_021_PlantDiversity_32_1_2_20150601-straightened.jpg,SCBI,2015,,SCBI_021,32_1_2,32,1,2,20150601,true,SCBI_021_PlantDiversity_32_1_2_20150601-straightened_r2_c1,3,2,1,500,1014,1001,1521,164,3.401352532961255e-10,1.2869960652750478e-09,9.120325827893794e-09,2.1205323719186708e-07,5.237325240159407e-08,2.449747000810021e-07,1.7630584769889879e-09,2.0298892877690378e-07,1.0079821777253528e-06,1.0962348824250512e-06,5.614783731289208e-07,2.8312945232755737e-06,1.1244665198972825e-09,9.053750545717776e-06,6.191372969865938e-10,4.0044625393420574e-07,9.561421165926731e-07,4.326799896148259e-08,1.6515641632075528e-10,2.2770903385094243e-08,7.110209754301877e-09,4.3198630010010675e-05,3.4430141226948763e-07,3.061075659616108e-08,3.574511520110235e-11,1.4521898128450061e-09,1.086570056152425e-09,1.297684626422324e-08,1.8229198706087857e-10,9.736639966506644e-11,8.886478219949367e-10,1.8452261940637982e-08,5.793874535697796e-08,7.289378545216607e-10,3.7916634276768946e-09,1.196641985501401e-08,5.0501540727054817e-08,1.1257203169634522e-08,5.181776119300707e-10,1.4697275341202243e-10,5.335936137385033e-09,2.6114767024409957e-06,8.577601562365089e-08,8.034954817048856e-07,2.2145953959551434e-09,1.2137811644663543e-08,3.0876643108967983e-07,1.1091521656680925e-07,1.2547452854505536e-07,4.60420288561636e-08,1.2249261160945935e-08,2.6814018383447547e-07,2.698126593259076e-07,1.1229153606961972e-08,1.1262529575617464e-08,2.1317887899385823e-08,2.5453124052887688e-08,1.0196684385732624e-08,6.985178515606094e-07,4.271513809328553e-09,2.9437293491696437e-08,6.53970619168831e-06,7.224552689422126e-08,8.455932487549944e-08,5.151326032404313e-10,1.620055968487577e-06,4.237062256606805e-08,1.5120675822544172e-09,1.44500759802213e-07,6.241054784084099e-09,1.894643304467536e-07,3.8135416957629786e-07,1.7189373124892882e-07,1.3750907612575247e-07,9.651606660554535e-07,7.611419827746602e-11,3.655180602635255e-09,2.0702479730516643e-08,3.1956375479841315e-12,8.789114436247303e-10,1.1445224572526058e-06,8.194051304144523e-08,1.772508881003887e-06,6.608009073261201e-08,2.020610736508388e-07,5.625781795970397e-07,3.8541108438039373e-07,1.0272120789522887e-06,1.548458357092386e-07,3.776176882297477e-08,5.2203681377704925e-09,3.1352094254089025e-08,1.8306249330635183e-05,1.351975331687072e-08,0.0006527499645017087,0.0008094465592876077,2.726184789025865e-07,3.9946544347913004e-06,1.1598302052107101e-07,2.3919582758935576e-07,1.4081290800049828e-08,5.2328520183664295e-08,2.509611647383281e-07,3.8314440509168435e-09,2.812634347648668e-09,1.5225803906560031e-07,9.475972007066957e-09,1.4174140750000674e-09,5.4606199562101665e-09,9.889202374324668e-06,3.6190517249679033e-09,3.0788631644185216e-09,2.6251976592561732e-08,5.531593956220604e-07,4.735323386739765e-07,1.640019453574837e-09,3.319334780371719e-07,1.2809189797735598e-07,1.1865276539069214e-09,1.2347970645976147e-08,4.438826195496404e-09,1.7464711898895757e-09,1.1852570480641589e-08,1.2740167254499113e-10,6.795248391755493e-11,7.431447679451253e-10,6.821746723062461e-09,1.2010294994979631e-05,2.2885178623255342e-06,2.8238488880560908e-08,7.084577759997046e-07,3.988991375081241e-05,1.0146586904014043e-09,6.269190322427676e-08,4.146306764596375e-08,1.8551435232438962e-07,4.488335744734506e-11,3.6576793149833975e-08,1.7092915527427976e-08,2.8918734074068198e-08,5.720890428051462e-09,2.9170809057177394e-07,1.6062831775798259e-07,3.2467002597513783e-07,1.5709645806438743e-09,1.9671435325108177e-07,3.371966954546224e-07,0.9983571171760559,1.939906439929473e-07,1.4716829355165828e-06,1.309724773079779e-08,6.846258884252165e-07,2.7930163071232528e-08,1.6529398294551356e-08,2.6318959456261837e-08,1.1669659016888545e-08,1.486413623297267e-07,4.876494230643402e-08,1.4812739834724198e-07,3.525927070313628e-07,4.242917484020836e-08,4.107426775590284e-06,4.421134747190081e-08,1.3813780341820348e-08
/users/PAS2099/jianyanggu/PlotDiversiVision/data/SCBI_021/SCBI_021_PlantDiversity_32_1_2_20150601-straightened.jpg,SCBI_021/SCBI_021_PlantDiversity_32_1_2_20150601-straightened.jpg,SCBI,2015,,SCBI_021,32_1_2,32,1,2,20150601,true,SCBI_021_PlantDiversity_32_1_2_20150601-straightened_r2_c2,3,2,2,1001,1014,1501,1521,164,1.471893718019146e-09,1.5688749854803063e-08,1.1376776187788096e-09,2.480070406818413e-07,7.789255107581994e-08,1.3718315017285931e-07,7.409709734673697e-09,7.92536411609035e-07,8.418989636993501e-06,1.3451352060656063e-05,3.4521688121458283e-06,0.0013668510364368558,3.622782429602012e-08,3.657446723082103e-05,1.2130675353105858e-09,1.2860070455644745e-05,7.467579962394666e-06,3.829282491096819e-08,4.115763285739149e-09,9.76272431785219e-08,7.780074362528921e-09,8.78357095643878e-05,4.2890860640909523e-07,3.877500603266526e-06,7.336462687357326e-11,1.6907183209013965e-08,5.30743555771096e-08,2.5664689928817097e-08,1.6734002628027156e-08,1.6645117506541851e-09,1.14683302854246e-08,2.7519297418621136e-07,1.5708400269431877e-07,6.408977526461967e-08,1.8584934480259108e-07,4.0844864201972086e-07,4.0040185922407545e-07,1.151440756075317e-07,9.02872976382696e-09,1.058815879417807e-08,2.1278815154346375e-07,4.175595222477568e-06,2.5148818849629606e-07,4.884687427875178e-07,1.508312053033478e-08,5.336286221790942e-07,1.6251683518930804e-06,6.829987250966951e-05,7.020947805358446e-07,2.182228172387113e-06,7.843462412893132e-08,2.3967907054611715e-06,1.3327033229870722e-05,1.3688878475193178e-08,1.1466936911119774e-07,6.268017216370936e-08,4.211024133837782e-07,1.3069744397853356e-08,1.7580583516974002e-05,1.4049469143628812e-08,8.179972610378172e-06,4.036256086692447e-06,6.675658710264543e-07,4.822404093829391e-07,2.328705284160293e-10,9.14172505872557e-06,2.2223312967639686e-08,1.3019776368139446e-09,1.9058069256061572e-06,3.578226781542071e-08,3.6578358049155213e-06,3.127555146420491e-06,1.8868325923904194e-06,1.7500412923254771e-06,5.4849726438988e-05,6.15844797380305e-08,3.1663141442095366e-08,1.0171091844313196e-06,3.914035762164758e-10,4.779164086698984e-08,3.8746151176383137e-07,1.0259504534815278e-07,3.505863787722774e-06,1.6794773500805604e-06,4.703903400127274e-08,5.089650585432537e-06,1.1844179425679613e-05,6.19501918208698e-07,6.6194434111821465e-06,2.910378213982767e-07,2.9971758408464666e-09,1.07939087001796e-07,1.1005256965290755e-05,9.40758764045313e-06,0.013761802576482296,0.0039763543754816055,3.757256308745127e-06,9.85147780738771e-05,2.789323843899183e-06,2.3303529417262325e-07,6.900976501356126e-08,2.2683519773636363e-07,1.139829691965133e-06,4.1509289872010413e-07,1.0094585611852835e-08,3.921800725947833e-06,4.273877962646111e-08,5.263102593744406e-07,4.420372956559504e-09,2.159275027224794e-05,8.888209279689363e-09,2.0217889584728255e-08,6.565297212546284e-07,4.477984839468263e-05,0.0258146021515131,1.964925104402937e-05,6.624574598390609e-05,4.531940760443831e-07,9.611796913944204e-10,4.719491244031815e-06,4.716031298812595e-08,5.828093008197754e-10,8.92947085162632e-08,1.5487044979778375e-09,3.122996306004211e-09,2.643617591502334e-08,1.4033354034381773e-07,8.782595614320599e-06,1.3934089793110616e-06,2.5482457033376704e-08,8.434575420324109e-07,1.061425882653566e-05,1.529501645336495e-07,3.530181174937752e-06,1.9344450663538737e-07,1.1897199101440492e-06,4.3228676194217996e-10,2.493845556728047e-07,2.5318232133031415e-07,8.125353190280293e-08,1.638126292391462e-07,9.135315485764295e-05,2.0649267753469758e-05,2.812325590184628e-07,2.3928863335243022e-09,2.254844002891332e-05,9.342035809822846e-06,0.954140841960907,1.8984194127824594e-07,2.936286364274565e-05,1.1086987328212672e-08,5.510198207048234e-06,4.918605895909423e-07,5.725938763134764e-07,1.668042045821494e-06,1.5837046021260903e-06,2.153410059690941e-05,6.156874121643341e-08,9.726555560973793e-08,6.910595971021394e-07,4.795510903932154e-07,2.2962565253692446e-06,1.2711984709312674e-06,2.5668913394838455e-07
/users/PAS2099/jianyanggu/PlotDiversiVision/data/SCBI_021/SCBI_021_PlantDiversity_32_1_4_20150601-straightened.jpg,SCBI_021/SCBI_021_PlantDiversity_32_1_4_20150601-straightened.jpg,SCBI,2015,,SCBI_021,32_1_4,32,1,4,20150601,true,SCBI_021_PlantDiversity_32_1_4_20150601-straightened_r0_c0,3,0,0,0,0,468,520,164,6.463671525125392e-06,4.1984890231105965e-06,2.2814578670704577e-08,4.544413968687877e-06,0.00033472286304458976,4.180936130637747e-08,3.26413953644078e-07,4.629060015304276e-07,0.002516109263524413,9.299701559939422e-06,2.905980909417849e-05,0.7005863189697266,2.1453532099258155e-05,3.450830718065845e-06,2.250068519060733e-06,0.0004930680734105408,4.7492224553025153e-07,2.68274533254953e-07,4.780871222465066e-06,4.605899448506534e-06,3.373102970272157e-07,0.003966618329286575,3.63852632290218e-05,0.0001038094560499303,7.355932041264168e-08,4.686203828896396e-05,1.602008410372946e-06,8.564047675463371e-07,3.716587926305692e-08,6.621090733460733e-07,1.8963881132094684e-07,1.996927494474221e-07,1.1469140304143366e-07,1.4733368516317569e-05,6.362927706504706e-06,7.106920747901313e-06,1.8601282363306382e-06,5.992256774334237e-06,3.169897695443069e-07,1.1240186381655803e-07,3.5408524468039104e-07,0.00019728300685528666,1.5977735529304482e-05,2.2395453925128095e-05,2.257582991660456e-06,2.2560321610853862e-07,2.0728050458274083e-06,0.00015010274364612997,5.7595796533860266e-05,9.007946937344968e-05,1.561939058092321e-07,0.0093505484983325,3.4588567814353155e-06,1.7291398535235203e-07,1.7224856492248364e-05,1.4126839005257352e-06,6.613852019654587e-05,8.326246643264312e-07,8.82590320543386e-05,1.6162854876711208e-07,0.0008262945339083672,1.414198322891025e-07,9.52099583173549e-07,8.274102583527565e-06,1.7621067271988977e-08,9.168455108010676e-06,1.257747385352559e-06,1.2254795933586138e-07,7.561732491012663e-05,1.7358892364427447e-05,9.299843441112898e-06,2.7010160920326598e-05,1.369732103739807e-06,1.8072440070682205e-05,1.8775516537061776e-06,2.21142613554548e-07,3.371070533830789e-07,3.000250444529229e-06,3.3925257412192877e-06,4.106600954401074e-06,1.4181588312567328e-06,1.1068420917581534e-06,9.494921869190875e-06,0.00021220027701929212,4.659511887439294e-08,0.024041246622800827,5.7856737839756534e-05,1.0639037100190762e-06,0.0002070222981274128,0.0001161431719083339,1.14849513010995e-06,4.4335261918604374e-05,3.5845219827024266e-05,0.0005640516756102443,0.00044521887321025133,0.00034410934313200414,0.005523978732526302,0.003489329479634762,0.0004032895085401833,8.355933687198558e-07,1.517322445465652e-08,6.260791906242957e-06,9.061569471668918e-06,0.14880652725696564,2.4627577658975497e-05,0.0004618942039087415,3.0134540793369524e-05,1.1993095540674403e-05,5.3107696658116765e-06,7.972352614160627e-05,1.712794073682744e-06,1.0204799991697655e-06,2.5048160750884563e-05,8.304684888571501e-05,0.08164258301258087,0.0003621150681283325,1.7121612472692505e-05,8.195323607651517e-05,1.3558814515590711e-08,0.00011534136137925088,1.8832460568773968e-07,2.3766084211729321e-07,3.611447141338431e-07,6.565954180359768e-08,8.649409437566646e-07,3.8033473970244813e-07,4.404095307108946e-05,0.00025456116418354213,3.53594100488408e-06,6.062955293373307e-08,3.369656269569532e-07,1.61103016580455e-05,0.0002603554748930037,0.0013731294311583042,7.643917001587397e-07,8.501875754518551e-07,2.5109648049692623e-07,1.122600906455773e-06,8.120596817207115e-07,2.3359899614661117e-07,4.882293524133274e-06,7.336243288591504e-05,1.3341855265025515e-05,3.033671418961603e-06,2.06700133276172e-06,0.00038606548332609236,9.27313249121653e-06,0.001390534918755293,1.4530401770684875e-08,0.007767862174659967,7.369228114839643e-05,1.8358719898969866e-05,1.0774717793538002e-06,0.0005874479538761079,0.00021180804469622672,0.0004274170205462724,0.00015492246893700212,4.0368601617046806e-07,1.1919976259378018e-06,1.6639770592519199e-06,1.8991411707247607e-05,6.593340913241263e-07,2.395862975390628e-05,0.0003135973238386214
/users/PAS2099/jianyanggu/PlotDiversiVision/data/SCBI_021/SCBI_021_PlantDiversity_32_1_4_20150601-straightened.jpg,SCBI_021/SCBI_021_PlantDiversity_32_1_4_20150601-straightened.jpg,SCBI,2015,,SCBI_021,32_1_4,32,1,4,20150601,true,SCBI_021_PlantDiversity_32_1_4_20150601-straightened_r0_c1,3,0,1,468,0,935,520,164,0.0002508785983081907,0.00018668694247025996,5.372162377170753e-06,0.0004771111416630447,0.015117518603801727,0.0002554045058786869,1.2307702490943484e-05,0.005409453995525837,0.017254214733839035,5.0199359975522384e-05,0.002183800097554922,0.009336398914456367,0.00013302172010298818,0.0058908420614898205,1.828505628509447e-05,0.04459196701645851,0.0014508895110338926,0.004460027441382408,0.00016484872321598232,0.0025500257033854723,1.3945922546554357e-05,0.012250902131199837,0.029319632798433304,0.0007925992249511182,6.546928034367738e-06,0.00011421785893617198,0.00015911326045170426,2.384202161920257e-05,1.3078910342301242e-05,8.692117262398824e-06,2.0663954273913987e-05,9.424231393495575e-06,1.1156897016917355e-05,0.0010346595663577318,7.177626685006544e-05,0.00023903413966763765,0.01088421419262886,0.0007149101584218442,0.00043179100612178445,7.544243999291211e-05,0.0019334116950631142,0.021219726651906967,0.0012971797259524465,0.1163637563586235,4.644894033845048e-06,0.00024688264238648117,6.147973908809945e-05,0.0090499771758914,0.10471285134553909,8.928271563490853e-05,9.938649600371718e-05,0.00028131279395893216,0.00012219059863127768,0.0005710490513592958,5.4830768931424245e-05,2.8049078537151217e-05,0.0015489420620724559,0.00014685458154417574,0.00017288260278292,2.1012518118368462e-05,0.013975393958389759,0.007385643664747477,0.0002889347088057548,3.3151395655295346e-06,1.4689876479678787e-05,0.013132674619555473,5.234903437667526e-05,1.6116204278660007e-05,0.004755396395921707,0.0022256148513406515,0.0007924481178633869,0.002995109185576439,0.003943715710192919,0.0005002886173315346,0.0003510047681629658,3.4143522498197854e-05,3.4758024412440136e-05,7.940848445286974e-05,2.345268285353086e-06,8.208246435970068e-05,0.0008744372753426433,8.593771781306714e-05,0.05795690044760704,0.0007406659424304962,2.35028492170386e-05,0.002326577203348279,0.0010241670534014702,0.00550151988863945,0.0005480465479195118,0.000553973950445652,1.8134230117539119e-07,5.851415153301787e-06,0.019479969516396523,0.0008896284853108227,0.10839676856994629,0.12494299560785294,5.947488534729928e-05,0.004080996848642826,0.041821934282779694,0.0032574913930147886,0.0001117078572860919,0.0019159960793331265,0.0017372822621837258,4.886619353783317e-05,7.235577504616231e-05,0.0010986324632540345,0.0008086328161880374,0.009356115944683552,5.0487979024183005e-06,0.008307513780891895,0.0010589493904262781,7.841656952223275e-06,0.001149329706095159,0.0041046966798603535,0.01603069342672825,0.0011897507356479764,0.0036331212613731623,0.0049791280180215836,7.394508543256961e-07,0.005743196699768305,1.9714223526534624e-05,3.358918183948845e-05,0.00047434543375857174,7.580217061331496e-05,0.000681121542584151,0.0004209575417917222,1.8303408069186844e-05,0.0015556867001578212,0.00510195130482316,0.00020363864314276725,0.00011022336548194289,0.0036207798402756453,0.00014227988140191883,7.569352601421997e-05,2.712467176024802e-05,0.0006414063391275704,5.2209430577931926e-05,9.76822993834503e-05,5.7763681979849935e-05,7.350670784944668e-05,3.83011247322429e-05,0.02200954221189022,0.02721903659403324,0.0005161517765372992,0.00026744831120595336,0.0014740637270733714,0.0014833258464932442,0.017153017222881317,0.00015561547479592264,0.00014032539911568165,0.0007366337813436985,0.0028238703962415457,1.3163651601644233e-05,4.396105941850692e-05,2.5686204025987536e-06,1.2015076208626851e-05,0.0009268121211789548,3.967628435930237e-05,0.0013748803175985813,0.0007671915227547288,0.00013471610145643353,0.00023987358144950122,9.106242214329541e-05,0.00023632771626580507
/users/PAS2099/jianyanggu/PlotDiversiVision/data/SCBI_021/SCBI_021_PlantDiversity_32_1_4_20150601-straightened.jpg,SCBI_021/SCBI_021_PlantDiversity_32_1_4_20150601-straightened.jpg,SCBI,2015,,SCBI_021,32_1_4,32,1,4,20150601,true,SCBI_021_PlantDiversity_32_1_4_20150601-straightened_r0_c2,3,0,2,935,0,1403,520,164,0.0002782691444735974,0.0004122084937989712,1.3921957133788965e-06,0.0033721099607646465,0.0009725078707560897,0.00014475344505626708,2.56533280662552e-06,0.0027904207818210125,0.0020535283256322145,0.00019145359692629427,4.427413296070881e-05,0.006237708032131195,5.4676861509506125e-06,0.004976664669811726,1.6327659295711783e-06,0.005779113154858351,0.0005646163481287658,0.0006527689401991665,7.517907215515152e-05,0.0015747949946671724,2.062664680124726e-05,0.021456288173794746,0.0019361296435818076,4.5583285100292414e-05,8.693641717627543e-08,0.00027239706832915545,0.00016194311319850385,8.210635132854804e-05,3.345915683894418e-05,1.0889607438002713e-05,2.069016409222968e-05,1.3349302207643632e-05,3.329198807477951e-05,0.0019078732002526522,0.00017585129535291344,0.00024880116689018905,0.02028745785355568,0.002001784509047866,0.0008852622704580426,0.0002815793559420854,0.0016752865631133318,0.1952672153711319,0.025635378435254097,0.16135814785957336,1.6365947885788046e-06,0.00017602110165171325,0.0001266739855054766,0.00026368515682406723,0.01607798971235752,1.7093178030336276e-05,0.0007492430740967393,0.000231927668210119,6.239867798285559e-05,6.28614507149905e-05,8.441333193331957e-05,6.8298709265945945e-06,8.732177229830995e-05,7.574559276690707e-05,0.00021715235197916627,3.151962300762534e-05,0.0019275369122624397,0.0009214546880684793,9.428921475773677e-05,2.053729804174509e-05,1.5743061112516443e-06,0.008691309951245785,4.061893196194433e-05,2.6895536393567454e-06,0.0034267292357981205,0.0006261569214984775,0.012146864086389542,0.012017444707453251,0.008881819434463978,0.00037272481131367385,0.0006290394230745733,8.37023981148377e-06,3.728070805664174e-05,0.00036234897561371326,1.255591541848844e-06,8.075081132119521e-05,0.0005215974524617195,0.0005841079400852323,0.02240346185863018,0.0002907493617385626,4.031990101793781e-05,0.0005486453883349895,8.813161548459902e-05,0.01647534966468811,4.5112243242328987e-05,6.453085006796755e-06,6.460273880293244e-07,6.03253829467576e-06,0.053811214864254,0.004150108899921179,0.042102426290512085,0.15818409621715546,4.9095688154920936e-05,0.017941493541002274,0.001156998216174543,0.0011940532131120563,0.0012037304695695639,0.0005508053000085056,0.0004030054551549256,3.3292246371274814e-05,3.2460669899592176e-05,0.00019572034943848848,0.0010622235713526607,0.0012498876312747598,2.4169223706849152e-06,0.0022444764617830515,4.142133184359409e-05,7.528321475547273e-06,0.0015858389670029283,0.0028707075398415327,0.00021004697191528976,4.944490501657128e-05,0.0006054630503058434,0.0010590555611997843,1.273740394935885e-06,0.0006243561510927975,1.9322320440551266e-05,0.0014331015991047025,0.00026054750196635723,5.0794249546015635e-05,0.0005809147842228413,0.00016170482558663934,0.00011863795225508511,0.015459693036973476,0.05999412387609482,0.0020796216558665037,0.0020550484769046307,0.01018872857093811,9.802315616980195e-06,0.00024030795611906797,2.4538800062146038e-05,0.004019938409328461,5.713649898098083e-06,1.824473110900726e-05,1.5887559129623696e-05,1.903320662677288e-05,4.342854026617715e-06,0.009014944545924664,0.009804985485970974,3.184071829309687e-05,3.1022671464597806e-05,7.965917029650882e-05,0.0005161601584404707,0.006940427236258984,0.00011806007387349382,0.002793999621644616,0.0002545527240727097,0.005653472617268562,6.344372377498075e-05,4.135342351219151e-06,1.1846914276247844e-06,5.607992079603719e-06,0.0005325245438143611,5.344311284716241e-05,5.8716828789329156e-05,3.0051574867684394e-05,7.4727890023496e-05,0.0008861036621965468,3.559617107384838e-05,0.00011577703116927296
/users/PAS2099/jianyanggu/PlotDiversiVision/data/SCBI_021/SCBI_021_PlantDiversity_32_1_4_20150601-straightened.jpg,SCBI_021/SCBI_021_PlantDiversity_32_1_4_20150601-straightened.jpg,SCBI,2015,,SCBI_021,32_1_4,32,1,4,20150601,true,SCBI_021_PlantDiversity_32_1_4_20150601-straightened_r1_c0,3,1,0,0,520,468,1041,164,6.772778959884818e-08,1.8218059949504095e-07,4.869006975383172e-09,1.1571673894650303e-06,2.2389467631001025e-06,2.3718266106698138e-07,1.757722856154942e-08,2.148718749594991e-06,0.00016371691890526563,9.079009942070115e-06,1.6404381312895566e-05,0.0012540796305984259,4.0524750488657446e-07,7.829880814824719e-06,1.7609645297511634e-08,3.8269579818006605e-05,1.496720756222203e-06,6.938999774774857e-08,1.0216019745712401e-06,8.843184673423821e-07,2.1000706951213033e-08,0.00021463941084221005,1.0124658729182556e-05,6.301024404820055e-05,1.1079219763843184e-09,3.4617085020727245e-06,1.0926661531129866e-07,1.2947540817265235e-08,7.695788895034639e-08,3.106143608988532e-08,2.7152479376013616e-08,3.1181695447912716e-08,4.2086838902832824e-08,1.667777382863278e-06,7.078346584421524e-07,1.1161702104800497e-06,3.3893681461449887e-07,1.2272769254195737e-06,2.118004829299025e-07,1.3575333923654398e-07,5.79636150632723e-07,4.154583075433038e-05,1.5302808833439485e-06,5.223709649726516e-06,9.078485163627192e-07,3.9796455553187116e-07,3.57204271494993e-07,5.653375046676956e-05,2.0362534996820614e-05,7.95112100604456e-06,2.4116864949519368e-08,3.7899986637057737e-05,2.729021434788592e-05,2.2473656713373202e-07,1.380490317615113e-07,6.361395890053245e-07,2.7130661237606546e-06,3.6184943041916995e-07,5.933186912443489e-06,1.907110771526277e-07,3.961534093832597e-05,2.0137419198817952e-07,1.9536944819265045e-05,2.778782345558284e-06,1.6987245388122574e-08,1.6013984350138344e-05,1.596498044875716e-08,9.560330305191655e-09,9.656669135438278e-06,9.701080898594228e-07,2.7905521164939273e-06,3.904237473761896e-06,1.4832953638688195e-06,4.466288737603463e-05,1.0364916306571104e-05,1.1034821909561288e-06,3.0337974976646365e-07,6.95437665854115e-06,3.559365779892687e-07,3.168026069033658e-06,2.9464308681781404e-07,3.3331190252283704e-07,2.4544381176383467e-06,8.871773388818838e-06,1.3858512204478757e-07,5.0535214541014284e-05,5.0454095799068455e-06,2.3321986191149335e-06,9.803919238038361e-05,1.5114087545953225e-06,2.0832111147228716e-08,3.1966371238922875e-07,2.5939461920643225e-06,4.093371899216436e-05,0.0005373521125875413,0.00021650860435329378,4.704076673078816e-06,0.00034509797114878893,0.00014492403715848923,4.959954821970314e-06,8.22312102854994e-08,1.9242124835727736e-05,1.1396104127925355e-05,3.0493249141727574e-05,3.543151478879736e-06,0.00019107326806988567,1.5686574670326081e-06,4.44650104327593e-05,3.7917136097576076e-08,8.168171916622669e-05,1.2615389550774125e-06,2.498925084637449e-07,5.433415026345756e-06,4.605427966453135e-05,0.9939579963684082,0.00032388296676799655,3.865811231662519e-05,2.9743825962214032e-06,1.401218607810506e-08,0.0002482188574504107,3.998954767325813e-08,1.7120608930554226e-08,3.623050304213393e-08,1.1204136285414279e-08,9.214132745682946e-08,5.457568619249287e-08,8.650202971693943e-07,7.74054933572188e-06,8.824216820357833e-06,9.214203089413786e-08,2.13485265021518e-07,9.433512786927167e-06,1.2189398148620967e-05,8.146571417455561e-06,2.0740854722589575e-07,2.8293547984503675e-06,1.0599501365504693e-06,2.488168320269324e-06,7.306464908651833e-07,1.2424158057910972e-07,1.0315566214558203e-06,0.00011661377357086167,2.8453427148633637e-05,6.470277469361463e-08,1.885984524108153e-08,6.832499639131129e-05,8.585412615502719e-06,0.0010252224747091532,9.827306257648161e-08,5.725229584641056e-06,1.536592662887415e-06,3.196992565790424e-06,1.3599390058516292e-06,5.540453003050061e-06,1.8283024019183358e-06,1.6478064708280726e-06,7.690455277042929e-06,8.388703349737625e-07,6.466406716754136e-07,6.454014055634616e-06,8.44302758196136e-06,1.83284740273848e-07,1.9403023543418385e-06,3.036253701793612e-06
/users/PAS2099/jianyanggu/PlotDiversiVision/data/SCBI_021/SCBI_021_PlantDiversity_32_1_4_20150601-straightened.jpg,SCBI_021/SCBI_021_PlantDiversity_32_1_4_20150601-straightened.jpg,SCBI,2015,,SCBI_021,32_1_4,32,1,4,20150601,true,SCBI_021_PlantDiversity_32_1_4_20150601-straightened_r1_c1,3,1,1,468,520,935,1041,164,1.5235380033118417e-06,9.96850121737225e-06,5.732793084689547e-08,3.145069058518857e-05,0.00014871684834361076,9.621456229069736e-06,8.649653864267748e-07,1.3748650417255703e-05,0.00101322156842798,0.00018270447617396712,0.0008105703163892031,0.038227666169404984,2.7494729692989495e-06,0.00024088074860628694,5.525176902665407e-07,0.0002493238134775311,1.3133975699020084e-05,3.7266058825480286e-06,3.8337848309311084e-06,2.0900626623188145e-05,2.3922657987895946e-07,0.0022154953330755234,0.001081551774404943,0.000467621284769848,1.4793797298295885e-08,3.666017846626346e-06,1.2018662118862267e-06,3.9436679344362346e-07,4.5787851377099287e-07,5.33333036401018e-07,3.3509076047266717e-07,2.4290764599754766e-07,9.694878144728136e-07,7.344483037741156e-06,5.8659948081185576e-06,2.610199953778647e-05,4.2434854549355805e-05,1.5957355572027154e-05,4.277972948329989e-06,7.885519721639866e-07,4.470894964470062e-06,0.0022422780748456717,6.836653483333066e-05,0.00025293632643297315,5.1795673243759666e-06,3.228703008062439e-06,5.358722773962654e-06,0.00034822322777472436,0.0007407375960610807,1.682066977082286e-05,1.8663929495232878e-06,4.956086559104733e-05,4.004095171694644e-05,2.5451079181948444e-06,6.257816039578756e-06,1.6144275605256553e-06,0.00016824848717078567,2.4740973003645195e-06,0.0003499383747112006,2.339784941796097e-06,0.003378381486982107,7.019016720732907e-06,6.424255843739957e-05,9.709244295663666e-06,5.4157034412583016e-08,0.00021643871150445193,3.032239703770756e-07,2.2079987616052676e-07,0.0005736195016652346,1.716892256808933e-05,7.179745443863794e-05,0.00011242835898883641,1.3158247384126298e-05,4.4656640966422856e-05,5.253354902379215e-05,3.52123356606171e-06,1.8627653162184288e-06,1.3473882972903084e-05,1.221184106725559e-06,1.6132033124449663e-05,1.1842585990962107e-05,4.9439448048360646e-05,0.00023901714303065091,5.7813365856418386e-05,9.710132871987298e-06,0.0005307866376824677,0.0006963126361370087,2.6406558390590362e-05,0.00041690855869092047,2.417496216366999e-05,8.075934232465443e-08,2.279332193211303e-06,0.00013361744640860707,0.0002343494415981695,0.006307844538241625,0.00917597021907568,1.5519945009145886e-05,0.0021268529817461967,0.0024323544930666685,2.681309160834644e-05,1.2820474921682035e-06,6.18399353697896e-05,5.610585503745824e-05,0.000132053202833049,9.750963727128692e-06,0.00044888773118145764,8.116188109852374e-05,8.764518133830279e-05,3.009583906532498e-07,0.001109940349124372,9.763991329236887e-06,9.966710194930783e-07,1.8029015336651355e-05,0.00047609908506274223,0.8629180788993835,0.0005351333529688418,0.001139056752435863,3.7786856410093606e-05,8.710741639106345e-08,0.0040682097896933556,4.7582418005731597e-07,1.8362440812325076e-07,2.844963660209032e-07,2.9765741871301543e-08,3.635128678070032e-07,1.8339829921387718e-07,2.7902576675842283e-06,8.229075319832191e-05,0.00012663875531870872,2.9854470540158218e-06,1.4950685908843298e-05,0.00023556029191240668,4.49660474259872e-05,1.749620059854351e-05,5.421703463071026e-06,5.721397610614076e-05,1.927961193359806e-06,4.7079811338335276e-05,7.06258151694783e-06,1.214512849401217e-06,3.4114389109163312e-06,0.0022546977270394564,0.0009305153507739305,2.5884552087518387e-05,3.5678954191098455e-06,0.00014386499242391437,2.561970723036211e-05,0.04718650132417679,1.3806253264192492e-05,0.00018274490139447153,5.3492694860324264e-05,0.00032485596602782607,1.2722215615212917e-05,3.884871694026515e-05,9.251275514543522e-06,1.013603377941763e-05,0.00013929361011832952,5.255616997601464e-06,4.0220060327555984e-05,0.00043835712131112814,1.5802572761458578e-06,3.007657142006792e-06,4.352159066911554e-06,1.7440757801523432e-05
/users/PAS2099/jianyanggu/PlotDiversiVision/data/SCBI_021/SCBI_021_PlantDiversity_32_1_4_20150601-straightened.jpg,SCBI_021/SCBI_021_PlantDiversity_32_1_4_20150601-straightened.jpg,SCBI,2015,,SCBI_021,32_1_4,32,1,4,20150601,true,SCBI_021_PlantDiversity_32_1_4_20150601-straightened_r1_c2,3,1,2,935,520,1403,1041,164,7.858534445404075e-06,9.034702998178545e-06,1.7616488321436918e-06,5.809971844428219e-05,0.000856872065924108,1.3184788258513436e-05,2.1993925258811942e-07,4.4372423872118816e-05,0.001661535119637847,7.452159479726106e-05,2.103534097841475e-05,0.0047160424292087555,8.370693080905767e-07,0.0007339903386309743,7.306787779270962e-07,0.0007703546434640884,3.884460238623433e-05,7.981256931088865e-05,2.372549170104321e-05,0.0013828520895913243,7.567229204141768e-06,0.039801500737667084,0.00038530275924131274,2.9600945708807558e-05,2.872357462990749e-08,9.112234693020582e-06,4.342146894487087e-06,5.809348294860683e-06,4.561321418350417e-07,1.1785220976889832e-06,3.199462526026764e-07,1.0651732509359135e-06,1.1914554306713399e-05,1.7212416423717514e-05,1.3174029845686164e-05,1.632121166039724e-05,0.00038292171666398644,3.9957199078344274e-06,1.1199387017768458e-06,2.1142153627806692e-07,2.7069208954344504e-06,0.13284778594970703,0.003597671166062355,0.004188395570963621,7.446926701959455e-06,4.266324140189681e-06,0.00015787359734531492,0.0001439156330889091,0.00010231769556412473,2.8037695301463827e-05,8.171336958184838e-05,0.0001379390014335513,7.155334606068209e-05,1.738537503115367e-05,1.0410945833427832e-05,1.1507913768582512e-06,8.683192572789267e-05,2.3670978407608345e-05,0.00010183873382629827,3.5681571262102807e-06,0.00014616914268117398,6.570589175680652e-05,7.220452516776277e-06,8.765423444856424e-06,8.190021389964386e-07,0.0010377331636846066,1.938975583470892e-05,1.4331175179904676e-06,0.000250011682510376,8.179816177289467e-06,9.604600199963897e-05,0.00011896166688529775,0.00029522247496061027,0.0006038584397174418,0.0004273723461665213,3.0092778615653515e-06,2.136692637577653e-05,0.00018490907677914947,4.6988657231850084e-07,1.939840331033338e-06,4.849656397709623e-05,1.1393954991945066e-05,0.001469973474740982,7.157355139497668e-05,3.716389255714603e-05,0.00011341879144310951,1.611162952031009e-05,0.0002054563956335187,2.283817775605712e-05,2.9287446068337886e-06,5.044840349910373e-07,4.915832050755853e-06,0.0028965279925614595,0.00016851519467309117,0.06560656428337097,0.04457216337323189,0.00016868692182470113,0.0023057572543621063,0.00023419501667376608,8.120840357150882e-05,2.5232639018213376e-05,5.79739389650058e-06,5.74859313928755e-06,1.802497536118608e-05,4.6314398787217215e-06,0.00010001082409871742,4.929072383674793e-05,7.680797352804802e-06,1.8486656472305185e-06,9.439045243198052e-05,1.3024421605223324e-05,1.2594596228154842e-06,2.329679591639433e-05,0.0003049496153835207,0.0003386214666534215,2.2716532839694992e-05,7.1683396527078e-05,0.0004755948612000793,1.3474550542014185e-07,5.0022270443150774e-05,7.2887241913122125e-06,0.000107214116724208,1.8800358247972326e-06,3.495472356007667e-07,5.192883349991462e-07,5.144831902725855e-07,2.8659263989538886e-05,0.0034827019553631544,0.003284300211817026,6.30120630376041e-05,0.0007005601655691862,0.0069999685510993,5.45109469385352e-06,2.192191095673479e-05,2.270491222589044e-06,0.00012740737292915583,5.277879608911462e-07,6.54035238767392e-06,4.231557340972358e-06,3.27390057464072e-06,3.247654831284308e-06,0.012197630479931831,0.0034768611658364534,1.162568514700979e-05,5.06286914969678e-06,0.00040165690006688237,0.00018285804253537208,0.6500844359397888,1.1629056643869262e-05,0.001394687220454216,6.310298340395093e-05,0.00033149102819152176,1.3686078091268428e-05,4.656986675399821e-06,6.053592642274452e-06,7.774330697429832e-06,8.71465090312995e-05,8.880867426341865e-06,2.7234516437601997e-06,4.787032594322227e-06,0.000390008237445727,0.0003400116693228483,0.00015953481488395482,0.0002056006487691775
/users/PAS2099/jianyanggu/PlotDiversiVision/data/SCBI_021/SCBI_021_PlantDiversity_32_1_4_20150601-straightened.jpg,SCBI_021/SCBI_021_PlantDiversity_32_1_4_20150601-straightened.jpg,SCBI,2015,,SCBI_021,32_1_4,32,1,4,20150601,true,SCBI_021_PlantDiversity_32_1_4_20150601-straightened_r2_c0,3,2,0,0,1041,468,1561,164,7.61612318456173e-05,9.178741311188787e-05,5.700030669686384e-07,0.0005797824705950916,0.00028871960239484906,2.9557862944784574e-05,9.998257155530155e-07,0.00028357194969430566,0.0015523122856393456,4.6451052185148e-05,6.466382910730317e-05,0.018493128940463066,7.725115210632794e-06,0.0015260904328897595,2.0292563931434415e-06,0.002774970605969429,4.1579725802876055e-05,2.8361831937218085e-05,9.416533430339769e-06,7.457141327904537e-05,5.570690518652555e-06,0.06143148988485336,0.0023285553324967623,6.455904440372251e-06,2.516907393612655e-08,3.0270584829850122e-05,1.0651217962731607e-05,1.6093329122668365e-06,1.6713553350200527e-06,2.80007202491106e-06,7.193127657956211e-07,3.250084716910351e-07,5.733811576646985e-07,3.41142040269915e-05,1.7552114513819106e-05,6.397243123501539e-05,0.002363006118685007,2.8071319320588373e-05,1.1237831131438725e-05,1.5205503132165177e-06,3.5724231111089466e-06,0.11349349468946457,0.005904313642531633,0.004308628849685192,2.250460653385744e-07,3.744240530068055e-05,4.627701491699554e-05,0.0005855659255757928,0.0002725483209360391,6.774591747671366e-05,0.00018858860130421817,0.00014708937669638544,8.906014045351185e-06,4.1441013308940455e-05,2.654839818205801e-06,3.5365994790481636e-06,2.401003075647168e-05,6.7318246692593675e-06,6.247215787880123e-05,6.44586452835938e-06,0.003910828847438097,5.328037150320597e-05,0.000125802616821602,1.2091438293282408e-05,4.564179221233644e-07,0.03933437913656235,2.9256998459459282e-05,2.0660234440583736e-05,0.004114679992198944,3.07674563373439e-05,0.0004024316731374711,0.00036185243516229093,0.0009040613658726215,0.0006578749162144959,0.00020115167717449367,1.0166642823605798e-05,2.6719608285930008e-05,0.0003593474975787103,3.5136717997374944e-06,3.084148920606822e-05,5.788297130493447e-05,0.00045431326725520194,0.0010940813226625323,0.00027991135721094906,0.0008204174228012562,0.0015666672261431813,0.00039318588096648455,0.00029576264205388725,2.3882328605395742e-05,3.273865559094702e-06,1.2941914064867888e-06,3.293293048045598e-06,0.012792040593922138,0.00019088297267444432,0.32585859298706055,0.3031756579875946,1.1434500265750103e-05,0.027773335576057434,0.000579755927901715,0.00027090226649306715,9.422539733350277e-05,0.00012427105684764683,0.00010283859592163935,9.627052349969745e-06,1.1102416465291753e-05,0.00010619212844176218,0.002661018632352352,0.0004330178489908576,2.1791338156162965e-07,0.0004977526259608567,4.514297324931249e-05,1.318680347139889e-06,0.0001309028739342466,0.0004921263316646218,0.003202169667929411,2.1809988538734615e-05,0.0001493549789302051,0.00023115704243537039,1.6156616311491234e-07,0.0007671499624848366,7.346035545197083e-06,8.218234142987058e-05,4.432252808328485e-06,2.3489374143537134e-06,1.1623876162047964e-05,1.9699614313140046e-06,0.00021566434588748962,0.003643763717263937,0.007446914911270142,0.00019029914983548224,0.00027684879023581743,0.0047898199409246445,2.0525589206954464e-05,0.0003299231466371566,7.96975837147329e-06,0.00030147182405926287,8.962139759205456e-07,3.3313273888779804e-05,9.181993846141268e-06,1.270754000870511e-05,3.204633458153694e-06,0.0036291705910116434,0.0031164148822426796,6.20501086814329e-05,3.8268815842457116e-05,0.00036558054853230715,0.0007083024247549474,0.013196492567658424,3.1617950298823416e-05,0.0003626276447903365,0.0001155213758465834,0.003739376785233617,1.353360858047381e-05,7.790219569869805e-06,4.454149404864438e-07,3.2523807931283955e-06,7.832865230739117e-05,7.669267688470427e-06,3.5018449125345796e-05,3.896172347594984e-05,0.00030054632225073874,0.0036224760115146637,3.955083229811862e-05,0.00025199868832714856
/users/PAS2099/jianyanggu/PlotDiversiVision/data/SCBI_021/SCBI_021_PlantDiversity_32_1_4_20150601-straightened.jpg,SCBI_021/SCBI_021_PlantDiversity_32_1_4_20150601-straightened.jpg,SCBI,2015,,SCBI_021,32_1_4,32,1,4,20150601,true,SCBI_021_PlantDiversity_32_1_4_20150601-straightened_r2_c1,3,2,1,468,1041,935,1561,164,2.5482924684183672e-05,1.1595940122788306e-05,8.985910426417831e-06,0.0017748685786500573,0.0035691079683601856,0.0005637290887534618,2.776800783976796e-06,0.00014568398182746023,0.022049039602279663,0.00023783082724548876,0.00022633629851043224,0.09563501179218292,0.0002196833520429209,0.00040099769830703735,4.0481223550159484e-05,0.0008549732156097889,3.3702002838253975e-05,0.00041514483746141195,1.235493164131185e-05,0.0004007606767117977,6.827159086242318e-05,0.021281175315380096,0.0018206286476925015,0.00039440899854525924,1.479836555517977e-06,0.00045889633474871516,2.0414023310877383e-05,9.780273830983788e-05,6.0982192735536955e-06,6.336526439554291e-06,4.816184446099214e-05,3.922078030882403e-05,8.672480907989666e-05,0.0003321155672892928,6.875955295981839e-05,0.0007477091276086867,0.0011463741539046168,0.0001294914836762473,4.389369860291481e-05,5.441193479782669e-06,2.4390481485170312e-05,0.23821890354156494,0.037096310406923294,0.00978091824799776,8.272238005702093e-07,0.00010533327440498397,0.00012482990860007703,0.001948858262039721,0.0016391136450693011,0.0013688934268429875,3.983826536568813e-05,0.0017447606660425663,7.356477726716548e-05,5.4412379540735856e-05,0.0004229164042044431,2.4400533220614307e-05,5.253828931017779e-05,4.9886482884176075e-05,0.0005573485395871103,7.27371298125945e-05,0.0229730736464262,0.00017993412620853633,6.40777507214807e-05,8.680789323989302e-05,1.8654154700925574e-06,0.0038094832561910152,0.000243181231780909,1.4488306078419555e-05,0.0007622702396474779,0.0016360526205971837,1.7958842363441363e-05,0.00014843382814433426,0.00021155290596652776,0.0028190272860229015,0.00024191364354919642,7.55262044549454e-06,5.0131046009482816e-05,0.0004782336181961,9.784971553017385e-06,0.00043061820906586945,0.0017412235029041767,0.0008433121838606894,0.002924444619566202,0.0007003581849858165,9.951130778063089e-05,0.0030525866895914078,0.0037953846622258425,0.00040968108805827796,0.0001003308134386316,0.00044190589687786996,6.339282663248014e-06,3.3620719477767125e-05,0.0019530333811417222,0.00018319346418138593,0.15403702855110168,0.025093533098697662,0.0012958444422110915,0.07779046893119812,0.02526700869202614,0.0001113993494072929,1.690065982984379e-05,0.0003271761815994978,0.0007233622018247843,0.0008921638363972306,6.958546146051958e-05,6.226902041817084e-05,0.04529660567641258,0.00015623051149304956,1.382162190566305e-05,0.003909057006239891,3.5136097721988335e-05,2.8707674573524855e-05,0.00014214968541637063,0.0015792512567713857,0.00899714045226574,2.3529673853772692e-05,0.0007106332341209054,0.00044124224223196507,6.873146048747003e-06,0.0001072196100722067,2.2762893422623165e-05,3.7142555811442435e-05,3.5002853110199794e-05,1.5104923249964486e-06,1.8983011614182033e-05,1.6724865417927504e-05,9.281314123654738e-05,0.0030874742660671473,0.01136443018913269,0.00029527925653383136,0.0015106212813407183,0.002813097555190325,5.510125629371032e-05,0.0002021356631303206,0.00037604919634759426,0.0003786460147239268,2.4247697183454875e-06,1.0929006748483516e-05,2.079506521113217e-05,2.33446935453685e-05,8.418713150604162e-06,0.030789606273174286,0.033093973994255066,0.00010347815987188369,1.1315919437038247e-05,0.0004697948752436787,0.00013089849380776286,0.05446666106581688,3.3137883292511106e-05,0.000684954400639981,0.00032961650867946446,0.004874671809375286,3.143887852274929e-06,6.799685797886923e-05,4.287543197278865e-05,3.1490148103330284e-05,0.000327595800627023,3.984097929787822e-06,0.00047067023115232587,0.00011555365199455991,0.00028455068240873516,0.00016895639419090003,0.0037379679270088673,0.004945056512951851
/users/PAS2099/jianyanggu/PlotDiversiVision/data/SCBI_021/SCBI_021_PlantDiversity_32_1_4_20150601-straightened.jpg,SCBI_021/SCBI_021_PlantDiversity_32_1_4_20150601-straightened.jpg,SCBI,2015,,SCBI_021,32_1_4,32,1,4,20150601,true,SCBI_021_PlantDiversity_32_1_4_20150601-straightened_r2_c2,3,2,2,935,1041,1403,1561,164,5.376752596930601e-05,4.771650492330082e-05,1.3056403247446724e-07,3.615734385675751e-05,0.0002440256648696959,2.6261441234964877e-05,4.3781209768667395e-08,4.492033622227609e-05,0.001317118643783033,3.58260513166897e-05,8.180128361345851e-07,0.0013350053923204541,2.0221623344696127e-06,4.295838880352676e-05,2.4250168735306943e-06,0.0015241006622090936,7.78923731559189e-06,8.118770347209647e-05,1.558183976158034e-05,0.0004330227675382048,1.0106468835147098e-06,0.03780671954154968,7.42540432838723e-05,1.2685161891567986e-05,2.6063892377692355e-08,3.822941653197631e-05,1.4446292880165856e-05,5.210867584537482e-06,7.734516316304507e-07,1.932271288751508e-06,3.660013021544728e-07,6.426292884498253e-07,7.167765943449922e-06,4.8099922423716635e-05,1.62295200425433e-05,6.997532636887627e-06,0.00012483882892411202,0.00011221214663237333,4.9165875680046156e-05,1.5053662536956836e-05,7.368800288531929e-05,0.7712501287460327,0.020338790491223335,0.001547275111079216,1.50460678582931e-07,1.8804098544933368e-06,6.433703219954623e-06,3.919740629498847e-05,0.01137434970587492,1.1022236321878154e-05,1.944495306815952e-05,2.9522025215555914e-05,0.00015219210763461888,2.2137814084999263e-05,1.6402101437051897e-06,2.5615517529331555e-07,2.5684234060463496e-05,9.975173270504456e-06,3.218711572117172e-05,7.139681201806525e-07,0.0004341756575740874,0.000734497734811157,3.0587936635129154e-05,1.0780304364743643e-05,5.76339289182215e-07,0.0031260824762284756,1.5024003005237319e-05,1.309057211074105e-06,6.365984154399484e-05,2.6244715627399273e-05,3.109464523731731e-05,4.362939580460079e-05,0.0001140336025855504,0.0012787592131644487,3.163435394526459e-05,1.7447296158934478e-06,2.075478550978005e-05,9.154123108601198e-05,2.773854703264078e-06,1.4120529158390127e-05,5.6118784414138645e-05,1.97953668248374e-05,0.00026143607101403177,0.00013498398766387254,9.36112610361306e-06,0.0003351224586367607,6.6667585087998305e-06,0.00027228743419982493,3.333091854074155e-06,5.114387136018195e-07,1.3505125195933942e-07,4.7528794766549254e-07,0.0013159735826775432,0.0007800574530847371,0.014942633919417858,0.04110618308186531,7.642864147783257e-06,0.0008152758819051087,0.0002821884991135448,0.0003540125326253474,6.220746581675485e-05,6.046095677447738e-06,3.6395206279848935e-06,7.142273261706578e-06,1.6662441339576617e-05,4.658179932448547e-06,0.00024454566300846636,1.582915137987584e-05,4.2640465380827663e-07,0.0001927642588270828,8.942779459175654e-06,2.389332678376377e-07,0.0005742180510424078,0.0003227504203096032,0.0010730997892096639,7.691591235925443e-06,0.00035522866528481245,0.0007289319764822721,1.7761364290436177e-07,1.7310801922576502e-05,2.4672585823282134e-06,0.0011465871939435601,6.40720609226264e-05,1.9361681552254595e-05,0.0001295714027946815,4.840750261791982e-05,4.598890427587321e-06,0.0003815004019998014,0.000815145205706358,5.532171417144127e-05,0.00013663714344147593,0.0029500890523195267,9.963992852135561e-06,0.0007867215317673981,3.209353565125639e-07,0.00034537812462076545,3.096570821981004e-07,1.3994777873449493e-05,2.2099075067671947e-06,5.405665433499962e-06,2.528901404730277e-06,0.012447374872863293,0.0019882265478372574,2.828898459483753e-06,1.3363586504056002e-06,6.42831000732258e-05,0.00014324313087854534,0.05341373756527901,5.17369016961311e-06,0.00013740287977270782,0.00018643481598701328,0.0008636293932795525,4.936879918204795e-07,9.035255175149359e-07,3.1085835416888585e-07,5.368303845898481e-07,8.539613918401301e-05,5.957538633083459e-06,1.739599042593909e-06,3.4756114928313764e-06,8.458431693725288e-05,0.004587490577250719,2.6242412786814384e-05,8.523504220647737e-05
/users/PAS2099/jianyanggu/PlotDiversiVision/data/SCBI_021/SCBI_021_PlantDiversity_40_1_1_20150601-straightened.jpg,SCBI_021/SCBI_021_PlantDiversity_40_1_1_20150601-straightened.jpg,SCBI,2015,,SCBI_021,40_1_1,40,1,1,20150601,true,SCBI_021_PlantDiversity_40_1_1_20150601-straightened_r0_c0,3,0,0,0,0,537,509,164,2.280858780068229e-06,2.3117702596664458e-07,1.3532978471175738e-07,4.186093065072782e-06,7.161592293414287e-06,8.579280006415502e-07,3.6269652810005937e-06,2.976071755256271e-06,0.8571096062660217,4.355724013294093e-05,7.387233836197993e-06,0.00030189077369868755,3.649561767815612e-05,1.4716959412908182e-05,3.659707488168351e-07,9.275927732232958e-05,2.049624299615971e-06,2.623830596348853e-06,2.409618218734977e-06,4.490971150516998e-06,0.0005892948829568923,3.0476601750706322e-05,2.19265330088092e-05,9.938410585164092e-06,8.573518073262676e-08,0.00644093519076705,8.71475858730264e-05,5.8248598833188225e-08,1.0173971531912684e-06,3.249639064506482e-07,1.0328154331773476e-07,2.015970721913618e-06,3.9157629316832754e-07,0.00023090149625204504,2.980560930154752e-05,1.4235844901122618e-05,3.087973936999333e-06,8.325575890921755e-07,1.878345017303218e-07,3.9920784900004946e-08,1.8233829734981555e-07,3.931242463295348e-05,2.170514505905885e-07,1.5285880863302737e-06,2.9336101192711794e-07,4.192640901123923e-08,1.6049926898631384e-06,0.00014324099174700677,1.0762968486233149e-05,3.2263554317069065e-07,4.3546896222323994e-07,3.0593200790463015e-05,1.5028012967377435e-06,1.268519600472473e-08,6.010316610627342e-06,1.8693596359753428e-07,4.092321432835888e-06,6.20159823938593e-07,7.06022692611441e-05,4.2444811697350815e-05,1.4389153875526972e-05,1.8085309250182036e-07,1.781497758202022e-07,3.3864857869048137e-06,3.0822043584066705e-08,2.087235912995311e-07,1.0455132724018767e-05,3.902714524883777e-07,0.00013119334471412003,0.0009399104746989906,8.025560418900568e-06,4.598050054482883e-06,1.9490855265758e-05,2.3504630007664673e-05,6.1291402744245715e-06,8.992993372203273e-08,1.967384974932429e-07,1.010979394777678e-05,5.155873505913178e-09,2.239235755041591e-06,2.4195765945478342e-05,3.2104321689985227e-07,0.00011061799887102097,3.561497578630224e-06,1.4718411875946913e-06,8.13613132777391e-06,2.698365051401197e-07,1.9649174021196814e-07,6.562176167790312e-06,0.0029365269001573324,1.9210996526908275e-07,2.0084175957890693e-06,1.095968582376372e-05,8.41421788209118e-05,1.4515791008307133e-05,6.976000349823153e-06,9.882265885607922e-07,0.00011208898649783805,0.12770743668079376,2.551313116327947e-07,6.158644509923761e-07,8.233297558035702e-05,5.142134614288807e-05,7.774274877192511e-07,4.3271393224131316e-05,6.523091997223673e-06,5.042017505729746e-07,5.470762403092522e-07,1.4186450698616682e-06,0.0005984744057059288,3.976276275352575e-06,1.5011103471351817e-07,5.330637577571906e-06,8.556117245461792e-05,0.00018840600387193263,2.3644456632609945e-06,0.0004612671327777207,5.4315911256708205e-05,6.5709837571148455e-09,1.5453158994205296e-05,8.636744723844458e-07,2.7123991941380154e-08,3.625841316079459e-08,3.638713153009121e-08,1.5959011534505407e-07,3.0789021110422254e-08,0.00012631862773559988,3.5652200836011616e-07,7.674884727748577e-07,1.8672216128834407e-07,2.9366681246756343e-06,8.014887134777382e-05,5.12396081830957e-06,8.27479743747972e-05,1.7039181329892017e-05,8.995297662295343e-07,9.031218439758959e-09,2.6770014301291667e-05,2.897863851103466e-06,1.321676421639495e-07,4.546244980474512e-08,6.685611151624471e-05,2.9645610993611626e-05,1.3954095834378677e-07,9.701630006020423e-07,5.530548878596164e-05,3.738289888133295e-05,1.219882619807322e-06,7.928119316602533e-08,1.3007999768888112e-05,4.532586899586022e-06,8.813009117147885e-06,1.850226681199274e-06,2.1083141632516345e-07,9.592073269004686e-08,6.479687613136775e-07,9.157129534287378e-05,2.638090847995045e-07,1.969023833225947e-05,3.067078796448186e-05,1.0667688002286013e-05,2.2778676793677732e-06,9.482574569119606e-06,1.5630715779479942e-06
/users/PAS2099/jianyanggu/PlotDiversiVision/data/SCBI_021/SCBI_021_PlantDiversity_40_1_1_20150601-straightened.jpg,SCBI_021/SCBI_021_PlantDiversity_40_1_1_20150601-straightened.jpg,SCBI,2015,,SCBI_021,40_1_1,40,1,1,20150601,true,SCBI_021_PlantDiversity_40_1_1_20150601-straightened_r0_c1,3,0,1,537,0,1075,509,164,2.0372272047097795e-06,5.791356670670211e-06,3.643487787030608e-07,2.915824734373018e-05,8.80358766153222e-06,5.9095727920066565e-05,2.5523329441057285e-06,7.221271403068386e-07,0.08770487457513809,4.2117651901207864e-05,6.687438144581392e-05,0.01533869281411171,5.16512845933903e-05,5.811008122691419e-06,2.3739319203741616e-06,0.001669571502134204,1.379956302116625e-06,2.846681354640168e-06,1.919067784683648e-07,1.0497793709873804e-06,3.191528594470583e-05,7.43503260309808e-05,0.0008064777939580381,2.5805098630371504e-05,1.3167327495011705e-07,0.0001367094664601609,2.9221491786302067e-05,1.43110651151801e-06,1.7511363694211468e-05,3.662006236027082e-07,2.542925358284265e-06,1.876309170256718e-06,1.3579766573457164e-06,4.819942114409059e-05,1.0420277249068022e-05,7.227645255625248e-05,1.578661976964213e-05,1.903975680761505e-05,4.7579196689184755e-06,1.3495177881850395e-06,5.694136689271545e-06,0.0002020003303186968,1.1718771020241547e-07,2.4864264105417533e-06,1.821475450469734e-07,9.21429318623268e-07,3.2962927889457205e-06,0.0015569361858069897,0.0003946083306800574,2.3145473733166e-06,1.2458784794944222e-06,0.00013563937682192773,4.555722171062371e-06,1.3214369154468386e-08,3.965819632867351e-05,4.309553787607001e-06,5.494141805684194e-05,1.0236477692160406e-06,0.0006240637158043683,1.397683718096232e-05,0.0005168067873455584,1.0125559128937311e-06,4.737779363495065e-06,6.90182569087483e-05,2.15435864703295e-08,1.9031624105991796e-05,1.2779274584318046e-05,2.1640389604726806e-06,0.0006499640876427293,0.0005128984339535236,3.5644281979330117e-06,1.6475525626447052e-05,2.69112570094876e-06,2.3235808839672245e-05,8.409291694988497e-06,1.0084809076715828e-07,3.1822008850213024e-07,3.851405381283257e-06,5.275942172033865e-08,4.474942761589773e-05,0.0006933786789886653,1.9269621134299086e-06,0.00018279727373737842,0.0001636884844629094,5.443569534691051e-06,0.0001225914020324126,0.00020704320922959596,8.063628342824813e-07,1.0088050657941494e-05,0.004734227899461985,2.8028471206198446e-06,4.737813128485868e-07,4.793757398147136e-05,0.00017987334285862744,0.00012670016440097243,3.952665065298788e-05,2.7705098091246327e-06,0.0007706393371336162,0.8285857439041138,3.299238596810028e-05,2.428317884550779e-07,0.00011137532419525087,0.0001282611774513498,3.1235711048793746e-06,1.6586385754635558e-05,9.274463809560984e-05,2.5768404157133773e-05,7.674994776607491e-06,2.53192956733983e-06,0.006951932329684496,6.940981256775558e-05,4.996974780624441e-07,3.173633376718499e-05,5.967566539766267e-05,0.03781764209270477,8.940488623920828e-05,0.00416845316067338,3.126099909422919e-05,8.866874168234062e-08,2.2496877136291005e-05,9.50610228755977e-06,2.593829329100572e-08,1.7875537139389053e-07,3.383444493465504e-07,4.2755249296533293e-07,6.356701192089531e-07,0.00010332724923500791,4.061829770307668e-07,3.8317098187690135e-06,1.6438916645711288e-06,2.309953015355859e-05,0.0015235291793942451,2.340304672543425e-05,0.00013070012209936976,0.0001887308608274907,1.1548989277798682e-05,1.778654890038922e-09,0.00020726605725940317,1.642813458602177e-06,1.5511537867496372e-06,7.006549367361004e-07,0.00020466855494305491,2.097195465466939e-05,7.477324288629461e-06,1.275706472370075e-05,2.0585943275364116e-05,6.777840462746099e-05,0.00015214551240205765,2.8289493911870522e-06,4.657766112359241e-06,3.5704977108252933e-06,2.181403942813631e-05,1.0557632776908576e-06,9.923924153554253e-06,1.280459514418908e-06,1.0383533663116395e-05,6.71453308314085e-05,1.7203593927206384e-07,8.226065256167203e-05,0.0002723422076087445,1.6840385796967894e-05,4.119018740311731e-06,1.8732769149210071e-06,1.0903327165578958e-06
/users/PAS2099/jianyanggu/PlotDiversiVision/data/SCBI_021/SCBI_021_PlantDiversity_40_1_1_20150601-straightened.jpg,SCBI_021/SCBI_021_PlantDiversity_40_1_1_20150601-straightened.jpg,SCBI,2015,,SCBI_021,40_1_1,40,1,1,20150601,true,SCBI_021_PlantDiversity_40_1_1_20150601-straightened_r0_c2,3,0,2,1075,0,1612,509,164,1.2805247706637601e-07,6.045428904144501e-07,3.439891926859673e-08,9.138560130850237e-07,3.2693501452740747e-06,1.7570482668816112e-05,1.005264721243293e-06,4.655889824789483e-07,2.4992990802275017e-05,6.202953045431059e-06,4.761508171213791e-05,0.0002839856897480786,1.0846065379155334e-05,1.9407470972510055e-05,4.1399283645660034e-07,2.4583650883869268e-05,1.4913516679371241e-06,7.02122952134232e-06,1.482473344083246e-08,5.896428092455608e-07,1.7671361263182916e-07,0.0002785056421998888,2.26801148528466e-05,6.417528197744105e-07,3.599918940722091e-08,5.42419866178534e-06,2.5182564513670513e-06,3.005573745440415e-08,6.59852048556786e-08,1.7744991964718793e-07,3.182569585646888e-08,1.2412502314873564e-07,1.898400370237141e-07,8.76737612998113e-06,1.1703566542564658e-06,1.6943316722972668e-06,1.8803262719302438e-05,2.018048917307169e-06,2.8569658638843975e-07,3.8253752165928745e-08,1.3907867923990125e-07,3.1361392757389694e-05,2.2567380142390903e-07,7.885899435677857e-07,9.386119614873678e-08,1.452413922464757e-08,2.2876827188156312e-06,0.00034093557042069733,4.102610546397045e-05,3.139032287435839e-07,9.610065490051056e-07,3.898447630490409e-06,1.1843376341857947e-06,3.2613480804855044e-09,2.601764890641789e-06,1.6473907749059435e-07,1.7791157915780786e-06,1.0014672113811685e-07,4.1304840124212205e-05,2.157284598069964e-06,3.271396053605713e-06,1.9072423356192303e-06,3.6387980628660443e-08,1.4725165783602279e-05,1.6315608419859018e-08,7.198461389634758e-06,5.058263013779651e-06,8.975999321592099e-08,1.228921701112995e-05,6.485211633844301e-05,5.3465455494006164e-06,5.9409544519439805e-06,2.7510741347214207e-06,1.453325148759177e-05,2.0627803678507917e-05,1.1776963759757564e-07,3.1289897606257e-07,6.329398729576496e-06,1.641304425703538e-09,4.480737629819487e-07,5.730363682232564e-06,3.1194215353025356e-06,2.3709873858024366e-05,2.2798234056153888e-07,1.2640622060189344e-07,3.95178358303383e-05,1.2036538237225614e-06,4.389934247228666e-07,4.916211651107005e-07,0.0012206205865368247,1.4043442320144095e-07,1.2555232160593732e-06,0.0005153155652806163,3.4480674457881832e-06,0.00037509354297071695,0.0001234094670508057,5.243871896709607e-07,3.859531261696247e-06,0.9944546818733215,2.8212051006448746e-07,1.3459061847242992e-06,1.94345034287835e-06,1.3160681646695593e-06,9.678162768977927e-07,3.2905704756558407e-06,4.097433338756673e-05,2.821614089043578e-07,2.5747306153789395e-07,1.215206225424481e-06,3.74582850781735e-05,4.524504220171366e-06,1.6922638224059483e-07,3.007985469594132e-06,7.5412472142488696e-06,0.0001713704114081338,6.918257895449642e-06,0.0010181873803958297,1.3207309166318737e-05,1.3324134684467026e-08,2.2076260393077973e-06,5.156060979061294e-06,2.2519467179904495e-08,5.861037521981416e-08,5.71577096764031e-09,1.865932830469319e-08,1.5122135765821554e-09,1.209504534926964e-05,3.551132863321982e-07,4.474744400795316e-06,1.4610161080952366e-08,1.3798274949294864e-06,2.8198521249578334e-05,1.5386394807137549e-06,4.901888587482972e-06,1.530058966636716e-06,7.1781696533435024e-06,5.247147605302871e-09,2.642546678544022e-05,1.2681725536367594e-07,2.900960680563003e-07,2.2870707994115946e-07,1.236534990312066e-05,5.573986072704429e-07,1.4834819239695207e-06,1.7168431440950371e-06,2.393086106167175e-05,2.9443548555718735e-05,0.0001645703596295789,4.5399588088912424e-07,1.5603802239638753e-05,7.97800748841837e-06,5.218152637098683e-06,5.253920321024452e-08,1.8247487787448335e-06,1.636355705159076e-06,6.978661986067891e-07,0.00010232096974505112,6.777145244996063e-08,5.48813795830938e-06,1.4410576341106207e-06,4.9696886890160386e-06,2.164241323043825e-06,5.234817308519268e-07,4.607865378147835e-07
/users/PAS2099/jianyanggu/PlotDiversiVision/data/SCBI_021/SCBI_021_PlantDiversity_40_1_1_20150601-straightened.jpg,SCBI_021/SCBI_021_PlantDiversity_40_1_1_20150601-straightened.jpg,SCBI,2015,,SCBI_021,40_1_1,40,1,1,20150601,true,SCBI_021_PlantDiversity_40_1_1_20150601-straightened_r1_c0,3,1,0,0,509,537,1018,164,2.5627800326333272e-08,1.8630146314535523e-07,9.494422137379388e-09,2.794583053855604e-07,1.0249649449178833e-06,4.912007170787547e-06,5.757521535088017e-07,4.483943172317595e-08,1.281608911085641e-05,9.30220153350092e-07,1.2849377526436001e-05,7.182983245002106e-05,9.239151040674187e-06,5.5702821555314586e-06,1.4695889660742978e-07,3.4837989915104117e-06,1.688791684273383e-07,1.3039328905506409e-06,1.0633490532541146e-08,1.3156035549855005e-07,9.553536983730737e-08,2.2000322132953443e-05,5.084817075839965e-06,3.861879918076738e-07,1.7780799055344687e-08,6.291282716119895e-06,1.250578634426347e-06,2.567661860908288e-09,2.589608882885841e-08,7.112081590321395e-08,1.1172661906755366e-08,4.244987650281473e-08,4.365493211366811e-08,5.084468284621835e-06,3.4280202498848666e-07,4.933017407893203e-07,3.882739292748738e-06,7.184921173575276e-07,1.8332498541440145e-07,1.747397604390244e-08,4.437675116264472e-08,5.239706297288649e-06,5.867470775910988e-08,1.0583598708535646e-07,2.595007941863514e-08,3.384152513774552e-09,1.8915805810593156e-07,7.11448083166033e-05,1.3696940186491702e-05,6.812827280100464e-08,2.7650719403027324e-07,2.7822352421935648e-06,1.4108876200680243e-07,6.092592541584452e-10,1.1583313153096242e-06,4.5727990283239706e-08,4.682099756792013e-07,4.0539038792530846e-08,1.2094517842342611e-05,1.53111909639847e-06,1.5546554550383007e-06,2.813709443216794e-07,1.0645017312072014e-08,4.589615855365992e-06,6.21297457925607e-09,4.85035400288325e-07,1.4232291505322792e-06,4.912920559263512e-08,1.8994196580024436e-06,2.8407175705069676e-05,7.1998744033408e-07,5.715855309063045e-07,6.223536956895259e-07,3.2723519325372763e-06,2.3599195628776215e-06,3.0733016131989643e-08,5.3112017894818564e-08,1.023956770040968e-06,8.953848773529671e-10,2.7723913831323443e-07,2.5466442821198143e-06,9.540540304442402e-07,5.443986992759164e-06,1.3312231317286205e-07,4.466461689389689e-08,1.15795210149372e-05,1.3434566881187493e-07,8.180056454420992e-08,1.5653962748274353e-07,0.001096466090530157,6.363906379647233e-08,2.4097613504636684e-07,5.382905510487035e-05,1.3956695283923182e-06,1.099329620046774e-05,3.625674708018778e-06,1.5703604105965496e-07,1.0251995945509407e-06,0.9979074001312256,3.478908539022996e-08,1.6810081149287726e-07,8.328235026056063e-07,5.358908197194978e-07,4.007058294064336e-07,2.233125542261405e-06,6.026383925927803e-05,2.2498750240629306e-07,8.483035429662777e-08,6.436223429773236e-07,9.267954737879336e-06,1.4205172647052677e-06,4.852849855296881e-08,1.0856142580450978e-06,1.9884496396116447e-06,7.668737816857174e-05,1.6633143786748406e-06,0.00031189079163596034,5.379310550779337e-06,5.988193940709152e-09,5.314082045515534e-07,1.030956809700001e-06,1.9478973989350834e-09,4.085730154201883e-08,3.981957874543696e-09,7.483564878896232e-09,7.033856830318541e-10,1.0730529538705014e-05,7.174291027922663e-08,6.546763984260906e-07,5.508045131108474e-09,4.340587622664316e-07,8.020318091439549e-06,1.2957216313225217e-06,1.5273564031303977e-06,1.5011095229056082e-06,2.136927605533856e-06,9.990035465534675e-10,5.920741841691779e-06,6.953587927682747e-08,7.354293529715505e-08,5.1588212812703205e-08,4.077202447660966e-06,2.359045225830414e-07,2.70525731593807e-07,4.1193953848051024e-07,5.202958163863514e-06,7.691263817832805e-06,7.2274788180948235e-06,5.19246405872309e-08,5.69303119846154e-06,4.483314569370123e-06,1.8280203448739485e-06,1.2033064322736209e-08,2.2448866729973815e-06,9.193230994242185e-07,4.90543243358843e-07,2.0838466298300773e-05,2.1562833296684403e-08,2.2323845314531354e-06,5.235647790868825e-07,9.578354820405366e-07,1.818275734422059e-07,3.004080610935489e-07,2.760382358246716e-07
/users/PAS2099/jianyanggu/PlotDiversiVision/data/SCBI_021/SCBI_021_PlantDiversity_40_1_1_20150601-straightened.jpg,SCBI_021/SCBI_021_PlantDiversity_40_1_1_20150601-straightened.jpg,SCBI,2015,,SCBI_021,40_1_1,40,1,1,20150601,true,SCBI_021_PlantDiversity_40_1_1_20150601-straightened_r1_c1,3,1,1,537,509,1075,1018,164,4.770001282849989e-09,3.250193003623281e-08,3.1755913454389884e-09,6.073295111264088e-08,2.867739965495275e-07,2.3966726985236164e-06,4.768150176914787e-07,4.6782049345495125e-09,2.480857801856473e-06,1.3580547886249406e-07,5.647199941449799e-06,1.2952978977409657e-05,3.289336973466561e-06,1.1970176956310752e-06,3.2908271663245614e-08,5.75091689825058e-07,3.208359444784037e-08,2.8438927301976946e-07,2.1319992438151303e-09,3.1781500098304605e-08,1.9156820130206142e-08,4.7302710299845785e-06,1.2387095011945348e-06,6.030678179058668e-08,5.524819712832141e-09,1.5812421452210401e-06,2.0101244047054934e-07,1.4902501455082984e-09,1.2311801356190699e-08,4.959773391988165e-08,4.397718633697423e-09,1.2476331967548049e-08,1.1713634506804738e-08,1.781246169230144e-06,8.478348689777704e-08,1.866294496721821e-07,8.022765882742533e-07,1.1421231960184741e-07,2.1046554721237953e-08,2.4215831562202084e-09,5.1161177516689804e-09,4.7468080310864025e-07,8.699589493232907e-09,1.033149121809629e-08,7.582650063397978e-09,8.643713522715757e-10,3.250850255653859e-08,1.611526204214897e-05,2.6027546482509933e-06,1.143556893623554e-08,4.6002881504136894e-08,4.698670181824127e-07,1.9420008712245362e-08,9.766064346106162e-11,4.0964087588690745e-07,8.184924737975052e-09,1.1817723333251706e-07,7.872146490228715e-09,3.7456941299751634e-06,2.938491263648757e-07,1.5507698947203608e-07,2.930888598484671e-08,3.965074046874406e-09,1.2627939440790215e-06,1.0327191324321916e-09,5.4371351865256656e-08,4.532979289706418e-07,2.0293928315595622e-08,3.594688280372793e-07,1.1102581993327476e-05,1.29044849472848e-07,1.4511891777146957e-07,1.2663581117067224e-07,7.243874051710009e-07,6.6299293166594e-07,1.0770215830291363e-08,1.4803186232370535e-08,2.8399466600603773e-07,2.2236269769937422e-10,3.835160455878395e-08,5.450968956211e-07,3.1581259918311844e-07,7.69707469316927e-07,2.657876052580832e-08,7.045814598427569e-09,4.073612672073068e-06,1.8080182684343526e-08,1.0755270452023069e-08,3.0560006081259417e-08,0.0015009177150204778,2.755101036200358e-08,6.505313621119058e-08,6.296567789831897e-06,1.7430319587674603e-07,1.9613826225395314e-06,3.828146475370886e-07,3.72696185024779e-08,9.177357895850946e-08,0.9982086420059204,4.131747388669282e-09,2.6186667057004342e-08,1.5431454869485606e-07,6.753137427040201e-08,1.1710513092566543e-07,4.356929821369704e-07,1.4426573216042016e-05,2.8467676216337168e-08,1.79042736192514e-08,3.392002838609187e-07,2.0204961401759647e-06,2.7656534484776785e-07,1.2840299490335383e-08,1.4359903843796928e-07,2.408816044408013e-07,2.7408070309320465e-05,7.623378905918798e-07,0.0001278967974940315,6.984406581977964e-07,2.12044937164535e-09,9.208428508600264e-08,3.9796859141461027e-07,4.2087225371467696e-10,7.991053152522909e-09,6.135088548298029e-10,1.671479621379035e-09,8.099935999705821e-11,3.6519668356049806e-06,1.1686677403588419e-08,1.072033555260532e-07,5.461596730427232e-10,7.143245284169097e-08,7.815840490366099e-07,5.395011157816043e-07,2.7640820121632714e-07,3.0552914154213795e-07,3.358513538387342e-07,3.4366320900147684e-10,1.9147123566654045e-06,1.4400874270847908e-08,1.304479368968714e-08,9.609972373425535e-09,6.061771955501172e-07,3.268158721425607e-08,7.490397990750353e-08,1.0047646270550104e-07,5.161917329132848e-07,7.397631520689174e-07,1.392134208799689e-06,9.511935239459035e-09,8.716539809938695e-07,1.1087296343248454e-06,2.8058005341335956e-07,1.6266858970936937e-09,1.0088439239552827e-06,4.715513171049679e-07,1.7215425884842261e-07,2.9556822482845746e-06,2.727440717720242e-09,5.222405548011011e-07,7.344400643205518e-08,1.6110696776650002e-07,3.1199622441135944e-08,4.8206008074203055e-08,9.064972772421243e-08
/users/PAS2099/jianyanggu/PlotDiversiVision/data/SCBI_021/SCBI_021_PlantDiversity_40_1_1_20150601-straightened.jpg,SCBI_021/SCBI_021_PlantDiversity_40_1_1_20150601-straightened.jpg,SCBI,2015,,SCBI_021,40_1_1,40,1,1,20150601,true,SCBI_021_PlantDiversity_40_1_1_20150601-straightened_r1_c2,3,1,2,1075,509,1612,1018,164,2.7748174602493236e-07,6.102005158936663e-07,7.111112410029818e-08,9.970688552130014e-06,4.050729694426991e-05,6.777872386010131e-06,8.871454326708772e-08,2.1844214643351734e-05,1.8387656382401474e-05,2.326750836800784e-05,1.892883847176563e-05,0.0004713311209343374,4.82603148554972e-08,8.524709846824408e-05,1.6387831536235353e-08,7.538625595771009e-06,9.522556865704246e-06,2.051971250693896e-06,3.2826669382757245e-08,3.4227857668156503e-06,2.3313772601341043e-07,0.0009010523790493608,6.867221964057535e-05,1.6797150692582363e-07,5.862660357180971e-10,5.820020305691287e-07,8.197214640404127e-08,1.3797726516884268e-08,3.384466040756706e-09,1.3135376120132491e-09,1.487258205479236e-09,1.9786293137258326e-07,5.6929227554292083e-08,1.4878044396482437e-07,1.3469886539496656e-07,1.4317740237856924e-07,2.2420486857299693e-05,2.6885129500442417e-06,8.503585746666431e-08,1.1486559259310525e-07,3.6613968745768943e-07,4.145809361943975e-05,1.3263489790915628e-06,3.187007314409129e-05,7.007942226522346e-09,1.9682556740008295e-07,8.708971108717378e-06,1.7359479898004793e-05,3.701549076140509e-06,1.1345291284214909e-07,1.2563656355268904e-06,1.541888741485309e-05,8.655350939079653e-06,6.6716356883489425e-09,5.374247393774567e-07,7.053382091726235e-07,2.342870629945537e-06,2.955729087261716e-06,0.0001033687949529849,3.770236673972249e-07,2.3863740352680907e-06,2.2180085579748265e-05,7.909367923275568e-06,2.276425448144437e-06,7.626051790055044e-09,0.00010163430852117017,5.514111194315774e-07,7.3590680216284454e-09,6.721972113155061e-06,6.582957894352148e-07,3.892340464517474e-05,3.245429979870096e-05,6.592837507923832e-06,3.7351373975980096e-06,4.059268394485116e-05,1.6472128550049092e-08,1.9400482642595307e-07,1.5115173255253467e-06,4.357923188980095e-10,1.5527241714607953e-07,2.901989773818059e-06,2.3178995434136596e-06,7.159077995311236e-06,2.1402573224804655e-07,8.73332373885205e-06,4.041376450913958e-05,9.628848829379422e-07,4.7644854930695146e-05,6.258230200728576e-07,2.0827274056500755e-06,4.031608114019036e-08,2.7420608716965944e-07,0.000678683107253164,1.4849645140202483e-06,0.011237294413149357,0.07916659116744995,2.1222424493316794e-06,2.217771725554485e-05,0.0001408438984071836,3.4439901810401352e-06,5.880341973352188e-07,2.9337456908251625e-06,1.0184733582718764e-05,3.166065027926379e-07,1.3224789654486813e-06,1.4203948921931442e-05,1.8230352338832745e-07,2.244219956537563e-07,8.979179000334625e-08,7.362368342000991e-05,8.488200364809018e-06,3.794460212702688e-08,1.888418523776636e-06,6.120541456766659e-06,2.1016832761233672e-05,1.0040372444564127e-07,1.98011111933738e-05,1.061617149389349e-05,1.1305322900057035e-08,5.9451846112779094e-08,1.887538871869765e-07,7.194716999947559e-08,2.3336819765518158e-07,1.1213963979628261e-08,6.697313370551683e-09,9.605725992400949e-09,3.765680105516367e-07,0.0003195566823706031,6.273127655731514e-05,6.605798716918798e-07,5.0624680625332985e-06,0.0002696033625397831,5.026363680826762e-08,1.718506496217742e-06,3.71714065749984e-07,2.9369145977398148e-06,2.482321570518309e-10,9.954649613064248e-06,1.4162813499751792e-07,5.735190597988549e-07,1.5927871288567985e-07,5.348704689822625e-06,6.404733881026914e-07,2.516362087590096e-07,4.0837242920588324e-08,4.700844783656066e-06,1.9736107788048685e-05,0.9038940072059631,1.3022639677728876e-06,5.363561649573967e-05,2.266702949782484e-06,2.3080363462213427e-05,1.8303379079043225e-07,2.6354953774898604e-07,2.070480604743352e-06,5.590891873907822e-07,1.0883110917347949e-05,2.653998478763242e-07,2.6677537334762746e-06,6.1581067711813375e-06,7.199662377388449e-07,0.0015296110650524497,2.573179017417715e-06,7.046846803859808e-07
/users/PAS2099/jianyanggu/PlotDiversiVision/data/SCBI_021/SCBI_021_PlantDiversity_40_1_1_20150601-straightened.jpg,SCBI_021/SCBI_021_PlantDiversity_40_1_1_20150601-straightened.jpg,SCBI,2015,,SCBI_021,40_1_1,40,1,1,20150601,true,SCBI_021_PlantDiversity_40_1_1_20150601-straightened_r2_c0,3,2,0,0,1018,537,1527,164,2.0221264094288927e-06,9.37857691951649e-07,2.8381211336636625e-07,2.038119600911159e-05,1.0059216037916485e-05,1.2349234566499945e-05,8.136290716720396e-07,7.749596989015117e-05,0.00022142416855785996,0.00017506073345430195,7.68470999901183e-06,0.00348302791826427,5.854898290635902e-07,0.00041760693420656025,1.480158005051635e-07,7.599734817631543e-05,0.00013343039609026164,3.704420805661357e-06,6.301830612898129e-09,2.4582432160968892e-06,7.062490112730302e-07,0.008743714541196823,3.526636282913387e-05,7.989062282831583e-07,6.70928779200608e-09,4.0498647990716563e-07,2.048796687859067e-07,4.255227281646512e-08,7.930240464304461e-09,2.011737443297079e-08,8.979834653644048e-09,2.3311220331834193e-07,1.541865231047268e-07,1.3677904462383594e-06,7.662108600925421e-07,3.985085470503691e-07,2.4049753847066313e-05,2.7633077479549684e-06,8.956814667726576e-08,1.0122450788685455e-07,3.135216388727713e-07,0.00017556363309267908,4.173452907707542e-06,0.00018005022138822824,2.3246293778811378e-08,1.1823830448065564e-07,1.1982354408246465e-05,7.780195301165804e-05,6.850480076536769e-06,6.337640570563963e-06,4.176397396804532e-07,1.0021146408689674e-05,1.4152195717542781e-06,1.137555187824546e-07,4.753176199301379e-07,9.422577704754076e-07,6.6372313085594214e-06,1.0937768820440397e-05,0.0004899484338238835,2.7309683900966775e-06,1.0823669072124176e-05,0.00025292258942499757,4.141986210015602e-06,5.52981327928137e-06,2.4416612731670284e-08,0.00013857849990017712,7.055034529912518e-06,1.5434835631822352e-07,0.00012766156578436494,7.34573677618755e-06,8.692290430190042e-05,6.143076461739838e-05,3.4275341022294015e-05,5.344611054169945e-06,3.338633541716263e-05,1.5348108561852314e-08,4.2359886265330715e-07,1.432240537724283e-06,1.812557437474993e-09,5.520852255358477e-07,1.3548760762205347e-05,1.7182788951686234e-06,0.00014572848158422858,1.5739208265586058e-06,4.509827704168856e-05,0.0005444501875899732,1.7296768419328146e-05,3.411203215364367e-05,8.176525625458453e-06,1.4051019206817728e-05,4.963152946402261e-07,8.804411208984675e-07,0.0017493865452706814,1.4007883692102041e-05,0.024191396310925484,0.024088075384497643,3.041436457351665e-06,0.00017921969993039966,0.00021962897153571248,2.760927782219369e-05,4.2579918044793885e-06,4.175860158284195e-05,4.7941532102413476e-05,1.7053494048013818e-06,1.753212018229533e-06,1.2587087439897005e-05,7.552100100838288e-07,2.46883303134382e-07,5.062164291302906e-06,0.0022849575616419315,4.961811100656632e-06,1.2140570504470816e-07,5.823316314490512e-06,6.274617044255137e-05,0.00019178753427695483,1.0825398248925922e-06,0.00024800034589134157,2.965423664136324e-05,1.8807046586744036e-08,1.5315312111852109e-06,1.518453927928931e-06,8.560393780498998e-07,8.239738917836803e-07,3.0229379888169206e-08,1.872472310537887e-08,1.9553846541953135e-08,7.387519644908025e-07,0.002191077219322324,0.00010283676238032058,3.272883304816787e-06,1.587482802278828e-05,0.003640142036601901,2.525991646962211e-07,1.7254984413739294e-05,2.5559345431247493e-06,1.2180059457023162e-05,2.4750164140385778e-09,1.1315534720779397e-05,7.631101652805228e-07,3.304698793726857e-06,2.2722981611877913e-06,2.1565214410657063e-05,2.426491619189619e-06,1.7691410221232218e-06,1.0560875551846038e-07,1.4888237274135463e-05,4.735263792099431e-05,0.9227182865142822,1.071995029633399e-06,0.00022418641310650855,1.7672060494078323e-05,9.118829621002078e-05,6.599836410714488e-07,1.2301646847845404e-06,1.292402203034726e-06,3.6383457882038783e-06,6.874253449495882e-05,5.585760050053068e-07,5.1785941650450695e-06,1.0233424291072879e-05,6.278514206314867e-07,0.0012835749657824636,2.283202547914698e-06,6.595007562282262e-06
/users/PAS2099/jianyanggu/PlotDiversiVision/data/SCBI_021/SCBI_021_PlantDiversity_40_1_1_20150601-straightened.jpg,SCBI_021/SCBI_021_PlantDiversity_40_1_1_20150601-straightened.jpg,SCBI,2015,,SCBI_021,40_1_1,40,1,1,20150601,true,SCBI_021_PlantDiversity_40_1_1_20150601-straightened_r2_c1,3,2,1,537,1018,1075,1527,164,1.2977161567562234e-08,3.298070083701532e-08,6.307793842807996e-09,5.010311269870726e-06,2.4188204861275153e-06,7.77772186211223e-07,1.541781635694406e-08,6.7830246734956745e-06,9.322720870841295e-06,6.8081180870649405e-06,1.8721166270552203e-06,6.197896436788142e-05,1.7522335582498272e-08,5.821496233693324e-05,4.607984660509601e-09,4.321432697906857e-06,2.2971727958065458e-05,4.928323846797866e-07,2.8829651999018324e-09,2.08019486080957e-07,1.1730381288543867e-07,0.00018319346418138593,1.519444253972324e-06,2.2950504785512749e-07,2.89205104309076e-10,1.2462275833513559e-07,2.2083485262669456e-08,1.1346635631070967e-08,1.8596931772307812e-09,4.67364313916363e-10,2.2361097418155396e-09,2.1727610999278113e-07,4.3605751898212475e-08,2.5375891610224244e-08,6.284091824682037e-08,1.289480877630922e-07,5.981361255180673e-07,1.7465553980855475e-07,5.577789341515427e-09,6.351012604710604e-09,7.585731509607285e-08,9.800736734177917e-06,4.245337947850203e-07,5.141743258718634e-06,4.964244570970777e-09,4.780739715215532e-08,4.257292403053725e-06,4.4851338998341816e-07,8.064783401096065e-07,8.031408071929036e-08,1.206945512421953e-07,4.11981363868108e-06,2.0585978290910134e-06,5.673217895463267e-09,4.2764622065760705e-08,4.119149465964256e-08,3.402309687317029e-07,6.0435627347033e-07,2.769608545349911e-05,6.077406311533196e-08,5.021578886044153e-07,1.759033875714522e-05,1.0957680842693662e-06,1.6824417059524421e-07,2.579407798464217e-09,3.245593688916415e-05,3.1128470823205134e-07,1.3688945532663865e-09,7.402298933811835e-07,1.1273942135403558e-07,2.191860221500974e-05,1.1523886314535048e-05,4.743450062960619e-06,1.248145508725429e-06,1.2202518519188743e-05,7.894225828586343e-10,2.7658563439558748e-08,3.397264833893132e-07,2.6107964748445234e-11,9.829139280270738e-09,3.8438236060756026e-07,1.0392106020162828e-07,2.7719959234673297e-06,1.6301062544243905e-07,1.9428428004175657e-06,8.761093340581283e-06,2.1293465124472277e-07,5.239576239546295e-06,3.102332186699641e-07,4.5235194079396024e-07,4.204398162954703e-09,1.1482275397156627e-07,8.303610229631886e-05,5.431879230854975e-07,0.005579211283475161,0.014233650639653206,1.7281979580729967e-06,2.3438567950506695e-05,1.246794113285432e-06,8.325994826918759e-07,1.3650424079969525e-07,2.2148387870402075e-06,4.6531768020940945e-06,6.046418832283962e-08,1.9872314283020387e-07,1.6996987142192665e-06,1.8566955972687538e-08,1.3529574793835764e-08,3.09207521809185e-08,0.00011256383004365489,1.8537453172484675e-07,4.422404220605358e-09,5.049277547186648e-07,5.166851678950479e-06,1.488112843617273e-06,6.182864886739026e-09,6.810790864619776e-07,1.1610586625465658e-06,1.3715028002181384e-09,3.5355604666165164e-08,2.2009478684026362e-08,4.656063534724808e-09,1.1847214409499429e-07,5.4086131129338355e-09,1.1627721008267144e-09,1.0351821622123225e-08,6.356396653472984e-08,0.000795519445091486,9.220647370966617e-06,1.724022382632029e-07,1.5127759525057627e-06,0.00016656047955621034,1.8838408610832857e-09,6.451648459915305e-07,3.6850224205409177e-08,2.1717594336223556e-06,9.015312107951701e-11,1.6128191191455699e-06,4.5577262852702916e-08,1.507187903371232e-07,3.5311799706505553e-08,1.155068389380176e-06,5.799524274152645e-07,2.1455643661738577e-07,7.203369456476594e-09,1.4469355846813414e-06,5.873802820133278e-06,0.9782496094703674,4.166021767559869e-07,2.393004615441896e-05,2.0186797655696864e-07,3.1366528219223255e-06,1.1649977693650726e-07,8.665722361911321e-08,3.884225918682205e-07,1.428022358140879e-07,5.04889521835139e-06,1.1558655188537159e-07,1.115021291298035e-06,2.452023636578815e-06,1.1716785763837834e-07,0.00012055439583491534,1.0704296755648102e-06,3.145554217098834e-07
/users/PAS2099/jianyanggu/PlotDiversiVision/data/SCBI_021/SCBI_021_PlantDiversity_40_1_1_20150601-straightened.jpg,SCBI_021/SCBI_021_PlantDiversity_40_1_1_20150601-straightened.jpg,SCBI,2015,,SCBI_021,40_1_1,40,1,1,20150601,true,SCBI_021_PlantDiversity_40_1_1_20150601-straightened_r2_c2,3,2,2,1075,1018,1612,1527,164,4.5359271894085396e-09,7.969129001139663e-08,1.8897678089047076e-08,2.526796561141964e-05,3.469883267825935e-06,1.6193063174796407e-06,2.585992309178664e-09,5.2771729315281846e-06,4.2756232687679585e-06,8.889405580703169e-05,4.502919182414189e-06,0.0002008354349527508,2.111302777052515e-08,9.432593651581556e-05,4.387826546548013e-09,2.114046219503507e-05,3.375761252755183e-06,5.838220999976329e-07,2.1686801687792467e-08,8.271680371763068e-07,4.46449917035352e-08,0.0002598766004666686,4.225891643727664e-06,9.907763569572126e-07,3.150162422582703e-11,3.786560114349413e-07,1.989295839166516e-08,2.373854668391573e-09,6.584115475050112e-10,2.9349320196381257e-10,4.984875290325874e-10,6.126878560053228e-08,3.797508441039099e-08,4.5283567118303836e-08,1.874389354838968e-08,1.721099529561343e-08,3.0128344974400534e-07,1.0029061314753562e-07,1.9852702592970672e-08,1.7526167184200858e-08,1.3492488903921185e-07,2.7955313726124587e-06,5.274591430293185e-08,1.9433778675193025e-07,2.9383950828076877e-09,3.299082322882896e-07,3.3057358450605534e-06,1.6337010038114386e-06,2.7308249173074728e-06,1.4637468837008782e-07,2.5831158723121916e-07,3.195473982486874e-05,1.3857268186256988e-06,5.132648528416439e-09,1.8174075933075073e-07,8.298034259723863e-08,5.992696401335706e-07,4.077369794686092e-06,7.245475717354566e-05,9.650963761487219e-08,3.3768044431781163e-06,3.0992399842943996e-05,2.381177637289511e-06,5.318559601619199e-07,7.838246496305601e-09,2.493550709914416e-05,2.4950596255735036e-08,1.0576275411011693e-09,4.18963145421003e-06,7.471383156598677e-08,7.2492039180360734e-06,3.1280890198104316e-06,8.633965990156867e-06,1.0479064940227545e-06,7.942187949083745e-06,1.1095395713311973e-08,3.8488149556314966e-08,2.2845888736355846e-07,1.2130477733407474e-09,5.631829935737187e-07,1.503956809756346e-06,4.20834021497285e-06,2.7489065814734204e-06,1.427594384040276e-06,2.9783943773509236e-06,1.3513466910808347e-05,9.725516974867787e-06,5.970862730464432e-06,7.093520366652228e-07,2.0385313348469936e-07,1.4067261133732245e-08,1.1424491503930767e-06,6.66787163936533e-05,5.071792656963225e-07,0.004255923442542553,0.004650278948247433,2.9558236747107003e-07,1.8231728972750716e-05,2.0957390006515197e-05,1.0060098531994299e-07,8.093389425312125e-08,8.849539767652459e-07,8.538814654457383e-06,1.3945182786301302e-07,1.1503119594635791e-06,8.142854312609416e-06,1.3838348422723357e-07,4.02109691322039e-07,7.278263325360967e-08,1.3831290743837599e-05,7.358275979640894e-07,1.481768663325056e-08,4.721215645986376e-06,1.1261157851549797e-05,4.485639510676265e-05,3.794091085751461e-08,1.4439218830375466e-05,7.86677537689684e-06,6.729286461393258e-09,2.817950246480905e-07,2.7291664039807983e-08,9.861185645831938e-09,8.449602262317057e-08,7.56952012181955e-09,1.0385885484964774e-09,4.6702286482513955e-09,1.1258912735456761e-07,0.00017420420772396028,1.7859600120573305e-05,6.970344657020178e-07,8.372478077944834e-06,0.00031465227948501706,1.4019153837807607e-08,4.653341875382466e-06,6.470511380030075e-07,6.768270282009325e-07,5.701466382346254e-11,8.25866391096497e-06,9.5723528659164e-08,3.530539345319994e-07,3.458846720150177e-07,5.841565325681586e-06,2.226173592134728e-07,9.403012057873639e-08,3.307107476757665e-08,1.7456723071518354e-06,1.0709461093938444e-05,0.9889065027236938,6.380458330568217e-07,0.0002414566552033648,1.606545538379578e-06,2.8318634122115327e-06,5.7789016238984914e-08,4.730786145046295e-07,4.2647235432013986e-07,6.642806624768127e-07,4.6126777306199074e-05,3.094475857778889e-07,1.4509770096537977e-07,8.399660345048687e-08,2.3796415860033449e-07,0.0001295000547543168,5.415213308879174e-06,5.376431317927199e-07
/users/PAS2099/jianyanggu/PlotDiversiVision/data/SCBI_021/SCBI_021_PlantDiversity_40_1_3_20150601-straightened.jpg,SCBI_021/SCBI_021_PlantDiversity_40_1_3_20150601-straightened.jpg,SCBI,2015,,SCBI_021,40_1_3,40,1,3,20150601,true,SCBI_021_PlantDiversity_40_1_3_20150601-straightened_r0_c0,3,0,0,0,0,558,458,164,1.2960549611307215e-07,1.1127398238386377e-06,1.013589709941698e-07,1.3516696526494343e-06,0.0001458291371818632,0.00015969098603818566,2.121969373547472e-06,0.00054078025277704,1.595429603185039e-05,1.787082692317199e-05,4.619910760084167e-05,0.007963033393025398,4.1252556002291385e-06,0.0021725588012486696,2.3130262434278848e-06,1.7350361304124817e-05,5.7478582675685175e-06,9.803430657484569e-06,1.3836217505058812e-08,4.5836241042707115e-06,2.3227588741292493e-08,0.000749402679502964,0.0001177945887320675,1.7648809489401174e-06,7.348054964495532e-08,6.399412910695901e-08,7.254282650137611e-07,1.4476355225667703e-08,2.145890931615213e-08,1.8317289018909833e-08,1.4031980910544917e-08,5.4613398248193334e-08,1.3866659287486982e-07,1.733044086904556e-06,1.7219788617239828e-07,4.978967353963526e-07,3.3916232496267185e-05,3.891822871082695e-06,3.2660216220392613e-07,2.1118336235304014e-07,4.905872401650413e-07,0.0001699214626569301,2.3739646621834254e-06,8.701176739123184e-06,1.1018709500376644e-07,2.553933775573114e-08,2.793268777168123e-06,0.00077519949991256,2.93474477075506e-06,1.9124306618323317e-06,9.763822816921675e-08,3.1510822736890987e-05,4.554516635835171e-06,2.392490294766958e-08,9.611651876184624e-06,4.994299729332852e-07,1.0004873729485553e-05,7.993940016604029e-07,9.240231884177774e-05,5.958089559499058e-07,7.009109594946494e-06,5.642256837745663e-06,5.631480917145382e-07,7.009056389506441e-06,1.9562873987410967e-08,0.0002068700414383784,3.573492358555086e-05,6.441416644520359e-08,3.255476985941641e-05,2.268600837851409e-05,2.035609577433206e-05,2.8028660381096415e-05,9.270232226299413e-07,5.481946573127061e-06,8.301644811581355e-06,7.393322931648072e-08,9.351563790005457e-08,2.839378794305958e-06,2.778343111131676e-10,3.05565563962773e-08,6.709345257149835e-07,5.632407919620164e-06,6.584452785318717e-05,2.6619707682584703e-07,2.467392334892793e-07,0.00010469755216035992,1.0269322956446558e-05,2.1510331862373278e-05,5.3947132983012125e-06,0.00022195100609678775,7.333940743592393e-08,3.403556831926835e-07,0.00081015529576689,6.573607151949545e-06,0.00788252055644989,0.0019731028005480766,4.3729716026064125e-07,2.0695912098744884e-05,0.9593836665153503,1.0888140877796104e-06,2.3095071810530499e-07,7.508956969104474e-06,4.920550509268651e-06,9.515952683614159e-07,1.432606495654909e-06,0.0004395070136524737,5.161866170055873e-07,6.790634756725922e-07,2.9773236747132614e-06,3.5033569929510122e-06,1.1405849363654852e-05,1.2187018683107453e-07,1.0188662145083072e-06,0.00011034667841158807,0.00555438781157136,0.00010648432362359017,0.0008934821235015988,0.00028592938906513155,1.7834228316360168e-08,6.900048447278095e-06,5.695690106222173e-07,7.269487412031594e-08,3.647068780310292e-08,7.642658950146597e-09,8.513067584203782e-09,1.373581692831749e-09,5.766105459770188e-07,0.0008299562614411116,8.48138370201923e-05,8.707244347760934e-08,9.478564493292652e-07,0.0003120473411399871,7.822952738933964e-07,1.5390628504974302e-06,2.1269765682063735e-07,3.6313988402980613e-06,2.3522992442792656e-09,1.215540692101058e-06,9.098176434463312e-08,2.4223933792200114e-07,6.714568598908954e-07,4.119297591387294e-05,2.2222782263270346e-06,4.554864062811248e-06,1.597110167494975e-05,1.29502823256189e-05,9.64470746112056e-06,0.006719578988850117,2.3566488493997895e-07,7.80304708314361e-06,2.7199787382414797e-06,8.062205779424403e-06,1.1660783627576166e-07,1.7435876316085341e-06,5.565662831941154e-06,2.234681005575112e-06,0.00044089407310821116,4.784864415796619e-08,3.848741926049115e-06,8.558303079553298e-07,3.181494093951187e-06,3.5780599318968598e-06,4.266300038580084e-06,3.3781025194912218e-06
/users/PAS2099/jianyanggu/PlotDiversiVision/data/SCBI_021/SCBI_021_PlantDiversity_40_1_3_20150601-straightened.jpg,SCBI_021/SCBI_021_PlantDiversity_40_1_3_20150601-straightened.jpg,SCBI,2015,,SCBI_021,40_1_3,40,1,3,20150601,true,SCBI_021_PlantDiversity_40_1_3_20150601-straightened_r0_c1,3,0,1,558,0,1115,458,164,1.7913826866333693e-07,1.049770958161389e-06,5.338887376638013e-07,3.695223858812824e-05,4.924520180793479e-05,0.00019281911954749376,1.0949175702990033e-05,0.00022317635011859238,0.00035112843033857644,0.0005721597117371857,0.00041745282942429185,0.009427962824702263,5.3196176850178745e-06,0.019621696323156357,1.9367109871382127e-06,8.655339479446411e-05,0.0001290719665121287,1.2199834600323811e-05,6.3442642250777226e-09,1.8274889725944377e-06,8.141607850120636e-07,0.004720646422356367,0.0022414911072701216,4.066326255269814e-06,3.4712702046135746e-08,1.1369667163307895e-06,2.2191545667737955e-06,4.5250953917275183e-07,4.621215055067296e-07,2.5252907676076575e-07,1.2082506373189972e-07,3.8925816170376493e-07,5.487643193191616e-06,9.058191494659695e-07,3.580070369935129e-06,4.3779036786872894e-05,2.4003396902116947e-05,6.588777523575118e-06,2.9873595508433937e-07,1.3184059355353384e-07,6.166413868413656e-07,0.00047462660586461425,5.612766472040676e-06,1.4411429219762795e-05,4.291634922992671e-07,2.4533364921808243e-06,5.916946611250751e-05,0.0003195549070369452,2.732389657467138e-05,3.702643880387768e-06,4.120052210510039e-07,3.8921400118852034e-05,0.000240406152443029,7.828777626173178e-08,0.0001022360593196936,3.876239588862518e-06,4.3494892452144995e-05,1.5958998119458556e-05,0.003129048505797982,2.8333115551504306e-06,1.6327423509210348e-05,0.00019061268540099263,3.0862269341014326e-05,5.894572495890316e-06,1.2494993484324368e-07,0.00013577651407103986,7.79407491791062e-05,3.8234131238823466e-07,0.00010600456153042614,5.65051450394094e-05,8.666704525239766e-05,9.333482012152672e-05,1.619900285732001e-05,9.920443699229509e-05,0.00025978637859225273,2.917300037097448e-07,3.190649294992909e-06,1.568953666719608e-05,4.539579823159556e-09,1.2534767392935464e-06,2.738107468758244e-05,2.008261435548775e-05,0.0002444902784191072,2.799661615426885e-06,4.762495882459916e-05,0.003522327169775963,0.00012709852308034897,8.617123239673674e-05,2.89179715764476e-05,0.0025961908977478743,1.1982314163105912e-06,3.5536736504582223e-06,0.0026127032469958067,6.9621628426830284e-06,0.06533128768205643,0.01909738779067993,6.655212928308174e-06,0.0004172140033915639,0.29210060834884644,4.909006293019047e-06,1.633420652069617e-06,1.5114460438780952e-05,5.704420618712902e-05,2.043741460511228e-06,4.677992365031969e-06,0.00023286568466573954,1.4331436659631436e-06,6.611890967178624e-06,1.2753702321788296e-05,0.0013314078096300364,0.00010407090303488076,3.051478643101291e-07,1.6885858713067137e-05,5.46510455023963e-05,0.0114420922473073,4.352078394731507e-05,0.004388425499200821,0.0002036327205132693,5.0210843483000644e-08,1.6788359062047675e-05,3.5200250749767292e-06,6.668573604429184e-08,2.5440681383770425e-07,3.1799771704754676e-08,2.9366933773644632e-08,2.3688265571308875e-08,2.3364134449366247e-06,0.00041334234992973506,0.0003510802343953401,7.123375098672113e-07,1.1268334674241487e-05,0.002117317169904709,1.5825255559320794e-06,2.397027492406778e-05,4.582422207022319e-06,7.94400602899259e-06,3.926551084276753e-09,4.3870149966096506e-05,4.63838176756326e-07,1.6888684513105545e-06,3.3495164188934723e-06,2.674883398867678e-05,1.6962030713330023e-06,1.0370426934969146e-05,6.338396360661136e-06,6.130487599875778e-05,5.8093242842005566e-05,0.5480732321739197,2.703916652535554e-05,0.00011987401376245543,3.965077121392824e-05,4.229264231980778e-05,1.2193360134915565e-06,6.1601394918398e-06,4.306741629989119e-06,1.0360146006860305e-05,0.00019359964062459767,9.117541708292265e-07,2.7523601602297276e-05,4.449679909157567e-05,2.5314855520264246e-05,0.00010387536167399958,1.3719101843889803e-05,1.255592633242486e-05
/users/PAS2099/jianyanggu/PlotDiversiVision/data/SCBI_021/SCBI_021_PlantDiversity_40_1_3_20150601-straightened.jpg,SCBI_021/SCBI_021_PlantDiversity_40_1_3_20150601-straightened.jpg,SCBI,2015,,SCBI_021,40_1_3,40,1,3,20150601,true,SCBI_021_PlantDiversity_40_1_3_20150601-straightened_r0_c2,3,0,2,1115,0,1673,458,164,1.9287925923094917e-08,3.1131850874999145e-08,4.329143621362164e-08,1.8116306819138117e-06,6.194500201672781e-07,9.462290222472802e-07,2.6419041176950486e-08,4.752118456963217e-06,1.177619651571149e-05,9.433786544832401e-06,4.828850251215044e-06,0.00010711929644457996,2.79688627813357e-08,0.0007453244761563838,2.4611825466536175e-08,5.245567990641575e-06,3.6206329241395e-05,2.0741855166761525e-07,2.7699051940999198e-09,3.2732253885114915e-07,1.325983021160937e-07,9.927987412083894e-05,1.3195351584727177e-06,2.0659098254327546e-07,9.990838156781479e-10,5.651331491662859e-08,4.83190154554336e-09,2.2225263407449347e-08,1.0990636178931368e-09,6.760191295640539e-10,1.3393210984702364e-09,3.589328301245587e-08,5.478753806187342e-08,9.745566131869055e-09,1.1133735711155168e-08,3.566086093087506e-08,2.1704796893118328e-07,6.757001358437265e-08,3.688460203932209e-09,1.4696216465992507e-09,2.1318861342933815e-08,1.6331865481333807e-05,2.2301721855910728e-06,1.2183662875031587e-05,6.180358980145684e-08,3.235313101868087e-07,9.456846782995854e-06,2.20044307752687e-06,3.7385967743830406e-07,2.7408573259890545e-06,8.760402181451354e-08,5.09506833168416e-07,3.5344664865988307e-06,1.8776698595956987e-07,1.4347963883665216e-07,1.4646924739736278e-07,4.059973548464768e-07,1.7396969553828967e-07,5.477798367792275e-06,5.009916037579387e-08,1.1673893851593675e-07,2.3777229216648266e-05,7.52350842958549e-06,3.806913468906714e-07,2.432833667853629e-08,4.154370981268585e-05,1.8510019117456977e-06,5.0416840480238534e-08,2.7366052108845906e-06,2.2270667088264418e-08,2.9671141419385094e-06,1.9993192381662084e-06,2.804560153890634e-06,1.5010010656624218e-06,4.401500518724788e-06,8.19423373599193e-09,2.001493157877121e-07,3.0300574849206896e-07,8.828663911053525e-10,5.615872211706119e-08,1.784619371392182e-06,6.179112119752972e-07,7.9317505878862e-06,1.8767748599657352e-07,1.8960612351293094e-06,3.0070079446886666e-05,1.9402255020395387e-06,6.720454166497802e-06,1.308562218582665e-06,1.605823456429789e-07,1.0778315839843344e-07,4.246124944984331e-07,4.2636263970052823e-05,1.9699217546076397e-07,0.02167944796383381,0.008795181289315224,2.2909109702595742e-06,2.0384035451570526e-05,1.4420071465792716e-06,2.2082715531723807e-06,9.797235378528057e-08,1.8213178236692329e-06,4.067168447363656e-06,2.8412234343022646e-08,3.582529473078466e-08,6.97383541137242e-07,5.704048078314372e-08,9.802580791529181e-08,3.152925387439609e-07,4.393132621771656e-05,3.935014092348865e-08,1.9853104049616377e-08,1.2797278259313316e-06,5.743026576965349e-06,5.19348122907104e-06,1.444109187787035e-07,2.443066250634729e-06,4.951173764311534e-07,2.6773729899787213e-08,4.3472169863889576e-07,3.8148652947711525e-07,2.553940134930599e-07,8.344292723450053e-08,3.768935830095188e-09,2.8882334301982837e-09,1.9773882531382014e-09,8.763343828377401e-08,0.00035441096406430006,2.6792979042511433e-05,7.039990350676817e-07,3.0643848276667995e-06,0.00021602484048344195,1.828625784128235e-08,1.6454047226943658e-06,5.772474764853541e-08,1.2245581046954612e-06,2.3013657646231422e-09,1.1343557844156749e-06,8.200899515031779e-08,1.3095160511511494e-06,6.305986062216107e-07,6.993790293563507e-07,2.1234704661310388e-07,9.266039313615693e-08,4.967040556635993e-09,2.0114136987103848e-06,4.166493908996927e-06,0.9674673080444336,2.242311211375636e-06,1.6943626178544946e-05,1.6140651837304176e-07,4.715352588391397e-06,8.095255452644778e-07,5.196550887376361e-07,4.7037985950737493e-07,1.7185444676215411e-06,2.0391103134898003e-06,4.256552870174346e-07,3.990570007772476e-07,8.772780688559578e-07,3.463511291101895e-07,4.0502323827240616e-05,9.843130328590632e-07,1.4238215726436465e-06
/users/PAS2099/jianyanggu/PlotDiversiVision/data/SCBI_021/SCBI_021_PlantDiversity_40_1_3_20150601-straightened.jpg,SCBI_021/SCBI_021_PlantDiversity_40_1_3_20150601-straightened.jpg,SCBI,2015,,SCBI_021,40_1_3,40,1,3,20150601,true,SCBI_021_PlantDiversity_40_1_3_20150601-straightened_r1_c0,3,1,0,0,458,558,916,164,1.667767151047883e-07,3.3032532087418076e-07,3.6481620213635324e-07,1.5572142729070038e-05,4.2150935769313946e-05,4.302280649426393e-05,3.8511275306518655e-06,0.0003157165483571589,3.5221783036831766e-05,0.00017560880223754793,0.00013213643978815526,0.002533789025619626,1.3603569186670939e-06,0.014000875875353813,7.360330300798523e-07,2.0836636394960806e-05,0.00024461542489007115,1.8468186908648931e-06,4.9568926741017094e-09,8.697469979779271e-07,2.2099044372225762e-07,0.0025454533752053976,0.0001275113900192082,6.148988518361875e-07,8.254310124300446e-09,3.0458170385827543e-07,1.2376783331546903e-07,2.2605510707762733e-07,1.1234032371021385e-08,2.8798394779983028e-08,1.3398579135071031e-08,1.41357034522116e-07,6.255072548810858e-07,8.052041948758415e-07,3.2572430086474924e-07,6.351491492750938e-07,2.8256390578462742e-06,2.6106783934665145e-06,1.6224602461534232e-07,6.45094360152143e-08,4.5504407353291754e-07,0.0001333110558334738,4.563028142001713e-06,1.689940290816594e-05,5.261073852125264e-07,2.5634361122683913e-07,3.194440432707779e-05,0.000126822546008043,6.211348591023125e-06,4.10914844906074e-06,4.599322949161433e-07,1.2629672710318118e-05,2.336273610126227e-05,7.802456991612416e-08,9.775028956937604e-06,8.73117812716373e-07,1.1739726687665097e-05,1.5238297237374354e-06,0.0003013898676726967,2.8311201276665088e-06,3.03649130728445e-06,1.8840280972654e-05,6.470839707617415e-06,3.3468111269030487e-06,1.0634347091809104e-07,8.11117934063077e-05,2.7771995519287884e-05,9.37039814630225e-08,6.292941543506458e-05,2.5523920612613438e-06,5.367751873563975e-05,7.156588981160894e-05,1.2558138223539572e-05,3.089150050072931e-05,0.00020136106468271464,3.0552897101188137e-07,2.048754367933725e-06,1.128615258494392e-05,1.2335340526803407e-09,4.4240874785828055e-07,5.426362804428209e-06,4.013548823422752e-05,5.231420436757617e-05,5.348247213987634e-07,7.709592864557635e-06,0.00033827024162746966,1.0141841812583152e-05,3.193587690475397e-05,1.0260647286486346e-05,8.407469431404024e-05,2.3562121498343913e-07,1.0736835065472405e-05,0.0010414450662210584,1.3054109331278596e-06,0.02853308990597725,0.015573175624012947,2.4131109057634603e-06,8.333295409101993e-05,0.0071998885832726955,9.611773066353635e-07,2.2843727265353664e-07,4.006403287348803e-06,7.789290066284593e-06,1.521993794995069e-06,1.4826194956185645e-06,0.00023743696510791779,1.5660837107134284e-06,1.7599088550923625e-06,2.921725126725505e-06,6.642007792834193e-05,5.923677690589102e-06,3.188751520610822e-07,4.018740582978353e-06,0.00016189324378501624,0.00043813177035190165,7.460317192453658e-06,0.00029651811928488314,1.7457743524573743e-05,6.859531964664711e-08,8.345029527845327e-06,1.5228533811750822e-06,4.039331358285381e-08,2.3674651572491712e-07,7.67410668345292e-09,1.0622584589725648e-08,2.7684463610455623e-09,6.764532827219227e-07,0.0015457106055691838,0.00010021244088420644,5.060297780801193e-07,9.767798474058509e-06,0.0005483551067300141,7.089224141054729e-07,3.5742052659770707e-06,1.0433719808133901e-06,6.798295089538442e-06,2.8804534313309205e-09,2.879063868022058e-05,8.004358278412838e-07,3.2908285447774688e-06,8.56341648614034e-06,1.4422549611481372e-05,8.526610599801643e-07,1.7641241356614046e-05,3.0288329071481712e-06,1.29123209262616e-05,5.3562969696940854e-05,0.9214991927146912,1.6538120689801872e-05,4.592332334141247e-05,6.149343789729755e-06,4.1376366425538436e-05,6.997096306804451e-07,4.005699793196982e-06,4.731387434731005e-06,5.107406195747899e-06,0.00011216840357519686,6.080829280108446e-07,1.1420409464335535e-05,2.171864252886735e-05,1.5942085838105413e-06,2.410039451206103e-05,1.1890397217939608e-05,5.090483682579361e-06
/users/PAS2099/jianyanggu/PlotDiversiVision/data/SCBI_021/SCBI_021_PlantDiversity_40_1_3_20150601-straightened.jpg,SCBI_021/SCBI_021_PlantDiversity_40_1_3_20150601-straightened.jpg,SCBI,2015,,SCBI_021,40_1_3,40,1,3,20150601,true,SCBI_021_PlantDiversity_40_1_3_20150601-straightened_r1_c1,3,1,1,558,458,1115,916,164,5.548010495459721e-09,2.765188789055628e-08,4.26285780008584e-08,9.138552741205785e-07,2.2855176666780608e-06,5.629156930808676e-06,2.748143970165984e-07,6.017013220116496e-06,2.0266192223061807e-05,0.0001787497167242691,3.334083885420114e-06,0.0003061771858483553,1.578475661290213e-07,0.0002620511513669044,1.0362720814782733e-07,2.4121018213918433e-05,2.2285583327175118e-05,5.933925422141328e-07,4.357173788438473e-10,4.3885407308152935e-07,4.213436852751329e-07,0.0007447166135534644,4.515103682933841e-06,7.021702117526729e-07,2.884447125595102e-09,2.340687821345e-08,6.107006811362226e-08,4.995624891535044e-08,1.3128715892207765e-08,5.620522713911669e-09,6.849754985438494e-09,2.0132559086505353e-07,5.600923032034189e-07,3.4887719380094495e-08,2.621817145609384e-07,1.2572236300911754e-06,1.1996189641649835e-06,1.56205686607791e-07,9.23054788160016e-09,5.705114158871538e-09,6.890116566182769e-08,0.00020636060799006373,1.2671758895521634e-06,1.3477700804287451e-06,3.584144181445481e-08,3.842456237634906e-07,3.948643552575959e-06,7.4158051575068384e-06,1.1904924122063676e-06,1.018767875393678e-06,2.0977386938625386e-08,8.971105671662372e-06,3.5533403206500225e-06,8.964591735605154e-09,4.367897759038897e-07,3.563261259387218e-07,1.5714409755673842e-06,1.52354607507732e-06,5.199850056669675e-05,1.885422591385577e-07,1.6640581179672154e-06,2.8515551093732938e-05,2.8901129098812817e-06,5.716840405511903e-07,7.438487603650401e-09,4.21266995545011e-05,7.392869520117529e-06,8.724916789049075e-09,1.6536674820599728e-06,1.0744295195763698e-06,8.43599991640076e-06,9.491945093031973e-06,8.77619811490149e-07,3.865068265440641e-06,9.990369107981678e-06,3.80977338565458e-09,1.1002440203355945e-07,4.5032501816422155e-07,7.333332552317273e-11,1.2873015542425037e-08,2.4861735710146604e-06,1.0860038202054056e-07,1.0389726412540767e-05,3.2576807029727206e-07,1.1318103361190879e-06,1.4780304809391964e-05,5.178764695301652e-06,7.954692591738421e-06,2.1103098788444186e-06,1.2127514310122933e-05,4.10837976971834e-08,2.1700996910567483e-07,0.0003244106483180076,2.30371551879216e-06,0.030408702790737152,0.00362186785787344,1.8527828160586068e-06,4.571902900352143e-05,0.0003097768931183964,1.9805629563052207e-06,1.6803490154870815e-07,8.286758088615898e-07,2.837187821569387e-06,3.562348638297408e-08,5.228663368939124e-08,4.218810772727011e-06,1.1476126715592727e-08,2.628707420626597e-07,1.404241970703879e-06,1.264592992811231e-05,4.551920369522122e-07,5.664994251475264e-09,5.268448717288265e-07,1.7950467736227438e-05,7.94335501268506e-05,2.5098134415202367e-07,1.672267899266444e-05,7.088909114827402e-06,2.928462805584786e-09,3.6521473134598637e-07,5.186133478218835e-08,1.0283994100745986e-08,2.601541737590196e-08,1.6688042059342933e-09,1.0782051917956892e-09,4.6880499482426785e-09,1.2148012729085167e-07,0.0005630386876873672,3.3987809729296714e-05,9.929151190135599e-08,4.654556050809333e-06,0.0004074332828167826,2.4448548074929022e-08,2.474742814229103e-06,2.2357770035341673e-07,5.671767553394602e-07,4.930266750413637e-10,9.635313062972273e-07,7.691878067817015e-08,1.1660635124144392e-07,2.2724846360233641e-07,1.4852196727588307e-05,2.1692815153073752e-06,6.099978691054275e-07,1.1076430439516116e-07,7.233304131659679e-06,8.599793545727152e-06,0.9619623422622681,2.464482520281308e-07,8.410038390138652e-06,3.033690347820084e-07,2.3686789063503966e-06,3.6085248211747967e-07,1.8717280170221784e-07,7.963280381773075e-07,8.904717105906457e-07,1.0434688192617614e-05,1.3109405472278013e-07,8.738782639738929e-07,1.702318286334048e-06,9.97931806523411e-07,3.546584412106313e-05,6.3045731621969026e-06,3.2369828204537043e-06
/users/PAS2099/jianyanggu/PlotDiversiVision/data/SCBI_021/SCBI_021_PlantDiversity_40_1_3_20150601-straightened.jpg,SCBI_021/SCBI_021_PlantDiversity_40_1_3_20150601-straightened.jpg,SCBI,2015,,SCBI_021,40_1_3,40,1,3,20150601,true,SCBI_021_PlantDiversity_40_1_3_20150601-straightened_r1_c2,3,1,2,1115,458,1673,916,164,1.719043751791105e-08,2.6829489740975987e-08,3.5041791690559876e-09,5.338391702025547e-07,1.1537911177583737e-06,5.895462322769163e-07,4.256329688701044e-08,7.652295607840642e-06,8.398857971769758e-06,1.9978137061116286e-05,2.045852852461394e-06,0.00011367367551429197,4.996677915869441e-08,0.000153331522597,1.761750745288282e-08,3.956276941607939e-06,7.1049162215786055e-06,3.073693832789104e-08,1.8511703281376413e-10,1.1167276880996724e-07,5.002475944593243e-08,0.00023455482732970268,2.3264940409717383e-06,1.0582488130239653e-07,1.0902169167437137e-09,9.839192571803324e-09,8.42412983814711e-09,4.407465059586002e-09,6.018453513334521e-10,5.537462710591967e-10,4.704623912665795e-10,1.8711791227588037e-08,2.252789421675061e-08,5.722797347118558e-09,1.9635464809653058e-08,2.6248207163348525e-08,7.147074256863561e-07,2.494362050242671e-08,7.16150028168272e-10,3.197449527370111e-10,2.990054648321916e-09,0.00010832097177626565,4.310500116844196e-06,5.027542556490516e-06,3.5964468736437993e-08,3.3499564011663097e-08,5.398417670221534e-06,4.161417564318981e-06,1.6968148486284917e-07,7.04604531165387e-07,1.6192904794820606e-08,4.436925792106194e-06,1.9682581751112593e-06,1.4812074233816475e-08,1.81197805204647e-07,6.003280361710495e-08,2.951290696273645e-07,3.6355661592324395e-08,4.602001354214735e-06,2.670573273633181e-08,6.070735594221333e-07,4.576407263812143e-06,2.8655455253101536e-07,1.1986909953520808e-07,9.958093238893184e-10,5.252466507954523e-05,1.1748076076401048e-06,2.672844834350485e-09,3.2586053748673294e-06,8.52906225645711e-08,2.705480255826842e-06,2.287613369844621e-06,9.447476401192034e-08,1.9518461158440914e-06,8.963587788457517e-06,1.1851772896420698e-08,1.1628221585624487e-07,4.4248719177630846e-07,1.266594745752414e-10,4.2164436386826765e-09,5.140583425600198e-07,1.2521651626684616e-07,1.5724986951681785e-05,6.01572764935554e-08,1.085023555447151e-07,1.0163665137952194e-05,6.134427508186491e-07,2.438981937302742e-06,1.0757388508864096e-06,2.1077364920074615e-07,5.851920725774562e-09,1.7619936443225015e-07,8.578837150707841e-05,9.00985952512201e-08,0.05062231048941612,0.016941867768764496,1.2407824669935508e-06,1.4798204574617557e-05,7.790349627612159e-05,3.448316192589118e-07,6.925143480884799e-08,7.064886062835285e-07,3.1075333026819862e-06,4.016950327923041e-08,5.913951284242103e-08,4.659322257793974e-06,1.298102247915267e-08,1.3254533470785645e-08,7.485980546562132e-08,2.1032326912973076e-05,1.6018611859180965e-07,4.630044792008903e-09,1.2211260980166116e-07,2.9823586373822764e-06,4.6557710447814316e-05,7.252704108395847e-07,4.636715402739355e-06,2.8021995035487635e-07,3.0920130345002406e-10,5.615604550257558e-07,9.918409915599113e-08,1.470196497876941e-08,1.108429792395782e-08,5.347575715575204e-10,4.5528905645575435e-10,2.751919248034085e-10,6.085710424486024e-08,0.0001034986853483133,8.924795110942796e-06,6.912791405966345e-08,5.52470623915724e-07,3.7432728277053684e-05,9.580884530180356e-09,4.4331167714517505e-07,4.021657318276084e-08,1.558344706609205e-07,1.294269580398577e-09,2.7932878765568603e-07,1.2618263767194549e-08,4.433469769082876e-08,2.1578433972990751e-07,3.463808980086469e-06,4.555294879082794e-07,1.300313385854679e-07,4.0905565157345336e-08,1.873682049335912e-05,7.883348189352546e-06,0.9311547875404358,1.4786169799663185e-07,1.2510777196439449e-05,3.5423511235421756e-08,7.443640583915112e-07,1.6494975341174722e-07,6.142409603171473e-08,2.89690262889053e-07,2.1768177305148129e-07,3.0764538223593263e-06,5.78694381303535e-09,6.35986481256623e-08,8.558329511743068e-08,1.5187778217296e-06,3.0239318675739923e-06,2.196688910771627e-06,1.4184892052071518e-06
/users/PAS2099/jianyanggu/PlotDiversiVision/data/SCBI_021/SCBI_021_PlantDiversity_40_1_3_20150601-straightened.jpg,SCBI_021/SCBI_021_PlantDiversity_40_1_3_20150601-straightened.jpg,SCBI,2015,,SCBI_021,40_1_3,40,1,3,20150601,true,SCBI_021_PlantDiversity_40_1_3_20150601-straightened_r2_c0,3,2,0,0,916,558,1374,164,3.773831469544575e-09,9.627005859158544e-09,1.1318055825881856e-08,3.735407574367855e-07,2.885057028834126e-07,9.406333134620581e-08,5.261035607162512e-09,7.930938750178029e-07,1.3251305972517002e-06,2.6095672183146235e-06,1.666009097789356e-06,1.0417116754979361e-05,6.0924643108251075e-09,0.00011692864791257307,7.289556069878245e-09,5.067084885013173e-07,2.433961753922631e-06,4.108883899789362e-08,1.4564131012306802e-09,8.390200179064777e-08,1.41317260116125e-08,6.0250360547797754e-05,2.401250412731315e-06,5.121240675975969e-08,1.2539408400513707e-10,1.1755000306479246e-09,6.015857256791435e-10,1.0351382861983893e-08,1.7936264973261729e-10,7.239445848350456e-11,3.98085259201153e-10,5.906416244982893e-09,1.7399436558207526e-08,6.032287447332862e-10,1.2548458938610452e-09,1.0529164207184749e-08,5.5571671708776194e-08,1.2011296846026198e-08,1.2373060354065046e-09,2.322940867438561e-10,2.993362890890694e-09,1.1410279512347188e-05,6.948244504201284e-07,1.9791368686128408e-06,1.4074483800641246e-08,1.802957960705953e-08,1.247806949322694e-06,2.29718784794386e-06,3.699175366023155e-08,4.773614818986971e-07,1.4881504029062853e-08,5.01153010645794e-07,8.052821840465185e-07,3.769487832983032e-08,3.4835743178973644e-08,4.97152186085259e-08,1.2314636421706382e-07,6.782027828222681e-09,4.50270306373568e-07,7.100838139706411e-09,5.352620391363416e-08,1.4691322576254606e-06,5.612989752989961e-07,1.541946517136239e-07,2.7339641661683345e-09,3.7431693726830417e-06,2.115484676323831e-07,5.247626777560299e-09,2.6825196641766524e-07,2.9938995727007978e-09,1.5101855410648568e-07,2.649477721661242e-07,2.480830403328582e-07,2.1459972288084828e-07,2.542221636758768e-06,2.5599098396611453e-09,2.8545999342100004e-08,4.9907132648741026e-08,2.243387142719655e-10,4.609810755340504e-09,1.9173882037648582e-07,2.97658175441029e-07,1.3790167940896936e-06,2.642400787067345e-08,7.532760264439275e-07,5.717632575397147e-06,1.039642711475608e-06,8.846791388350539e-07,6.764826707694738e-07,1.9249871030524446e-08,2.8585120048774115e-08,7.06078466805593e-08,1.2289823644096032e-05,4.6109036588859453e-08,0.005268342327326536,0.0008859739173203707,4.11869393701636e-07,8.29094187793089e-06,1.0033297712652711e-06,3.502617857975565e-07,5.839074113112019e-09,4.0028300674066486e-08,2.2503930097172997e-07,3.1280450230042334e-08,1.2564607132503625e-08,9.820149671213585e-07,1.1545644440502656e-08,1.7345623604114735e-08,4.655602126035774e-08,1.0730824442362064e-06,4.662142316647078e-08,1.0529484839594261e-08,9.525675181976112e-08,8.030427807170781e-07,8.832329513097648e-06,1.21795267205016e-07,3.9559108699904755e-07,1.536603093654776e-07,4.0665306677567514e-09,1.3716029911847727e-07,1.9127126904550096e-07,8.033115506123067e-09,8.371205950652438e-09,1.1278823014437833e-10,5.414901513289827e-11,4.40937633627847e-11,1.933332427483947e-08,7.143889524741098e-05,4.167293809587136e-06,2.7934131452411748e-08,6.254413733586262e-07,3.2788058888399974e-05,1.6090066168317207e-08,2.825404692430311e-07,1.8837621240663793e-08,3.3525901699249516e-07,9.505193299119696e-10,2.1243478443011554e-07,2.6025857025047117e-08,1.174510657619976e-07,2.426525611554098e-07,4.648612446089828e-07,1.1039021785563818e-07,1.0033637209971857e-07,4.3556496187591165e-09,1.9165775029250653e-06,9.154608164863021e-07,0.9934383034706116,1.7607968061383872e-07,1.0568696779955644e-05,1.0583002918451712e-08,7.966141311044339e-07,2.7583229211813887e-07,1.086941239236694e-07,4.1042019915948913e-07,3.6452595963964995e-07,5.806560920973425e-07,8.510500748570848e-08,5.817289050469299e-08,2.7380582423575106e-07,3.3716227676450217e-07,1.8313241980649764e-06,1.528745201540005e-07,9.022168967476318e-08
/users/PAS2099/jianyanggu/PlotDiversiVision/data/SCBI_021/SCBI_021_PlantDiversity_40_1_3_20150601-straightened.jpg,SCBI_021/SCBI_021_PlantDiversity_40_1_3_20150601-straightened.jpg,SCBI,2015,,SCBI_021,40_1_3,40,1,3,20150601,true,SCBI_021_PlantDiversity_40_1_3_20150601-straightened_r2_c1,3,2,1,558,916,1115,1374,164,2.5748803977876378e-08,8.277705632053767e-08,2.4199469095265158e-08,2.3083039195626043e-06,1.619301110622473e-05,6.788702648918843e-06,1.3771679618912458e-07,1.6837810107972473e-05,7.041785920591792e-06,1.2206724022689741e-05,1.1200023436686024e-05,0.0003050528757739812,2.0655058108332014e-07,0.0004404994542710483,2.5498769318232917e-08,1.5205138879537117e-05,1.213827999890782e-05,6.252134312489943e-07,1.1577721004130126e-09,4.1409296613892366e-07,9.283401425363991e-08,0.0007319457945413888,9.256924386136234e-06,6.712168101330462e-07,1.5697108057821652e-09,9.083515806196374e-08,1.248265562026063e-07,4.6863465996693776e-08,9.182069327096087e-09,9.342689288871497e-09,4.881883342022775e-09,1.8086656439209037e-07,3.4618170730027487e-07,1.121240984502947e-07,1.995620664274611e-07,2.933537643912132e-07,1.4812617337156553e-06,1.7840380905909115e-07,5.175095907361538e-09,2.7866899898754127e-09,3.152499772340889e-08,2.7275264073978178e-05,6.468611104537558e-07,5.102047907712404e-06,3.2983258790864056e-08,9.492500652186209e-08,2.8284643121878617e-05,1.1366639228072017e-05,2.246932808702695e-06,7.977284894877812e-07,8.800687822940745e-08,1.313322445639642e-05,2.4223875243478687e-06,7.641737198582632e-08,1.0313926850358257e-06,2.3322448328144674e-07,1.6103128928079968e-06,1.3889074352846364e-06,7.461967470590025e-05,1.5780638307205663e-07,7.639118848601356e-07,4.2335093894507736e-05,5.380432526180812e-07,1.2523153145593824e-06,1.1070958372272344e-08,4.049456038046628e-05,2.0917366327921627e-06,5.0596355549714644e-08,5.371227871364681e-06,7.1231312404052e-07,3.2584355267317733e-06,3.0084263471508166e-06,3.0695177883899305e-06,7.83054838393582e-06,9.111883264267817e-05,4.168234468693299e-08,1.6302016092595295e-07,1.8125274436897598e-06,2.788613506776727e-10,3.7434002564395996e-08,4.865066330239642e-06,8.610181794210803e-07,5.663743650075048e-05,1.2019390283057874e-07,1.6636739985642635e-07,3.27150228258688e-05,1.2699904345936375e-06,4.817291028302861e-06,1.1915718687305343e-06,7.446352356055286e-06,4.09848048832373e-08,4.963233095622854e-07,0.0005760294152423739,1.7319480605237914e-07,0.004033457022160292,0.0023418781347572803,2.6992984203388914e-06,3.092626138823107e-05,0.000553793041035533,2.4491089334333083e-07,9.917742005427499e-08,2.9116763471392915e-06,3.1180343285086565e-06,2.638126375131833e-07,2.5582670559742837e-07,5.1530430937418714e-05,2.809951560323043e-08,6.570122934590472e-08,3.164489896789746e-07,4.2809297156054527e-05,1.3153925237929798e-06,1.7609131930385047e-08,3.540168904692109e-07,1.6637961380183697e-05,3.075097993132658e-05,1.7810808685680968e-06,2.6863670427701436e-05,4.66955953015713e-06,7.0966525989035745e-09,3.8816239111838513e-07,3.0177807275322266e-07,1.8846062488364623e-08,4.878032555666323e-08,1.3297946077628353e-09,1.4004235548981114e-09,4.849602941447984e-10,2.8707026444863004e-07,0.0004224880540277809,4.827411248697899e-05,1.706293915049173e-07,4.455860562302405e-06,0.0003974483406636864,5.567913774484623e-08,8.81719131484715e-07,4.026822750802239e-07,1.7013289834721945e-06,5.10172570855616e-10,1.635135049582459e-06,6.55767848911637e-08,2.885964818233333e-07,4.579641483815067e-07,2.45870523940539e-06,2.676830206382874e-07,4.051522068948543e-07,1.0971032082807142e-07,8.793247616267763e-06,1.4522521269100253e-05,0.9892084002494812,8.351516953553073e-07,2.1340596504160203e-05,1.0029143595602363e-06,1.595454705238808e-06,2.1141087813703052e-07,1.0121771083504427e-06,2.6231850824842695e-06,1.176154341919755e-06,2.6222560336464085e-05,4.4364192319790163e-08,1.0497390121599892e-06,1.1505841257530847e-06,1.1244111419728142e-06,1.1063081728934776e-05,8.2289770944044e-06,6.5656199694785755e-06
/users/PAS2099/jianyanggu/PlotDiversiVision/data/SCBI_021/SCBI_021_PlantDiversity_40_1_3_20150601-straightened.jpg,SCBI_021/SCBI_021_PlantDiversity_40_1_3_20150601-straightened.jpg,SCBI,2015,,SCBI_021,40_1_3,40,1,3,20150601,true,SCBI_021_PlantDiversity_40_1_3_20150601-straightened_r2_c2,3,2,2,1115,916,1673,1374,164,5.757353260804621e-09,2.197048054597417e-08,1.3879892435397778e-07,8.226800218835706e-07,9.602592143664879e-08,2.884575565076375e-07,3.216465316313588e-08,3.849140921374783e-05,6.482074968516827e-05,0.0002826942363753915,4.7678182454546914e-05,0.0006780188996344805,3.2331848842659383e-07,0.00043470002128742635,5.794901625222337e-08,0.00016060435154940933,7.167670992203057e-05,1.2969163663001382e-06,5.727367735630651e-08,1.237030573975062e-06,9.674146213001222e-07,0.0001309095387114212,1.0235885383735877e-05,1.4280243703979068e-05,5.669001712504951e-09,1.7151151610050874e-07,6.73876385803851e-08,4.917434353046701e-07,1.240086255904771e-08,1.485575995552324e-09,2.8492172177152497e-08,1.9751637410081457e-06,5.823783340019872e-06,1.8697041070936393e-07,6.092174089644686e-07,6.681966056021338e-07,3.95491866811426e-07,5.771054745196125e-08,9.88434045723352e-09,1.5140327880303062e-09,2.0967029001894844e-07,0.0003172118158545345,5.533211151487194e-06,1.3937580661149696e-05,2.574398365595698e-07,2.9206844374130014e-06,1.9979825083282776e-05,7.574324263259768e-05,4.468229235499166e-07,5.7100765843642876e-05,7.106731914063857e-07,1.5897184084678884e-06,7.137112697819248e-05,3.669583065857296e-06,5.887758561584633e-06,9.055386271938914e-07,3.0753506052860757e-07,2.4406745069427416e-08,4.665246706281323e-06,2.574103632468905e-07,7.45308498153463e-05,0.00012198574404465035,1.2795496786566218e-06,1.5298607536351483e-07,4.0814398971633636e-08,1.8360482499701902e-05,1.1837693136840244e-06,2.560343048685354e-08,1.23728605103679e-05,2.116019288678217e-07,4.928986527374946e-06,1.536775926069822e-05,3.83272890758235e-06,5.606002741842531e-05,0.0001312045060331002,4.6175966161854376e-08,9.3885660135129e-07,6.0093375395808835e-06,2.163315082626127e-09,2.0613086348930665e-07,3.1548943297821097e-06,8.665229955795439e-08,0.00010795141861308366,8.15279327071039e-06,3.768341372278883e-08,4.232163973938441e-06,5.659937596647069e-05,5.460013198899105e-06,3.7827787309652194e-05,1.4645172541349893e-06,6.8705475086972e-08,1.6692167719156714e-06,4.611055919667706e-05,7.761605957057327e-06,0.2613232135772705,0.023099450394511223,1.758511280058883e-05,0.0005059178220108151,1.8266999859406496e-06,2.5636602003942244e-05,3.5516364960130886e-07,2.452613045988983e-07,2.5779963834793307e-06,4.648578766364153e-08,2.8741064639348224e-08,3.195200122263486e-07,1.7485102716818801e-06,4.479478320718044e-06,2.2251616371704586e-07,6.760119140380993e-05,1.6561817517413147e-07,1.1141884215248865e-06,1.1551971510925796e-05,0.00046770836343057454,0.0002913076605182141,1.0499463769519934e-06,1.4024246411281638e-05,1.2803310482922825e-06,6.19526252521041e-09,1.5218522548821056e-06,8.97559857548913e-07,8.573588949900568e-09,3.0373658432836237e-07,4.808063724937028e-09,7.309583160974853e-09,1.785248144869911e-07,1.5777262660776614e-06,0.0001549651351524517,1.4037092114449479e-05,2.263946896619018e-08,6.531639883178286e-06,7.857591299398337e-06,1.2329131777732982e-06,3.5635130188893527e-06,3.7234908631944563e-06,4.686186912294943e-06,3.722375463421912e-10,7.546654501311423e-08,1.249999513674993e-06,2.7583478185988497e-06,7.997265925041575e-07,0.03095851093530655,0.00941440649330616,7.509240731451428e-07,1.7904296933934916e-09,2.6398782210890204e-05,1.609741048014257e-05,0.6698421835899353,1.2222783425386297e-06,6.621000648010522e-05,4.572443046413355e-08,0.00018882713629864156,3.846880281344056e-05,3.499829404063348e-07,5.926220296714746e-07,7.64873448133585e-07,1.807010812626686e-05,1.202543415956825e-07,2.626836703711888e-07,1.2094308203813853e-06,5.876564682694152e-05,1.2423033695085905e-06,5.597583731287159e-05,1.974078941202606e-06
/users/PAS2099/jianyanggu/PlotDiversiVision/data/SCBI_021/SCBI_021_PlantDiversity_41_1_1_20150601-straightened.jpg,SCBI_021/SCBI_021_PlantDiversity_41_1_1_20150601-straightened.jpg,SCBI,2015,,SCBI_021,41_1_1,41,1,1,20150601,true,SCBI_021_PlantDiversity_41_1_1_20150601-straightened_r0_c0,3,0,0,0,0,503,467,164,0.0029623587615787983,0.0005064673605374992,4.2126654875573877e-07,0.00039435294456779957,0.00010883486538659781,2.8047752493876033e-06,4.924841618958453e-07,0.0004859143227804452,0.0011251482646912336,7.557717617601156e-05,1.123083961829252e-06,0.004284731112420559,1.8480473954696208e-05,0.0005625577759929001,9.707031267680577e-07,0.00014965893933549523,7.661696872673929e-05,1.9650674403237645e-06,1.6383138401465658e-08,1.143197005148977e-05,8.219228107009258e-07,0.0002481674891896546,1.5802483176230453e-05,4.258847184246406e-06,2.804451604276892e-08,1.7203499737661332e-05,1.257851863556425e-06,4.3538238969631493e-07,1.7704677190977236e-07,1.9528847872152255e-08,5.190114507058752e-07,6.073601639400295e-07,2.814731203670817e-07,1.4721109437232371e-05,2.4318444502569037e-06,5.345113549992675e-06,7.115055632311851e-05,0.0001736908743623644,1.4058185115572996e-05,7.713158993283287e-06,1.2926228919241112e-05,0.004305670969188213,0.0052926321513950825,0.0002251485566375777,2.2846509128982007e-09,1.1330588449709467e-06,7.03202147178672e-07,0.00014619319699704647,1.5249132957251277e-05,2.055943878076505e-05,3.835969891952118e-06,1.1236973477934953e-05,9.021448931889609e-06,8.255832284476128e-08,1.7589504750503693e-06,1.4499784128929605e-06,3.415143510210328e-05,1.0780340744531713e-06,1.6966141629382037e-05,1.240109327227401e-06,0.004138196352869272,6.99638530932134e-06,1.4794293747399934e-05,8.147682819981128e-06,6.615549441590929e-09,0.000508663069922477,3.0229963158490136e-05,2.856810965568002e-07,0.0010769711807370186,4.872374847764149e-05,6.529690290335566e-05,0.00016408752708230168,9.843251973506995e-06,0.0001611299958312884,8.341285865753889e-05,3.8681064324919134e-06,1.3337924428924453e-05,8.161000005202368e-05,8.155915054430807e-08,2.5249408281524666e-05,1.4414365068660118e-05,3.924483462469652e-05,8.530888590030372e-05,0.00019261504348833114,3.059738810406998e-05,5.430635792436078e-05,0.00044742674799636006,7.197058585006744e-05,3.865215603582328e-06,1.6156623132701498e-06,3.0449132282228675e-07,2.1665607619070215e-06,0.00022018318122718483,0.0010395684512332082,0.08477277308702469,0.004347194917500019,6.29752719305543e-07,0.8735809326171875,0.00013873646093998104,2.6794934456120245e-05,5.356625479180366e-06,0.0002527225879020989,0.0002940077683888376,2.0632892301364336e-06,5.115931799082318e-06,1.699315180303529e-05,0.000601096311584115,3.1941872293828055e-05,6.851983016531449e-07,0.0001293462119065225,3.337061343700043e-06,1.3478157256940904e-07,0.00025236999499611557,0.0007257523247972131,0.0008221153984777629,1.806415275495965e-05,0.00013136806956026703,2.6688841899158433e-05,5.21448129120472e-08,2.4291382942465134e-05,2.517120947231888e-06,1.266523440790479e-06,5.574898750637658e-06,5.762117893937102e-07,1.2665337635553442e-05,3.2519087653781753e-06,4.123097096453421e-05,3.1726442102808505e-05,7.684293814236298e-05,5.137679181643762e-06,1.1216759048693348e-05,0.00012229167623445392,8.258136290351104e-07,0.00018797663506120443,6.295200364547782e-06,4.4168951717438176e-05,3.0369178283251586e-09,4.614988483808702e-06,3.5121989640174434e-05,4.609938514477108e-06,1.3804746231471654e-05,0.00011021190584870055,0.00011627561616478488,1.4499287317448761e-06,8.878260473466071e-07,5.316179885994643e-05,0.00036323675885796547,0.00020579145348165184,2.5412409740965813e-06,0.00043638236820697784,2.521560872992268e-06,0.0015184135409072042,1.949150600921712e-06,5.789747774542775e-07,5.568180085901986e-07,1.1969997331107152e-06,9.80888435151428e-05,2.985358662499493e-07,2.0804477571800817e-06,7.471597882613423e-07,2.0349702026578598e-05,0.0001402423222316429,2.4298135485878447e-06,4.306830305722542e-06
/users/PAS2099/jianyanggu/PlotDiversiVision/data/SCBI_021/SCBI_021_PlantDiversity_41_1_1_20150601-straightened.jpg,SCBI_021/SCBI_021_PlantDiversity_41_1_1_20150601-straightened.jpg,SCBI,2015,,SCBI_021,41_1_1,41,1,1,20150601,true,SCBI_021_PlantDiversity_41_1_1_20150601-straightened_r0_c1,3,0,1,503,0,1007,467,164,2.2241156329982914e-06,2.617483005451504e-05,2.3397159054638905e-07,0.0008547930046916008,3.5027394915232435e-05,1.0287110853823833e-05,2.1348587608827074e-07,1.811403535612044e-06,0.005344816017895937,0.0005225523491390049,8.388319110963494e-05,0.09879083931446075,2.8679392016783822e-06,0.0002089445188175887,3.433833910548856e-07,0.0008372563752345741,8.523435099050403e-06,1.7799628722059424e-06,1.0308155395932772e-07,1.6739903685447644e-06,2.9221831709946855e-07,0.0006330945179797709,0.001118967542424798,0.0011580998543649912,9.300176628812551e-09,1.7464677739553736e-06,1.3009186659473926e-05,1.7031823063007323e-06,4.1505871195113286e-05,1.7701435695016698e-07,2.9929888114565983e-06,2.5686168214633653e-07,3.923209078493528e-06,3.641342118498869e-05,2.7050866265199147e-05,0.00013246155867818743,7.161456596804783e-05,0.0005537093966268003,6.62513411953114e-05,2.3836451873648912e-05,9.599296026863158e-05,0.0009639261406846344,0.0001926165132317692,0.0006667707348242402,2.0174844905795908e-07,9.154363397101406e-06,1.4560645240635495e-06,0.000531235127709806,0.0003588063991628587,4.8306606913683936e-05,2.425960701657459e-06,0.0011621314333751798,0.00013804857735522091,1.0296836450152114e-07,2.496961087672389e-06,1.1105592420790344e-05,9.28721929085441e-05,1.2627268688447657e-06,0.0002433062472846359,3.578464884412824e-06,0.02964044362306595,1.4648845535703003e-05,7.370427283603931e-06,5.526536824618233e-06,1.3278405930350345e-08,2.0238689103280194e-05,2.0631002826121403e-06,6.494083493180369e-08,0.0006447542691603303,3.067428770009428e-05,0.00016268891340587288,0.00043649226427078247,2.3228125428431667e-05,0.00010793848923640326,7.39135139156133e-05,1.1407749298086856e-05,1.7636806433074526e-06,2.7266358301858418e-05,5.647436296385422e-07,1.6946349205682054e-05,2.5540608476148918e-05,2.6674082619138062e-05,7.115924381650984e-05,6.859940913273022e-05,3.284412014181726e-05,0.000547843286767602,0.008306175470352173,0.00017560026026330888,3.681033922475763e-05,0.00026696184067986906,2.3537705828857725e-07,6.555018444487359e-06,0.0014965160517022014,0.0016364442417398095,0.001538059557788074,0.0008360881474800408,2.2820338926976547e-05,0.6032357811927795,0.004238594323396683,0.0009368458995595574,5.84875442655175e-06,0.00037502741906791925,0.0002895821235142648,2.7112024326925166e-05,5.503731244971277e-06,0.001716811559163034,0.0005507307359948754,0.0001783594343578443,2.986338358823559e-07,0.0051786345429718494,1.1154716048622504e-05,5.928469448690521e-08,2.7136135031469166e-05,0.0019498601322993636,0.1628524512052536,0.00019873460405506194,0.00015440137940458953,7.701809408899862e-06,4.105183748492891e-08,0.0002611271047499031,6.054929713172896e-08,1.849427917477442e-07,8.243568117904942e-06,6.592329100385541e-07,2.5825004286161857e-06,3.7143631743674632e-06,3.123456917819567e-05,0.0001360509922960773,0.00040373404044657946,1.9398721633479e-05,4.143278783885762e-05,0.0009374036453664303,2.776003611870692e-06,0.0003223087405785918,2.3643919121241197e-05,2.6520978281041607e-05,2.753023125023901e-07,2.2012005501892418e-05,0.00017307048256043345,1.158928853328689e-06,1.0644230314937886e-05,0.0037014831323176622,0.0018824797589331865,4.486465968511766e-06,6.00905082137615e-07,0.00011868207366205752,7.757276034681126e-05,0.04684062674641609,1.3240087355370633e-05,0.00013019668404012918,3.5292134725750657e-06,0.0005076666711829603,9.765756658453029e-06,1.1276479199295864e-05,2.6826026441995054e-05,2.9172283575462643e-06,0.0005740823107771575,1.3625133306049975e-06,7.581970294268103e-06,9.320403478341177e-05,1.1206579983991105e-05,1.5188291399681475e-05,5.49351898371242e-05,7.200326945167035e-05
/users/PAS2099/jianyanggu/PlotDiversiVision/data/SCBI_021/SCBI_021_PlantDiversity_41_1_1_20150601-straightened.jpg,SCBI_021/SCBI_021_PlantDiversity_41_1_1_20150601-straightened.jpg,SCBI,2015,,SCBI_021,41_1_1,41,1,1,20150601,true,SCBI_021_PlantDiversity_41_1_1_20150601-straightened_r0_c2,3,0,2,1007,0,1510,467,164,1.5294042441382771e-06,4.094209543836769e-06,9.036049846145033e-07,3.6074670788366348e-06,1.266215076611843e-05,1.4056509201054723e-07,2.6480415726837236e-07,1.1397744856367353e-05,0.01434007566422224,0.00016080212662927806,9.713223334983923e-06,0.43039020895957947,2.6300226636521984e-06,0.0016337248962372541,3.308123837086896e-07,0.0008054028148762882,8.978437108453363e-05,1.9018139028048608e-06,4.266994892532239e-06,6.66620398988016e-05,2.930119933353126e-07,0.009520245715975761,0.00020453613251447678,0.00011738354805856943,6.2793619193257655e-09,1.686128825895139e-06,3.4913304602923745e-07,4.415528565004934e-06,1.0529524985258831e-07,9.394852895638905e-08,2.6182579659916883e-08,8.263805284514092e-08,2.551896614022553e-07,5.634829449263634e-06,1.8917490933745285e-06,1.120196520787431e-05,2.3100088583305478e-05,2.51550864049932e-06,3.326726414343284e-07,5.9410346864297026e-08,4.955673489348555e-07,0.010292347520589828,0.0012103770859539509,0.00010128209396498278,6.175722546686302e-07,6.198477876750985e-06,4.479250037547899e-06,0.0001977530337171629,6.421202851925045e-05,0.001189981121569872,1.1351788771207794e-06,0.00021885172463953495,4.486793841351755e-05,5.268891527521191e-07,4.424195140018128e-06,2.322971113244421e-06,2.6588646505842917e-05,2.0581705939548556e-07,2.0149638658040203e-05,2.2069423266657395e-06,0.04152795299887657,1.7438989743823186e-05,9.007248991110828e-06,7.853621468711935e-07,3.927578262619136e-08,0.00011722335329977795,1.9767137473536422e-06,8.711880994383137e-09,8.200915908673778e-05,4.4122284634795506e-06,8.135540156217758e-06,2.722177487157751e-05,2.9832888230885146e-06,0.00022359428112395108,0.00013306272740010172,6.988597306190059e-06,2.791880660879542e-06,0.00013632842455990613,6.620934414058866e-07,1.003145598588162e-06,1.0720385716922465e-06,2.1858620584680466e-06,4.259775596437976e-05,7.078587259456981e-06,2.2900646854395745e-06,0.0012229734566062689,0.02680959925055504,2.792276063701138e-05,0.0001626690645935014,3.8387828681152314e-05,7.252804579138683e-08,7.70249025663361e-05,0.0005004561971873045,0.00018118685693480074,0.013653569854795933,0.010062750428915024,4.3397511035436764e-05,0.04421369731426239,0.00020262262842152268,2.583812783996109e-05,1.094601429940667e-06,3.3623880426603137e-06,3.040585852431832e-06,1.4907484910509083e-05,4.048888513352722e-06,0.0002421858225716278,0.0001241871650563553,7.226854359032586e-05,6.764926752111933e-07,0.0004214584769215435,1.7539456393933506e-06,1.624573542358121e-07,1.1633545909717213e-05,0.0010479537304490805,0.28546851873397827,0.0017428102437406778,0.00017034829943440855,5.972968210699037e-06,1.826590967368702e-08,0.00013396165741141886,5.568498977481795e-07,4.180570613243617e-06,6.264654075494036e-07,6.259921292439685e-08,2.3172967189566407e-07,2.856244805116148e-07,1.0985922926920466e-06,0.0003595312300603837,0.00010502384247956797,9.639725249144249e-07,1.8599434042698704e-05,0.00015101928147487342,2.7414042051532306e-05,8.9688524894882e-05,1.2720330744286912e-07,4.3639010982587934e-07,1.5906979911051167e-07,1.2823282986573759e-06,4.316553895478137e-05,6.553815410370589e-07,6.129559551482089e-06,0.009943467564880848,0.004751711152493954,6.434805754906847e-07,5.2235403558142934e-08,0.00011382500088075176,1.7494761777925305e-05,0.08388492465019226,1.8515323745305068e-06,9.502819739282131e-05,6.225872311915737e-06,6.750445754732937e-05,1.0356409802625421e-05,2.8408487651176983e-06,2.5382862531841965e-06,2.0309446426836075e-06,3.1366871553473175e-05,4.295460712455679e-06,9.825540701058344e-07,2.1679508790839463e-05,4.51608830189798e-05,1.3214102182246279e-05,6.622204091399908e-05,0.00023057576618157327
/users/PAS2099/jianyanggu/PlotDiversiVision/data/SCBI_021/SCBI_021_PlantDiversity_41_1_1_20150601-straightened.jpg,SCBI_021/SCBI_021_PlantDiversity_41_1_1_20150601-straightened.jpg,SCBI,2015,,SCBI_021,41_1_1,41,1,1,20150601,true,SCBI_021_PlantDiversity_41_1_1_20150601-straightened_r1_c0,3,1,0,0,467,503,935,164,0.00011253703996771947,0.00015189623809419572,9.370258879926041e-08,0.002402543555945158,0.00039891910273581743,4.6388340706471354e-05,9.310759878644603e-07,0.0034892321564257145,0.0008622989989817142,5.3439518524101004e-05,0.00043274511699564755,0.09038342535495758,1.8128552255802788e-05,0.025693178176879883,4.957318651577225e-06,0.0005591941298916936,0.00040974613511934876,0.00021729932632297277,1.2852617146563716e-05,3.104994539171457e-05,6.783635399187915e-06,0.0017651161178946495,0.0006801703129895031,0.0002295856102136895,1.6985283934900508e-07,2.1027884940849617e-05,8.336128666996956e-05,4.9027235036192e-06,1.0973398275382351e-05,1.146222075476544e-06,6.007835963828256e-06,1.8062000890495256e-06,3.223721932954504e-06,0.00023119656543713063,4.804323543794453e-05,0.0003061864117626101,0.010441986843943596,0.003879178548231721,0.0013021208578720689,0.0009563039056956768,0.0030576286371797323,0.026739109307527542,0.019160237163305283,0.020937707275152206,9.165810865852109e-08,0.00010081099753733724,9.887353371595964e-06,0.00019602022075559944,0.01180599071085453,4.505623655859381e-05,0.0010610182071104646,0.0006076180143281817,0.0002446089929435402,5.2691153541672975e-05,1.1195123988727573e-05,1.627072833798593e-06,9.608449909137562e-05,6.760750693501905e-05,0.0015820949338376522,6.176499937282642e-06,0.03972521051764488,0.007715550716966391,0.00041947897989302874,1.5922036027404829e-06,6.157015519647757e-08,0.009042028337717056,3.4206689178972738e-06,3.1176091397355776e-06,0.006634293124079704,0.00021471362560987473,0.05159448832273483,0.06059035286307335,0.00019569895812310278,6.0975155065534636e-05,7.1842732722871e-05,8.007084034034051e-06,1.0231643727820483e-06,2.4860597477527335e-05,1.4569353368187876e-07,5.998427150188945e-05,7.192170596681535e-05,0.0003867651103064418,0.055937811732292175,0.0004928436828777194,0.00097842572722584,0.0013110825093463063,0.0004168374289292842,0.037876859307289124,1.595049434399698e-05,4.1315499402116984e-05,7.680087321659812e-08,1.7318317304670927e-06,0.0047905477695167065,0.031186144798994064,0.09627287089824677,0.11069531738758087,5.768364189862041e-06,0.06612138450145721,0.00045493559446185827,0.0012229961575940251,0.005343794357031584,0.0003257423231843859,0.00033722029183991253,7.775845006108284e-06,2.9145587177481502e-05,0.005388212855905294,0.0002893964701797813,0.0008332921424880624,4.913018187835405e-07,0.0012373982463032007,4.192306278127944e-06,7.595684792249813e-07,0.00014735886361449957,0.002209463156759739,0.008913261815905571,3.068597652600147e-05,0.00039454837678931653,0.00036615252611227334,4.3589074039118714e-07,0.0010686955647543073,1.6705001826267107e-06,3.215836613890133e-06,6.330673204502091e-05,0.00011272350820945576,0.00011297017044853419,7.076723704813048e-05,0.00011548694601515308,0.05501766502857208,0.0011071632616221905,0.0004499151255004108,0.00021297040802892298,0.0005031318869441748,4.182897555438103e-06,2.1446874598041177e-05,6.119650151958922e-06,0.05661360174417496,6.690264342523733e-08,2.276885243190918e-05,0.00034154695458710194,1.6480870499435696e-06,1.8376202888248372e-06,0.011900038458406925,0.005265162326395512,9.50437315623276e-05,0.00010024192306445912,0.0004724594473373145,0.0012976728612557054,0.013034186325967312,8.763958612689748e-05,0.0018916861154139042,0.00025912057026289403,0.002242511371150613,1.6214229617617093e-05,5.429988505056826e-06,2.947597295133164e-06,2.036296336882515e-06,0.00041078220237977803,4.799396265298128e-05,0.0014174506068229675,0.0033214562572538853,1.0971054507535882e-05,0.0006258377688936889,1.9845401766360737e-06,8.703921048436314e-05
/users/PAS2099/jianyanggu/PlotDiversiVision/data/SCBI_021/SCBI_021_PlantDiversity_41_1_1_20150601-straightened.jpg,SCBI_021/SCBI_021_PlantDiversity_41_1_1_20150601-straightened.jpg,SCBI,2015,,SCBI_021,41_1_1,41,1,1,20150601,true,SCBI_021_PlantDiversity_41_1_1_20150601-straightened_r1_c1,3,1,1,503,467,1007,935,164,5.463542152028822e-07,1.2768704209520365e-06,3.791462788171884e-08,9.810901246964931e-05,3.511378963594325e-06,2.248743271593412e-07,4.747095161405923e-08,0.00026951474137604237,0.00035298889270052314,0.00045029979082755744,8.34201000543544e-06,0.0041493866592645645,1.5903940209227585e-07,0.00021075679978821427,5.7719468316008715e-08,8.35548562463373e-05,7.58017849875614e-05,0.00014722516061738133,8.429458375758259e-08,2.5193389774358366e-06,8.0550864822726e-07,0.0003597149043343961,3.668948193080723e-05,2.491033001206233e-06,1.7125016960051198e-09,2.98509735330299e-06,2.9553760327871714e-07,2.472646087881003e-07,2.1371475611431379e-07,4.987261270628096e-09,2.7762856902313615e-08,3.18590792858231e-07,3.054009312108974e-07,5.954830157861579e-07,1.0407051149741164e-06,9.194326594297308e-06,1.688742486294359e-05,2.313799996045418e-05,2.2971855742071057e-06,1.5683681340306066e-06,2.5017381631187163e-05,0.006815498694777489,0.00018530669331084937,0.00016400487220380455,1.5855531998454353e-08,1.8589353203424253e-05,3.917597553027008e-07,4.88564091938315e-06,1.6078294720500708e-05,3.8456241782114375e-06,5.4578398703597486e-05,9.478295055487251e-07,8.379804967262316e-06,1.23129339613115e-07,6.490938631031895e-07,3.9190328493532434e-07,1.4462326589637087e-06,1.1560931767462534e-07,0.00010369099618401378,5.084057619342275e-08,0.007546026259660721,0.0001611656043678522,2.849912016245071e-05,1.0725653254439749e-07,1.2840046803574978e-09,0.0002745978126768023,3.39811521143929e-07,1.2397960347243497e-07,0.0002739574701990932,1.7699210275168298e-06,0.002562259789556265,0.0016987525159493089,3.0887022148817778e-06,2.723827856243588e-05,1.3510596545529552e-05,3.6711824691337824e-08,1.9203800150080497e-07,1.2382888598949648e-06,9.392616684422705e-10,2.9141335744498065e-07,1.4921068896001088e-06,4.83470898871019e-07,0.00023813280859030783,1.765962952049449e-05,8.546291792299598e-05,8.083471584541257e-06,0.0006220581708475947,0.0005544869927689433,3.834578819805756e-06,1.3686701549886493e-06,2.5324505159574073e-08,3.0859800403959525e-07,0.0037931357510387897,0.0004135999479331076,0.8005608320236206,0.10535338521003723,2.85069205574473e-07,0.034175846725702286,2.2279116819845513e-05,1.155935569840949e-05,5.3714004025096074e-05,1.8070960550176096e-06,6.282267349888571e-06,1.5395990260458348e-08,3.230406719012535e-06,1.717247073429462e-06,3.697526335599832e-05,1.4049011952010915e-05,3.6567165295764426e-08,0.0005297576426528394,5.643686904477363e-07,5.0034230980600114e-08,4.563502807286568e-05,0.00010990120063070208,0.00014775627641938627,4.404858202633477e-07,2.362650957365986e-05,7.967504643602297e-06,1.5430841326935507e-10,7.629636456840672e-06,3.4122481906706525e-07,4.180199937309226e-07,7.015220262474031e-07,3.407981239433866e-07,2.8132490115240216e-07,3.8774251720496977e-07,2.1444004687509732e-06,0.00021770423336420208,8.930474723456427e-05,1.6830049389682245e-06,1.0863360330404248e-05,0.00013980748190078884,9.084600094411144e-08,1.5315870314225322e-06,9.135342793342716e-07,0.0002376337070018053,6.784424688710544e-10,1.8460659703123383e-06,5.403496174949396e-07,6.986374501138926e-08,1.9825330710432354e-08,0.0010648297611624002,0.001340035698376596,4.206965058983769e-06,1.153723587776767e-06,1.6284957382595167e-05,1.920931572385598e-05,0.02181200683116913,2.586324853837141e-06,9.41458984016208e-06,1.4573976159226731e-06,0.0014657910214737058,6.097745881561423e-06,2.4500167228325154e-08,3.4076526045367928e-09,3.632469613989997e-08,4.137194082431961e-06,3.9884091052044823e-07,1.2494925613282248e-05,2.3588776457472704e-05,1.949507122844807e-06,0.00033410373725928366,3.819687663053628e-06,3.823404767899774e-06
/users/PAS2099/jianyanggu/PlotDiversiVision/data/SCBI_021/SCBI_021_PlantDiversity_41_1_1_20150601-straightened.jpg,SCBI_021/SCBI_021_PlantDiversity_41_1_1_20150601-straightened.jpg,SCBI,2015,,SCBI_021,41_1_1,41,1,1,20150601,true,SCBI_021_PlantDiversity_41_1_1_20150601-straightened_r1_c2,3,1,2,1007,467,1510,935,164,5.059710872501455e-08,5.7932691532869285e-08,4.3936854154935645e-10,1.9208901846923254e-07,5.525344022316858e-07,1.8127392920064267e-08,5.620148346707765e-09,5.731919827667298e-07,0.00010880188347073272,4.4442313082981855e-06,4.816591172129847e-06,0.0009593572467565536,3.029880133453844e-07,7.24757092029904e-06,3.450500551949176e-09,3.852828285744181e-06,1.0717544682847802e-06,7.786983502455769e-09,2.10534395250761e-07,2.1824737928000104e-07,8.734725831516243e-09,9.3813483545091e-05,5.397784207161749e-06,7.46842852095142e-05,1.0620821583318119e-10,3.0675252560286026e-07,2.2607288485687604e-08,2.8933133666697586e-09,1.3004429533225448e-08,6.660102691569136e-09,7.517233058251804e-09,3.193858066907751e-09,3.675393100976976e-09,4.1121060689874867e-07,1.1297414914679393e-07,5.511428753379732e-07,2.291282470423539e-07,1.834339400375029e-07,5.70911282693487e-08,2.1240499137320512e-08,9.337774997675297e-08,2.429699270578567e-05,1.4539915582645335e-06,1.7921280459631816e-06,3.1812763268135313e-07,1.2442099261988915e-07,3.494626810152113e-08,8.583199087297544e-05,2.455236426612828e-06,6.576797659363365e-06,1.619007861108912e-08,1.6098894775495864e-05,4.863116373599041e-06,1.9154233754647976e-08,4.824272892278714e-08,8.195476652872458e-08,2.0326692720118444e-06,1.5383697871129698e-08,1.8358803117735079e-06,2.9084418429192738e-08,0.0001297749695368111,1.8345771479744144e-07,2.2273463855526643e-06,1.6424856141838973e-07,9.309952253566678e-10,3.129735432594316e-06,1.6383538969932943e-09,4.340793502422002e-09,5.7994225244328845e-06,7.236071297711533e-08,7.729812523393775e-07,1.0772633913802565e-06,2.332181878728079e-07,1.1229154551983811e-05,9.92819605016848e-06,8.61504247495759e-07,1.0484174595148943e-07,1.3549899904319318e-06,5.8832878124803756e-08,6.243814141271287e-07,5.732659857926592e-08,1.34714511546008e-07,1.1281014167252579e-06,1.909341108330409e-06,5.387041213111843e-08,4.710836219601333e-05,1.6061783753684722e-05,2.2001619015554752e-07,8.546279423171654e-05,1.5063508271850878e-06,4.697565447742136e-09,2.0745545725731063e-07,9.471269777350244e-07,0.00011531862401170656,0.00012957857688888907,7.713089871685952e-05,1.1234803878323874e-06,0.0004542967944871634,6.85739069012925e-05,1.473517727390572e-06,5.479582299017238e-08,1.6060365624070982e-06,1.7568685279911733e-06,1.934068313858006e-05,2.034118580240829e-07,0.000389539374737069,1.4020822618476814e-06,3.634937456808984e-05,3.264986947471016e-09,4.271888883522479e-06,2.966972942886059e-07,3.0805754391849405e-08,1.4105585250945296e-06,5.1157298003090546e-05,0.9948049187660217,0.00021726336854044348,2.4079052309389226e-05,1.1927312471016194e-06,2.5522199909033816e-09,0.0003820691490545869,3.537504733586161e-09,6.54033160962797e-10,1.0347055656723114e-08,1.3215563088309068e-09,1.5138727604835367e-08,1.1765879825986758e-08,1.149666786659509e-06,1.925946662595379e-06,7.830840331735089e-07,6.123275220204505e-09,5.541319580970594e-08,1.9421990771206765e-07,7.40163204682176e-06,7.985628144524526e-06,1.1118489595673964e-07,1.2708284202744835e-06,1.2008432292986981e-07,7.907808594609378e-07,4.466646714718081e-07,1.1652516285209913e-08,2.951034616671677e-07,0.000951985886786133,0.00015685829566791654,8.528484585212937e-08,6.35606012266976e-09,5.673364648828283e-05,3.7643815176124917e-06,0.00024491024669259787,1.0776733283535123e-08,8.37739571579732e-06,2.921821078416542e-07,1.2572116929732147e-06,9.830770295593538e-07,2.7258599857304944e-06,1.2872907291239244e-06,5.530256999008998e-07,8.221475582104176e-06,3.4176995455936776e-08,3.9184590150398435e-07,1.3401909200183582e-05,6.293217325037403e-07,5.3242395381403185e-08,6.139420065665036e-07,1.6428687104053097e-06
/users/PAS2099/jianyanggu/PlotDiversiVision/data/SCBI_021/SCBI_021_PlantDiversity_41_1_1_20150601-straightened.jpg,SCBI_021/SCBI_021_PlantDiversity_41_1_1_20150601-straightened.jpg,SCBI,2015,,SCBI_021,41_1_1,41,1,1,20150601,true,SCBI_021_PlantDiversity_41_1_1_20150601-straightened_r2_c0,3,2,0,0,935,503,1402,164,1.8580166738502157e-08,3.160484496333993e-08,1.321225440165108e-08,2.2262599941313965e-07,1.23940282037438e-07,4.5605517584590416e-08,5.844928807618999e-08,2.2702837668475695e-05,1.4937183550500777e-05,1.480579794588266e-05,4.383717850942048e-07,0.0015286174602806568,1.509710898517369e-07,8.587332558818161e-05,7.076034336250814e-08,4.9754111387301236e-05,4.974746843799949e-05,2.4651583316881442e-06,4.605110959232661e-09,3.8565937643397774e-07,3.039548914784973e-07,1.2275841072550975e-05,3.536040651397343e-07,1.3837671986038913e-07,3.0740379131088957e-09,3.6325127439340577e-06,4.759567673318088e-08,6.157878207346812e-09,2.7090025778164772e-09,5.697341487476137e-10,2.1833976848739667e-09,1.962405349331675e-07,3.4194240328133674e-08,7.644890587243935e-08,6.733608159947835e-08,7.840886695476001e-08,4.785077180713415e-06,2.4307928470079787e-07,5.2523880356147856e-08,2.5822592064628225e-08,4.5377686319625354e-07,0.0004271782818250358,3.264448241679929e-05,2.923621650552377e-05,5.502077682351114e-10,1.1371491126510591e-07,1.932844725160976e-06,7.534936685260618e-06,1.0156585403819918e-06,1.6872209016582929e-06,1.7572453998582205e-06,7.319366659430671e-07,5.9694766605389304e-06,8.820859420666238e-08,3.8134210456064466e-08,8.039391730108036e-08,1.115278564611799e-06,3.685860292534926e-07,1.8885612007579766e-05,6.922805084741412e-08,8.658774277137127e-06,6.0651047533610836e-05,1.255554366252909e-06,1.452096256571167e-07,1.7300717525259302e-09,4.167750012129545e-05,9.313028499491338e-07,5.718598927728635e-08,3.928553996956907e-05,8.785099794295093e-07,7.390043265331769e-06,3.7046381748950807e-06,2.6499816158320755e-05,3.605083293223288e-06,2.7752810183301335e-06,1.0810794037752203e-08,6.45648228214668e-08,4.6949043053245987e-07,5.023570101569952e-11,5.6305847095927675e-08,5.750957257077971e-07,1.4075757803766464e-07,4.225702286930755e-05,8.736307108847541e-07,8.542892828700133e-06,2.6051766326418146e-06,8.48708805278875e-06,2.3598020106874174e-06,5.282669590656042e-08,7.357438107646885e-07,3.127968284388771e-08,2.5099356548707874e-07,9.697113273432478e-05,4.582704605127219e-06,0.9528673887252808,0.04271461069583893,2.0750707108163624e-07,0.00013021245831623673,3.7534582588705234e-06,5.566053459915565e-06,1.4833377690592897e-06,1.4254512734623859e-06,3.6728229133586865e-06,2.9247868571502522e-09,3.629364897506093e-08,8.52182949984126e-07,2.296893910624931e-07,1.963312342923018e-06,3.7979599909476747e-08,0.0001857113529695198,1.3974685408868481e-08,8.957062647141356e-09,3.675402012959239e-06,2.0063253032276407e-05,1.0856683729798533e-05,7.233814613982759e-08,1.7623886378714815e-05,1.1714309948729351e-06,3.4633457213217866e-10,3.212057322343753e-07,1.1429380037952797e-06,1.9887581359512296e-08,2.1359797486297794e-08,9.49764356050764e-09,1.8194192819009913e-08,1.797049797858108e-08,5.713063728762791e-07,2.612133903312497e-05,2.37397739510925e-06,1.5864060287640314e-07,8.370881801056385e-07,2.3431457520928234e-05,4.076699156030372e-08,1.027474127113237e-06,2.6808056219351784e-08,5.241324288363103e-06,3.3127500742580196e-10,6.371392828441458e-06,9.244462972901601e-08,1.7539772443342372e-06,2.0184062066164188e-07,1.2936032362631522e-05,5.396203960117418e-06,6.70011885972599e-08,1.5793586882750787e-08,3.429998105275445e-05,0.0003223305393476039,0.000709903019014746,3.667458940981305e-07,1.6847392544150352e-05,1.0885328549647966e-07,4.269288183422759e-05,3.6941654002475843e-07,5.1390802724426976e-08,2.9546850299766447e-08,3.922635016806453e-07,5.322807282936992e-06,1.890815326532902e-07,2.2571825866180006e-06,1.551988589199027e-06,1.5486176607737434e-06,0.00011122631258331239,8.045071240303514e-07,4.612711279605719e-07
/users/PAS2099/jianyanggu/PlotDiversiVision/data/SCBI_021/SCBI_021_PlantDiversity_41_1_1_20150601-straightened.jpg,SCBI_021/SCBI_021_PlantDiversity_41_1_1_20150601-straightened.jpg,SCBI,2015,,SCBI_021,41_1_1,41,1,1,20150601,true,SCBI_021_PlantDiversity_41_1_1_20150601-straightened_r2_c1,3,2,1,503,935,1007,1402,164,4.1961012442470746e-08,3.591677000258642e-08,2.620818229104316e-09,1.326103119936306e-05,1.4419601939152926e-06,3.703712252445257e-07,1.8183827776852013e-08,1.2052218153257854e-05,1.3495064195012674e-05,2.377509736106731e-05,1.2589097195814247e-06,0.0017498604720458388,2.867611925694291e-08,0.00011954920773860067,5.470156771991697e-09,1.8887518535848358e-06,1.1224050467717461e-05,1.269677873949604e-08,3.757501421119969e-09,7.197940021796967e-07,8.272741780501747e-08,0.0002517587854526937,5.451290121527563e-07,3.426628722991154e-07,1.683132938579135e-10,1.4658576219517272e-07,2.475980842575609e-08,2.6450855727944145e-08,1.658234438650652e-09,9.357513652830107e-10,1.431681218022618e-09,1.7083436887332937e-07,4.606547321373e-08,1.048716313789555e-08,1.0491769586451483e-07,6.714642353244926e-08,7.366807039943524e-07,5.1200334638679124e-08,2.1301087560487986e-09,1.473334676482807e-09,2.3132797011271578e-08,2.5186720449710265e-05,1.1217025530640967e-06,8.11335939943092e-06,8.74308625498088e-09,1.0549560869321795e-07,1.7607932022656314e-05,1.5257641052812687e-06,1.0103239134195974e-07,6.907314400450559e-07,3.394220016161853e-08,9.094403139897622e-06,4.4626435737882275e-06,5.742305742018061e-09,1.1311811931591365e-07,1.4652091806510725e-07,2.2301421722659143e-06,3.805221524544322e-07,0.00011739713954739273,2.1764105184729488e-08,1.3418826938504935e-06,6.355698474180826e-07,7.000796244938101e-07,1.5864340241478203e-07,1.7075983682612872e-10,1.4165869288262911e-05,2.2777732056056266e-07,5.219879639639657e-09,6.152337391540641e-06,8.713657706493905e-08,8.993325172923505e-05,0.00010233234206680208,1.426488097422407e-06,5.6246785788971465e-06,7.313809328479692e-05,4.70540229002836e-08,2.576923066044401e-07,3.733745415956946e-06,3.3227179341288604e-10,6.117297601804239e-08,1.4973379620641936e-06,3.615611774421268e-07,5.282606707623927e-06,2.2346799255501537e-07,4.2351004481133714e-07,1.4753905816178303e-05,3.832901711575687e-07,2.4010141714825295e-06,2.3187939746094344e-07,1.0054488086552738e-07,6.444903721813944e-09,1.2282508521366253e-07,3.158303297823295e-05,2.75947201089366e-07,0.04251832515001297,0.047505054622888565,4.346348305261927e-06,5.384231189964339e-05,2.2587814783037174e-06,1.0083223287438159e-06,8.090172087804604e-08,9.58404598350171e-06,3.790086702792905e-05,1.2931657522585738e-07,1.2886600586625718e-07,3.2176831155084074e-06,6.439181277073658e-08,3.2478684630632415e-08,2.1830958374380316e-08,9.336892981082201e-05,2.0722120552818524e-07,4.274422593653071e-09,2.1328021659883234e-07,3.2440580071124714e-06,5.37347950739786e-05,1.1133210620073442e-07,2.294116029588622e-06,9.15779367005598e-07,2.9060859274565587e-10,2.4256203801087395e-07,8.321547539935636e-08,1.1520004505882753e-08,1.1210554262675032e-08,3.3851133007800627e-10,4.818894172586852e-10,1.3797576414731338e-09,3.5722348457056796e-07,0.0004337640420999378,5.74014920857735e-05,2.931174378772994e-07,2.554228785811574e-06,3.615629248088226e-05,6.0206399865592175e-09,2.7542452585294086e-07,5.189784815229359e-07,1.0667611149983713e-06,6.910729766218537e-10,7.39719212106138e-07,1.8738299800702407e-08,1.2750078326462244e-07,1.3435875700906763e-07,4.783664735441562e-06,9.392612128067412e-07,3.19919877256325e-08,2.825468525813335e-09,4.691697540692985e-05,2.9770186301902868e-05,0.9061459302902222,1.3705370349725854e-07,0.00016816233983263373,1.7437463384339935e-07,7.061254564177943e-06,8.924346417416018e-08,1.7974593902181368e-07,2.5464930786256446e-07,1.0099545306729851e-06,2.2129729586595204e-06,5.8230185118191e-09,1.5194903824067296e-07,1.1527313290571328e-06,3.44375592931101e-07,7.075707799231168e-06,7.723798262304626e-06,2.942255378002301e-06
/users/PAS2099/jianyanggu/PlotDiversiVision/data/SCBI_021/SCBI_021_PlantDiversity_41_1_1_20150601-straightened.jpg,SCBI_021/SCBI_021_PlantDiversity_41_1_1_20150601-straightened.jpg,SCBI,2015,,SCBI_021,41_1_1,41,1,1,20150601,true,SCBI_021_PlantDiversity_41_1_1_20150601-straightened_r2_c2,3,2,2,1007,935,1510,1402,164,6.527174991788343e-05,1.044026248564478e-05,8.406922802350891e-07,0.0012706919806078076,0.0024537930730730295,2.0820603822357953e-05,1.5239869810557138e-07,0.00023730314569547772,0.004901293199509382,0.0005852286121807992,1.7390815401086002e-06,0.06390617042779922,7.785732123011257e-06,0.0037120457272976637,3.779957978622406e-06,0.0010740950237959623,0.00015342264669016004,1.944932773767505e-05,2.043619815594866e-06,0.0005429561715573072,1.0156833013752475e-05,0.00696104159578681,1.3535362086258829e-05,4.961484592058696e-05,5.661558777347864e-09,4.4930446165381e-05,9.073944966075942e-06,1.0938504601654131e-05,8.68617064497812e-07,1.658462224440882e-06,4.200069270154927e-07,2.0361028418847127e-06,6.051818218111293e-06,3.6895951780024916e-05,2.3317968953051604e-05,2.058588870568201e-05,0.0001227548491442576,4.8624038754496723e-05,4.179661118541844e-06,4.5095780478732195e-06,1.0243603355775122e-05,0.0013220468536019325,0.00032354178256355226,0.0017408763524144888,1.2229153298903839e-06,2.0136255898250965e-06,4.7088142309803516e-05,6.696405034745112e-05,2.4760565793258138e-05,7.064881629048614e-06,1.527667154732626e-05,0.0009706083219498396,4.145981802139431e-05,4.864216975875024e-07,2.9789102882205043e-06,2.5942010779544944e-06,0.00012854149099439383,8.167882333509624e-05,0.006577672436833382,2.0814002255065134e-06,0.00041165927541442215,8.56054884934565e-06,1.0968255992338527e-05,1.430568408977706e-05,6.669804974990257e-08,0.00012501943274401128,9.599472832633182e-06,2.222299571030817e-07,0.000161066695000045,1.594417517480906e-05,0.000518179323989898,0.00019283631991129369,0.0018898042617365718,0.00021250547433737665,0.00014309621474239975,4.508406163949985e-07,1.039920243783854e-05,0.00014231502427719533,2.400661571755336e-07,1.379832156089833e-05,5.0373109843349084e-05,1.4893443221808411e-05,0.0001702358858892694,0.00036639580503106117,6.84686892782338e-05,0.00024964872864075005,7.88929628470214e-06,0.00023507143487222493,8.220173185691237e-06,3.380559974175412e-06,1.32727473101113e-06,7.473482583009172e-06,0.0068452307023108006,0.00037327894824557006,0.14260108768939972,0.09704834222793579,7.265552267199382e-05,0.025013990700244904,0.00014768926484975964,4.9547703383723274e-05,8.616112609161064e-06,0.0003454505931586027,0.00018075673142448068,8.134265954140574e-06,7.564437692053616e-05,2.573709571151994e-05,4.587433431879617e-05,1.8053407984552905e-05,1.66911854648788e-06,0.0004918766207993031,2.9655536764039425e-06,8.311895385304524e-07,0.0004448789404705167,0.001109950477257371,6.516426947200671e-05,7.044402082101442e-06,9.210130519932136e-05,0.0007691570208407938,5.37313553650165e-08,6.719969860569108e-06,4.737477411254076e-06,1.1754837942135055e-05,2.4544635834899964e-06,8.298146099150472e-07,2.404833139735274e-06,7.291088195415796e-07,8.23210139060393e-05,0.01933019980788231,0.0018418487161397934,0.0004777189460583031,0.0033141549210995436,0.016686318442225456,1.1035189118047128e-06,0.00020203215535730124,5.806649369333172e-06,0.00018592417472973466,9.186116045611925e-08,1.1542615538928658e-05,1.1192560123163275e-06,1.3338325288714259e-06,2.3906009118945803e-06,0.0005961478454992175,0.00024392515479121357,5.940379423918785e-07,8.821342589726555e-07,6.405959720723331e-05,9.631757711758837e-05,0.5697720646858215,2.784604930639034e-06,0.0033918421249836683,1.4687397197121754e-05,0.002812000224366784,3.439656438786187e-06,3.632169637057814e-06,2.0142247194598895e-06,1.1483763955766335e-05,0.0004880674241576344,6.567933723999886e-06,4.6934223973948974e-07,9.57021825342963e-07,1.9300916392239742e-05,0.0004946954431943595,0.00037869473453611135,0.0008019231026992202
/users/PAS2099/jianyanggu/PlotDiversiVision/data/SCBI_021/SCBI_021_PlantDiversity_41_1_4_20150601-straightened.jpg,SCBI_021/SCBI_021_PlantDiversity_41_1_4_20150601-straightened.jpg,SCBI,2015,,SCBI_021,41_1_4,41,1,4,20150601,true,SCBI_021_PlantDiversity_41_1_4_20150601-straightened_r0_c0,3,0,0,0,0,448,419,164,3.221904307793011e-06,3.129715935301647e-07,1.8604524143484014e-07,3.5078744986094534e-05,1.2859490198025014e-05,3.049762881346396e-06,1.2171353773737792e-06,8.199191142921336e-06,0.9631962180137634,8.804375829640776e-05,2.204780867032241e-05,0.0030392801854759455,6.208677405084018e-06,0.00011682871991069987,1.6666811575305474e-07,0.00011345565872034058,2.136180773959495e-05,5.222985350883391e-07,1.4948079751775367e-06,2.9820939744240604e-06,0.00013830160605721176,0.00014191064110491425,7.019352779025212e-05,6.1034301324980333e-05,2.7888972908840515e-08,0.001336687128059566,9.954495908459648e-06,4.010011167565608e-08,5.063990329290391e-07,1.496581631954541e-07,1.0127614302746224e-07,2.1853355747225578e-07,1.416232464634959e-07,4.971431917510927e-05,8.72589589562267e-06,6.3528577811666764e-06,1.6929607227211818e-06,1.0776476528917556e-06,9.36304616061534e-08,5.8737690267207654e-08,1.2816478545119026e-07,9.879031858872622e-05,4.8322986003768165e-06,9.445278919884004e-06,5.998425081088499e-07,5.048328830525861e-07,1.7623827943680226e-06,6.481126183643937e-05,1.616291956452187e-05,4.393585641082609e-06,5.997783887323749e-07,0.0001396401785314083,5.051702828495763e-06,2.0527291155758576e-07,2.2599335807171883e-06,7.933899723866489e-07,1.6232617781497538e-05,1.340729681942321e-06,0.000183955897227861,1.456215341022471e-05,0.00024998991284519434,1.309976482843922e-06,9.387410500494298e-06,8.300648346448725e-07,3.613372001609605e-08,6.88970385454013e-06,1.981628656722023e-06,5.610353923657385e-07,0.0001127674404415302,3.3359818189637735e-05,1.3934796697867569e-05,6.24940503257676e-06,2.284734364366159e-05,3.3893942600116134e-05,1.2706860616162885e-05,5.884805887035327e-07,9.677380603534402e-07,9.621765457268339e-06,1.5923130547434994e-07,2.1961182937957346e-05,1.6111580407596193e-05,2.0826155378017575e-06,0.000273610872682184,9.070520718523767e-06,5.810572019981919e-06,0.0002408590808045119,2.9055893264740007e-06,1.8501840486351284e-06,9.420922287972644e-05,0.0001444723893655464,1.467422237055871e-07,1.980563183678896e-06,1.2634358427021652e-05,0.0002094105293508619,0.00010793685214594007,6.417774420697242e-05,3.6478888887359062e-06,0.0021827074233442545,0.0026386589743196964,3.7545364648394752e-06,9.271069529859233e-07,0.00037969721597619355,0.0004332739918027073,1.303134013141971e-05,2.1531650418182835e-05,3.8023477827664465e-05,2.3558111479360377e-06,2.4601163204351906e-06,1.1174942073921557e-06,0.004115653224289417,6.048288014426362e-06,2.477500231634622e-07,1.4777544492972083e-05,0.00041539952508173883,0.01659712754189968,4.160860044066794e-05,0.0005936403176747262,1.1253704542468768e-05,1.7012716568842734e-08,0.00016599136870354414,1.006076715270865e-07,6.04134129389422e-08,9.088868324624855e-08,6.656207318656016e-08,1.5629987615284335e-07,6.2897221653202e-08,6.517398287542164e-05,1.5662772057112306e-05,3.2946752526186174e-06,1.0997578101523686e-06,1.391704586239939e-06,3.9769598515704274e-05,1.4952021956560202e-05,0.0003729986201506108,7.254582214955008e-06,9.983474228647538e-06,1.0888330592706552e-07,1.195936965814326e-05,1.9996799892396666e-05,6.541951051985961e-07,9.076296123566863e-07,0.00038219086127355695,0.00011352579895174131,3.489945754608925e-07,1.811547889474241e-07,7.06143764546141e-05,2.9549297323683277e-05,6.987880624365062e-05,3.533886854256707e-07,4.1138282540487126e-05,7.377291240118211e-06,1.8294389519724064e-05,8.403240826737601e-06,1.1732613529602531e-06,2.0524315402781212e-07,8.5876280309094e-07,0.00010402622137917206,1.0098415259562898e-06,1.4576826288248412e-05,6.035729529685341e-05,1.4183309531290433e-06,9.823072105064057e-06,8.201756827475037e-06,1.468655864300672e-05
/users/PAS2099/jianyanggu/PlotDiversiVision/data/SCBI_021/SCBI_021_PlantDiversity_41_1_4_20150601-straightened.jpg,SCBI_021/SCBI_021_PlantDiversity_41_1_4_20150601-straightened.jpg,SCBI,2015,,SCBI_021,41_1_4,41,1,4,20150601,true,SCBI_021_PlantDiversity_41_1_4_20150601-straightened_r0_c1,3,0,1,448,0,896,419,164,3.565599035937339e-05,3.686421905513271e-07,1.929316385940183e-05,0.00014689740783069283,3.626919715316035e-05,1.9641220205812715e-05,1.1727943274308927e-06,0.0016445777146145701,0.033935222774744034,0.0004288222989998758,6.849078090453986e-06,0.012339569628238678,3.376779659447493e-06,0.047233521938323975,2.750762746472901e-07,0.00014500002725981176,0.01897040195763111,2.095107220156933e-06,5.037643191485586e-08,9.366263839183375e-05,0.000838118081446737,0.0012458042474463582,1.8693943275138736e-05,1.7292566553805955e-05,3.205836307529353e-08,3.00636329484405e-05,2.993987280319743e-08,4.5300882334231574e-07,1.3873118209772883e-09,1.4199292852623557e-09,8.791592343015964e-09,2.831194706232054e-06,2.6640566375135677e-07,1.0166967712166297e-07,9.762680264202572e-08,9.24612265862379e-07,1.791460090316832e-05,1.5993915667422698e-06,9.35814270519586e-08,1.0284889384593043e-07,9.731935506351874e-07,0.0011898071970790625,8.363036613445729e-05,6.961000326555222e-05,4.642527983378386e-06,1.4434315289690858e-06,0.002867557108402252,0.00022323944722302258,2.6413204068376217e-06,0.0034186362754553556,3.32659539026281e-07,0.00010053440928459167,8.265383075922728e-05,8.5363099060487e-06,1.9280658307252452e-05,4.4830241677118465e-05,9.780359505384695e-06,6.463535555667477e-06,0.0001486187829868868,1.2616137610166334e-05,8.613112186139915e-06,8.02230351837352e-06,0.00010654255311237648,0.00017903200932778418,7.513374953305174e-07,0.00014530123735312372,0.00010127268615178764,2.333814336452633e-05,5.315402813721448e-05,4.921833806292852e-06,8.386453555431217e-05,0.0007406417280435562,4.106939013581723e-05,3.967741213273257e-05,1.8124943380826153e-05,8.283362262773153e-08,2.8534761895571137e-06,1.8166673498853925e-06,3.5677842902259727e-08,2.2784115571994334e-06,5.858463919139467e-05,6.5574613472563215e-06,0.0003358797403052449,1.2751420399581548e-05,8.714877913007513e-05,0.0005395610933192074,3.9010301406960934e-05,0.00013274772209115326,4.030101263197139e-05,1.3004598713450832e-06,2.2430207536672242e-05,0.00021141690376680344,0.0001671131612965837,3.5505603591445833e-05,0.32011184096336365,0.014545999467372894,0.0015499552246183157,0.00026322100893594325,2.3077334844856523e-05,0.00010757621203083545,4.572310956518777e-07,3.0405486540985294e-05,0.00022192845062818378,0.0002038643870037049,2.8231585247340263e-07,0.0001028627812047489,5.478167395267519e-07,3.7519382090067666e-07,4.43992985310615e-06,0.0001449491537641734,1.5332342400142807e-06,1.1649290172499605e-06,1.001145392365288e-05,0.00020206814224366099,0.0004161714168731123,4.10058146371739e-06,2.6475054255570285e-05,8.770708518568426e-05,4.306233677198179e-06,3.394279247004306e-06,1.414509733876912e-05,3.715168350026943e-05,1.3856788427801803e-07,2.9587900129968148e-08,1.6499784294410347e-07,1.7419934295048733e-07,9.11275128601119e-06,0.12200979888439178,0.00405824463814497,0.00015314528718590736,0.00037549363332800567,0.013356819748878479,2.4603477868367918e-06,4.326786074670963e-05,1.7306217614532216e-06,8.074065590335522e-06,2.539483830332756e-06,2.264479553559795e-05,5.799536211270606e-06,3.215210381313227e-05,5.7562512665754184e-05,2.1365447537391447e-05,3.6553503832692513e-06,3.6432234651329054e-07,7.803763679703479e-08,0.0013348916545510292,7.492488657590002e-05,0.3851165175437927,2.949745066871401e-05,0.0010763866594061255,1.109799313780968e-06,0.00037416527629829943,2.766624493233394e-05,3.458693390712142e-05,0.00010949937131954357,0.0001420469197910279,6.363791908370331e-05,2.9054095648461953e-05,4.441507189767435e-05,7.851821283111349e-05,0.00019449761020950973,0.00024654611479490995,0.003063627751544118,0.000888795533683151
/users/PAS2099/jianyanggu/PlotDiversiVision/data/SCBI_021/SCBI_021_PlantDiversity_41_1_4_20150601-straightened.jpg,SCBI_021/SCBI_021_PlantDiversity_41_1_4_20150601-straightened.jpg,SCBI,2015,,SCBI_021,41_1_4,41,1,4,20150601,true,SCBI_021_PlantDiversity_41_1_4_20150601-straightened_r0_c2,3,0,2,896,0,1344,419,164,2.221154545622994e-06,1.401179929416685e-06,8.079086342149822e-07,1.2921237612317782e-05,0.0001572976470924914,0.00015448960766661912,4.114590865356149e-06,1.8756092686089687e-05,0.16783474385738373,2.204997326771263e-05,6.123620551079512e-05,0.0017004760447889566,4.243973671691492e-05,0.0003378227411303669,5.196412075747503e-06,0.000679744582157582,2.1778125301352702e-05,1.274140777240973e-05,1.9053483129027882e-06,5.12982442160137e-05,6.572091660927981e-05,0.0015387271996587515,0.0005541230202652514,1.2885011528851464e-05,3.1816551882002386e-07,0.00034329190384596586,1.083488041331293e-05,1.8423915548737568e-07,2.803177778787358e-07,1.1359091445228842e-07,1.2682137651154335e-07,3.8879687735970947e-07,6.621685315622017e-07,4.6366913011297584e-05,4.1555399548087735e-06,8.031431207200512e-06,2.9387390895863064e-05,7.004657618381316e-06,4.669987276884058e-07,3.0675280981995456e-07,2.587468316050945e-06,0.0027805203571915627,4.035161509818863e-06,1.263666035811184e-05,5.776329885520681e-07,8.822205188607768e-08,0.00013869506074115634,0.00038952636532485485,0.00022214025375433266,1.7498747183708474e-05,1.1266916999375098e-06,0.0006744085112586617,0.0002608660142868757,2.4794454134280386e-07,3.089963138336316e-05,1.7998233943217201e-06,0.00023192877415567636,9.893309652397875e-06,0.00019577203784137964,8.521476956957486e-06,0.00021537143038585782,4.060423179907957e-06,4.068439011462033e-06,7.10149179212749e-05,1.353807448367661e-07,4.2314455640735105e-05,2.4558394216001034e-05,8.091211384453345e-06,0.0002456693327985704,0.0005670429673045874,2.3633618184248917e-05,2.1543623006436974e-05,1.0025290976045653e-05,0.001478808932006359,0.0008114153752103448,7.777977771183942e-06,1.541016717965249e-05,0.00039668212411925197,3.49477637939799e-08,1.9070144844590686e-05,0.0001384297211188823,5.72939188714372e-06,0.003974017687141895,4.228589023114182e-05,1.368518678646069e-05,6.265896809054539e-05,2.01841612579301e-05,7.639097930223215e-06,6.880032287881477e-06,0.0013790010707452893,8.22715776394034e-07,1.0243477845506277e-05,0.00027274771127849817,0.00017513982311356813,0.002054627053439617,0.0002755294262897223,8.249978236563038e-06,0.0009575482690706849,0.7908051013946533,7.10425183569896e-06,2.876438884413801e-06,4.7640980483265594e-05,0.00011958405957557261,1.2962708751729224e-05,1.2943437468493357e-05,0.0014466367429122329,7.2851912591431756e-06,2.510586796233838e-07,1.8729986095422646e-06,0.0006811722996644676,0.00011730196274584159,1.4768053233638057e-06,2.376008160354104e-05,0.0001509212306700647,0.002827584045007825,6.778255192330107e-05,0.003202899591997266,0.0005440815002657473,4.382146414627641e-07,1.4623707102146e-05,1.3594599295174703e-05,4.8118341311464974e-08,6.6960092226509e-07,2.7828278348351887e-07,3.51819977595369e-07,1.5057882762903319e-07,0.00019818253349512815,4.807398909179028e-06,1.3241337910585571e-05,5.240482323642937e-07,7.348915460170247e-06,0.0004454508307389915,1.2529284504125826e-05,9.673172462498769e-05,2.069728907372337e-05,9.12165705813095e-06,5.50680780975199e-08,0.00029618231928907335,1.4012929568707477e-05,6.52437802273198e-06,5.570896973949857e-06,0.0002411070599919185,3.294083217042498e-05,4.790666480403161e-06,1.3652910638484173e-05,0.0021598120220005512,0.0019832102116197348,0.0005320904892869294,1.3398495866567828e-05,0.0002577304549049586,0.00039303998346440494,2.6074947527376935e-05,1.8840188431568095e-07,5.548754870687844e-06,3.2756609016360017e-06,1.5977823295543203e-06,0.00014678877778351307,1.805290025913564e-06,4.730649379780516e-05,1.399818211211823e-05,0.0007371187093667686,2.9206343242549337e-05,3.501505489111878e-06,6.787437541788677e-06
/users/PAS2099/jianyanggu/PlotDiversiVision/data/SCBI_021/SCBI_021_PlantDiversity_41_1_4_20150601-straightened.jpg,SCBI_021/SCBI_021_PlantDiversity_41_1_4_20150601-straightened.jpg,SCBI,2015,,SCBI_021,41_1_4,41,1,4,20150601,true,SCBI_021_PlantDiversity_41_1_4_20150601-straightened_r1_c0,3,1,0,0,419,448,839,164,1.9087112832494313e-06,4.67865568509751e-08,2.873050242158115e-08,3.051287421840243e-06,3.776641506192391e-07,8.719332100781685e-08,1.330990784254027e-07,4.5925423819426214e-07,0.9949927926063538,4.805552180187078e-06,2.844926257239422e-06,7.389180973405018e-05,1.4171465636536595e-06,1.9687893200170947e-06,6.482225867188163e-09,4.1741805034689605e-06,1.5366089201052091e-06,1.555372897144025e-08,1.8022436734099756e-06,9.18854084375198e-07,0.00018848503532353789,9.68861422734335e-06,6.579043656529393e-06,3.136494115096866e-06,1.2702375817852385e-09,0.0016760824946686625,1.1598938726820052e-05,3.33432232935138e-08,3.6193748087498534e-07,1.9792781813521287e-07,8.11668456890402e-08,1.6817151049508539e-07,9.699550673758495e-08,5.955975211691111e-05,1.8831675333785824e-05,9.48655178945046e-06,9.553946256346535e-08,2.128904696974132e-08,1.2830064788360573e-09,5.148499404583617e-10,1.8317886096852476e-09,3.375316055098665e-06,1.635405055822048e-07,9.042980764206732e-07,2.09076574719802e-07,7.239619037591183e-08,2.887444736643374e-07,4.520757556747412e-06,1.1449990324763348e-06,8.109319082905131e-08,1.3610989668677576e-08,1.2554701243061572e-05,1.1032539077859838e-06,8.561129760664699e-08,1.9177246031176765e-06,5.669688718512589e-08,1.5459572750842199e-06,8.490910374803207e-08,4.363487278169487e-06,1.2159518973930972e-06,1.9872846678481437e-05,1.2816814276561672e-08,2.878943234918552e-07,5.157960458745947e-08,9.487659546891791e-09,1.289071462906577e-07,2.75732190857525e-07,1.3941004795015033e-07,5.140132998349145e-05,2.9971024559927173e-06,1.1274280495854327e-06,7.585322805425676e-07,9.621650178814889e-07,1.9784951291512698e-05,3.379258487257175e-06,5.52421624888666e-07,2.5587979735064437e-07,1.1283193089184351e-05,2.101351093131143e-08,9.351414860248042e-07,7.853444913052954e-06,1.8673848956041184e-07,8.92911630216986e-05,3.3249139050894883e-06,3.9974588617042173e-07,1.2028549463138916e-05,2.7674895264340194e-08,2.180870595225315e-08,3.1820122785575222e-06,1.9348026398802176e-05,8.753788804938267e-09,9.054440397449071e-07,1.3824292182107456e-06,1.5768584489705972e-05,1.294181515731907e-06,2.694344175324659e-06,4.6396814923355123e-07,0.0009680903167463839,0.00011048723536077887,2.0551111390432197e-07,2.0904866460114135e-07,0.00010831467079697177,6.189030682435259e-05,6.418551947717788e-07,6.9352163336589e-06,8.089429684332572e-06,1.5773019867992844e-07,2.6913332362710207e-07,6.864721768806703e-08,0.0008706155349500477,4.062193511344958e-06,1.2709561758583732e-07,6.784567858630908e-07,2.2842115868115798e-05,7.974810432642698e-05,5.580453034781385e-06,3.43146784871351e-05,2.2160536445881007e-06,6.734122148799315e-10,6.381449202308431e-05,3.6991593788116006e-08,1.6922414580733403e-09,9.538896339478242e-10,8.004995555310757e-10,9.100972420128528e-09,2.3955000205688748e-09,3.391709833522327e-05,2.5032818484760355e-08,5.69537590422442e-08,2.040721085450059e-07,3.1453350857191253e-07,1.4813835150562227e-05,1.7749794096744154e-06,8.535996130376589e-06,3.715837465279037e-06,3.0519260008077254e-07,1.5322873636591794e-08,1.6853638271641103e-06,3.4659733501030132e-06,6.850699918459213e-08,1.6332034391552952e-08,1.4138373444438912e-05,1.5698004062869586e-05,2.058295400786392e-08,4.824043031703695e-08,4.904038360109553e-05,3.7568450352409855e-05,6.84571375586529e-07,4.479860749029285e-08,1.0510073479963467e-05,1.5936324189169682e-06,1.0021510661317734e-06,7.883216426307627e-07,7.919593514316148e-08,4.802759079325369e-09,2.791345288244429e-08,4.70392978968448e-06,1.2984385477921023e-07,4.178513790975558e-06,5.712770507670939e-05,4.0824951952345145e-07,4.295491180528188e-07,1.747500135707014e-07,3.882429666646203e-07
/users/PAS2099/jianyanggu/PlotDiversiVision/data/SCBI_021/SCBI_021_PlantDiversity_41_1_4_20150601-straightened.jpg,SCBI_021/SCBI_021_PlantDiversity_41_1_4_20150601-straightened.jpg,SCBI,2015,,SCBI_021,41_1_4,41,1,4,20150601,true,SCBI_021_PlantDiversity_41_1_4_20150601-straightened_r1_c1,3,1,1,448,419,896,839,164,1.5743874826057436e-07,3.6013901194564824e-07,1.8722345895838544e-09,1.3281621704663849e-06,2.7455384952190798e-06,4.789575882568897e-07,1.1338200778254759e-07,2.0405443592608208e-06,0.0002770644787233323,7.233143605844816e-06,1.7049069356289692e-05,0.004327541682869196,1.3908510254623252e-06,3.654759711935185e-05,1.0921777260364252e-08,2.1831063349964097e-05,5.696102562069427e-06,5.3805649713467574e-08,2.7216262310503225e-07,4.6333698833223025e-07,9.727421712568685e-08,0.00011401020310586318,1.3977610251458827e-05,6.595988088520244e-05,8.205969792562939e-10,2.8004585601593135e-06,1.3562492995333741e-07,5.765282473646494e-09,6.361974413948701e-08,4.670473430223865e-08,2.1857944787484485e-08,4.3531944271535394e-08,2.3137019411478832e-08,5.301599685481051e-06,2.141263848898234e-06,2.0347147255961318e-06,5.49163132745889e-07,1.457310304431303e-06,3.655146656456054e-07,2.3703336182734347e-07,5.818224622089474e-07,3.219463178538717e-05,1.5390737644338515e-06,1.010408709589683e-06,4.836301172872481e-07,1.0870864741718833e-07,2.699601679978514e-07,8.709943358553573e-05,5.300002158037387e-06,7.291598649317166e-06,4.21934096550558e-08,3.7213882023934275e-05,1.5422599972225726e-05,3.6659667301819354e-08,2.45864384851302e-07,4.801521527042496e-07,8.096689271042123e-06,1.3113566410538624e-07,5.055814835941419e-05,2.679042836462031e-07,6.711089372402057e-05,5.035868184677383e-07,4.2004271563200746e-06,1.84007762982219e-06,3.6738887487786087e-09,4.731214630737668e-06,2.2387730780337733e-08,1.9322268229871042e-08,1.1171588084835093e-05,1.7199238300236175e-06,4.322338099882472e-06,3.995542556367582e-06,2.0422107809281442e-06,1.3862435480405111e-05,5.917682938161306e-05,1.6583624073973624e-06,3.5151606425642967e-07,7.796884347044397e-06,1.4510301582504326e-07,4.706821982836118e-06,3.4367587886663387e-07,8.03861212261836e-07,5.127541044203099e-06,1.7556612874614075e-05,1.2615861066933576e-07,0.00020206390763632953,6.0016591305611655e-06,4.846403385272424e-07,0.00010842470510397106,7.854829163989052e-06,1.3711211721556538e-08,6.099959364291863e-07,4.339089628047077e-06,0.0002035928046097979,8.90174342202954e-05,4.427323801792227e-05,5.871762368769851e-06,0.0005729188560508192,0.0003183085937052965,1.3705212040804327e-06,1.5667367847527203e-07,1.746683119563386e-05,1.0816067515406758e-05,8.46831826493144e-05,1.8464060076439637e-06,0.00047195382649078965,1.6720769053790718e-06,8.66467053128872e-06,3.718175634048748e-08,3.589940388337709e-05,2.854516196748591e-06,1.9381778315619158e-07,1.0164554623770528e-05,6.827730248915032e-05,0.9901015758514404,0.0005943748401477933,0.0003234692558180541,5.256130407360615e-06,2.2577959057912267e-08,0.0005429835291579366,2.552938838107366e-08,1.4864705022432645e-09,3.040886298322221e-08,1.2571129026639483e-08,7.717659400441335e-08,4.713519530241683e-08,8.774401976552326e-06,7.882113095547538e-06,2.399016921117436e-06,4.985386325984109e-08,1.4746284193734027e-07,2.605737563499133e-06,2.8942537028342485e-05,3.864615791826509e-05,1.0009139259636868e-06,5.843027793162037e-06,1.9995266598016315e-07,2.9625937258970225e-06,1.7187171579280403e-06,1.269232257072872e-07,1.266732169824536e-06,0.0002989810600411147,5.0619324611034244e-05,1.0677615591703216e-07,2.1152819940084555e-08,6.140120967756957e-05,1.4037991604709532e-05,0.00014397953054867685,2.636752505225104e-08,3.518330049701035e-05,1.226803874487814e-06,5.47020363228512e-06,1.5501334473810857e-06,1.1294654541416094e-05,4.16688044424518e-06,2.5251629267586395e-06,2.9044622351648286e-05,4.367067845123529e-07,6.175491193971538e-07,8.481083568767644e-06,1.495767151027394e-06,2.190227661458266e-07,1.539191202937218e-06,3.974245373683516e-06
/users/PAS2099/jianyanggu/PlotDiversiVision/data/SCBI_021/SCBI_021_PlantDiversity_41_1_4_20150601-straightened.jpg,SCBI_021/SCBI_021_PlantDiversity_41_1_4_20150601-straightened.jpg,SCBI,2015,,SCBI_021,41_1_4,41,1,4,20150601,true,SCBI_021_PlantDiversity_41_1_4_20150601-straightened_r1_c2,3,1,2,896,419,1344,839,164,9.07952016859781e-06,3.582177896532812e-07,3.058113975384913e-07,0.00010766379273263738,5.921581760048866e-06,1.786806706149946e-06,1.1839933904411737e-06,3.563387144822627e-05,0.7105658650398254,0.00015784658899065107,9.873793896986172e-05,0.05743304267525673,4.826976146432571e-05,0.0012928214855492115,5.531005058401206e-07,0.00014245897182263434,0.000169724939041771,3.8116525047371397e-07,1.3080090184303117e-06,4.040386556880549e-06,0.0001433426223229617,0.0001488180860178545,0.00035484813270159066,0.0001465790846850723,2.5982789253475858e-08,0.0010279864072799683,2.4842123821144924e-05,5.189678518036089e-07,2.1283872229105327e-06,2.62035882769851e-06,2.000708718696842e-06,7.876091672187613e-07,4.788384444509575e-07,0.000161767442477867,1.694434649834875e-05,2.3088105081114918e-05,1.439600396224705e-06,1.5183533150775474e-06,1.1882686123954045e-07,8.043847543603988e-08,1.8286067415829166e-07,7.628945604665205e-05,5.269758275971981e-06,6.861746805952862e-05,1.3574402146332432e-05,2.219775979028782e-06,6.094097443565261e-06,0.0005700429901480675,6.184188805491431e-06,0.0001762424799380824,1.5220582838537666e-07,0.001163182663731277,5.395799962570891e-05,2.2695921870763414e-06,6.12479416304268e-05,2.824079047059058e-06,9.819479600992054e-05,1.7825176428232226e-06,0.0007307890336960554,7.16107024345547e-06,0.0006994230789132416,3.620658617364825e-07,1.4458918485615868e-05,1.288924408981984e-06,1.1883320638617079e-07,1.0538215065025724e-05,4.063634605699917e-06,4.2910849629151926e-07,0.0003463954199105501,2.744196081039263e-06,1.0781950550153852e-05,1.252948641194962e-05,1.1169533536303788e-05,0.0002655905846040696,0.0003037388960365206,5.747086834162474e-05,3.0005453481862787e-06,3.72819158656057e-05,3.9646424738748465e-06,0.0001270531356567517,2.076238888548687e-05,4.4497715862235054e-05,0.0004426106752362102,7.03959449310787e-06,7.342781032093626e-07,0.0020939623937010765,4.0784052544040605e-05,1.3467267763189739e-06,0.0001884023513412103,4.367568908492103e-05,2.006684951538773e-07,2.9369248295552097e-06,1.481620711274445e-05,0.0005223391344770789,0.0001604528515599668,7.460554479621351e-05,2.6491958124097437e-05,0.013278244063258171,0.002172663575038314,2.6776642698678188e-05,3.350031079207838e-07,0.0011754492297768593,0.0010486535029485822,0.0001610710023669526,1.6057521861512214e-05,8.769748092163354e-05,1.0991501767421141e-05,9.497744758846238e-05,4.989268745703157e-06,0.0008143216255120933,6.263772320380667e-06,1.800257564354979e-06,2.099631274177227e-05,0.002494889311492443,0.17906256020069122,0.001161639578640461,0.0005926198209635913,2.64423852058826e-05,8.879476354195504e-08,0.008704165928065777,2.226593238674468e-07,3.600396425440522e-08,4.747477078126394e-08,1.718936992745057e-08,2.1296773411449976e-07,8.599489831340179e-08,0.0001527708809589967,5.98912411078345e-05,1.1293828720226884e-05,2.4523392312403303e-06,4.913472821499454e-06,8.379716018680483e-05,9.145920921582729e-05,0.000270748307229951,2.4720175133552402e-05,2.7922118533751927e-05,7.525029559474206e-07,3.512319744913839e-05,9.45883493841393e-06,7.888690447543922e-07,1.3139350585333887e-06,0.0024352550972253084,0.0020808398257941008,7.337405349971959e-07,1.3138190979589126e-07,0.00016249105101451278,6.665694672847167e-05,0.00024045603640843183,1.4870330460325931e-06,0.0001842543570091948,4.212956810079049e-06,2.6972864361596294e-05,2.9497710784198716e-05,6.83415737512405e-06,1.0184879783992073e-06,4.363237167126499e-06,0.0010923006338998675,8.971683200797997e-07,0.00015286939742509276,0.000722429365850985,1.6609695876468322e-06,1.6480116471484507e-07,0.00014936921070329845,0.0001121779132517986
/users/PAS2099/jianyanggu/PlotDiversiVision/data/SCBI_021/SCBI_021_PlantDiversity_41_1_4_20150601-straightened.jpg,SCBI_021/SCBI_021_PlantDiversity_41_1_4_20150601-straightened.jpg,SCBI,2015,,SCBI_021,41_1_4,41,1,4,20150601,true,SCBI_021_PlantDiversity_41_1_4_20150601-straightened_r2_c0,3,2,0,0,839,448,1258,164,8.957791578723118e-05,6.804127679060912e-06,2.4554615265515167e-06,0.005536052864044905,0.003741367720067501,0.0004161855031270534,1.0101556426889147e-06,0.003671439131721854,0.04030090197920799,0.00025487341918051243,0.00017905651475302875,0.05289941653609276,3.185056266374886e-05,0.04871946945786476,6.007737283653114e-06,0.00046383528388105333,0.0005627972423098981,1.944640462170355e-05,1.351236846858228e-07,3.8099780795164406e-05,0.0001194476499222219,0.030475076287984848,0.0003976697043981403,4.4004736992064863e-05,9.014235757831557e-08,4.374147465568967e-05,2.038321298414303e-07,1.0005373951571528e-06,1.5674974207513515e-08,5.980201223110271e-08,4.658505048382722e-08,4.6261686037496474e-08,5.476680939864309e-07,2.7763273919845233e-06,3.3650251225481043e-06,1.134813146563829e-06,3.51747585227713e-05,5.0678128900472075e-05,2.844986283889739e-06,7.939274837553967e-07,2.767867499642307e-06,0.017682217061519623,0.007359525188803673,0.0012337156804278493,1.4780956917093135e-05,8.437012297690671e-07,0.00040352396899834275,0.0001277142873732373,2.600836887722835e-05,0.0011137701803818345,1.2160008964201552e-06,0.008831682614982128,0.002113483613356948,6.98703843227122e-06,8.593614438723307e-06,2.0580437194439583e-05,8.449420420220122e-05,6.254235358937876e-06,0.000729626277461648,3.229884896427393e-06,0.0008881647372618318,5.203591354074888e-05,1.4473187547991984e-05,3.414043749216944e-05,1.516191900918784e-06,0.00027576053980737925,8.97811260074377e-05,7.311496119655203e-06,0.00040160896605812013,1.85731678357115e-05,0.00035152508644387126,0.0013038987526670098,9.823621803661808e-05,0.0048670959658920765,0.005980421788990498,0.00012955290731042624,0.0004967596614733338,0.0019900291226804256,3.509216526254022e-07,9.728706572786905e-06,8.827698911773041e-05,0.0002432974724797532,0.0022582353558391333,3.7361725844675675e-05,1.7040185412042774e-05,0.0020641942974179983,0.00010209652100456879,0.00045530140050686896,9.004282765090466e-05,3.25805158354342e-05,5.205812612985028e-06,0.00334196537733078,0.00791238248348236,2.885680805775337e-05,0.037870172411203384,0.011019671335816383,0.0002134622191078961,0.0945526733994484,0.01094092521816492,1.072421764547471e-05,4.173488378000911e-06,0.0002372032031416893,0.0003241243539378047,0.00036134690162725747,8.261187031166628e-05,0.012104034423828125,0.00017548610048834234,4.493086635193322e-06,2.1428602394735208e-06,0.00028064646176062524,5.8321496908320114e-05,1.3562985259341076e-06,0.0001819456520024687,0.0006906750495545566,0.0005991082289256155,0.00010577793000265956,4.27045815740712e-05,0.00026374857407063246,2.707837438720162e-06,0.00021085463231429458,7.892293069744483e-06,5.521091225091368e-06,1.8894523918788764e-06,5.8711147943313335e-08,4.951999130753393e-07,3.197261122522832e-08,0.00021230905258562416,0.03769203647971153,0.0014963193098083138,1.447208251192933e-05,0.00010594511695671827,0.0016440877225250006,1.4862147509120405e-05,0.0002938973775599152,1.2371971934044268e-05,3.985472721979022e-05,3.038957174794632e-06,0.0001391815021634102,1.283261281059822e-05,4.774134595209034e-06,0.00016874853463377804,0.00039051397470757365,0.00013305791071616113,1.4411813026526943e-05,9.566228982293978e-06,0.0013556332560256124,0.0002843871770892292,0.5069022178649902,5.98699007241521e-05,0.009032984264194965,3.7032812542747706e-05,0.0003909253573510796,1.8015049363384605e-06,3.012411980307661e-05,6.645220128120854e-05,1.2341427463979926e-05,0.001498627127148211,2.9041548259556293e-06,1.4095212463871576e-05,3.866005499730818e-06,0.000629005953669548,8.925486326916143e-06,0.0017042934196069837,0.003626977326348424
/users/PAS2099/jianyanggu/PlotDiversiVision/data/SCBI_021/SCBI_021_PlantDiversity_41_1_4_20150601-straightened.jpg,SCBI_021/SCBI_021_PlantDiversity_41_1_4_20150601-straightened.jpg,SCBI,2015,,SCBI_021,41_1_4,41,1,4,20150601,true,SCBI_021_PlantDiversity_41_1_4_20150601-straightened_r2_c1,3,2,1,448,839,896,1258,164,6.505014766844397e-07,3.8435814531112555e-07,2.3724555830995087e-07,0.00015317923680413514,4.739464202430099e-05,2.801929622364696e-05,9.87437260846491e-08,0.0009183253860101104,0.00012889884237665683,9.330426837550476e-05,3.946037031710148e-05,0.0014426469570025802,2.5327497610305727e-07,0.00024864866281859577,9.449548343809511e-08,3.392573489691131e-05,0.00020234279509168118,1.1949273357458878e-06,6.775944427772629e-08,6.178664989420213e-06,8.797709938335174e-07,0.0005292322020977736,2.797903107421007e-05,3.6329840895632515e-06,9.123169442126766e-10,6.615247230001842e-07,2.3043615016149488e-08,2.4010165589061216e-07,8.006121099413122e-09,2.0474539841330852e-09,7.52073958665278e-09,2.2047258596558095e-07,1.9411785956435779e-07,4.1438848796815364e-08,6.786527819713228e-07,1.2879746691396576e-06,4.122839527553879e-06,3.5204300274926936e-06,7.362432086210902e-08,6.251109141430788e-08,3.6794824609387433e-07,8.314275328302756e-05,1.5342059214162873e-06,8.088468894129619e-05,1.1683733447398481e-07,2.4144446797436103e-07,1.0973685675708111e-05,2.6262405299348757e-06,1.3127923011779785e-05,4.143983915128047e-06,6.482592596057657e-08,1.8447351976647042e-05,2.9834238375769928e-05,5.3780318864937726e-08,1.426044150321104e-06,6.931004008947639e-06,3.398322633074713e-06,5.2408850024221465e-06,0.0001375511783408001,1.6438346506220114e-07,5.226809207670158e-06,5.06087872054195e-06,2.272406709380448e-05,4.0611666918266565e-06,2.7468926688811734e-08,3.856862895190716e-05,3.978896074841032e-06,1.7351686310007608e-08,1.3765766198048368e-05,5.61009073862806e-07,0.0003397898399271071,0.00041595089714974165,3.0937831070332322e-06,3.076916982536204e-06,3.1920997116685612e-06,3.6644627332549362e-09,4.99899670103332e-07,4.882301141151402e-07,9.471516904113741e-10,2.6883018477974474e-08,2.590935082480428e-06,4.0838460790837416e-07,9.068158760783263e-06,2.3572649752168218e-06,2.161300244551967e-06,2.2634698325418867e-05,2.4848720840964234e-06,0.00017847972048912197,1.863157308434893e-06,5.926409016865364e-07,9.310750215263397e-08,4.648235517379362e-06,0.0001417995517840609,2.9106338388373842e-06,0.004766920581459999,0.02897346392273903,2.8707288947771303e-05,0.0002147716877516359,7.321018074435415e-06,2.7563650291995145e-05,1.0293370422687076e-07,1.1973736945947167e-05,2.7497380870045163e-05,1.4217584975995123e-06,5.036205834585417e-07,4.589702712110011e-06,3.5490543837113364e-07,3.984301315540506e-07,2.231378459782718e-07,0.00020880407828371972,1.2312422768445686e-05,3.3190670478688844e-07,1.916135715873679e-06,3.728088631760329e-05,1.9043392967432737e-05,9.064449102424987e-08,5.562997102970257e-06,4.431168417795561e-05,7.930071710404718e-09,1.8470288409844215e-07,2.800772733735357e-07,8.245124405448223e-08,1.8728037787241192e-08,1.9333579182045924e-09,1.1516286591017888e-08,2.0049299109814456e-08,2.459249230923888e-07,0.03925608843564987,0.00026531386538408697,1.529379346720816e-06,1.4298360838438384e-05,0.0011049011955037713,1.2985015018784907e-07,1.6191529539355543e-06,2.1899232649502665e-07,3.874244214330247e-07,1.2922992453923143e-08,1.6574489336562692e-06,6.629340276731455e-08,2.724426337863406e-07,3.560485595244245e-07,2.2274589355220087e-06,6.576975692951237e-07,8.253656460510683e-07,3.928652958506973e-08,8.157347110682167e-06,1.4169720543577569e-06,0.9191714525222778,1.5195861351458007e-06,4.081965744262561e-05,4.702489150076872e-06,7.618584641022608e-05,7.471790581803361e-07,5.812669314764207e-07,7.381671025541436e-07,1.0607611784507753e-06,8.337487088283524e-06,7.93292315393046e-07,1.1846383358715684e-06,4.859208274865523e-06,1.6269851812467095e-06,4.496742349147098e-06,6.079141530790366e-05,1.2788153071596753e-05
/users/PAS2099/jianyanggu/PlotDiversiVision/data/SCBI_021/SCBI_021_PlantDiversity_41_1_4_20150601-straightened.jpg,SCBI_021/SCBI_021_PlantDiversity_41_1_4_20150601-straightened.jpg,SCBI,2015,,SCBI_021,41_1_4,41,1,4,20150601,true,SCBI_021_PlantDiversity_41_1_4_20150601-straightened_r2_c2,3,2,2,896,839,1344,1258,164,1.0218925261540335e-08,1.2988096820265582e-08,1.1548993938959029e-07,1.5708541241110652e-06,2.1124531031091465e-06,2.3761642751196632e-06,1.7169453414567215e-08,4.0470677049597725e-06,2.9495919079636224e-05,7.48001684769406e-06,2.6781233373185387e-06,0.000149340761709027,3.214070076751341e-08,9.960542956832796e-05,5.638304934052485e-09,9.803458851820324e-06,3.212273077224381e-05,2.721209853007167e-07,1.2324308684696916e-08,1.398298309140955e-06,3.4155843309235934e-07,0.00030682506621815264,2.0633922304114094e-06,1.9533186446096806e-07,2.586459380005124e-10,1.5977835232661164e-07,8.35337132798486e-09,3.86164629162522e-08,1.9179415833292524e-09,4.5291728700824763e-10,1.3598479009502284e-09,2.0371514608541474e-07,1.7857841783097683e-07,1.3990438141320283e-08,7.151155756446315e-08,1.0871067246398525e-07,5.748179319198243e-07,9.27509944403937e-08,3.345737464854892e-09,4.102193251753761e-09,5.536788449944652e-08,3.634487438830547e-05,1.0678755870685563e-06,3.1391402899316745e-06,2.7199940078048712e-08,2.5714803086884785e-07,2.8126205506850965e-05,1.3958360796095803e-06,7.530258017141023e-07,5.091907496534986e-06,4.298325251284041e-08,1.7702598142932402e-06,1.3263445907796267e-05,6.765853299839364e-08,5.349069169824361e-07,3.402761308279878e-07,8.767300414547208e-07,6.320344709820347e-07,1.25466613098979e-05,6.090211712717064e-08,1.0320793535356643e-06,1.2894516657979693e-05,5.314901500241831e-06,1.301886413784814e-06,1.1153170831335046e-08,8.829025318846107e-06,1.1956400385315646e-06,2.7908347632887853e-08,2.6211093882011482e-06,1.198690142700798e-07,1.259513624063402e-06,1.0087521786772413e-06,1.6188030258490471e-06,4.193205313640647e-06,1.813368362491019e-05,9.66940127966609e-09,1.3740167048581498e-07,8.256154160335427e-07,1.8292810322062536e-10,2.1000690964001478e-08,1.4257902876124717e-06,1.6840972705267632e-07,8.837112545734271e-06,7.292843520190218e-07,7.664089025638532e-07,3.59786145054386e-06,3.1032309379952494e-06,8.515377885487396e-06,5.625141170639836e-07,1.4958172300794104e-07,7.213377273274091e-08,1.0410394679638557e-06,9.108077210839838e-05,1.8338603524625796e-07,0.004110538866370916,0.0028732772916555405,5.729355052608298e-06,3.625487079261802e-05,1.9971103029092774e-06,6.809018486819696e-07,3.8217265796447464e-08,2.5322410124317685e-07,1.3199791055740207e-06,1.4226111488824245e-07,2.647101382535766e-08,2.6064226403832436e-06,2.9005260415715384e-08,2.4441096257987738e-08,3.3492252526912125e-08,1.2544795026769862e-05,1.7164485655030148e-07,4.7339877795593566e-08,3.015427409991389e-07,4.691672529588686e-06,8.669857379572932e-06,7.950348646090788e-08,5.648927526635816e-06,5.160958153282991e-06,1.567392615697827e-08,7.166065785213505e-08,1.5015054088962643e-07,1.2418789552270937e-08,2.542053501031205e-08,1.6696898308410368e-09,1.310909603091659e-09,3.8442422578555124e-09,1.1564732460556115e-07,0.000214682673686184,1.4964350157242734e-05,1.5986063317541266e-07,3.419953827688005e-06,0.00011854546755785123,5.0364977965955404e-08,6.124018909758888e-07,1.2924100190048193e-07,2.3479422850414267e-07,1.9294186248686174e-09,6.404221153388789e-07,2.099749991657518e-07,3.8877956853866635e-07,2.9793528710797546e-07,3.967820703110192e-06,1.6774811228970066e-06,1.2981020347524463e-07,7.208806884761998e-09,4.0942104533314705e-06,3.7611598600051366e-06,0.9915676712989807,1.1365829095666413e-06,2.3513865016866475e-05,2.3068984944529802e-07,5.6117273743439e-06,1.5240341610933683e-07,1.332672638909571e-07,3.279889995155827e-07,2.4319089675373107e-07,1.1880881629622309e-06,4.2177478576377325e-07,6.523586080220412e-07,5.563998684010585e-07,2.307797558387392e-06,1.2050367331539746e-05,3.4728825539787067e-06,1.1620635405051871e-06
