image_path,relative_image_path,site_id,year,site_year,plot_id,subplot_id,subplot_base,subplot_row,subplot_col,image_date,is_straightened,crop_id,grid_size,grid_row,grid_col,x_min,y_min,x_max,y_max,species_count,Acer platanoides,Acer rubrum,Achillea millefolium,Actaea racemosa,Adiantum pedatum,Agrimonia parviflora,Agrostis gigantea,Ailanthus altissima,Alliaria petiolata,Allium vineale,Ambrosia artemisiifolia,Amphicarpaea bracteata,Anthoxanthum odoratum,Apocynum cannabinum,Arrhenatherum elatius,Asarum canadense,Asclepias syriaca,Asimina triloba,Asplenium pinnatifidum,Asplenium platyneuron,Barbarea vulgaris,Berberis thunbergii,Boehmeria cylindrica,Botrychium virginianum,Bromus arvensis,Cardamine concatenata,Carex amphibola,Carex brevior,Carex conjuncta,Carex gracilescens Steud.,Carex gravida,Carex hirsutella,Carex muehlenbergii,Carex platyphylla,Carex rosea,Carex vulpinoidea,Carpinus caroliniana,Carya cordiformis,Carya glabra,Carya ovalis,Carya alba,Celastrus orbiculatus,Celastrus scandens,Celtis occidentalis,Chondrilla juncea,Cirsium discolor,Clinopodium vulgare,Commelina communis,Conopholis americana,Convolvulus arvensis,Cornus florida,Corydalis flavula,Cruciata pedemontana,Cynoglossum officinale,Cyperus lupulinus,Daucus carota,Sitobolium punctilobum,Deparia acrostichoides,Hylodesmum nudiflorum,Dianthus armeria,Dioscorea villosa,Diospyros virginiana,Dipsacus laciniatus,Potentilla indica,Echium vulgare,Elaeagnus umbellata,Elymus repens,Erigeron annuus,Eurybia divaricata,Festuca subverticillata,Fraxinus americana,Fraxinus pennsylvanica,Galearis spectabilis,Galium aparine,Galium circaezans,Galium latifolium,Galium mollugo,Galium triflorum,Geranium columbinum,Geranium maculatum,Geum canadense,Gillenia trifoliata,Hackelia virginiana,Heuchera americana,Hydrangea arborescens,Impatiens capensis,Ipomoea pandurata,Juglans nigra,Lactuca serriola,Leersia virginica,Leucanthemum vulgare,Linaria vulgaris,Lindera benzoin,Liriodendron tulipifera,Lonicera japonica,Lonicera maackii,Medicago lupulina,Menispermum canadense,Microstegium vimineum,Morus alba,Nyssa sylvatica,Osmorhiza claytonii,Osmorhiza longistylis,Oxalis stricta,Panax quinquefolius,Paronychia canadensis,Parthenocissus quinquefolia,Peltandra virginica,Phleum pratense,Phryma leptostachya,Pilea pumila,Plantago lanceolata,Podophyllum peltatum,Polygonatum biflorum,Persicaria perfoliata,Polygonum sagittatum,Persicaria virginiana,Polystichum acrostichoides,Potentilla recta,Prenanthes altissima L.,Prunella vulgaris,Prunus avium,Quercus alba,Quercus montana,Quercus rubra,Quercus velutina,Ranunculus abortivus,Robinia pseudoacacia,Rosa multiflora,Rubus allegheniensis,Rubus flagellaris,Rubus phoenicolasius,Rumex acetosella,Sanguinaria canadensis,Sanicula canadensis,Sassafras albidum,"Schedonorus arundinaceus (Schreb.) Dumort., nom. cons.",Scutellaria serrata,Silene antirrhina,Silene latifolia,Silene vulgaris,Smilax rotundifolia,Smilax tamnoides,Solidago altissima,Solidago curtisii,Stellaria media,Stellaria pubera,Symphoricarpos orbiculatus,Teucrium canadense,Thalictrum thalictroides,Amauropelta noveboracensis,Toxicodendron radicans,Tragopogon dubius,Trifolium arvense,Trifolium campestre,Trifolium pratense,Uvularia perfoliata,Verbascum thapsus L.,Verbesina alternifolia,Verbesina occidentalis,Veronica hederifolia,Viburnum prunifolium,Vicia sativa,Vicia tetrasperma
/users/PAS2099/jianyanggu/PlotDiversiVision/data/SCBI_008/SCBI_008_PlantDiversity_31_1_1_20150602-straightened.jpg,SCBI_008/SCBI_008_PlantDiversity_31_1_1_20150602-straightened.jpg,SCBI,2015,,SCBI_008,31_1_1,31,1,1,20150602,true,SCBI_008_PlantDiversity_31_1_1_20150602-straightened_r0_c0,3,0,0,0,0,672,526,164,2.70312966677011e-07,2.6751365567179164e-06,2.6402873221087475e-09,6.449446664191782e-05,2.887109076255001e-07,2.0050670457294473e-07,4.508789785973022e-09,4.658350007957779e-06,1.114920996769797e-05,6.890419967930939e-08,1.9111630535917357e-06,6.294760532910004e-05,1.0603541378273462e-09,1.2154852413459594e-07,2.1037112329924668e-10,3.4157876598328585e-06,3.319492947184699e-08,1.2451935162971495e-06,3.617390387233854e-09,4.086458815777405e-08,4.544377762982776e-09,2.9023796699334525e-08,0.013210117816925049,5.7451363666416455e-09,1.3310422208867578e-10,1.966307934253564e-07,7.040196692287282e-07,1.4790183300306126e-08,7.393889056572789e-09,4.879162074367116e-10,2.6541424613668596e-09,7.178007876973425e-08,3.728904829358726e-08,6.229109317246184e-08,1.0861180044230423e-07,9.956100655017508e-08,0.00017821628716774285,4.904417210127576e-07,9.153465185818277e-08,2.8722778822043438e-08,1.0959526264286978e-07,1.92334882740397e-05,2.6603702281136066e-06,0.979000985622406,1.1306323932647189e-10,8.345260038566948e-10,1.6692297322151717e-07,5.763536705671868e-07,1.7483311012256308e-06,8.516127358859649e-09,1.3948013474873733e-05,1.0887022483530018e-07,2.2750903383439436e-08,1.7104820893010242e-09,3.8416562375687135e-08,1.706299102011144e-08,5.47354829905089e-07,1.9405847240250296e-07,6.191356806084514e-05,7.699166304497851e-10,7.11976463207975e-06,2.4092548756016186e-06,5.508688505351245e-10,2.8172939892101567e-07,1.807317490110094e-10,1.6535943814233178e-07,4.327451730290477e-09,9.72271374521938e-10,1.895705281640403e-05,4.3773624724963156e-08,1.7570371710462496e-05,7.935585017548874e-06,2.8976904786759405e-07,1.0756773249909202e-08,4.396154551500331e-08,2.217778460877895e-10,2.7324134621586893e-10,8.765195791404778e-10,3.689000840911838e-11,4.404228803878141e-08,6.428491815313464e-06,5.066650373919401e-06,7.348772487603128e-05,1.1540559796685557e-07,0.00010198091331403702,3.7397353480628226e-06,1.8377372725808527e-06,4.73219552077353e-06,5.452533424765704e-10,2.4066449100246246e-07,1.0777344572332481e-09,5.22368537314577e-10,1.9802659153356217e-05,1.778879550329293e-07,2.3933906049933285e-05,4.243905277689919e-05,3.6168386063906155e-09,4.414883005665615e-05,1.7314917499788862e-07,0.0005281809717416763,5.383675443226821e-07,2.6312122827221174e-06,2.3156248062150553e-05,4.6597290470629105e-09,2.7590019726631e-06,1.0621683976808072e-08,2.6702923605625983e-07,3.4280546401532774e-08,3.6034251138516993e-09,0.002297501778230071,6.571835547219962e-05,9.627349584206968e-09,3.431457855640474e-07,9.911352663038997e-07,1.0275075901233777e-08,4.940594600100212e-10,6.63943637846387e-07,1.712540438347787e-07,8.934626649637067e-11,2.1114888681950106e-07,3.7998557189666826e-08,3.667202363999422e-08,4.539598208452844e-08,8.068999690635792e-09,4.637175976540675e-08,2.2121872333968895e-08,1.2810290606068975e-08,3.3638827972026775e-06,3.4043791856674943e-06,2.450980173307471e-05,0.0001182142150355503,0.003760297317057848,1.3772503137943204e-09,3.047242103093595e-08,2.2819580181021593e-07,2.1153114175831433e-06,5.668567004679659e-11,7.153468231990701e-06,8.379748450693114e-09,3.7142238173970554e-09,2.355361738981543e-10,9.098812370211817e-07,2.1733778794441605e-06,2.4330335524069824e-09,6.037568778261004e-10,2.53494192747894e-07,5.601618227046856e-07,4.59502698504366e-05,3.1045151445141528e-06,7.309766260732431e-06,2.53180132858688e-07,6.222184310900047e-05,1.0313357945435087e-09,2.0315180093710694e-10,1.7954637776540494e-10,6.369503813274946e-10,3.756406158572645e-06,2.0606236716957937e-09,5.431180625237175e-07,5.936994398325623e-07,2.9516638022641928e-08,5.595659899881866e-07,5.585694573539968e-09,1.3292922318441924e-09
/users/PAS2099/jianyanggu/PlotDiversiVision/data/SCBI_008/SCBI_008_PlantDiversity_31_1_1_20150602-straightened.jpg,SCBI_008/SCBI_008_PlantDiversity_31_1_1_20150602-straightened.jpg,SCBI,2015,,SCBI_008,31_1_1,31,1,1,20150602,true,SCBI_008_PlantDiversity_31_1_1_20150602-straightened_r0_c1,3,0,1,672,0,1345,526,164,9.248261449101847e-06,9.659428542363457e-06,1.3409847454681767e-08,0.04324786737561226,0.00021010517957620323,2.5072995413211174e-06,3.6862277674742927e-09,0.0002689624670892954,2.859323467419017e-05,5.295111350278603e-06,4.470697376746102e-07,0.027579089626669884,2.4612521087874484e-07,1.2829551678805728e-06,7.487458653088197e-09,0.0008886479772627354,8.271729825537477e-07,4.350840754341334e-06,5.162214478104943e-08,1.3741436077907565e-06,5.937687319601537e-07,8.450015229755081e-06,0.0005488309543579817,2.525509444240015e-06,1.5155511290387835e-09,2.3327771486947313e-05,1.8986035001944401e-06,2.5804709480325982e-08,6.95404835937552e-08,3.4887723820986594e-09,2.155002176706944e-09,4.564808193663339e-07,3.7116296880412847e-07,1.9059910982832662e-06,5.808624337078072e-06,8.454170483673806e-07,0.0009746123105287552,0.000830899691209197,0.0003560102777555585,0.00028553028823807836,0.0004471062566153705,0.0007290325011126697,0.0001397916057612747,0.0194606501609087,1.5866843949829956e-10,1.1545473910246074e-07,4.100633645975904e-07,1.681415255916363e-06,0.0006682836101390421,4.988602881894622e-07,1.9971652363892645e-05,5.055233032180695e-06,2.4765941475379805e-07,5.119460855240732e-09,5.06611854689254e-07,1.2847330026488635e-06,1.1329088920319919e-05,3.1396318718179828e-06,0.4837643802165985,4.121379149069071e-08,0.002506385324522853,8.707682718522847e-05,2.530203069284198e-08,5.040134283262887e-07,8.392139760893258e-11,4.140559042298264e-07,3.3915384278770944e-08,7.726112727368672e-08,0.027518346905708313,1.2163520295871422e-05,0.23595327138900757,0.1080198585987091,0.00028018924058414996,3.972803028773342e-07,2.2405949948733905e-06,1.1239069408475189e-07,1.7482467029594773e-08,9.711662585232261e-08,3.033861217804912e-10,3.2706324759601557e-07,2.0005354599561542e-05,4.932294905302115e-05,0.00047983237891457975,4.601650289259851e-05,0.0001419063628418371,1.0972070413117763e-05,7.204644498415291e-05,0.0003574009460862726,3.794169867177288e-09,5.342117219697684e-07,2.837359858176569e-08,1.9975965770413495e-08,0.0006163990474306047,1.2207075997139327e-05,9.124424832407385e-05,0.0003387110191397369,2.0825826396730918e-08,0.0017814745660871267,1.926134927998646e-06,7.754998478048947e-06,1.5215730854833964e-05,0.0007949760765768588,0.0026758818421512842,2.4430207190562214e-07,0.0011090581538155675,2.1749835923401406e-06,1.9371952930669067e-06,1.2779833014064934e-05,8.551467978179517e-09,0.030291786417365074,5.84338340559043e-06,7.664784362759747e-09,5.061448973719962e-05,8.490210348099936e-06,2.3283207895019586e-07,3.333192211130154e-08,1.640900518395938e-05,0.00013849965762346983,1.445569081104381e-10,1.727459857647773e-05,3.444501999183558e-07,1.5012890344223706e-06,5.772965039341216e-08,1.4585774010811292e-07,6.126310267973167e-07,4.010629254480591e-06,1.93853338714689e-06,0.00039250118425115943,0.0015440803254023194,5.744219015468843e-05,0.0001443655783077702,0.0005007085273973644,5.999316954330425e-08,1.592648686710163e-06,1.4770563211641274e-05,1.3966894584882539e-05,3.126219638716066e-08,0.0003259987279307097,4.1633168024191036e-08,9.441450288250053e-09,1.2010563210651526e-08,0.0003247996501158923,0.00041010312270373106,8.74628725000548e-08,6.617553935939213e-07,1.7212100829055998e-06,3.320215182611719e-05,8.613034151494503e-05,1.068365008904948e-06,0.0005141256260685623,7.81337803346105e-06,0.001277092844247818,1.9406030560276122e-08,2.4474129389773225e-08,1.0027585872762756e-08,6.256558293671333e-08,0.00019911945855710655,2.271843335677204e-08,1.7131136473835795e-06,5.176042577659246e-06,9.263716549412493e-08,2.656858487171121e-05,4.891088565273094e-07,5.321513754097396e-07
/users/PAS2099/jianyanggu/PlotDiversiVision/data/SCBI_008/SCBI_008_PlantDiversity_31_1_1_20150602-straightened.jpg,SCBI_008/SCBI_008_PlantDiversity_31_1_1_20150602-straightened.jpg,SCBI,2015,,SCBI_008,31_1_1,31,1,1,20150602,true,SCBI_008_PlantDiversity_31_1_1_20150602-straightened_r0_c2,3,0,2,1345,0,2017,526,164,4.5076990318193566e-07,1.045021463141893e-06,4.174726675465479e-10,0.002884003333747387,6.854570983705344e-06,1.517737899803251e-07,2.698041123849748e-09,3.3592335967114195e-05,1.0571058055575122e-06,2.511069214961026e-05,3.176916152369813e-06,0.00013607375149149448,1.061351451170367e-08,1.4132856449577957e-06,2.8211568192659797e-08,2.8353160814731382e-05,6.344761800392007e-07,0.00045678933383896947,3.893712374747338e-08,1.2287447503922522e-08,1.565069055686763e-06,1.016050532598456e-06,1.5649914075765992e-06,2.6677731511881575e-05,3.060783271280343e-08,1.1708914826158434e-05,1.9803201212198474e-06,4.975991618749731e-09,4.834187272706458e-09,1.5410367426582638e-10,3.296388995099875e-10,1.6205059694129886e-07,4.250384932902307e-08,4.189903535234407e-08,2.478075202816399e-07,1.6886042786268263e-08,2.0966126612620428e-05,0.0005102350260131061,0.0005566889885812998,3.348844620632008e-05,0.0008606525952927768,0.00011104448640253395,1.1919555618078448e-05,3.062726682401262e-05,7.274127411527331e-10,3.5764240458036056e-09,1.5819408361039677e-07,1.291920881385522e-07,0.0003085231001023203,2.606387816683764e-08,3.705588824232109e-05,1.6728851051084348e-06,8.118873573437213e-09,1.0592684951404863e-08,1.831983986733121e-08,1.1922590203994332e-07,2.281332989184648e-08,5.048994555778563e-09,0.003843459067866206,2.267459819904616e-08,8.088560207397677e-06,0.012716862373054028,2.6436368649740416e-09,3.6179881313103124e-09,6.475566610708583e-11,7.519487894569465e-07,1.3898878492568656e-08,3.63621044385809e-09,0.0001322080788668245,6.380009290296584e-05,0.6603268980979919,0.21914099156856537,1.0109669347002637e-05,6.2777774090250205e-09,3.4208067489771565e-09,2.7886574993640778e-11,1.8631472753494194e-10,8.594688294394359e-10,7.558296349907678e-11,5.301789940403978e-08,2.836203020706307e-05,1.943351207955857e-06,8.814551983959973e-05,8.219694791478105e-07,1.5696135960752144e-05,6.34900197837851e-06,5.911554694648657e-07,3.182254658895545e-05,1.3095495354775721e-08,2.2388835532183293e-06,2.141012922507457e-09,2.6067954905784063e-08,0.06381162256002426,4.945232649333775e-05,7.5032448876299895e-06,2.285901064169593e-05,4.619754534473941e-08,3.4387645428068936e-05,1.358905024062551e-06,7.941014700918458e-06,0.003737021703273058,7.192800694610924e-05,0.001010574633255601,7.925024192445562e-09,0.0006483920151367784,5.469568122862256e-07,3.4317256449867273e-06,2.208372734457953e-06,1.6627149657111318e-10,0.018678801134228706,1.8530636225477792e-07,9.047308457965642e-10,2.0721312466776e-05,2.944875916455203e-07,9.150717517059093e-08,1.4002540238422512e-09,3.711372755788034e-06,2.985186426940345e-07,8.900270386143216e-13,1.3596620647149393e-06,2.527537645846678e-08,7.187472874647938e-07,5.726356903323904e-06,2.1232203835097607e-06,1.587303358974168e-06,2.4339604351553135e-05,4.308483880777203e-08,3.6861447370029055e-06,8.144415005517658e-06,1.226629137818236e-06,3.7557801988441497e-06,1.082302969734883e-05,1.2217292066907248e-08,5.497011557054066e-07,4.00397539124242e-06,0.0001615552173461765,7.815469382776996e-10,2.025087997026276e-05,4.1776007719818153e-07,2.3628814460607828e-08,5.896927945947539e-10,8.800163868727395e-07,1.49128152315825e-06,4.3275063532632885e-09,2.5437101314196298e-08,6.024264394000056e-07,3.3718135910021374e-06,3.185533932992257e-05,2.9639320331398267e-08,7.882133104430977e-06,8.404636986369951e-08,0.00892642978578806,1.2394782977764862e-08,1.1560791435272222e-08,5.9826694709386175e-09,1.9714907484313926e-09,1.216415057569975e-06,1.1323440851640498e-08,5.580981451203115e-06,3.013311834365595e-05,1.2402351146079127e-08,0.00010015400039264932,7.803378387905013e-09,3.149664307144917e-09
/users/PAS2099/jianyanggu/PlotDiversiVision/data/SCBI_008/SCBI_008_PlantDiversity_31_1_1_20150602-straightened.jpg,SCBI_008/SCBI_008_PlantDiversity_31_1_1_20150602-straightened.jpg,SCBI,2015,,SCBI_008,31_1_1,31,1,1,20150602,true,SCBI_008_PlantDiversity_31_1_1_20150602-straightened_r1_c0,3,1,0,0,526,672,1053,164,5.250508934295794e-07,1.322952016380441e-06,9.257734490120129e-08,1.727029484754894e-05,6.286537245614454e-05,8.071325510172755e-07,4.838910161453214e-09,1.558592543915438e-06,0.0026569797191768885,1.7669387943897163e-06,3.5390240782362525e-07,0.0013178918743506074,7.391729894834498e-08,7.020013981673401e-06,1.492143963943704e-09,0.9746385812759399,1.3589470654551405e-05,9.862456499831751e-05,3.7576552358586923e-07,8.12932921689935e-06,6.11243649473181e-07,5.817157216370106e-05,7.306655606953427e-05,4.980387893738225e-05,1.485028072734096e-10,0.0002969970228150487,1.998511652345769e-05,1.1612863914933769e-07,1.37342340167379e-07,8.833147546738473e-09,2.063285720055319e-08,1.7072011360141914e-06,1.828828715133568e-07,1.972261816263199e-05,5.9521294133446645e-06,1.413555082763196e-06,1.4590389582735952e-05,0.00012665771646425128,1.2578757377923466e-05,9.560620128468145e-06,2.8682230549748056e-05,0.0037980577908456326,4.939331120112911e-05,1.8740434825303964e-05,6.490060711072942e-10,2.8026317266949263e-08,4.237921984895365e-06,0.0002445567224640399,0.0003652457089629024,2.1412363366835052e-06,2.0617075279005803e-05,4.275920673535438e-06,3.9650615235586884e-07,8.409058338543218e-09,1.6402592564190854e-06,4.394952313191425e-08,5.04757690578117e-06,5.689102636097232e-06,3.684993498609401e-05,1.0826078096215497e-06,0.001229779445566237,3.825139629043406e-06,1.041172978943905e-07,2.0083629351574928e-05,4.0331077366673185e-10,4.603837169270264e-06,1.1415392009439529e-07,7.339636454162246e-08,0.00026261137099936604,7.363930308201816e-06,0.0002334395539946854,0.0007799796294420958,7.767398346913978e-05,3.4094922739313915e-05,6.448789645219222e-05,1.1471879446389721e-07,5.959575233305259e-08,2.6775400328915566e-05,5.41590938762937e-10,1.185009296023054e-06,7.441847264999524e-05,1.8504507579564233e-06,0.0025567132979631424,3.25345786222897e-06,5.4190618357097264e-06,9.69367192737991e-06,2.3401362341246568e-05,6.242824383662082e-06,1.4597833342122613e-07,3.134053622488864e-05,3.3405328281332913e-08,1.2102445623440872e-07,0.001642221468500793,0.00010844441567314789,0.00013559804938267916,0.00010445480438647792,6.253833362279693e-07,0.000687059888150543,0.0006690991576761007,3.258538072259398e-06,0.00021508740610443056,2.3213140593725257e-05,2.0953173589077778e-05,7.920139978523366e-06,7.357167487498373e-05,1.0125762855750509e-05,8.849046025716234e-06,3.5247715004516067e-06,3.3106681840422425e-09,0.0009292144095525146,5.476817750604823e-05,5.9351377146299455e-09,9.450106153963134e-05,0.0001375496358377859,1.1780552995332982e-05,4.687267392000649e-06,0.00034450157545506954,8.843010436976328e-05,1.4879490972674603e-09,1.325396965512482e-06,1.2368157058517681e-06,1.9705602483099938e-07,2.8070735424989834e-07,5.6087205990706934e-08,4.3021128703912836e-07,1.4173771489822684e-07,0.0001437455357518047,5.194646632844524e-07,7.418403129122453e-06,5.920219905419799e-07,3.446919799898751e-05,5.670493555953726e-05,2.2185459158663434e-07,0.00041274557588621974,1.1084550351370126e-05,1.9209373931516893e-06,5.292630222974992e-10,3.6301611544331536e-05,4.5927666292300273e-07,8.444390431350257e-08,3.374923807086816e-08,5.414745828602463e-05,8.94799959496595e-05,9.48733216432629e-08,9.72551532640864e-08,7.075750909280032e-05,0.0018122759647667408,2.3756374503136612e-05,3.897562805832422e-07,5.2629071433329955e-05,3.514716445351951e-05,0.0006219488568603992,4.8016037368370235e-08,1.0753918644468285e-07,6.009571507092915e-08,5.304826800056617e-07,0.0011126332683488727,5.705527073018857e-08,4.460286163521232e-06,3.2404029752797214e-06,2.104633858834859e-05,0.00044224076555110514,4.0457183558828547e-07,1.263954345631646e-07
/users/PAS2099/jianyanggu/PlotDiversiVision/data/SCBI_008/SCBI_008_PlantDiversity_31_1_1_20150602-straightened.jpg,SCBI_008/SCBI_008_PlantDiversity_31_1_1_20150602-straightened.jpg,SCBI,2015,,SCBI_008,31_1_1,31,1,1,20150602,true,SCBI_008_PlantDiversity_31_1_1_20150602-straightened_r1_c1,3,1,1,672,526,1345,1053,164,1.2255401998118032e-05,8.474674541503191e-05,1.9260648187469087e-08,0.0011379504576325417,0.00022703729337081313,3.111904618435801e-07,2.435388637422875e-07,3.6228298995411023e-05,0.00031690282048657537,4.857100429944694e-05,8.451389703623136e-07,0.08180177956819534,1.506715079813148e-06,1.919012538564857e-05,2.001759469294484e-08,0.0018815528601408005,7.739387001493014e-06,0.00026970088947564363,2.76228973916659e-07,5.750762852585467e-07,5.153321581019554e-06,0.00012900812726002187,3.761518019018695e-05,0.00020105567818973213,2.5827715521842265e-09,0.000711910251993686,3.2744275813456625e-05,7.1544796753642e-08,1.1697520108100434e-07,2.184658143278284e-08,1.3556885392063123e-08,1.0645443580870051e-05,7.068002787491423e-07,2.6917348805000074e-05,8.683455234859139e-06,1.956211463038926e-06,0.00016036711167544127,0.0008836374036036432,0.00019787970813922584,7.755024853395298e-05,0.0002152844681404531,0.0013326846528798342,3.0468210752587765e-05,5.714576400350779e-05,5.129523028557514e-09,6.115116946148191e-08,1.9767590856645256e-05,5.8379438996780664e-05,0.0006876946426928043,3.3118598707915226e-07,0.0003368269535712898,1.620365583221428e-05,4.4789891262553283e-07,1.4293819461386192e-08,4.629762770491652e-06,1.97484268937842e-07,1.9253543541708495e-06,1.0494759408175014e-06,0.29289427399635315,5.739238076785114e-06,0.000846685899887234,5.591490844381042e-05,6.590813939055806e-08,2.421624776616227e-05,3.547250826407833e-10,2.2522825020132586e-05,1.4359902422711457e-07,3.124857173020246e-08,0.001174081931822002,0.00020975101506337523,0.058222074061632156,0.020352289080619812,0.002763117430731654,1.1551421266631223e-05,7.20887110219337e-05,6.160821897083224e-08,8.503774751034143e-08,1.0829019629454706e-05,2.387698483374834e-09,1.9759296264965087e-05,0.00010175837815040722,0.00022568160784430802,0.00020934893109370023,1.616377630853094e-05,0.00024184133508242667,0.00014806038234382868,9.268842404708266e-06,2.1811891201650724e-05,1.4896093603056215e-07,9.16278368094936e-05,2.985618152706593e-08,3.316436334444006e-07,0.006537321023643017,0.0012454631505534053,0.0014256119029596448,0.00018156523583456874,2.1138459942449117e-06,0.0008326566894538701,0.00038058741483837366,4.3471700337249786e-06,0.0015653461450710893,0.0004046451358590275,0.0024372150655835867,1.2201989193272311e-05,0.004297956358641386,6.106801265559625e-06,9.365949517814443e-05,2.0554414732032456e-05,1.2910730262660763e-08,0.011793208308517933,2.34161016123835e-05,3.951319982320456e-08,0.0015323315747082233,0.0001416682353010401,2.702115489228163e-05,2.825703688813519e-07,0.0004911770229227841,5.834604598931037e-05,1.690053652581014e-09,1.903105658129789e-05,4.5631172724824864e-06,2.8812503387598554e-06,1.3297379155119415e-05,3.293341706012143e-06,3.5346976801520213e-05,2.1786278011859395e-05,4.336853089625947e-05,1.1243658263992984e-05,0.00017120684788096696,0.0003865158942062408,0.0032622376456856728,0.002015457022935152,2.4777175440249266e-06,0.00020713817502837628,0.00013607481378130615,0.00025747311883606017,2.8472640911658686e-10,0.0003872449742630124,9.332308650300547e-07,1.1301095526050631e-07,2.4162781997461025e-08,0.00020822671649511904,0.00011148805060656741,4.6571937417638765e-09,3.7451897583196114e-08,0.00011661850294331089,0.0014016157947480679,0.00020459845836739987,7.192876978479035e-07,0.0013061107601970434,4.151327630097512e-06,0.4829857647418976,2.57683979043577e-07,2.657949607964838e-06,9.761874935065862e-07,1.688639349595178e-05,0.0021567996591329575,3.0106878767810485e-08,1.934099600475747e-06,3.064011025344371e-06,5.701593295270868e-07,0.0021254525054246187,5.356624114938313e-06,2.0824081730097532e-06
/users/PAS2099/jianyanggu/PlotDiversiVision/data/SCBI_008/SCBI_008_PlantDiversity_31_1_1_20150602-straightened.jpg,SCBI_008/SCBI_008_PlantDiversity_31_1_1_20150602-straightened.jpg,SCBI,2015,,SCBI_008,31_1_1,31,1,1,20150602,true,SCBI_008_PlantDiversity_31_1_1_20150602-straightened_r1_c2,3,1,2,1345,526,2017,1053,164,1.1865471378769143e-06,2.5621475288062356e-06,6.725465739876313e-10,6.218750058906153e-05,5.807331945106853e-06,2.8608005209207477e-07,3.4849638730349852e-09,7.057472976157442e-05,1.8109393522536266e-06,5.463230991153978e-06,1.8849968341783097e-07,0.003160372842103243,4.34094760137782e-09,2.772447442112025e-05,7.462071849317908e-09,1.3963466699351557e-05,6.0450770433817524e-06,7.765350346744526e-06,1.008219783216191e-07,7.190844826254761e-07,4.1573759546054134e-08,5.071724808658473e-05,1.6694232272129739e-06,6.605191174458014e-06,6.615689246425305e-11,1.8044150351670396e-07,8.495763381688448e-08,2.0424941737928748e-08,7.053499451181722e-10,2.3562987672143265e-10,9.203213191533166e-11,4.529466224312273e-08,1.6960992610393077e-08,1.5947971832019903e-08,2.5364633415847493e-07,7.381866851119412e-08,2.550524914113339e-05,4.8029483878053725e-05,1.0541464689595159e-05,4.144459126109723e-06,2.1170500986045226e-05,0.0017676088027656078,5.7571105571696535e-05,2.1504052710952237e-05,4.605990699957374e-09,1.601992138944297e-08,1.30818773413921e-06,2.6598135605127027e-07,2.2519468984683044e-05,1.9932636519115476e-07,8.263523341156542e-06,4.4857591774416505e-07,9.306810966336343e-08,8.287625585801095e-10,2.6806425523773214e-08,2.8564588916424327e-08,6.23482435457845e-07,2.086500394682389e-08,0.002025275258347392,2.1916859438420033e-08,1.0941544132947456e-05,2.481274350429885e-05,4.4839946866659375e-08,2.9683219437970365e-08,2.0269518702376033e-11,8.1163761933567e-06,2.1765554691910438e-08,7.111641275869829e-10,1.5224477465380915e-05,2.3344287001236808e-06,0.47927454113960266,0.4850054681301117,1.341045731351187e-06,4.3686757322802805e-08,2.018037150719465e-07,6.33386842974204e-10,1.94612992387988e-09,4.460111213688833e-08,3.242434792882776e-11,4.1280927121079e-08,3.323288183310069e-06,1.7969699683817453e-06,3.913013188139303e-06,6.015927169755741e-07,2.2147501113067847e-06,6.050106549082557e-06,1.6672212268531439e-06,6.016209226800129e-05,1.7682316055811498e-08,2.0209954243455286e-07,7.681250080437962e-10,4.0665270262252307e-08,0.006373470649123192,2.825468618539162e-05,0.001417012419551611,0.0028774423990398645,8.119651084825819e-08,0.00010668089089449495,2.1791747712995857e-06,3.523077339195879e-06,0.00015465947217307985,3.3420401450712234e-06,2.1115416529937647e-05,6.570478916501088e-08,8.37714924273314e-06,1.0071862561744638e-06,6.502762062154943e-06,3.2352630796594894e-07,1.3288264932853622e-10,0.00045469781616702676,2.05429429911419e-07,1.2335530374940618e-09,3.934387223125668e-06,2.5992017071985174e-06,6.602344456041465e-06,1.663243054395025e-08,8.781354154052678e-06,3.3020080536516616e-06,2.9023656308163615e-12,1.0597705113468692e-06,2.991088976500578e-08,4.955405188411532e-07,2.7881944220098376e-07,2.564433110308073e-08,3.849348786388873e-07,6.657195967818552e-07,5.296553595712794e-08,3.894623660016805e-05,1.994619560719002e-05,8.449452479908359e-07,2.533352017053403e-05,3.5775359719991684e-05,1.7984012501415236e-08,6.001231867003298e-08,2.1643441527885443e-07,2.5805011318880133e-05,2.8232957638429923e-10,3.712547595569049e-06,5.414096904132748e-08,7.915445188189096e-09,5.087545495996437e-09,5.5213495215866715e-06,1.8305674984731013e-06,1.0625504032191202e-08,1.4197249598169037e-08,2.1635280518239597e-06,7.223316970339511e-06,0.010207648389041424,6.16359443483816e-08,1.4331018064694945e-05,2.3462388298867154e-07,0.006211217027157545,5.192600571746198e-09,3.359777345224302e-09,7.186285344573662e-09,1.849743114235025e-08,2.937371164080105e-06,5.2358228863624845e-09,2.797441709390114e-07,3.0579733447666513e-06,5.25479171287202e-09,4.057871046825312e-05,7.915117095080859e-08,1.4017135008259629e-08
/users/PAS2099/jianyanggu/PlotDiversiVision/data/SCBI_008/SCBI_008_PlantDiversity_31_1_1_20150602-straightened.jpg,SCBI_008/SCBI_008_PlantDiversity_31_1_1_20150602-straightened.jpg,SCBI,2015,,SCBI_008,31_1_1,31,1,1,20150602,true,SCBI_008_PlantDiversity_31_1_1_20150602-straightened_r2_c0,3,2,0,0,1053,672,1579,164,2.5890913093462586e-06,1.5076831004989799e-05,2.5461190933384614e-09,0.00016215676441788673,2.7397221856517717e-05,2.965508656416205e-07,2.0106082132542724e-08,3.332141932332888e-05,8.900005923351273e-06,3.4243278150825063e-06,6.022984280207311e-07,0.0003651165752671659,2.2375273545094387e-07,3.4084544040524634e-06,2.322012981892385e-08,8.415434422204271e-06,2.383071517897406e-07,2.4458393454551697e-05,2.1070520972443774e-07,3.5346437243788387e-07,4.830603188565874e-07,5.36039297003299e-05,6.048798240954056e-06,6.929295977897709e-06,7.168908133792229e-09,4.5235909055918455e-05,8.507064421792165e-07,4.759173055646215e-09,3.6944349801615317e-09,1.1093720386767814e-09,2.8530619533562174e-10,5.227429866749844e-08,1.6796375845729017e-08,4.0812201973494666e-07,1.426965923201351e-06,1.53318936213509e-07,0.00016945462266448885,0.00036732107400894165,0.0003040277224499732,1.3901619240641594e-05,3.2448988349642605e-05,9.744778799358755e-05,7.2860643740568776e-06,5.44009117220412e-06,2.9796007883220454e-09,5.804229985528764e-09,3.288049265393056e-05,2.347353074583225e-06,8.308607903018128e-06,4.901735337625723e-07,1.347401394014014e-05,3.201311301381793e-06,1.1027657365048071e-07,6.468022784034133e-10,2.5557653771102196e-07,4.945626486119181e-08,1.0756023982594343e-07,3.981266516461801e-08,0.00011339902994222939,2.0020831925648963e-07,1.5043509847600944e-05,6.2909552980272565e-06,1.3812100352339485e-09,3.0851592214276025e-07,3.8645739386389266e-11,3.6979513424739707e-06,1.0988562593183815e-07,9.535771061663922e-10,5.577201955020428e-05,7.24231285857968e-05,0.5077219605445862,0.4831317961215973,7.809950147930067e-06,1.6650123143335804e-05,2.143005076504778e-05,1.7677761832146643e-07,3.1190262461677776e-07,8.640446321805939e-05,1.5028731037425302e-10,5.160993410413539e-08,1.3234988500698819e-06,1.4723075310030254e-06,5.504198998096399e-05,1.8529588530213914e-08,1.606224145689339e-06,1.4798422853345983e-05,3.127378249700996e-07,4.721714140032418e-05,1.4124719172059486e-08,6.1685004766331986e-06,5.884353893037542e-09,4.845811076847895e-07,0.0012041789013892412,3.356291199452244e-05,7.938301132526249e-05,3.120755354757421e-05,1.437115031421854e-07,8.970460839918815e-06,0.0001327874488197267,8.802518891570799e-08,0.0003212716546840966,1.7353988368995488e-05,5.876469731447287e-05,8.878604376150179e-07,0.0004337951249908656,2.7237369067734107e-05,4.540686859400012e-06,1.9505575892253546e-06,8.184178890147109e-10,0.00017200893489643931,1.1853639989567455e-05,2.9731401784971467e-09,2.1024204670538893e-06,3.691508254632936e-07,1.5302510973924655e-06,2.3378970581688918e-07,9.954766937880777e-06,7.137207944651891e-07,6.3461323869529185e-12,3.068000751227373e-07,5.455115569930058e-06,3.9822558051128e-07,1.1039153378078481e-06,1.367595672263633e-07,3.981344320891367e-07,8.576627408274362e-08,2.269082642669673e-06,1.3845098692399915e-05,3.52351380570326e-05,3.9128519802034134e-07,6.458888492488768e-06,7.172119239839958e-06,6.466256081694155e-07,1.568171512644767e-07,1.8855037069442915e-06,4.475955392990727e-06,1.3390102915344926e-10,1.663038165133912e-05,4.015081458419445e-07,2.7082643683229435e-08,1.9025240050041248e-08,6.936857062100898e-07,2.2030057778010814e-07,1.3080626581896126e-09,3.136683801585605e-08,0.0013523153029382229,0.0010331999510526657,1.3545546607929282e-05,1.662345283648392e-07,7.192863267846406e-05,6.1428108892869204e-06,0.0016011917032301426,3.825241012833658e-09,5.3394661136962895e-08,1.0489480217756864e-07,8.614203039769563e-08,3.0854903343424667e-06,2.139994625949271e-09,6.93444590638137e-08,7.9455602985945e-08,1.6446729205199517e-05,3.4253225749125704e-05,1.194847186525294e-06,4.266831865606946e-07
/users/PAS2099/jianyanggu/PlotDiversiVision/data/SCBI_008/SCBI_008_PlantDiversity_31_1_1_20150602-straightened.jpg,SCBI_008/SCBI_008_PlantDiversity_31_1_1_20150602-straightened.jpg,SCBI,2015,,SCBI_008,31_1_1,31,1,1,20150602,true,SCBI_008_PlantDiversity_31_1_1_20150602-straightened_r2_c1,3,2,1,672,1053,1345,1579,164,0.0008421363891102374,0.003916195128113031,1.2638894375527343e-08,0.003701193956658244,0.0014534834772348404,2.2691388949169777e-05,2.7389694068347126e-08,0.00021706701954826713,0.0017737399321049452,1.2225500540807843e-05,2.69210049737012e-05,0.15597067773342133,1.5429495761054568e-06,0.00035714657860808074,2.0661186539427945e-08,0.032172128558158875,4.868408359470777e-05,0.0009813325013965368,1.8266669940203428e-05,2.131398650817573e-05,3.135925680908258e-06,0.002257873071357608,0.0017396318726241589,0.00010845172073459253,3.983411822616745e-09,0.0016316415276378393,0.0002606449415907264,1.1555446377542467e-07,6.2911766463003e-07,2.640993557179172e-08,1.3294608436353883e-07,9.473297723161522e-06,6.672518679806672e-07,0.00048771477304399014,1.4076082152314484e-05,3.2794339404063066e-06,0.0011432484025135636,0.025290368124842644,0.009493752382695675,0.002727486426010728,0.005138206761330366,0.004526087082922459,0.0002983206359203905,0.0010394792770966887,2.295025325338429e-08,7.170484082053008e-07,4.120825178688392e-05,0.00028432527324184775,0.0007316216942854226,2.225860043836292e-06,0.0005331668653525412,0.00022473283752333373,1.1866232853208203e-05,9.972330161645004e-08,6.7548594415711705e-06,1.2711967656287015e-06,9.997522283811122e-05,2.278689316881355e-05,0.011078423820436,7.881882083893288e-06,0.020974932238459587,0.00019533174054231495,7.366562385868747e-06,0.0005975287058390677,5.808756142755556e-09,0.0001830958208302036,6.334931157425672e-08,2.0344367612779024e-07,0.004644958768039942,2.0315152141847648e-05,0.05629737675189972,0.0578412264585495,0.01111906860023737,0.0007765940972603858,0.02973143570125103,1.8048483980237506e-05,9.520321327727288e-06,0.006435567047446966,9.486636827205075e-07,0.03891224414110184,0.0006189139094203711,0.0025530457496643066,0.001091378042474389,0.00017735562869347632,8.28122065286152e-05,0.0020823844242841005,8.267459634225816e-05,0.0005496382946148515,5.124496965436265e-06,6.6146890276286285e-06,1.8178576510763378e-07,4.31723265137407e-07,0.007243932690471411,0.13583780825138092,0.005885502323508263,0.0037544916849583387,9.542354746372439e-06,0.05688021704554558,0.0012296559289097786,3.6913341318722814e-05,0.00164840801153332,0.0070191859267652035,0.018213607370853424,0.0002421151293674484,0.026293810456991196,0.0007892510620877147,0.0002491326304152608,0.0001578324445290491,9.692134739225367e-08,0.0018402793211862445,0.004347717389464378,4.623452980467846e-07,0.0190045777708292,0.000927230401430279,0.00013716905959881842,2.4341985408682376e-05,0.001362019102089107,0.0011147985933348536,3.8082589526311494e-07,0.0007040930795483291,6.629976269323379e-05,2.635239980008919e-06,0.0002152907254640013,6.91800523782149e-05,8.011048339540139e-05,0.0001242911966983229,0.033514779061079025,3.412311343709007e-05,0.0001140490421676077,2.141921140719205e-05,0.0009406185708940029,0.0003556456358637661,2.9433797408273676e-06,0.002034130273386836,0.017229173332452774,0.027984919026494026,6.694999665768364e-09,0.003898815019056201,9.733864317240659e-06,1.0251242201775312e-06,8.459633704660519e-07,0.0009776185033842921,0.0009929834632202983,4.858663373852323e-07,1.3558592399931513e-05,0.0007281135767698288,0.015446840785443783,0.00042637361912056804,7.612531135237077e-06,0.031180156394839287,0.0012681861408054829,0.04315086454153061,8.179547705822188e-08,6.2633785091747995e-06,8.211444765038323e-06,2.6697549401433207e-05,0.01630864478647709,7.789219580445206e-07,1.0150578418688383e-05,1.550739398226142e-05,6.83560865581967e-05,0.0019310696516186,1.7974202819459606e-06,3.3371424024153384e-07
/users/PAS2099/jianyanggu/PlotDiversiVision/data/SCBI_008/SCBI_008_PlantDiversity_31_1_1_20150602-straightened.jpg,SCBI_008/SCBI_008_PlantDiversity_31_1_1_20150602-straightened.jpg,SCBI,2015,,SCBI_008,31_1_1,31,1,1,20150602,true,SCBI_008_PlantDiversity_31_1_1_20150602-straightened_r2_c2,3,2,2,1345,1053,2017,1579,164,3.7739275171588815e-07,4.528966201178264e-06,6.095865479061047e-10,0.00044977731886319816,4.875618287769612e-06,4.856380630968715e-09,2.739198645684837e-09,3.4401644370518625e-05,4.818280672225228e-07,2.4234409465861972e-06,1.5299434608095908e-07,0.0007592239999212325,3.772644419086646e-08,2.845442395482678e-06,3.1701405944772887e-09,1.2035367035423405e-05,8.625040095466829e-07,3.678445136756636e-05,1.365069302039501e-08,6.042226718960819e-09,7.02321401035988e-08,8.64843173076224e-07,6.852678211544116e-07,2.0162510736554395e-06,7.401364521264497e-10,5.05277330375975e-06,1.8197383155893476e-07,1.5846123024854109e-10,1.2275199745559462e-09,2.7470125132933454e-11,5.4894713774622517e-11,1.2330727550136089e-08,1.2155954021153548e-09,6.097359772638811e-08,3.630221101502684e-08,1.4457493868746951e-08,1.2066627277818043e-05,0.00036547950003296137,0.00014500771067105234,3.6743356758961454e-05,8.494633948430419e-05,5.138454980624374e-06,2.6201446416962426e-06,7.349834959313739e-06,2.2228012486191773e-10,1.0356968616065387e-08,4.4330011661486424e-08,6.972653920911398e-08,0.00019559574138838798,1.6241919809090177e-08,2.6686760975280777e-05,1.9606682144512888e-07,9.95104221246379e-10,3.36120825616959e-10,6.699881982541456e-09,5.3225960527925054e-08,1.0667330485603088e-07,1.6321482831926915e-08,0.0034761817660182714,3.530562286968575e-09,1.5601561244693585e-05,7.037840987322852e-05,2.2104571506531556e-09,3.780465718250525e-09,2.063807978680554e-11,1.007515720630181e-06,1.7213809266891644e-09,1.8989287919879416e-10,0.00014700499013997614,8.135712050716393e-06,0.8763231039047241,0.09039090573787689,6.147439307824243e-06,6.051868783885084e-09,1.2843613284019284e-08,4.187833413382691e-10,4.780467133258526e-10,3.226678257917115e-09,1.3280189448128255e-11,2.833340673191742e-08,1.976618904109273e-07,8.274204787994677e-07,8.422385690209921e-06,2.0074932649549737e-07,1.3802828107145615e-05,4.9889181354956236e-06,2.215618678746978e-06,1.5922267266432755e-05,1.3879677407402369e-09,8.548224172955088e-08,3.084265065567138e-10,5.175588402295261e-09,0.003019467694684863,8.894832717487589e-05,5.599784344667569e-06,1.8398988686385565e-05,1.7217617331866109e-09,2.4781222236924805e-05,8.444546892860672e-07,1.1968836588494014e-06,0.00019368900393601507,3.428596392041072e-05,0.0003257121134083718,5.9525262940951507e-08,0.00010092785669257864,6.186936047924974e-07,4.957669261784758e-07,5.121586127643241e-06,8.717175592476423e-11,0.00030060543213039637,1.346574975968906e-07,4.259433084019548e-10,1.127190171246184e-05,2.478006138062483e-07,1.568640755067463e-07,3.5183933544402635e-10,2.2866563540446805e-06,7.908865882200189e-07,9.969530626388612e-13,6.19383115463279e-07,8.187823397065586e-08,2.5583349838598224e-07,9.50362732510257e-07,1.261540433006303e-06,2.5040537821041653e-06,2.7090566163678886e-06,2.048742686611149e-08,1.3847339687345084e-05,5.00305941386614e-06,3.0737473935005255e-06,1.9852116110996576e-06,6.9258985604392365e-06,2.5823363003496524e-08,2.2677785693758779e-07,3.4269581306034524e-07,6.435316754505038e-05,4.133030376274327e-11,1.3742933333560359e-05,6.48167031158664e-09,5.941947489596089e-10,1.681831479638518e-10,2.865572241717018e-06,9.66954075920512e-07,2.217297678797081e-09,2.8402556750961594e-08,1.217527341168534e-07,1.4322416745926603e-06,6.2516833168047015e-06,1.679909544805014e-08,2.7674996090354398e-05,1.2725453757411742e-07,0.022998705506324768,6.699625743067372e-09,4.835491562715788e-09,2.2515707076564695e-09,8.252603933556202e-09,3.0733369840163505e-06,1.6942409697406902e-09,7.159275838830581e-08,1.831493818826857e-07,7.839228710615487e-10,1.970206903934013e-05,3.952127070050437e-09,1.0820806473077482e-09
/users/PAS2099/jianyanggu/PlotDiversiVision/data/SCBI_008/SCBI_008_PlantDiversity_31_1_4_20150602-straightened.jpg,SCBI_008/SCBI_008_PlantDiversity_31_1_4_20150602-straightened.jpg,SCBI,2015,,SCBI_008,31_1_4,31,1,4,20150602,true,SCBI_008_PlantDiversity_31_1_4_20150602-straightened_r0_c0,3,0,0,0,0,499,504,164,3.364023939411709e-07,2.3077325295162154e-06,8.20682619084856e-11,0.00011756847379729152,4.793041625816841e-06,1.374627434103104e-08,1.026751350607924e-09,1.4191146874509286e-05,2.271649748308846e-07,3.814893716480583e-06,1.8733533835302296e-08,0.0004769681836478412,4.771726125341047e-09,1.8712637029238977e-05,4.5680853544283195e-10,5.1306028581166174e-06,1.401457552674401e-06,2.2676520529785194e-05,9.755602548011666e-09,1.4460590058718026e-08,2.4553573396701722e-08,2.9946411359560443e-06,2.9238077559057274e-07,1.5555801837763283e-06,5.784916295992204e-11,1.6948325765042682e-06,8.121323844534345e-07,4.466285119519853e-10,6.071688929409902e-09,1.07749198452467e-10,2.6371468897501416e-10,6.413543474081962e-09,1.7849829392346805e-09,2.833818939507182e-07,7.299119175740998e-08,1.7968369903087478e-08,1.149584750237409e-05,0.0008223935146816075,0.0004280998546164483,0.00010438106255605817,0.00013759943249169737,5.158548901817994e-06,7.024215847195592e-06,6.554661013069563e-06,1.170302743602747e-10,1.0872041045217884e-08,4.924100949210697e-08,6.767702132037812e-08,2.0140776541666128e-05,4.007511655856888e-09,2.68469793809345e-05,2.53286515317086e-07,4.331070613261545e-09,2.8925301043258855e-10,7.316705463722428e-09,3.327634345851038e-08,1.0210338352578674e-08,4.763287542175476e-09,0.00044959053047932684,1.3503557383387488e-08,1.1042972801078577e-05,4.735035327030346e-05,1.0383834236904477e-08,6.5728289477817725e-09,3.1637598790767996e-11,6.283529501160956e-07,1.0887557522210045e-09,8.426352671175863e-11,2.4751852834015153e-05,5.814666565129301e-06,0.6441153287887573,0.3422175943851471,3.452298415140831e-06,2.424308931381347e-08,1.3426209477529483e-07,9.843332815506756e-10,9.04009256341709e-10,2.9396309386697794e-08,3.8272884861356715e-11,3.1456174554023164e-08,2.774146423689672e-07,2.831691745086573e-06,9.886214684229344e-06,2.325049131002288e-08,1.621699311726843e-06,1.092764887289377e-05,1.3695876077690627e-07,5.014030830352567e-05,2.4111741492305327e-09,9.512403664757585e-08,1.235878621663744e-10,7.152832992574076e-09,0.005419232416898012,3.0035093004698865e-05,3.648399115263601e-06,9.961587238649372e-06,2.964256617943306e-09,2.4724766262806952e-05,1.6163817235792521e-06,1.603704191666111e-07,0.000833638128824532,7.719596396782435e-06,2.9662533052032813e-05,1.1737158445157547e-07,0.0002599569852463901,1.6689067479092046e-06,7.045331358312978e-07,3.7737438560725423e-06,4.8759433990408496e-11,4.940534199704416e-05,1.6828101934152073e-07,8.625585662391799e-11,4.841647751163691e-06,5.597862013928534e-07,1.2057976164214779e-06,8.367104342710263e-09,5.151116056367755e-06,4.671554165724956e-07,2.485555814987772e-12,2.3157120665473485e-07,8.471806367538193e-09,3.7660049656551564e-07,1.4613037535582407e-07,2.754962125095517e-08,2.0364646502457617e-07,6.710810396270972e-08,7.675103574911191e-08,6.398793630069122e-06,8.847994649840984e-06,1.6626286196697038e-06,2.7936030164710246e-06,1.4880924936733209e-06,1.692653484042239e-08,2.859566166080185e-07,5.152626272320049e-07,1.5050257388793398e-05,7.130704360314155e-11,8.68185395574983e-07,4.4466546000876406e-08,1.217443035272936e-09,1.2810926763862085e-09,5.291242359817261e-07,3.0388642358047946e-07,9.527320044000476e-10,7.543234481488525e-09,4.232279593452404e-07,4.242141585564241e-06,3.0071648779994575e-06,1.4615650023586113e-08,1.6684938600519672e-05,6.678937580772981e-08,0.0038615914527326822,4.620542171096531e-09,5.91759130585956e-09,4.537918929514717e-09,8.213161706294159e-09,6.23941696176189e-06,2.524846109963619e-09,1.0377702608366235e-07,2.068494922013997e-07,1.889709944080664e-09,0.00018109333177562803,4.292745714451485e-09,4.630176242415018e-09
/users/PAS2099/jianyanggu/PlotDiversiVision/data/SCBI_008/SCBI_008_PlantDiversity_31_1_4_20150602-straightened.jpg,SCBI_008/SCBI_008_PlantDiversity_31_1_4_20150602-straightened.jpg,SCBI,2015,,SCBI_008,31_1_4,31,1,4,20150602,true,SCBI_008_PlantDiversity_31_1_4_20150602-straightened_r0_c1,3,0,1,499,0,998,504,164,8.757913860790723e-07,5.715061433875235e-06,1.0780505377283589e-08,0.00012264637916814536,5.416841304395348e-05,2.369421423509266e-07,3.632599288039273e-08,6.43319872324355e-05,2.481297815393191e-05,1.1275845281488728e-05,5.965433729215874e-07,0.013591277413070202,1.1407182398670557e-07,2.631893403304275e-05,8.475833368493113e-09,0.00027379486709833145,9.400642738910392e-06,1.004548539640382e-05,1.0533030803117072e-07,2.757082597781846e-07,7.807447559571301e-07,2.5307956548203947e-06,3.5497403132467298e-06,1.5521523891948164e-05,5.082954057655797e-10,3.1592418963555247e-05,1.2090428072042414e-06,2.5482400189957843e-08,2.1673045580428152e-08,9.95391546965152e-10,2.1155963647601084e-09,2.2588571368942212e-07,1.2383041791963478e-07,3.8599131357841543e-07,6.649516990364646e-07,2.8144873454039043e-07,1.1642836398095824e-05,0.0003990003315266222,7.808974623912945e-05,1.9251963749411516e-05,3.736339567694813e-05,9.425819735042751e-05,3.7313828215701506e-05,4.650303890230134e-05,6.615477055049723e-10,1.0459676502705406e-07,9.219199910148745e-07,2.9672999062313465e-06,5.311097629601136e-05,1.2044343122852297e-07,1.782527397153899e-05,2.4542882783862296e-06,5.6987719432299855e-08,1.2302514562634315e-09,1.2478400890358898e-07,2.400206255970261e-07,2.5367883154103765e-06,1.924328074665027e-07,0.01653514988720417,1.2379545921703539e-07,7.071472646202892e-05,6.503790245915297e-06,4.985901114196167e-08,8.372878141926776e-07,1.776759156468799e-10,1.3573840078606736e-06,5.137659897513913e-08,3.530316039501713e-09,0.000414757028920576,1.339310529147042e-05,0.012843441218137741,0.0026486958377063274,8.552696817787364e-05,2.445119662297657e-07,1.3262082347864634e-06,7.259782996982267e-09,3.58600793504138e-08,4.652836764762469e-07,3.6791189539364666e-10,8.513658826814208e-07,1.5502175301662646e-05,8.377260201086756e-06,2.77947292488534e-05,2.455618187013897e-06,3.40244296239689e-05,5.793316813651472e-05,2.198499714722857e-06,2.2631460524280556e-05,2.607575311230903e-08,1.248331273018266e-06,1.0297627639488383e-08,5.8819580317504006e-08,0.0001454202429158613,9.670056169852614e-05,0.00034203901304863393,0.0001996565260924399,1.842142154373505e-07,0.0004343616310507059,2.202832547482103e-05,5.066896392236231e-06,1.6345289623131976e-05,0.0002648512599989772,0.0008856465574353933,5.300203156366479e-07,0.0001679776469245553,9.203949957736768e-07,1.268948290089611e-05,8.820918992569204e-06,3.3314124792127586e-09,0.001068815472535789,3.3680651085887803e-06,1.3765293349621288e-09,4.1533628973411396e-05,1.9989649445051327e-05,4.931391686113784e-06,5.1491181096707805e-08,0.00010788714280351996,1.916264955070801e-05,5.701875638308707e-10,1.1823607337646536e-06,3.917468802683288e-07,3.232098322314414e-07,7.898033231867885e-07,1.644872895667504e-07,2.2757064925826853e-06,8.384832312913204e-07,1.1796261105700978e-06,1.1334410373819992e-05,5.3594139899360016e-05,4.5193843106972054e-05,0.00019460490148048848,0.0001530568697489798,1.4761371858185157e-07,7.167199328250717e-06,3.6963172078685602e-06,1.55047164298594e-05,8.16995915364771e-10,1.1517029633978382e-05,2.22059739485303e-08,6.369257565808084e-09,6.72830324788265e-09,1.1409108992666006e-05,1.8897178961196914e-05,1.0462065880290083e-08,3.2716929609932777e-08,2.804382575050113e-06,2.4734539692872204e-05,8.290886034956202e-05,3.428811226058315e-07,0.00011610066576395184,4.2098747599084163e-07,0.947450578212738,1.0763088909016005e-07,1.3525917097467755e-07,7.770659493644416e-08,1.8908779111370677e-06,5.138784763403237e-05,1.4924090407930635e-08,3.660059064714005e-07,1.0246071724395733e-06,1.2636521162789904e-08,1.1556374374777079e-05,1.966696032695836e-07,4.038722423160834e-08
/users/PAS2099/jianyanggu/PlotDiversiVision/data/SCBI_008/SCBI_008_PlantDiversity_31_1_4_20150602-straightened.jpg,SCBI_008/SCBI_008_PlantDiversity_31_1_4_20150602-straightened.jpg,SCBI,2015,,SCBI_008,31_1_4,31,1,4,20150602,true,SCBI_008_PlantDiversity_31_1_4_20150602-straightened_r0_c2,3,0,2,998,0,1497,504,164,1.7680827113508713e-06,1.1173641496498021e-06,1.475298216924159e-09,0.00012889478239230812,2.2765951143810526e-05,7.984588137333049e-07,3.292904393603635e-09,0.00016684933507349342,1.0417009434604552e-05,6.665170076303184e-06,1.5124712717806688e-06,0.000213939871173352,1.2224220746759329e-08,1.3236274753580801e-05,1.4312778739977716e-09,3.141686102026142e-05,2.8090207706554793e-06,2.3332784621743485e-05,2.583036007308692e-07,8.314511887874687e-07,8.414992294092372e-07,5.126588348502992e-06,1.694812635832932e-05,3.4158143535023555e-05,9.530038980187783e-10,6.425131232390413e-06,1.4863949218124617e-06,3.083536315173774e-09,4.583706747496308e-09,1.3767502415884536e-10,5.577769357500983e-10,1.1446461556374743e-08,1.289077911081904e-08,6.238599326024996e-07,5.663865181304573e-07,2.069061508791492e-07,4.13140187447425e-05,0.0019768334459513426,0.0005450239987112582,9.015966497827321e-05,0.000187522207852453,2.575787038949784e-05,8.876994797901716e-06,0.00044900228385813534,5.803617142419171e-09,5.383545165216219e-09,5.408086281022406e-07,5.158604380994802e-06,5.474095087265596e-05,3.0594495115110476e-07,4.308911593398079e-05,1.3002207879253547e-06,7.22178512546634e-08,1.1596197779795148e-08,5.271833458664332e-08,1.6780268197180703e-07,1.044082935663937e-07,5.928322011072851e-08,7.252440991578624e-05,5.0381387950437784e-08,6.231776296772296e-06,3.9339189243037254e-05,4.709516687739779e-08,7.72694761508319e-08,2.852773350880966e-09,2.0956402124738815e-07,2.212212102392641e-08,5.587035722953715e-09,6.219738133950159e-05,1.3745182513957843e-05,0.47110605239868164,0.5212520956993103,9.421221875527408e-06,6.216790779944859e-07,7.094545253494289e-07,3.1129059330226028e-09,1.7403372964963637e-08,2.2478305083950545e-07,9.852378912711401e-10,1.5093523586529045e-07,3.911426119884709e-06,2.2325436930259457e-06,7.760280277580023e-05,8.995992573090916e-08,9.966406651074067e-06,6.838554691057652e-05,5.005364869248297e-07,0.0004997836076654494,8.094652770296307e-08,4.895761662737641e-07,4.871389513994018e-09,2.119332123129425e-07,0.0002902783453464508,0.0001330045924987644,2.7563097319216467e-05,7.170572644099593e-05,2.436285910789593e-07,1.6878189853741787e-05,4.6231725718826056e-06,4.637373876903439e-06,0.00015525156049989164,6.196435424499214e-05,0.00014503533020615578,1.1671432957882644e-06,0.000376224605133757,2.4853056856954936e-06,3.392270400581765e-06,2.8428376026568003e-06,3.884017996114153e-09,0.0002686520747374743,4.257393356965622e-06,6.915088057724006e-09,1.3402061085798778e-05,3.788800086113042e-06,2.2918950435268926e-06,1.5072744830035845e-08,1.437754417565884e-05,6.95849576004548e-06,7.360503873066193e-11,8.72690634423634e-07,8.362575272258255e-07,3.908234702976188e-06,5.22074401487771e-07,1.0741932499058748e-07,4.799201178684598e-07,3.267406896156899e-07,1.2143872254455346e-06,0.00042988493805751204,7.608092710142955e-05,2.6793538836500375e-06,7.403523341054097e-06,5.215809323999565e-06,9.037474058004591e-08,3.1506738196185324e-06,1.960145027624094e-06,6.391177066689124e-06,4.731789626788441e-09,7.760956577840261e-06,1.7112469663516094e-07,1.1744130112845141e-08,2.767863982455765e-08,3.5931900583818788e-06,3.3215858366020257e-06,2.4055967884351048e-08,3.439567919372166e-08,3.881046723108739e-06,3.4297706861252664e-06,2.6299887394998223e-05,1.1120481957505035e-07,4.3365151213947684e-05,5.477933768816001e-07,0.00036248305696062744,7.147239955429541e-08,2.2269276200859167e-08,1.489521821440576e-07,7.236705101831831e-08,2.512081482564099e-05,6.394852647417792e-08,1.3318471019374556e-06,5.129249075253028e-06,4.574942238377844e-07,9.319313903688453e-06,6.447593818847963e-07,8.152664321414704e-08
/users/PAS2099/jianyanggu/PlotDiversiVision/data/SCBI_008/SCBI_008_PlantDiversity_31_1_4_20150602-straightened.jpg,SCBI_008/SCBI_008_PlantDiversity_31_1_4_20150602-straightened.jpg,SCBI,2015,,SCBI_008,31_1_4,31,1,4,20150602,true,SCBI_008_PlantDiversity_31_1_4_20150602-straightened_r1_c0,3,1,0,0,504,499,1009,164,5.326120913196064e-07,1.4376852277564467e-06,1.9591603006574587e-08,3.3193884974025423e-06,1.3798315876556444e-06,6.22408776962402e-07,2.2403861876796327e-08,1.1638201158348238e-06,2.176193902414525e-06,7.1485978878627066e-06,2.9451454608420136e-08,6.289994780672714e-05,5.887538900850586e-09,3.7903853808529675e-05,3.506355206184253e-09,1.8519996956456453e-05,5.443720965558896e-06,3.263976623202325e-06,7.857242678710463e-08,1.3550907169701532e-06,2.54889851447615e-08,0.0010407747467979789,7.724873967163148e-07,2.8064450816600583e-06,1.025762141892983e-09,5.436224270738421e-08,2.7010420922124467e-07,8.049000577159404e-09,6.159784349257791e-10,5.474322106735485e-10,2.4734450598806745e-10,2.8201361246260603e-08,2.654988762174071e-08,5.468859143320515e-08,5.551233925871202e-07,2.3789738179402775e-07,4.6239070798037574e-05,2.8026059226249345e-05,2.3986409360077232e-05,1.849746467996738e-06,8.365372195839882e-06,0.7130721807479858,0.02692643739283085,2.9115599318174645e-05,6.327042889608947e-09,9.514873333671403e-10,2.2524014298141992e-07,1.688515993691908e-07,3.196454417775385e-05,1.5447075156771461e-06,3.132860365440138e-05,4.3348965306222453e-08,9.270069156741556e-09,1.4781516011197482e-09,1.2246790248582329e-08,8.995868050476474e-09,6.715866902595735e-07,5.244564604822699e-08,3.697626743814908e-05,4.583159096682721e-08,1.2109439012419898e-05,0.0009354460635222495,2.0389134824938537e-09,1.1409130706852011e-07,8.374737708871649e-11,0.00039613209082745016,1.0145366786673549e-06,9.857408400648637e-08,5.374477041186765e-05,2.7146177671966143e-05,0.005295217502862215,0.004823447670787573,3.190995130353258e-06,5.12818019160477e-07,3.4265588055859553e-07,1.8799399537083872e-10,1.0470000866291684e-08,3.2112396297634405e-07,3.986134772954175e-12,4.76031436491553e-09,1.2837923350161873e-05,2.410766910543316e-06,8.358454215340316e-05,6.651993089690222e-08,2.3746151782688685e-05,1.1769151569751557e-05,1.6532765130250482e-06,1.497862467658706e-05,1.2464545307011576e-07,6.100979135226225e-07,6.110965955485881e-09,3.268146997470467e-08,0.21068404614925385,1.044592045218451e-05,0.00024167819356080145,0.00023591409262735397,6.731072943466643e-08,0.0003680151130538434,1.6546645156267914e-06,2.5749179258127697e-05,0.0319681316614151,1.3454483678287943e-06,4.560004526865669e-06,3.075156485010666e-08,5.890828560950467e-06,3.9018668758217245e-06,2.6121564587811008e-05,5.555616411356823e-08,5.734545616142839e-10,6.24971798970364e-05,1.2514141189967631e-07,1.1646799080722303e-09,2.652916236911551e-06,9.678192327555735e-07,2.4214953100454295e-06,1.9859097477592513e-08,6.416354881366715e-05,1.1371687833161559e-05,1.1941558852868184e-10,8.351369729098224e-07,1.0936695105101535e-08,3.084124909946695e-05,6.03231626428169e-07,1.86725657158604e-07,9.883657412501634e-07,1.0609484206725028e-06,1.996491789668653e-07,7.659736183995847e-06,0.0002943736326415092,7.520754365941684e-07,5.3570172894978896e-05,2.040582876361441e-05,1.4473197040842933e-07,3.413890112824447e-07,9.998293535318226e-07,0.000983778154477477,1.5097388617046903e-10,2.9547459234890994e-07,3.5621874872049375e-07,1.563272178373154e-08,7.181466976646789e-09,6.412855145754293e-05,9.271179806091823e-06,1.379199403572784e-07,1.9245244686771912e-07,3.6494752748694737e-06,3.6989105865359306e-05,5.8667683333624154e-05,8.327820211206927e-09,2.9277302928676363e-06,1.066926643034094e-06,0.001023810706101358,8.23051582443668e-09,1.2317348918600146e-08,6.970454435872853e-09,3.169227102972627e-09,5.290562512527686e-07,5.2942951356271806e-08,1.20625907129579e-06,8.117957008835219e-07,3.0898078762220393e-08,0.000544289592653513,4.363796435313816e-09,9.001051459733844e-09
/users/PAS2099/jianyanggu/PlotDiversiVision/data/SCBI_008/SCBI_008_PlantDiversity_31_1_4_20150602-straightened.jpg,SCBI_008/SCBI_008_PlantDiversity_31_1_4_20150602-straightened.jpg,SCBI,2015,,SCBI_008,31_1_4,31,1,4,20150602,true,SCBI_008_PlantDiversity_31_1_4_20150602-straightened_r1_c1,3,1,1,499,504,998,1009,164,1.4499098142550793e-05,0.0006322774570435286,2.279625448409206e-07,0.00023276873980648816,0.00033921311842277646,5.1119418458256405e-06,3.340249179473176e-07,0.00043303181882947683,8.575898391427472e-05,4.8714726290199906e-05,4.49981089332141e-05,0.000465362798422575,6.496526339105912e-07,6.903820030856878e-05,4.3158955520539166e-08,0.00010928145638899878,8.618791071057785e-06,1.5413381333928555e-05,0.00010489027772564441,8.253623673226684e-05,1.974131293991377e-07,0.00013643478450831026,0.0006019026623107493,2.9388029361143708e-05,1.7559742548911572e-09,6.430331995943561e-05,1.5226430150505621e-05,9.174091246677563e-07,1.7732487833654886e-07,4.069019610142277e-08,1.5899422578513622e-07,3.1864631182543235e-06,1.898164100566646e-06,2.639516424096655e-05,4.562241520034149e-05,2.2954396627028473e-05,0.002087903907522559,0.0017304447246715426,0.0022789693903177977,0.00048511321074329317,0.0005514990189112723,0.021066982299089432,0.001698917942121625,0.005557081662118435,5.58950752349574e-09,3.182513523825037e-07,9.365530786453746e-07,2.196540663135238e-05,0.0009904863545671105,1.4535640957547002e-06,0.00013773111277259886,2.529938001316623e-06,6.375612997544522e-07,3.0973190234817594e-08,1.4001477211422753e-05,6.458276402554475e-07,2.923629290307872e-05,2.7732987746276194e-06,0.00021959052537567914,1.1880310921696946e-06,0.0007541318773292005,0.00022888915555085987,4.331550087499636e-07,1.8318232832825743e-05,7.9730728685945e-09,6.132823909865692e-05,9.789564501261339e-07,8.219551972388217e-08,0.00030121594318188727,5.9787027566926554e-05,0.0023066073190420866,0.002972449641674757,1.6887652236619033e-05,3.465425470494665e-05,9.085499186767265e-05,1.7258001605569007e-07,2.5120125428657047e-06,2.8363718229229562e-05,6.944751618220835e-08,2.362628947594203e-05,8.570239879190922e-05,0.00011196434934390709,0.0007298709242604673,5.348855211195769e-06,5.605405749520287e-05,0.00026034677284769714,9.727186261443421e-05,0.0012986463261768222,1.4831323369435268e-06,4.457659997569863e-06,1.4043233242944098e-08,5.981365802654182e-07,0.0008607793133705854,0.00022342325246427208,0.0002702637866605073,0.000412971741752699,1.2298742149141617e-06,0.0012390351621434093,0.00019264697039034218,8.691298717167228e-05,0.002814194420352578,2.6038238502223976e-05,6.639440834987909e-05,5.560826593864476e-06,0.0006149036926217377,3.327382728457451e-05,0.10852429270744324,5.274919021758251e-05,1.4976120610299404e-07,0.0015981545438989997,0.00020374836458358914,4.469150951535994e-07,7.258528785314411e-05,2.2017082301317714e-05,0.00019331392832100391,1.3279253607834107e-06,0.004435158334672451,0.0003088747034780681,2.2333759730486236e-08,2.561811697887606e-06,2.0210245565976948e-06,1.9945407984778285e-05,5.7274864957435057e-05,1.7588738046470098e-05,0.0001498820201959461,4.1094903281191364e-05,1.0994917829521e-05,0.00011365857790224254,0.0005798342172056437,6.078022124711424e-05,0.0007788308430463076,0.00020719552412629128,8.03528291726252e-06,3.122745965811191e-06,0.00022616815112996846,0.00044386263471096754,1.9859498490149008e-09,8.082810381893069e-06,1.345784198747424e-06,2.2377176378540753e-07,3.9904850979155526e-08,0.0002847333380486816,8.93915057531558e-05,2.871620949917997e-07,4.0152391989067837e-07,2.8929762265761383e-05,0.00012537595466710627,4.2655065044527873e-05,2.132730742232525e-06,0.00015121034812182188,0.00017441688396502286,0.8239578604698181,1.99804176759244e-07,5.992236538077123e-07,7.406508473195572e-08,9.977355830415036e-07,3.4873446566052735e-06,2.162146159889744e-07,2.012922550420626e-06,4.4081475607526954e-06,5.369275299926812e-07,6.0335984017001465e-05,1.158431473413657e-06,3.652669136045006e-07
/users/PAS2099/jianyanggu/PlotDiversiVision/data/SCBI_008/SCBI_008_PlantDiversity_31_1_4_20150602-straightened.jpg,SCBI_008/SCBI_008_PlantDiversity_31_1_4_20150602-straightened.jpg,SCBI,2015,,SCBI_008,31_1_4,31,1,4,20150602,true,SCBI_008_PlantDiversity_31_1_4_20150602-straightened_r1_c2,3,1,2,998,504,1497,1009,164,0.0007391156395897269,0.03822655230760574,6.1875621213403065e-06,0.002919715130701661,0.0007624176796525717,1.0652148375811521e-05,2.072739789582556e-06,0.0071486616507172585,0.0026699963491410017,0.00011551781790331006,0.00010028899123426527,0.0008803235832601786,4.4194734073244035e-05,0.00025820991140790284,3.279349982676649e-07,0.004907354712486267,0.00010015977022703737,0.0011971155181527138,0.00018537248251959682,0.0006523070624098182,3.959380308060645e-07,0.0011040510144084692,0.0019796364940702915,0.000640246900729835,1.69073199884906e-08,0.00016928458353504539,6.082881736801937e-05,1.185525889013661e-05,4.9763616516429465e-06,8.722694815332943e-07,9.432637853024062e-06,2.471394691383466e-05,4.37503649663995e-06,0.00021506946359295398,0.0002448807645123452,0.0004716816183645278,0.07068157941102982,0.030578644946217537,0.03395947813987732,0.011800096370279789,0.04014981538057327,0.03426919877529144,0.004954869858920574,0.05493610352277756,4.9769642629371447e-08,1.614627763046883e-05,2.1431425921036862e-05,0.00017052055045496672,0.06704261153936386,9.297665997110016e-07,0.0007676386157982051,1.731734118948225e-05,7.792119504301809e-06,2.156698201360996e-06,0.00033475575037300587,4.82310770166805e-06,0.00028618326177820563,0.0005203383625485003,0.00019012494885828346,1.0498044957785169e-06,0.00039862561970949173,0.010101862251758575,6.860250323370565e-06,7.572925824206322e-05,3.467240219379164e-07,0.002355238888412714,3.2660329452482983e-05,9.482927225690219e-07,0.003315672278404236,0.002309208968654275,0.02427418902516365,0.049171946942806244,0.0010157307842746377,0.00012904014147352427,0.00013415083230938762,1.2488054323966935e-07,4.3716668187698815e-06,1.0280165042786393e-05,6.287657328130081e-08,1.793232877389528e-05,0.00010346541239414364,2.5734834707691334e-05,0.006038175895810127,2.681282421690412e-05,5.2352570492075756e-05,0.005446303635835648,4.781306779477745e-05,0.07854118198156357,4.814651674678316e-06,0.0001852883433457464,1.6129085622651473e-07,2.1328641253148817e-07,0.03253118693828583,0.013409776613116264,0.0025246636942029,0.0076069822534918785,7.880873454269022e-06,0.0057019758969545364,0.0021549661178141832,0.0018306270940229297,0.02756781503558159,9.720750676933676e-05,0.00020128210599068552,3.5522574762580916e-05,0.0005300974007695913,5.465070717036724e-05,0.00405254028737545,0.0008671251707710326,5.339630661183037e-06,0.011166823096573353,0.0002989556815009564,5.04059471495566e-06,0.0004528787103481591,0.00017396338807884604,0.0001330231170868501,1.5333120018112822e-06,0.008290820755064487,0.004725481383502483,5.8167298533362555e-08,4.182627435511677e-06,4.5229666284285486e-05,0.0005093561485409737,0.0044191740453243256,0.007774139288812876,0.053207725286483765,0.020027514547109604,0.0001966606650967151,0.007263896055519581,0.003185125533491373,0.00015292011084966362,0.0002649136004038155,0.0036470864433795214,2.5266746888519265e-05,0.0010652485070750117,4.6758068492636085e-05,0.024478761479258537,5.631144883722072e-09,4.82563154946547e-05,1.66306790561066e-06,7.042866627671174e-07,5.7437237188651125e-08,0.0008031843462958932,0.00026839750353246927,1.0794623449328355e-05,1.0049152479041368e-05,7.278034172486514e-05,0.0006475370028056204,5.4905223805690184e-05,1.6260131815215573e-05,0.0012066427152603865,0.001212137402035296,0.14349928498268127,1.649376940804359e-06,3.778689006139757e-06,8.478548352286452e-07,7.794765224389266e-06,0.0002930771734099835,2.979398459501681e-06,0.00011801120126619935,2.5950035706046037e-05,9.874169336399063e-05,0.0004379332240205258,2.9660061500180745e-06,1.5472254517590045e-06
/users/PAS2099/jianyanggu/PlotDiversiVision/data/SCBI_008/SCBI_008_PlantDiversity_31_1_4_20150602-straightened.jpg,SCBI_008/SCBI_008_PlantDiversity_31_1_4_20150602-straightened.jpg,SCBI,2015,,SCBI_008,31_1_4,31,1,4,20150602,true,SCBI_008_PlantDiversity_31_1_4_20150602-straightened_r2_c0,3,2,0,0,1009,499,1513,164,0.009707808494567871,0.2511003315448761,7.294939905477804e-07,0.0005031944601796567,0.00027293263701722026,5.673205691891781e-07,2.2980119140925126e-08,0.0006870771758258343,6.83545003994368e-05,5.01645354233915e-06,9.548209618515102e-07,6.234773900359869e-05,2.513487515898305e-07,2.0174129531369545e-05,1.2599081777864285e-08,0.00012391337077133358,2.0488607788138324e-06,0.0001805861247703433,9.03259206097573e-05,3.10530886054039e-05,5.817716797196226e-08,0.00107407639734447,0.00017307077359873801,5.974846317258198e-06,5.614229081629674e-10,8.270038961200044e-06,1.4433868273044936e-05,1.425242288632944e-07,6.827100662576413e-08,1.3065137416390371e-08,9.756156771345559e-08,1.6580792134845979e-06,3.9072457269639926e-08,4.8745398089522496e-05,2.0599120034603402e-05,3.044176764888107e-06,0.04691438004374504,0.026221584528684616,0.027114903554320335,0.015276721678674221,0.013659322634339333,0.010213748551905155,0.0036618842277675867,0.055672261863946915,1.4401397407937111e-08,1.1618346889008535e-06,3.329118385408947e-07,5.799464361189166e-06,0.003289235522970557,7.009293057080868e-08,0.002235239604488015,6.949740509298863e-06,2.7077828690380557e-07,3.3913104857674625e-07,1.4668546555185458e-06,2.642959486820473e-07,0.0001018968760035932,5.82849634156446e-06,1.4390160686161835e-05,2.5209965315298177e-07,0.0001289714709855616,0.0032025412656366825,7.026586956726533e-08,2.7416892862675013e-06,1.657338515315132e-07,5.839403820573352e-05,2.140129709005123e-07,2.0680747070400685e-07,0.000977525021880865,1.4644399925600737e-05,0.009701144881546497,0.007169785443693399,0.0004206657176837325,1.1000412996509112e-05,1.0953431228699628e-05,2.167670913877373e-07,1.4530151020153426e-06,5.8462210290599614e-06,1.614148743556143e-07,7.354178251262056e-06,5.373970452637877e-06,5.4982629080768675e-06,6.526514334836975e-05,4.623967834049836e-05,4.1652179788798094e-05,0.0006725681596435606,2.672554956006934e-06,0.017547884956002235,6.428363121813163e-07,9.772065823199227e-07,1.0076217193955017e-08,1.72078443938517e-07,0.036329593509435654,0.03554763272404671,6.741732795489952e-05,0.0004381161415949464,1.027578719003941e-06,0.004467097111046314,4.591608012560755e-05,0.0047393725253641605,0.0699833333492279,2.7766013772634324e-06,2.5095125693042064e-06,4.96811981065548e-06,0.0004484253586269915,0.0002414445480098948,0.00028705078875645995,4.113818795303814e-05,5.172647732365476e-08,4.169621388427913e-05,4.557005740934983e-05,2.0848514736826473e-07,5.411949678091332e-05,1.014356985251652e-05,1.1489435564726591e-05,1.3336457982404681e-07,5.548285480472259e-05,0.00045600859448313713,5.466549879429294e-09,3.5498642318998463e-06,2.5123670184257207e-06,0.0010756427654996514,0.014706170186400414,0.03210873156785965,0.012723148800432682,0.007684900891035795,3.247936183470301e-05,0.02062777429819107,0.0001066140248440206,1.8180253391619772e-05,1.5063797945913393e-05,0.0001481460058130324,4.439468284545001e-06,1.5453650121344253e-05,5.622963726636954e-06,0.2400132715702057,9.944362666658435e-09,8.876552783476654e-06,1.3530681144402479e-06,5.6831662931244864e-08,9.209219342665165e-08,0.000442636723164469,0.00014090965851210058,3.665792064566631e-06,2.2002976038493216e-05,1.761714338499587e-05,0.0001733892859192565,7.464862392225768e-06,8.411616647663323e-08,0.0002559421118348837,0.0001797661534510553,0.006794952321797609,1.6858082929616103e-08,4.498415933085198e-07,9.668792699812911e-08,6.383789354913461e-07,9.808184586290736e-06,3.242041088924452e-07,5.102920567878755e-06,4.3434656618046574e-06,1.8112061752617592e-06,0.0006043852772563696,2.3477842603369936e-07,2.2946844069338113e-07
/users/PAS2099/jianyanggu/PlotDiversiVision/data/SCBI_008/SCBI_008_PlantDiversity_31_1_4_20150602-straightened.jpg,SCBI_008/SCBI_008_PlantDiversity_31_1_4_20150602-straightened.jpg,SCBI,2015,,SCBI_008,31_1_4,31,1,4,20150602,true,SCBI_008_PlantDiversity_31_1_4_20150602-straightened_r2_c1,3,2,1,499,1009,998,1513,164,0.00010036198364105076,0.0011495639337226748,1.5081233868841082e-05,0.00014690749230794609,0.002592401346191764,6.946940266061574e-05,1.3655249858857132e-05,0.0009719188092276454,0.00042266870150342584,6.007926640450023e-05,8.433320545009337e-06,0.0046616122126579285,5.657760993926786e-06,0.0011087895836681128,6.297135541899479e-07,0.0003621847718022764,0.0001197670862893574,0.000772181199863553,3.3214000723091885e-05,4.110622467123903e-05,9.029938041749119e-07,0.00022461728076450527,0.006991264875978231,5.936165325692855e-05,7.641681065706507e-08,7.644521974725649e-05,4.726355109596625e-05,3.288896186859347e-05,8.310685188916977e-06,1.5134535260585835e-06,1.0200426004303154e-05,3.0300119760795496e-05,2.3203820092021488e-06,0.00010834966087713838,5.359953502193093e-05,7.271533104358241e-05,0.039845988154411316,0.01604442484676838,0.005667943973094225,0.0023318142630159855,0.004960121586918831,0.06504607945680618,0.004684751387685537,0.02351054735481739,1.3935135712017654e-07,4.0429080172543763e-07,0.000123331556096673,3.644894968601875e-05,0.26770639419555664,1.4834448620604235e-06,0.00023470287851523608,3.0155522836139426e-05,3.700089564517839e-06,3.684947159854346e-06,3.1321276765083894e-05,1.0905952876782976e-05,0.0004247083852533251,0.0003753589990083128,0.003527047811076045,1.9035315972359967e-06,0.0006945301429368556,0.00358352018520236,3.561952155450854e-07,4.935372999170795e-05,1.0707778841378968e-07,0.000616938981693238,3.474719278528937e-06,1.2746161246468546e-06,0.00027807196602225304,0.0012386157177388668,0.008510475046932697,0.021175449714064598,0.00035052766907028854,4.076207187608816e-05,0.00012613112630788237,2.0763609143159556e-07,5.535325726668816e-07,5.4196584642340895e-06,3.4630843970262504e-08,4.008788528153673e-05,7.673796790186316e-05,5.263627099338919e-05,0.002951447619125247,7.727377669652924e-05,2.290840529894922e-05,0.026503894478082657,1.0775111149996519e-05,0.009404366835951805,2.4876883344404632e-06,5.3410534746944904e-05,5.127525781745135e-08,6.076275926858443e-09,0.06738843768835068,0.0020241618622094393,0.00012531629181466997,0.0018228135304525495,1.2260020412213635e-05,0.0006379082915373147,0.0024962665047496557,0.008305278606712818,0.0010657961247488856,2.6129504476557486e-05,6.14976670476608e-05,2.6457688363734633e-05,0.0013507454423233867,0.0006402218132279813,0.003065240802243352,7.257427932927385e-05,7.50890478684596e-07,0.0035194677766412497,0.0004427942039910704,3.774362994590774e-06,4.427415842656046e-05,0.000163129938300699,0.0016135439509525895,5.310718734108377e-06,0.004306585527956486,0.0008811524603515863,3.837878992385413e-08,5.859198608959559e-06,0.00017358071636408567,0.00012095579586457461,0.018396567553281784,0.007359753362834454,0.018498040735721588,0.01654059998691082,8.78714672580827e-06,0.004614338278770447,0.004213247448205948,0.0005566737381741405,0.00260452413931489,0.0033110047224909067,1.9001156033482403e-05,3.1829080398892984e-05,6.061309977667406e-05,0.08044813573360443,5.459216412262435e-10,0.0001376345899188891,2.4280768684548093e-07,1.8960299996706453e-07,5.452375262393616e-08,0.0012711414601653814,0.0012673744931817055,1.8178676327806897e-05,6.007834599586204e-05,1.5697443814133294e-05,0.0004515740438364446,0.0006880929577164352,2.1135712813702412e-05,0.00010332133388146758,0.0011532710632309318,0.20623396337032318,7.123075107529075e-08,1.535634874016978e-05,3.4387603591312654e-06,2.3641005100216717e-05,2.531756581447553e-05,2.454618481806392e-07,0.00029550737235695124,0.0001018592738546431,1.0586794815026224e-05,0.00018243500380776823,2.5303650090791052e-06,5.136827780916065e-07
/users/PAS2099/jianyanggu/PlotDiversiVision/data/SCBI_008/SCBI_008_PlantDiversity_31_1_4_20150602-straightened.jpg,SCBI_008/SCBI_008_PlantDiversity_31_1_4_20150602-straightened.jpg,SCBI,2015,,SCBI_008,31_1_4,31,1,4,20150602,true,SCBI_008_PlantDiversity_31_1_4_20150602-straightened_r2_c2,3,2,2,998,1009,1497,1513,164,3.0516492188326083e-05,2.615306766529102e-05,1.7540656926939846e-06,0.001218191348016262,0.0001784621854312718,2.3152575522544794e-05,8.795699812935709e-08,6.482088792836294e-05,0.0008031077450141311,0.0001833771530073136,1.124224581872113e-05,0.014722646214067936,5.376621459163289e-08,8.966627501649782e-05,9.536280209943016e-09,0.0028107883408665657,0.0005923688295297325,0.002491626888513565,1.2951492180945934e-06,1.070257440005662e-05,9.584064173395745e-07,0.0017958019161596894,0.00016872241394594312,1.812883601814974e-05,2.0568272418586275e-08,0.00011637723218882456,4.5439073801389895e-06,9.854780955720344e-07,5.457711722556269e-07,2.595316850317886e-08,5.7789105056826884e-08,3.3452181469328934e-06,3.7403976875793887e-06,5.373202839109581e-06,1.9692934074555524e-05,2.6274551601090934e-06,0.002725952072069049,0.0011038572993129492,0.00019548115960787982,0.00011972521315328777,0.00021116728021297604,0.039022017270326614,0.05831144377589226,0.010457059368491173,2.741953686324905e-08,8.85442022990901e-06,1.116578459914308e-05,1.266127856069943e-05,0.0014471568865701556,5.909553237870568e-06,2.764064265647903e-05,8.945947911342955e-07,1.5318445321099716e-06,3.0308115128718782e-06,1.2921489087602822e-06,3.3486509209978976e-07,7.644031029485632e-06,6.514833330584224e-06,0.0013603806728497148,1.7068821023258351e-07,0.00031446554930880666,0.0024366951547563076,1.257454277947545e-05,2.74080616691208e-06,1.007558569909861e-08,0.0002471490588504821,1.7781031829144922e-06,4.44568013335811e-06,0.05812755227088928,0.0004939015489071608,0.01987764984369278,0.0209297314286232,0.0026155090890824795,1.3927672625868581e-05,2.245112045784481e-05,2.24643645907463e-08,3.887999611151827e-08,6.404441592167132e-06,5.213458484365496e-11,4.611046279023867e-06,0.004151160828769207,0.0012170765548944473,0.10286737978458405,3.071257015108131e-05,0.0015531886601820588,0.0014512034831568599,0.00010891709825955331,0.0008931265329010785,6.934263183211442e-06,2.643310472194571e-05,5.897772439311666e-07,8.511701139468641e-07,0.03099450096487999,0.00043132301652804017,0.019391275942325592,0.0038836814928799868,5.214384373175562e-07,0.006803136318922043,1.2348181371635292e-05,0.00016343720199074596,0.027318766340613365,0.004954057279974222,0.005464347079396248,2.4492444481438724e-06,0.0015457647386938334,1.8199860278400593e-05,0.0002718256146181375,1.3061796380497981e-05,5.01506214334313e-08,0.11061515659093857,2.015378777286969e-05,3.9710560173489284e-08,0.0013710921630263329,8.375401375815272e-05,0.00014330213889479637,1.4021221659277217e-06,0.010899201966822147,0.0001002075441647321,2.4405682808037454e-08,0.00010741067671915516,6.435446266550571e-06,0.00011877537326654419,3.2716816349420696e-05,2.2294427253655158e-05,0.0001724075700622052,4.289338176022284e-05,2.659035544638755e-06,1.4000651390233543e-05,0.0008286769734695554,0.0004037909966427833,0.0034873969852924347,0.011835124343633652,1.8198740008301684e-06,2.9504912163247354e-05,9.996435255743563e-05,0.00029088635346852243,2.465880832858147e-09,0.0003624270611908287,5.7728352658159565e-06,1.1884594641742297e-06,5.7331732250531786e-08,0.0008959041442722082,0.00857069157063961,4.903845365333837e-07,7.976600500114728e-06,5.6905624660430476e-05,0.0010910220444202423,0.0045904312282800674,1.890819112304598e-05,0.0006869868957437575,1.5817924577277154e-05,0.3805866539478302,4.197634382308024e-07,1.541244643021855e-08,9.986204219103456e-08,6.007419983689033e-08,0.0005770815187133849,3.462166887402418e-06,0.0018915567779913545,8.138553675962612e-05,1.4375095815921668e-06,0.000691192748490721,9.709692250225999e-08,3.717548935355808e-08
/users/PAS2099/jianyanggu/PlotDiversiVision/data/SCBI_008/SCBI_008_PlantDiversity_32_1_2_20150602-straightened.jpg,SCBI_008/SCBI_008_PlantDiversity_32_1_2_20150602-straightened.jpg,SCBI,2015,,SCBI_008,32_1_2,32,1,2,20150602,true,SCBI_008_PlantDiversity_32_1_2_20150602-straightened_r0_c0,3,0,0,0,0,713,630,164,8.607246400060831e-07,6.646320684922102e-07,1.0179391357612033e-10,0.0006022214074619114,1.080241531781212e-06,1.534886173715222e-08,7.672392499102898e-09,0.0002770962018985301,5.30675720256113e-07,3.6432745673664613e-06,1.688968325197493e-07,3.854780879919417e-05,8.442368581995652e-09,1.0308331184205599e-05,4.399923980713538e-08,6.2962621996121015e-06,1.2785925491698436e-06,0.0003383159637451172,2.505146490250354e-08,8.812294005622334e-09,9.883245155606346e-08,3.094247063017974e-07,5.071863142802613e-07,6.663761382696975e-07,2.43680164935256e-09,2.090752332151169e-06,1.7285593401084043e-07,3.569012863025023e-10,4.2120681942314775e-10,2.0800155001166054e-11,9.548000584613803e-11,1.1582697023726496e-09,4.467045844336326e-09,8.174887433654021e-09,7.453466821516486e-08,5.188391050126029e-09,2.745465280895587e-06,0.0001456822792533785,0.000146505975862965,3.93630143662449e-05,0.0003172103897668421,7.613049092469737e-05,6.830752681707963e-05,6.956129800528288e-05,6.981020761465118e-10,1.1760918627867767e-10,6.226247073470859e-09,3.284522165358794e-08,6.014933387632482e-05,7.767842191697127e-08,4.014520163764246e-05,2.1721389487083798e-07,7.832346327063533e-09,5.602396324633219e-09,1.5371410810871566e-09,1.290217976901431e-08,1.4241860135655315e-08,3.0855451527145306e-09,0.00021166587248444557,1.051499221027541e-09,2.955133140858379e-06,0.0016793349059298635,5.473115294307718e-10,1.6938572766633797e-09,3.3195217408188427e-11,1.2941134173161117e-06,4.20350083629728e-08,8.766187775677281e-10,6.378821581165539e-06,2.158231154680834e-06,0.7859225273132324,0.19464898109436035,8.963548339124827e-07,6.976951016923749e-09,1.4468225506547583e-09,8.615474306195026e-11,3.872516474157095e-10,7.85978893080852e-10,6.036495522193652e-12,1.1285459233789652e-09,7.865525475381219e-08,1.108218796730398e-07,1.8178296159021556e-05,3.4146072636076497e-08,3.2102273053169483e-06,1.1580107184272492e-06,4.2242876929776685e-07,9.938458242686465e-05,4.16720835616502e-09,3.089399740474619e-07,1.0666608568632441e-10,5.973559069616385e-08,0.012490956112742424,7.422465569106862e-05,5.216202225710731e-06,2.4855129595380276e-05,1.2186076148168468e-08,6.996368028922006e-05,2.180557174824571e-07,1.4782395965085016e-06,0.0016914991429075599,1.440090500182123e-06,3.564040525816381e-06,1.058801224473882e-08,8.619539585197344e-06,4.018162371721701e-07,4.6955219090705214e-07,1.0246186548101832e-06,2.1915867731703287e-10,7.719203131273389e-05,1.6073016695372644e-08,1.7049948120018144e-09,4.711781002697535e-06,2.1255816591292387e-06,4.559759858580037e-08,2.589937597718972e-09,1.861469854702591e-06,4.4819171307608485e-07,1.5082016581804969e-12,1.332383732233211e-07,2.0341450746030887e-09,1.3927412965131225e-06,2.681578905594506e-07,1.2534887616766355e-07,7.340462957472482e-07,4.3823879991577996e-07,3.126518421936453e-08,6.745456630596891e-05,4.037508915644139e-06,1.7336506630272197e-07,3.107329575868789e-07,1.3953896313978476e-06,1.266286542289663e-08,2.861361565464904e-07,7.2957893060277e-09,2.61241766565945e-05,1.5346335313637383e-09,1.2579105259646894e-06,1.0417221751879424e-08,1.8923753675181842e-09,6.80029033084395e-10,3.102082644090842e-07,2.2689783918394824e-07,5.947589087895722e-09,1.2415006800381434e-08,1.2583562636336865e-07,6.200844495651836e-07,1.1927753575946554e-06,2.0987730664501214e-08,1.1848934491354157e-06,4.517205098863997e-08,0.000567182432860136,2.6839622080387926e-08,3.543821680551673e-09,7.388575307132328e-10,1.294451990041523e-09,2.6964230528392363e-06,6.943443597862142e-09,3.916989896879386e-07,6.853871354906005e-07,2.3696713480347853e-09,1.027025791699998e-05,4.935749586820748e-09,3.912013379903101e-09
/users/PAS2099/jianyanggu/PlotDiversiVision/data/SCBI_008/SCBI_008_PlantDiversity_32_1_2_20150602-straightened.jpg,SCBI_008/SCBI_008_PlantDiversity_32_1_2_20150602-straightened.jpg,SCBI,2015,,SCBI_008,32_1_2,32,1,2,20150602,true,SCBI_008_PlantDiversity_32_1_2_20150602-straightened_r0_c1,3,0,1,713,0,1426,630,164,7.791710459059686e-07,5.594247340923175e-07,3.1708013992215456e-10,0.0005775624304078519,4.421433459356194e-06,7.236811683242195e-08,5.266822977745278e-09,0.00013592977484222502,1.4819441958024981e-06,2.81233246823831e-06,9.96829214727768e-08,8.482160774292424e-05,4.5840042872669073e-08,5.800613052997505e-06,8.575582910452795e-09,5.5188761507452e-06,1.6976580354821635e-06,8.785896170593332e-06,1.0141892659021323e-07,5.6220130772999255e-08,3.42882543691303e-07,1.4796106029280054e-07,5.198701273911865e-07,1.3617512877317495e-06,7.694873627173138e-10,1.3415710782282986e-05,2.1066037447781127e-07,4.258243202492906e-10,3.6792624502623994e-09,9.964208624868576e-11,2.7587204742829385e-10,4.7121355706281065e-09,7.2058998767943194e-09,4.2404813882512826e-08,2.349288763525692e-07,2.077197081007398e-08,3.189599738107063e-06,0.00023866977426223457,6.883647438371554e-05,1.7951588233700022e-05,3.212300725863315e-05,4.680451638705563e-06,1.929108111653477e-05,1.517256077931961e-05,5.610694686630779e-10,8.645744564717006e-09,3.5726419156389966e-08,4.556215316142698e-08,1.9457296730251983e-05,3.409324733638641e-08,2.329994003957836e-06,1.986648499041621e-07,5.803415081828689e-09,8.266298201498046e-10,6.390972373537807e-08,7.314439898209457e-08,2.0088005925344987e-08,2.6910168315907868e-08,0.00029557125526480377,1.1660334919838533e-08,4.876265393249923e-06,2.8134714739280753e-05,1.3763257200594126e-08,4.048285262570062e-09,4.352525978523758e-11,2.198096780148262e-07,2.6136012465372005e-08,3.1584515558513715e-10,2.412068351986818e-05,1.8442962755216286e-05,0.7565473914146423,0.2397075742483139,2.147998429791187e-06,2.8945050800643912e-08,1.254234849312752e-08,7.923432465695157e-10,1.2408235550154245e-09,1.80152230910835e-08,9.985937077239271e-11,2.4674195131524357e-08,3.096976399774576e-07,3.702949413764145e-07,6.253943865885958e-06,1.1443230363283874e-07,2.8192068839416606e-06,8.212066859414335e-06,4.5980522145327996e-07,0.00016414660785812885,3.317045971229504e-09,3.221353779281344e-07,2.7184590689621757e-10,7.165417770238491e-08,8.471618639305234e-05,1.395109029544983e-05,2.8070699045201764e-06,1.6518044503754936e-05,8.466400025497478e-09,3.105924042756669e-05,4.022397206426831e-07,1.0976170727872159e-07,6.896578997839242e-05,0.00013036186282988638,0.00012696368503384292,1.787441306078108e-08,0.00028326307074166834,3.4378362556708453e-07,1.1192191777809057e-06,3.4213535400340334e-06,3.6145189064029637e-09,0.00030460258130915463,5.858827023530466e-08,1.9457702116199016e-09,4.2297583604522515e-06,2.507014642105787e-06,3.610937326925523e-08,2.459590087156016e-09,2.1319817733456148e-06,6.564758336935483e-07,3.9934453313628104e-12,1.1825589751879306e-07,2.3074717248050547e-08,1.1914389688172378e-06,9.051719729313845e-08,3.2167839947305765e-08,5.386444286159531e-07,2.872583877433499e-07,9.6588735232217e-08,1.030086787068285e-05,5.8610685300664045e-06,1.0507195611353382e-06,7.327233788601006e-07,5.931353257437877e-07,1.7221553960666824e-08,3.5035023415730393e-07,2.5860913410724606e-07,7.614526680299605e-07,5.784625001226118e-10,3.2719221962906886e-06,1.0091485869168082e-08,4.046864621187751e-09,2.755661254738584e-09,8.460887670480588e-07,5.563919671658368e-07,1.3106509211269213e-09,2.5604011355540024e-08,1.5767805905397836e-07,1.2369549722279771e-06,3.792367806454422e-07,3.6862605412579796e-08,3.6102248941460857e-06,2.9828359515704506e-07,0.0007939098868519068,7.626616138622921e-08,1.6298873362075028e-09,1.9134565043543716e-09,6.176878564190247e-09,6.595209015358705e-06,5.087323007302302e-09,1.422840654186075e-07,1.4692389527226624e-07,2.9891888964073132e-09,7.22548156772973e-06,2.477530181010934e-08,9.132562261982002e-09
/users/PAS2099/jianyanggu/PlotDiversiVision/data/SCBI_008/SCBI_008_PlantDiversity_32_1_2_20150602-straightened.jpg,SCBI_008/SCBI_008_PlantDiversity_32_1_2_20150602-straightened.jpg,SCBI,2015,,SCBI_008,32_1_2,32,1,2,20150602,true,SCBI_008_PlantDiversity_32_1_2_20150602-straightened_r0_c2,3,0,2,1426,0,2139,630,164,1.1375544772818103e-06,5.955242841082509e-07,7.520632117063997e-09,0.00011895949864992872,2.1392215785454027e-06,3.807598432103987e-07,1.878200350802217e-08,3.1507529456575867e-06,1.4871589883114211e-05,1.1160715303049074e-06,8.932038326747715e-07,8.474744390696287e-05,2.1619108281356603e-08,5.421446985565126e-05,1.4557190120001451e-08,2.5901288609020412e-05,8.856689964886755e-05,0.018704555928707123,2.299376333780856e-08,4.669847797345028e-08,8.884046387436229e-09,2.3132894057198428e-05,3.4993595363630448e-06,6.924402100594307e-07,2.9064497475417284e-09,1.139639380198787e-06,1.118748878070619e-05,2.3818411687415164e-09,2.3505050705807662e-07,2.856340053369877e-09,3.2596066290579984e-08,4.907303452483802e-09,4.378172135943714e-08,1.9862302451656433e-06,1.5656194136681734e-06,1.7113289629833162e-07,1.202698399538349e-06,1.7345379092148505e-05,6.785658570152009e-06,2.149675992768607e-06,3.456401373114204e-06,0.00039535920950584114,0.0002774831955321133,0.0002280547487316653,1.2014630401679938e-09,1.979442609822968e-09,1.5978798728610855e-08,5.48258583421557e-07,0.0005516854580491781,4.082931468474271e-07,3.4966924431500956e-05,1.4785254620619526e-07,3.3089300188748894e-08,1.7059135188901564e-06,1.7518777539748953e-08,3.2725139931244485e-08,2.855037337212707e-06,5.735714694310445e-07,1.5317640645662323e-05,2.7297737403841893e-09,3.188028131262399e-05,0.006554855033755302,1.1484624806712418e-08,1.3464124037909642e-08,1.3058285563971594e-09,4.074953176314011e-05,7.484460695650341e-08,4.6114496399241034e-07,2.3252687242347747e-05,6.4028799897641875e-06,8.340141357621178e-05,9.736415086081252e-05,5.443576810648665e-06,1.8662386480627902e-07,1.2603965870994216e-08,3.941610149382768e-09,7.2161241426726974e-09,1.977594266122651e-08,2.385568409479788e-10,1.0268987438166732e-07,4.707034804596333e-06,2.605060444693663e-06,0.002442708006128669,3.7007137621003494e-07,5.897979463043157e-06,2.1345518689486198e-05,4.11614763606849e-07,7.499558705603704e-06,7.042167027293544e-08,3.114686933258781e-06,1.378020253461898e-09,3.16810506717502e-08,0.8931792378425598,8.976383105618879e-05,6.471262850027415e-07,1.949091711139772e-06,6.5879492971987474e-09,0.0018830476328730583,2.2370923034031875e-06,8.23853952169884e-06,0.060214813798666,6.753710408702318e-07,1.0209193987975596e-06,1.8141196989063246e-08,8.208142389776185e-06,3.444054073042935e-07,1.055845245900855e-06,1.0042100484497496e-06,8.623204372781856e-09,0.00014055726933293045,1.5596636160353228e-07,4.2359172169881276e-08,0.00011683809134410694,0.00018536618154030293,4.670758642077999e-07,3.147169991279952e-08,8.99956066859886e-05,2.6194611564278603e-05,5.294512606113244e-10,1.72431882674573e-05,7.124797463120558e-08,2.620749228299246e-06,5.661328259520815e-07,6.116733857197687e-07,3.077319661315414e-06,5.173629347154929e-07,8.561624440517335e-07,3.901465788658243e-06,3.071045739488909e-06,1.0263941021548817e-06,9.212548093273654e-07,2.871420747396769e-06,8.167187104390905e-08,4.669745521823643e-06,1.6228766241965786e-07,0.013752681203186512,1.3607401871951197e-09,1.1970005289185792e-05,2.9168157311687537e-07,3.1771577368999715e-08,1.4279004645345594e-08,2.366323496971745e-05,7.005894531175727e-06,3.259918912590365e-07,1.8715213911946194e-07,6.109081596150645e-08,1.7609784208616475e-06,5.474205977407109e-07,3.3006620014930377e-07,1.5146916894082096e-06,4.203919615974883e-06,2.965464091175818e-06,1.7337811186735053e-08,5.4720081799075615e-09,1.7918476424849672e-10,5.183617424187048e-10,3.9089456549845636e-05,2.5600868980291125e-07,0.0001319446600973606,3.0438354770012666e-06,5.387583712490596e-09,5.7348647715116385e-06,1.236531765869131e-09,1.3972090151526118e-08
/users/PAS2099/jianyanggu/PlotDiversiVision/data/SCBI_008/SCBI_008_PlantDiversity_32_1_2_20150602-straightened.jpg,SCBI_008/SCBI_008_PlantDiversity_32_1_2_20150602-straightened.jpg,SCBI,2015,,SCBI_008,32_1_2,32,1,2,20150602,true,SCBI_008_PlantDiversity_32_1_2_20150602-straightened_r1_c0,3,1,0,0,630,713,1261,164,2.2906845060788328e-06,3.953420673497021e-06,2.838394241866382e-10,0.0008279881440103054,7.939140232338104e-06,3.857757846503773e-08,4.842569012453168e-09,0.00015165776130743325,1.0882893093366874e-06,1.0646259397617541e-05,1.1969943614076328e-07,0.001499750418588519,5.226350197062857e-08,1.0041642781288829e-05,2.335247195617285e-08,2.634954398672562e-05,3.375585947651416e-06,7.673454820178449e-05,2.2836674773429877e-08,2.1712658337946777e-08,9.628435293507209e-08,4.093691643447528e-07,5.317289719641849e-07,1.4222260915630613e-06,1.0569958242001576e-09,1.0814573215611745e-05,3.6586030205398856e-07,5.059946350804978e-10,2.346685290532946e-09,6.002668501148278e-11,2.798890841315682e-10,1.8579049410050175e-08,4.178012602551462e-09,2.3110726488084765e-07,7.876658258965108e-08,7.49396811272618e-09,3.113759248662973e-06,0.0007075623143464327,0.0005208367947489023,0.00020052798208780587,0.0005421302630566061,7.623006240464747e-06,5.793903710582526e-06,0.0001086830161511898,7.771206456119728e-10,2.3174099084144473e-08,4.370078343640671e-08,3.857169161847196e-08,7.848894892958924e-05,4.492592253768635e-08,4.1932693420676515e-05,7.035857834125636e-07,3.8687812065063554e-08,1.4986707430608703e-09,2.7149962278372186e-08,6.610910219251309e-08,4.080079207824383e-08,7.645184929572224e-09,0.0043069845996797085,2.9592447603477012e-08,3.1215986382449046e-05,0.00021015793026890606,1.182200293214919e-08,1.0849224629794207e-08,9.574177561866293e-11,4.357811462796235e-07,3.4303344609298847e-09,3.110381674442664e-10,6.544527423102409e-05,2.1008718249504454e-06,0.7470422983169556,0.21189625561237335,4.295459802960977e-06,5.604980302109652e-08,8.323503664087184e-08,1.4300689521462573e-09,3.651697610962401e-09,4.36594582708949e-08,5.2544486123240475e-11,5.492860566391755e-08,5.275949774841138e-07,1.253024379366252e-06,1.614301436347887e-05,4.080299049746827e-07,2.355523065489251e-06,1.7821912479121238e-06,4.438512405613437e-06,0.0003579573822207749,3.863454889341256e-09,1.2757941192376165e-07,2.782486185903821e-10,1.2885401190487755e-07,0.000878233986441046,7.718548295088112e-05,1.1130826351291034e-05,0.00011967496539000422,1.5866122637930857e-08,9.267470886697993e-05,6.683841888843745e-07,4.6847651447023964e-07,0.00042529255733825266,2.94695910270093e-05,0.00018233501759823412,2.1533350036406773e-07,0.00031190886511467397,5.294518814480398e-07,1.4913965969753917e-05,3.4777067412505858e-06,2.2948341837913944e-10,0.0002667734806891531,7.994199080485487e-08,3.1242128883945952e-09,3.742240369319916e-05,2.260605469928123e-06,8.39467588775733e-08,1.0590420762568442e-09,2.833553253367427e-06,1.2855213071816252e-06,4.577627773366677e-12,3.0029937647668703e-07,2.0422225688321305e-08,5.26097778674739e-07,5.826237838846282e-07,1.4841420181710419e-07,9.374557521368843e-07,1.4871236544422572e-06,4.645398377078891e-08,4.048951814183965e-05,4.650864411814837e-06,2.838703267116216e-06,8.238034752139356e-06,5.025791779189603e-06,1.5839333400435862e-08,1.0566461128291849e-07,5.337917627912248e-07,6.37567745798151e-06,2.4127211339930454e-10,2.97952374239685e-06,3.196461051402366e-08,1.0352402490809709e-08,4.428053923533071e-09,1.8466228084434988e-06,1.564532453812717e-06,3.435756124048339e-09,1.1580216785489483e-08,3.8256797552094213e-07,2.6635225367499515e-06,3.977305823354982e-06,2.929704123744159e-08,1.1566812645469327e-05,2.0348593920971325e-07,0.02860514633357525,6.120206563764441e-08,1.6190538687510525e-08,3.128410863695308e-09,2.2730381132873845e-08,8.593561688030604e-06,3.3154345935315632e-09,1.3681112420727004e-07,1.462883716385477e-07,2.200314375144785e-09,3.0945542675908655e-05,7.87422465009513e-08,3.3824012035665874e-08
/users/PAS2099/jianyanggu/PlotDiversiVision/data/SCBI_008/SCBI_008_PlantDiversity_32_1_2_20150602-straightened.jpg,SCBI_008/SCBI_008_PlantDiversity_32_1_2_20150602-straightened.jpg,SCBI,2015,,SCBI_008,32_1_2,32,1,2,20150602,true,SCBI_008_PlantDiversity_32_1_2_20150602-straightened_r1_c1,3,1,1,713,630,1426,1261,164,6.56845543289819e-07,1.9952206002926687e-06,1.6137806646554509e-09,0.00036993203684687614,1.2240731848578434e-05,5.031079552964002e-08,1.574589347796973e-08,9.675720320956316e-06,4.112428086955333e-06,4.118535343877738e-06,4.4137372867680824e-08,0.00015902933955658227,5.737131658634098e-08,7.091476163623156e-06,4.007270515415939e-09,1.2326999240031e-05,1.532908186163695e-06,1.9429671738180332e-05,6.291275944647623e-09,3.183367525139147e-08,3.306154496840463e-07,5.730837983719539e-06,2.62555971630718e-07,1.7894187749334378e-06,1.977848995693421e-09,2.4267005755973514e-06,4.639128192707176e-08,1.0089270530144745e-09,6.109305838997159e-10,2.1023181806523183e-10,6.450248668521397e-11,7.671623336591438e-09,1.8188088812820524e-09,9.299503744841786e-08,7.842985638717437e-08,1.1442463865307673e-08,2.510236663511023e-05,0.0008033282356336713,0.00012859540584031492,3.52363167621661e-05,0.0001135569327743724,3.648515485110693e-05,1.0403128726466093e-05,3.7242655253066914e-06,2.5583929419426e-10,4.484368154589191e-10,5.529629376610501e-08,4.243012607929586e-09,1.6802603568066843e-05,6.664182450322187e-08,1.7932454738911474e-06,2.833972985172295e-07,1.378566372167711e-09,3.503691781148177e-10,7.54093942845202e-09,2.7629841525822485e-08,7.899073040107396e-08,8.826649633419947e-09,0.001934907166287303,7.531682832961906e-09,1.2444931599020492e-05,2.36697233049199e-05,1.6692812687679748e-09,2.4150514921217336e-09,1.4857927388423064e-11,1.0727745802796562e-06,6.7392629254925396e-09,3.661612402172665e-10,0.00010641673725331202,2.8594733521458693e-05,0.8246825933456421,0.16182318329811096,2.7148744266014546e-06,2.517751518382738e-08,2.42883739787203e-08,3.6087657862005074e-10,2.0660972932518007e-09,2.289755762774348e-08,3.974244544568961e-12,7.285823944158665e-09,3.9250625150089036e-07,1.168223207059782e-06,1.1477060070319567e-05,2.125983371570328e-07,1.0298998631697032e-06,1.108290007323376e-06,1.936113989131627e-07,2.9109591196174733e-05,4.6723198643405794e-09,8.089514267339837e-07,5.429419136504521e-10,2.382432029435222e-08,0.0031578433699905872,3.071139508392662e-05,1.3627831094709109e-06,3.5268976716906764e-06,9.431434300211095e-09,3.605431265896186e-05,1.928206302181934e-06,4.7563787575199967e-07,0.00046587164979428053,8.242028707172722e-05,0.00046655102050863206,5.48230865149435e-08,0.00014443266263697296,1.8127094563169521e-06,4.021009942789533e-07,3.4431852213856473e-07,3.9593434086881985e-10,7.719312270637602e-05,9.042868498454482e-08,4.499429717697012e-10,4.880667802353855e-06,5.816354473608953e-07,1.0192956523269459e-07,3.5416825028278254e-09,2.286606786583434e-06,1.2269055105207372e-06,3.575409716558009e-12,4.6179960122572083e-07,6.306871025429928e-09,9.169279451270995e-07,1.4999817210537003e-07,1.5656776497507963e-07,3.4571624496493314e-07,2.397027856204659e-07,9.254277699710656e-08,4.711021119874204e-06,3.624252258305205e-06,9.054436986843939e-07,2.6220677682431415e-06,1.378510660288157e-06,3.4670527782054705e-08,6.863544399493549e-07,1.23318852729426e-06,1.4422062122321222e-05,3.7862557533685504e-10,1.0939749017779832e-06,6.919879780298288e-08,8.940405082924485e-10,9.915814835892434e-10,1.4938041204004548e-06,5.830617055835319e-07,2.951677791074303e-09,5.1300350634164715e-08,1.0585708878352307e-06,6.169671905809082e-06,5.203913588047726e-06,3.858329211681166e-09,2.2024598365533166e-05,3.089938331868325e-07,0.0049852230586111546,2.5585795704330394e-09,4.107420625842906e-09,1.5570990052893308e-09,1.3853352909265482e-09,3.6050716971658403e-06,7.730907469749582e-09,6.183708478602057e-08,4.306102141526935e-08,2.5684370186240812e-09,1.084088216884993e-05,3.496350098330936e-09,7.539300739267674e-09
/users/PAS2099/jianyanggu/PlotDiversiVision/data/SCBI_008/SCBI_008_PlantDiversity_32_1_2_20150602-straightened.jpg,SCBI_008/SCBI_008_PlantDiversity_32_1_2_20150602-straightened.jpg,SCBI,2015,,SCBI_008,32_1_2,32,1,2,20150602,true,SCBI_008_PlantDiversity_32_1_2_20150602-straightened_r1_c2,3,1,2,1426,630,2139,1261,164,2.5341028830894174e-08,4.734435776754253e-08,4.620316573777927e-09,2.450104511808604e-05,4.6619084059784655e-07,4.223829108696009e-08,1.8570611715063023e-08,3.068982550757937e-06,5.302683234731376e-07,8.569722922402434e-07,1.1025122859109615e-07,0.0004922180669382215,1.6472620600893606e-08,0.0010809755185618997,3.139636106652688e-09,7.194993486336898e-06,6.389094050973654e-05,0.0008624800248071551,1.0983217668680822e-09,5.008728987121458e-09,6.012756514905959e-09,2.3216422050609253e-05,2.2406342736758234e-07,9.214124361278664e-07,3.0284945662373275e-09,2.649596240189567e-07,2.988982714668964e-06,9.94786059083097e-11,1.2415843464452792e-08,1.5055175994760361e-09,1.596549892290966e-09,1.1390767440389027e-08,1.7547591824040865e-08,3.798963632561936e-07,2.5779706902540056e-07,2.7259023482884004e-08,7.541952982137445e-07,3.9932655226948555e-07,2.0789620691630262e-07,2.9599776851796378e-08,1.2669330828884995e-07,0.00019881944172084332,0.004367088433355093,3.4812894682545448e-06,8.837863774147081e-10,2.1070962752389732e-09,1.3200278203839844e-07,3.472520688774239e-07,1.4010423910804093e-05,9.556533768773079e-07,2.0895548004773445e-05,6.651304573779271e-08,3.9091418990722104e-10,1.3862570540368324e-06,1.2805421611972179e-08,8.252960093102502e-09,3.361345761732082e-07,1.5207054104848794e-07,0.0002158543502446264,5.4606821286995455e-09,8.094889381027315e-06,0.005326190497726202,1.202750898876559e-09,5.119101254003056e-10,8.25770632428835e-11,8.60799991642125e-05,2.932522420451278e-07,6.275841712977126e-08,7.811406248947605e-05,4.335545963840559e-05,0.00019788421923294663,0.00011610669025685638,3.745350795725244e-06,1.986636277706566e-08,2.554757472239544e-08,9.612427298577586e-09,2.8479918423585104e-10,1.2699129747772986e-08,4.1898312076738e-12,1.4427100403224813e-08,1.9005582316822256e-06,6.154180937301135e-06,0.010760514065623283,5.955599036155945e-08,7.631990683876211e-07,4.3458618165459484e-05,6.334145723485562e-07,1.6762837731221225e-06,2.400027554472217e-08,8.376827622669225e-07,2.9856378480630497e-10,2.944311461305915e-09,0.9384852051734924,8.687198715051636e-06,4.117230673728045e-06,2.0651862087106565e-06,2.0860779770259796e-09,0.0002942286664620042,2.1015684978920035e-06,3.255168579130441e-08,0.017694182693958282,2.0600333300535567e-05,1.1461264875833876e-05,1.8642574151073177e-09,5.633300588669954e-06,5.11458347318694e-06,2.9724471772851757e-08,8.350410780622042e-07,9.06918717902272e-09,0.00019851782417390496,6.486374770631187e-10,4.66366223417225e-10,2.31646595238999e-06,0.00011692541011143476,1.7125304339060676e-06,1.7958808484763722e-06,0.0005889370804652572,6.478397267528635e-07,2.0654722723834062e-11,0.0001490611903136596,4.871158054697844e-08,1.699533981991408e-06,7.85427189953225e-08,1.361800059385132e-07,1.727548522012512e-07,1.69900733482109e-08,2.5166963268929976e-07,6.4513960751355626e-06,1.0521415561015601e-06,2.370321681155474e-07,6.81262193324983e-08,3.727020327914943e-07,4.75164227964342e-08,2.2619506125920452e-06,2.6487273885322793e-07,0.018091551959514618,7.223741743667134e-11,3.714035756274825e-06,2.0657759591813374e-07,2.475702487458875e-08,6.6385008601344e-09,3.756728256121278e-05,1.0918157386186067e-05,2.862808301529185e-08,3.9146095787145896e-07,5.993089047251488e-08,1.72799191204831e-05,1.4128706880001118e-06,4.9911463406715484e-08,2.9809891657350818e-06,6.185904908306838e-07,1.2136990790168056e-06,1.3254059183509526e-08,2.691688205658238e-09,2.3811844163112994e-10,4.113613893963475e-09,6.626521644648165e-05,1.0187940091554992e-07,3.104035204160027e-05,7.756288482596574e-07,3.181530594531523e-10,6.031537486705929e-05,3.5465472225659767e-10,2.0464867578340318e-09
/users/PAS2099/jianyanggu/PlotDiversiVision/data/SCBI_008/SCBI_008_PlantDiversity_32_1_2_20150602-straightened.jpg,SCBI_008/SCBI_008_PlantDiversity_32_1_2_20150602-straightened.jpg,SCBI,2015,,SCBI_008,32_1_2,32,1,2,20150602,true,SCBI_008_PlantDiversity_32_1_2_20150602-straightened_r2_c0,3,2,0,0,1261,713,1891,164,2.9630373319378123e-06,5.962937848380534e-06,3.2367113433906525e-09,0.00125681993085891,1.990178134292364e-05,5.142331929164357e-07,6.451845990795846e-08,2.896320211220882e-06,1.484457516198745e-05,4.09382528232527e-06,1.1909570218904264e-07,0.0031265530269593,1.3129344722528913e-07,5.147634055902017e-06,1.6500578681188927e-08,0.00012371878256089985,2.496574779797811e-06,3.311162436148152e-05,1.646298031232618e-08,6.963612264598851e-08,4.1190281763192615e-07,0.00010305434989277273,7.090701501510921e-07,4.9015743570635095e-06,2.812404309437966e-09,2.5071876734727994e-06,1.7930162812263006e-06,2.1641170633301954e-08,2.23230234297489e-08,7.36764471653828e-09,5.632014410394959e-09,1.8843975624349696e-07,2.966211987143197e-08,1.7892036794364685e-06,3.913559794455068e-06,6.10129177402996e-07,2.2106374672148377e-05,0.0014344357186928391,0.00031198436045087874,0.00014443568943534046,0.00018779131642077118,6.455277616623789e-05,1.6794498151284643e-05,1.541285018902272e-05,4.5548413929452636e-09,3.239393464582463e-08,3.1658279908697295e-07,1.0483891088597375e-07,3.5656772524816915e-05,1.0080952250746122e-07,4.288066975277616e-06,1.4461306818702724e-06,1.0144559858815683e-08,1.7418569919769311e-09,9.438080184054343e-08,6.487829296020209e-08,3.640469117272005e-07,6.919707828956234e-08,0.005242026410996914,2.826194531735382e-07,2.3938824597280473e-05,2.2708614778821357e-05,4.574589951289454e-08,3.465036613192751e-08,1.4562973049692118e-10,1.3090942729832022e-06,7.404813118228049e-08,3.1761426821930172e-09,0.00024253288574982435,0.00015371815243270248,0.627853512763977,0.35333502292633057,1.9925177184632048e-05,4.1519993487781903e-07,4.845483658755256e-07,1.5358061489223473e-09,1.2411086380836878e-08,3.544395781318599e-07,1.2309746277860967e-10,2.7414787950874597e-07,3.782964768106467e-06,5.999260338285239e-06,2.6719138986663893e-05,7.706403266638517e-07,1.7739396298566135e-06,2.720562224567402e-05,4.663803849780379e-07,4.663630897994153e-05,5.8920672785234274e-08,1.0524371646170039e-05,3.330715481197899e-09,5.831358862451452e-08,0.0033138319849967957,8.243050979217514e-05,6.352189302560873e-06,3.4590066206874326e-05,3.3268585752921354e-07,0.00030488750780932605,7.4121121542702895e-06,7.344418122556817e-07,0.00021669465058948845,0.00024973772815428674,0.00030811448232270777,2.2031856588000664e-06,0.00027092438540421426,1.0334517810406396e-06,1.4302481758932117e-06,1.0264303540452602e-07,4.64607730066291e-09,0.00015235676255542785,2.4359601979995205e-07,1.5733726543842863e-09,1.4705642570334021e-05,1.3633941762236645e-06,9.280602739636379e-07,3.5070164550177196e-09,3.1850652248976985e-06,2.6110435555892764e-06,1.6684560677493465e-10,2.2507056200993247e-06,1.7339885971523472e-08,1.848669967330352e-06,5.166201617612387e-07,5.974543881848149e-08,1.608384081919212e-06,2.577003897386021e-06,9.611650284568896e-07,5.372210216592066e-05,0.00011102693679276854,1.685701499809511e-05,3.8408394175348803e-05,1.7840793589130044e-05,1.1527662024946039e-07,3.315129106340464e-06,5.768090431956807e-06,3.1074534490471706e-05,5.126068458594091e-10,9.14753115921485e-07,2.5514916046631697e-07,7.379459265877131e-09,8.828485498213468e-09,9.595938536222093e-06,1.2387597962515429e-05,3.853925534258451e-08,1.1333929705870105e-07,1.1900992831215262e-06,2.3663708361709723e-06,1.6909245459828526e-05,7.878259822291511e-09,8.393999451072887e-05,1.0748740351118613e-06,0.0005705878138542175,4.6029125400082194e-08,8.410428620209132e-08,3.983215535185991e-08,1.4441013718169415e-07,1.884449739009142e-05,1.1206495287297003e-08,1.2371062894089846e-06,4.880823780695209e-07,8.70266081420823e-09,3.526745058479719e-05,1.0558139962313362e-07,1.1543107802935992e-07
/users/PAS2099/jianyanggu/PlotDiversiVision/data/SCBI_008/SCBI_008_PlantDiversity_32_1_2_20150602-straightened.jpg,SCBI_008/SCBI_008_PlantDiversity_32_1_2_20150602-straightened.jpg,SCBI,2015,,SCBI_008,32_1_2,32,1,2,20150602,true,SCBI_008_PlantDiversity_32_1_2_20150602-straightened_r2_c1,3,2,1,713,1261,1426,1891,164,3.303683371314037e-08,3.225135358775333e-08,1.0061333988176102e-09,6.48866853225627e-06,7.032855364741408e-07,2.3087558531642571e-07,2.774211083078626e-09,6.184419731880553e-08,3.178759584443469e-07,1.931371826913164e-07,2.652802599811821e-08,4.904618617729284e-05,4.2515857501257415e-09,1.2718306606984697e-05,3.495403133602082e-10,3.516099013722851e-06,1.1616114079515683e-06,5.966231401544064e-05,1.3292542622167502e-09,1.663136472984661e-08,1.6833758831324985e-09,3.090709651587531e-05,4.372616615455627e-07,1.4638276013556606e-07,3.648326918348488e-10,6.519676531979712e-08,2.2008223368175095e-06,2.1353609158669684e-10,2.991546788067012e-09,1.8858670181032267e-09,6.101855132278899e-10,4.188577928943005e-09,1.3637966311819127e-08,2.9983246463416435e-07,4.710930738838215e-07,1.7296985177495117e-08,7.807352062627615e-07,1.1098940149167902e-06,1.8384761801826244e-07,4.3999381915682534e-08,8.174324506171615e-08,0.00013126542035024613,0.0002802265516947955,4.081687620782759e-06,7.307033311754196e-10,3.231497361366742e-11,2.4018607547304782e-08,1.0375499925885379e-07,3.9970491343410686e-06,7.887097694947443e-07,1.1573392839636654e-05,4.1737308720257715e-08,1.4174363904828624e-09,8.979892385241328e-09,1.5236080175284883e-09,1.0566453267912834e-09,8.436187215465907e-08,1.9266916240212595e-07,0.00013850329560227692,7.715738270519523e-09,2.8774845759471646e-06,0.0005453184130601585,2.4493243544476684e-10,1.0441757458679035e-09,5.85253512319639e-11,8.896405233826954e-06,2.86860419862478e-08,7.952739800032305e-09,8.760416676523164e-06,4.781597908731783e-06,2.2644049749942496e-05,1.8058439309243113e-05,2.487539859430399e-06,3.983574003996182e-08,3.750739452357266e-08,1.6963717097695508e-09,7.923484091065802e-10,1.2246557545836367e-08,3.231532662989478e-12,4.753274662760987e-09,6.529685379064176e-07,5.9158933254366275e-06,0.00023117204545997083,4.576239387432679e-09,3.561834773790906e-07,6.389947884599678e-06,4.3071580080322747e-07,3.42412903364675e-07,1.4369273770853397e-08,3.102400398802274e-07,1.5708927214586055e-10,8.346012769777644e-09,0.9965617060661316,5.361796411307296e-07,6.572694815076829e-07,3.137858584523201e-06,2.0153443358594814e-09,3.670756268547848e-05,4.827101633964048e-07,2.1337436351132055e-07,0.0011910940520465374,6.906308954057749e-06,2.665098691068124e-06,1.4301519080106573e-08,4.699015789810801e-06,6.766991873519146e-07,1.4319097019210858e-08,1.8566868931202407e-08,6.229685101111215e-10,7.667634054087102e-05,9.434282688403073e-09,4.907788064834051e-10,6.07302354183048e-07,2.2583567442779895e-06,5.084276608613436e-07,1.3814269550493918e-07,0.00011829745199065655,7.691883183724713e-07,8.915334616388382e-12,7.742846719338559e-06,7.356794284874013e-09,7.845238201298343e-07,4.2215262396894104e-09,1.792368142794487e-09,5.272365211084207e-09,5.745429687564751e-10,6.186661494211876e-08,5.228428108239314e-07,1.1551906027307268e-06,2.4831383171886046e-08,5.376048406446898e-08,2.372358665070351e-07,5.0199055579014384e-08,3.4743777632684214e-07,3.183915708859786e-08,0.0003391259233467281,4.890330501661211e-11,7.619457278451591e-07,7.335640361816331e-08,1.4183837215853146e-08,5.116998380572113e-09,2.3761547254252946e-06,2.190728991990909e-06,1.319922215969882e-08,4.345626081203591e-08,6.646160244372368e-08,2.7268845315120416e-06,9.124446478381287e-07,4.315903190388326e-09,4.4369878082761716e-07,1.1341834351696889e-06,3.209268584214442e-07,5.483331011468806e-10,6.004460262332145e-10,1.4834609929348375e-10,1.7849027811323026e-10,1.1868928595504258e-05,1.8740493601399066e-08,7.63322168495506e-06,3.718927246154635e-07,3.6800423819371986e-10,8.547726793040056e-06,3.9658909489759253e-10,2.6402722230756126e-09
/users/PAS2099/jianyanggu/PlotDiversiVision/data/SCBI_008/SCBI_008_PlantDiversity_32_1_2_20150602-straightened.jpg,SCBI_008/SCBI_008_PlantDiversity_32_1_2_20150602-straightened.jpg,SCBI,2015,,SCBI_008,32_1_2,32,1,2,20150602,true,SCBI_008_PlantDiversity_32_1_2_20150602-straightened_r2_c2,3,2,2,1426,1261,2139,1891,164,5.371870059889261e-08,7.803512858117756e-08,7.040150129533629e-10,2.942220135082607e-06,9.235773035243255e-08,1.0233213743049419e-07,4.1549705898091815e-09,6.313360358944919e-07,5.212181690694706e-07,1.241989934896992e-06,3.8595132423324685e-08,8.633822289993986e-06,1.2251465397739025e-09,3.716664286912419e-05,1.1456841031431964e-09,1.226934358555809e-07,1.5306077330023982e-06,2.4765786292846315e-05,7.857031136815351e-10,1.9741060341971206e-08,1.6083443910019923e-08,0.0001173348500742577,2.84697740937645e-08,3.8955619174885214e-07,4.702111477961068e-10,2.51359928427064e-08,3.0185594823706197e-07,1.8875585816591212e-10,6.508690253426153e-10,4.722729984862895e-10,3.5480401949783413e-10,4.967653399745586e-09,4.3761692047894485e-09,1.1203372451973337e-07,3.2527663051951095e-07,9.350164198451694e-09,3.554263798832835e-07,1.853928921491388e-07,1.2992174447390425e-07,1.2633385892968363e-08,4.903622752294723e-08,0.0001295937690883875,0.00017431563173886389,1.3388644504175318e-07,1.7132366636474217e-08,1.765226576022627e-10,4.7142030723534845e-08,3.244661286316841e-07,4.812505949303159e-07,1.8862235720007448e-06,7.317401923501166e-06,2.1268771632776406e-08,1.2866735454863942e-09,3.29673639498651e-08,1.4725080044186711e-09,2.0189161453743054e-09,1.905313418149035e-08,6.365710181199802e-09,6.329857569653541e-06,2.8700071652565384e-08,5.197766768105794e-07,0.0008340660715475678,8.557797248620602e-10,3.3122649067962584e-09,3.761154443449044e-10,4.488629201659933e-05,7.467155427320904e-08,6.933204588221997e-08,1.1744988114514854e-05,4.057024398207432e-06,2.092436989187263e-05,3.098006345680915e-05,2.3039449104089726e-07,3.525001801563121e-08,3.2762009993803076e-08,1.379509728671735e-09,6.02663141613391e-10,1.625962653406532e-08,7.688730728483417e-12,7.296095727582497e-09,8.587995239395241e-07,1.8065340555040166e-05,0.00017584774468559772,7.222546116736339e-09,1.0868502897665167e-07,1.3898654287913814e-05,5.141288852428261e-07,1.454677089895995e-07,2.3142771965467546e-07,2.2629535578744253e-07,6.268689456412346e-10,3.4087637601487586e-08,0.9908913969993591,1.6659651009831578e-06,9.635283504394465e-07,1.4619877219956834e-06,5.6342663867781084e-09,1.8258428099215962e-05,2.0699683318525786e-06,2.3310397168074815e-08,0.006960464175790548,2.1872638455988636e-07,2.7588077955442714e-07,2.8439599120133607e-08,1.5991265627235407e-06,1.2723015743176802e-06,4.215013760244801e-08,4.9764377507699464e-08,2.1796393856465812e-10,1.8660985006135888e-06,3.9977625654330495e-09,1.907792590571944e-09,2.1215706169641635e-07,1.4532635077557643e-06,1.2742249282382545e-06,1.4928707514627604e-07,5.465493450174108e-05,1.293881382480322e-06,3.860199312977208e-11,2.9444447136484087e-05,1.5006688114382882e-09,5.053285008216335e-07,9.011538182335244e-09,2.0611008455517776e-09,1.0807474026819364e-08,9.643837950434886e-10,5.105484319756215e-07,5.880188496121264e-07,4.798155259777559e-06,4.5165158724103094e-08,4.075387494140159e-07,1.339119961585311e-07,8.108366245096477e-08,3.3208078775714966e-07,3.5019243682654633e-07,0.00029468059074133635,1.8845584814908278e-10,4.1190878619090654e-07,3.14569911097351e-06,1.4261486214195429e-08,1.4282337978954729e-08,2.568424179116846e-06,5.888223881811427e-07,2.2987025616316714e-08,6.100841432044035e-08,1.0019908103231501e-07,1.8980682625624468e-06,6.1402801065924e-07,4.975428957720851e-09,2.951864530587045e-07,1.5082574122970982e-07,1.7571137789218483e-07,1.304390595535665e-09,7.032020743480416e-09,1.1082050832555979e-09,1.6054012563770925e-09,3.6889914554194547e-06,3.433743600567141e-08,2.4390108592342585e-05,4.5227250211610226e-07,1.1637126817731769e-09,1.3470113117364235e-05,1.6834733607140606e-09,2.7592257367814454e-09
/users/PAS2099/jianyanggu/PlotDiversiVision/data/SCBI_008/SCBI_008_PlantDiversity_32_1_4_20150602-straightened.jpg,SCBI_008/SCBI_008_PlantDiversity_32_1_4_20150602-straightened.jpg,SCBI,2015,,SCBI_008,32_1_4,32,1,4,20150602,true,SCBI_008_PlantDiversity_32_1_4_20150602-straightened_r0_c0,3,0,0,0,0,598,478,164,7.611878572788555e-06,1.1741843081836123e-05,3.0339655232580753e-09,0.006580283399671316,2.577119266788941e-05,9.175720947496302e-07,9.096812192410653e-08,0.0002964154991786927,6.23504638497252e-06,3.052092142752372e-05,2.1136295345058898e-06,0.0014241179451346397,2.2636598373537709e-07,4.749004347104346e-06,7.221611326713173e-07,3.603040750022046e-05,3.657796241895994e-06,0.00021267338888719678,9.323804306404782e-08,4.5340343035604747e-08,3.258552851548302e-06,1.1421417411838775e-06,2.760513780231122e-05,1.2791436347470153e-05,2.742876574757247e-07,3.911555904778652e-05,2.1385606032708893e-06,1.0623931956388333e-08,1.3290976319524361e-08,4.225567673543651e-10,8.866808398622084e-10,2.0806226075364975e-06,2.336121980306416e-07,1.8239879295833816e-07,5.56126053652406e-07,7.812204216861574e-08,9.885101462714374e-05,0.0006101687904447317,0.0003185039386153221,3.4187414712505415e-05,0.0006053880206309259,7.959645154187456e-05,7.289118912012782e-06,0.0004867232346441597,1.3331344028699732e-08,9.736696426898561e-08,4.091868049727054e-06,1.6633412087685429e-06,0.0013003594940528274,4.0786172661455566e-08,3.834407471003942e-05,2.943486606454826e-06,1.2230130153056962e-07,9.264206823900167e-08,1.818916530282877e-06,2.3492959826398874e-06,2.1513321257771167e-07,2.427089214052103e-07,0.359701931476593,1.0436710340400168e-07,2.6748060918180272e-05,0.0010367685463279486,2.7067860841611946e-08,1.0543841426624567e-06,2.4452921909556835e-09,9.576391448717914e-07,4.1424692653890816e-07,3.060948827737775e-08,0.0010377340950071812,0.0002775371540337801,0.10963260382413864,0.0188146885484457,3.511596514726989e-05,2.9501947551580088e-08,2.4656007013845738e-08,9.121961519475974e-10,2.992060155193599e-09,5.589584350929044e-09,9.723398752825574e-10,1.1970638524871902e-06,0.00032689148792997,6.828816367487889e-06,0.0001406452211085707,3.894820110872388e-05,0.00031753708026371896,2.9881764930905774e-05,4.542903297988232e-06,0.0001641238632146269,1.5740614145443033e-08,3.846227627946064e-06,1.4873267950576974e-08,3.106306678546389e-08,0.002713720081374049,2.1611718693748116e-05,6.711290188832209e-05,0.00013149795995559543,1.505439684024168e-07,8.867643191479146e-05,1.2262984455446713e-05,6.466926424764097e-05,0.00078940624371171,0.0007047851686365902,0.018621329218149185,6.138328245697267e-08,0.002545339521020651,2.0957006086064212e-07,2.4503488020855002e-05,2.4181181288440712e-05,8.290007791345033e-09,0.38428789377212524,6.584064976777881e-06,3.6855531959645305e-08,0.00013172639592085034,5.831664680044923e-07,1.5726878643818054e-07,4.7540722469818775e-09,2.5806115445448086e-05,1.3385323427428375e-06,1.348945399826107e-10,1.1011858077836223e-05,1.8070488749799551e-06,1.2423829502949957e-05,1.6322655937983654e-05,2.449993735353928e-05,3.690538869705051e-05,0.00025265803560614586,1.2059688003773772e-07,8.307812095154077e-06,0.00010694583033910021,0.0009211156866513193,0.0006209986750036478,0.004419074393808842,6.502810379060975e-08,1.1256017842242727e-06,1.8523318431107327e-05,7.247008034028113e-05,1.3448159030815532e-08,0.00044492314918898046,1.1649566999949457e-07,1.7600439150555758e-07,3.412402804769954e-09,7.618178869961412e-07,1.5095807839315967e-06,4.526687025219189e-09,1.043328623495654e-07,9.332563308817043e-07,5.3071412366989534e-06,4.007127427030355e-05,2.1451460270327516e-06,4.530410296865739e-05,2.293753027515777e-07,0.0785999521613121,6.862470769419815e-08,6.089514670293283e-08,1.3460580206015038e-08,2.717050051614933e-07,5.681147740688175e-06,7.151564318519377e-08,6.797316473239334e-06,5.447274361358723e-06,5.497578570157202e-08,0.00012502519530244172,5.8077077369489416e-08,1.3899684070395324e-08
/users/PAS2099/jianyanggu/PlotDiversiVision/data/SCBI_008/SCBI_008_PlantDiversity_32_1_4_20150602-straightened.jpg,SCBI_008/SCBI_008_PlantDiversity_32_1_4_20150602-straightened.jpg,SCBI,2015,,SCBI_008,32_1_4,32,1,4,20150602,true,SCBI_008_PlantDiversity_32_1_4_20150602-straightened_r0_c1,3,0,1,598,0,1196,478,164,1.4228720601749956e-07,1.447685576749791e-06,8.480878932459746e-08,3.3658045140327886e-05,0.0015106206992641091,2.474339635227807e-05,6.491291628663021e-07,2.4361631858482724e-06,0.00017893058247864246,1.7656480849836953e-05,1.9099876226391643e-05,0.0017635631375014782,4.967450877302326e-06,1.2822023563785478e-05,8.089764236274277e-08,0.0003235494077671319,1.363964884149027e-06,5.246376167633571e-05,9.488940122537315e-07,3.726941940840334e-05,1.9791656313827843e-07,8.862066897563636e-05,0.00019343171152286232,0.0005648094229400158,2.0706290015937157e-08,4.2245319491485134e-05,3.489511436782777e-05,6.409497643744544e-08,1.4069612461753422e-06,6.281575224420521e-07,9.470998207916637e-08,5.666474862664472e-06,3.5768014186032815e-06,0.0001372526166960597,6.147830572444946e-05,2.1510313672479242e-05,0.00016548122221138328,2.3724704078631476e-05,1.5970297681633383e-05,3.373296522113378e-06,3.095227611993323e-06,0.00034663351834751666,4.760850515594939e-06,2.673612243597745e-06,8.96175844644631e-09,1.787610415249219e-08,1.0140307495021261e-05,0.0015197413740679622,0.00706430384889245,8.912839177810383e-08,6.9139023253228515e-06,3.2427207770524547e-05,1.2807986422558315e-06,9.067743000912287e-09,1.4060229659662582e-05,2.2779536834605096e-07,3.290169479441829e-05,3.885724436258897e-05,0.0008923676214180887,9.959818271454424e-06,0.0002648905501700938,8.285534022434149e-06,4.384992990935643e-08,1.2900914953206666e-05,1.0770799363513106e-08,1.5806222108949441e-06,4.335068297223188e-06,1.0732087929454792e-07,0.0006089552189223468,0.0010377581929787993,3.0453247745754197e-05,1.5639552657376043e-05,0.0003638512862380594,1.2490790140873287e-05,3.1942010537022725e-05,3.1575865477861953e-07,1.2021109796478413e-07,1.635413536860142e-05,1.9923072969163513e-08,9.003885679703671e-06,0.00011304916552035138,3.7109821278136224e-05,0.00024149860837496817,2.3609321942785755e-05,9.741391295392532e-06,0.0001296223927056417,4.541016096482053e-06,8.299389264720958e-06,4.21182981824586e-08,0.006557833403348923,9.674869261289132e-08,1.3266014775581425e-07,6.683495303150266e-05,0.00015088172222021967,3.798913166974671e-05,3.635859229689231e-06,5.277080390442279e-07,4.507467747316696e-05,0.9636560082435608,3.955699128255219e-07,1.9111537767457776e-05,0.0004584132111631334,0.00035900375223718584,7.523483418481192e-07,0.00042934680823236704,8.670789247844368e-05,4.776112291438039e-06,2.05436135729542e-05,8.88802503595798e-07,0.00221646367572248,0.0001074746687663719,1.7898561566198623e-07,1.8677867046790197e-05,0.0002819078217726201,0.0002967969048768282,8.571663784096017e-06,0.002527035539969802,0.000982110039331019,3.93497101569551e-09,1.7305927030975e-05,1.109467393689556e-05,9.608591255982901e-08,5.131490183885035e-07,6.261288376663288e-07,5.019622335566964e-07,3.4301962159588584e-07,2.8552793082781136e-05,4.707734717612766e-07,2.9289378744579153e-06,2.7462695584290486e-07,1.9496732420520857e-05,8.827079000184312e-05,1.0420130820421036e-06,7.277039549080655e-05,3.624782038968988e-05,8.538409019820392e-06,1.2879898925177713e-08,0.00026994815561920404,6.333112878564862e-07,7.254550382640446e-08,1.354987233526117e-07,0.00027833032072521746,4.293285746825859e-05,6.544097175265051e-08,1.532874307486054e-06,6.272649625316262e-05,0.0005321379285305738,4.632101263268851e-05,5.54630560145597e-07,8.922207780415192e-05,0.0006371092749759555,0.00022770275245420635,1.0066184330526085e-07,3.944909678921249e-07,3.205721270660433e-07,1.5765575653858832e-06,0.0008285605581477284,2.796184794817691e-08,2.3630666419194313e-06,1.3023685596635914e-06,7.71330905990908e-06,2.0055784261785448e-05,2.331272298761178e-06,5.471368353937578e-07
/users/PAS2099/jianyanggu/PlotDiversiVision/data/SCBI_008/SCBI_008_PlantDiversity_32_1_4_20150602-straightened.jpg,SCBI_008/SCBI_008_PlantDiversity_32_1_4_20150602-straightened.jpg,SCBI,2015,,SCBI_008,32_1_4,32,1,4,20150602,true,SCBI_008_PlantDiversity_32_1_4_20150602-straightened_r0_c2,3,0,2,1196,0,1794,478,164,1.485245957155712e-05,0.00010436072625452653,1.4703338990784687e-07,5.9472025895956904e-05,0.0002325363748241216,3.3010593369908747e-07,1.4070227507545496e-06,0.0005086623132228851,0.0006931457319296896,0.00028632156318053603,6.675962140434422e-06,0.015955554321408272,5.781841082352912e-06,0.0001474756863899529,2.0634347208670079e-07,0.00013846873480360955,1.2008769772364758e-05,6.866738112876192e-05,1.2741151067530154e-06,3.355898797963164e-06,8.788686500338372e-06,8.004179107956588e-05,1.1664678822853602e-05,0.00010060038039227948,1.571911525388714e-07,0.00036956771509721875,1.2264041288290173e-05,3.559572192557425e-08,1.0883413636975092e-07,4.2414722400963e-08,1.4987037388891622e-08,1.7331252593066893e-06,8.089103857855662e-07,3.615038394855219e-06,4.545860065263696e-06,7.61514866098878e-06,0.0006972562405280769,0.00024227413814514875,5.721114212065004e-05,1.7026284695020877e-05,3.091128746746108e-05,0.00031254685018211603,4.7000317863421515e-05,1.6990210497169755e-05,2.1591297638678952e-08,1.0925140259132604e-06,7.779634870530572e-06,2.4815566575853154e-05,0.0010928199626505375,1.3350269227885292e-06,6.521167961182073e-05,3.099145760643296e-05,4.4361343043419765e-07,5.721452200901922e-09,4.2709129957074765e-06,1.69387544701749e-06,1.1083230674557853e-05,7.428644721585442e-07,0.0026954030618071556,1.009308562061051e-06,0.0003816337266471237,6.549388490384445e-05,2.0256480581792857e-07,4.1550282503521885e-07,8.801350759313209e-10,4.3910844397032633e-05,1.0616308827593457e-06,5.7310881373950906e-08,0.0022739688865840435,0.001066332682967186,0.6635913252830505,0.13537126779556274,8.316618186654523e-05,2.3631971544091357e-06,4.019059815618675e-06,2.8344453539830283e-07,7.657992284748616e-08,2.2593956146010896e-06,7.826291836821042e-10,1.7500732383268769e-06,1.859926305769477e-05,5.098196197650395e-06,0.0002242157352156937,1.2158764548075851e-05,2.179307193728164e-05,0.0005644098273478448,6.554237188538536e-05,6.990269321249798e-05,5.990777367514966e-07,0.00013362817117013037,5.746938214201691e-08,9.856835276877973e-07,0.0009040531003847718,0.0047716484405100346,0.001631181687116623,0.0003854288952425122,1.4424176697502844e-07,8.879442611942068e-05,0.0010795526904985309,3.7199872622295516e-06,0.00023250443337019533,0.0004373416886664927,0.0024167520459741354,2.5936133170034736e-06,0.0003460079606156796,0.0001447601243853569,4.4528705984703265e-06,8.575838000979275e-05,7.562395865079452e-08,0.005406945012509823,1.0139553523913492e-05,3.1572895409226476e-08,3.1402021704707295e-05,9.099032467929646e-05,0.0003956784203182906,6.230091457837261e-06,0.001815582043491304,3.806637687375769e-05,3.407127635579599e-10,3.315828871564008e-05,2.20060974243097e-05,3.821782229351811e-06,2.1598743842332624e-05,7.490626103390241e-06,5.120671630720608e-05,4.367995643406175e-05,4.127274678467074e-06,1.9764855096582323e-05,2.1887382899876684e-05,3.141434717690572e-06,6.240036600502208e-05,0.00010622276022331789,6.6268653426959645e-06,1.5297469872166403e-05,1.8134758647647686e-05,4.265265306457877e-05,3.087985700478413e-10,3.574450238374993e-05,4.1517489535181085e-07,4.7550283710506847e-08,4.422226140832208e-08,0.0005144188180565834,0.00010803884651977569,5.283755299956283e-08,2.7624885206023464e-06,9.113553096540272e-05,0.0009426376782357693,0.00011457061918918043,2.022529770329129e-06,0.001962363487109542,1.4448036381509155e-05,0.14663726091384888,2.5761002575563907e-07,7.276435098901857e-07,1.0852407967831823e-06,1.997175331780454e-06,0.00024854991352185607,7.755152608979188e-08,1.782134404493263e-06,7.929656021588016e-06,6.954250579838117e-07,0.0002877252409234643,6.369272682604787e-07,6.548582973664452e-07
/users/PAS2099/jianyanggu/PlotDiversiVision/data/SCBI_008/SCBI_008_PlantDiversity_32_1_4_20150602-straightened.jpg,SCBI_008/SCBI_008_PlantDiversity_32_1_4_20150602-straightened.jpg,SCBI,2015,,SCBI_008,32_1_4,32,1,4,20150602,true,SCBI_008_PlantDiversity_32_1_4_20150602-straightened_r1_c0,3,1,0,0,478,598,957,164,8.834791742629022e-07,4.958254066877998e-06,3.6790519519769305e-09,0.0037208409048616886,0.0002097145770676434,2.8123754418629687e-06,3.4178150087882386e-08,6.006815965520218e-06,4.604286004905589e-06,4.1550443711457774e-05,9.342008411294955e-08,0.005514507181942463,1.84224120403087e-07,2.1188470782362856e-06,2.4116136643215214e-08,0.0001632629573578015,7.458878599209129e-07,3.232620292692445e-05,3.194260145278349e-08,9.603176920336409e-08,5.734193109674379e-06,3.897886927006766e-05,2.766408670140663e-06,7.41312805985217e-06,5.427590821227568e-08,4.388333763927221e-05,6.377292720571859e-06,1.2313184249990172e-08,7.158068626722525e-08,5.8298419425284465e-09,2.874882998327166e-09,7.448958967870567e-06,1.7803650109726732e-07,4.118196102353977e-06,5.653481821354944e-06,2.915106165346515e-07,0.00011124651064164937,0.0019486953970044851,0.0006933882832527161,0.00020058106747455895,0.0006620245985686779,0.00018031348008662462,2.3203891032608226e-05,7.984131116245408e-06,9.227528185995482e-10,3.295356520993664e-07,3.1705660603620345e-06,7.275956477315049e-07,0.00024699579807929695,2.384226860385752e-08,3.457053389865905e-05,1.3695296729565598e-05,6.122433404698313e-08,1.896721180116856e-08,5.741610493714688e-07,1.6907161182189157e-07,6.697940762023791e-07,6.131973009360081e-07,0.19179734587669373,1.7040944157997728e-06,0.00033011112827807665,8.782615623204038e-05,4.8970452581897916e-08,1.348594196315389e-07,3.1752556139963417e-10,2.9396189802355366e-06,8.602585666039886e-08,1.2113317460205053e-08,0.0030124702025204897,0.0004990556044504046,0.5029916167259216,0.21042971312999725,0.00015668655396439135,2.9831103347532917e-06,2.2422211714001605e-06,1.4012030646881612e-08,2.8951676611654875e-08,1.9020557147086947e-06,1.6869126928664713e-10,6.425002538890112e-07,0.0002460103132762015,4.09649801440537e-05,0.00043143556104041636,1.4952782294130884e-05,7.137874490581453e-05,3.1340237910626456e-05,6.373155088112981e-07,4.910371717414819e-05,2.762419626378687e-08,1.6770805814303458e-05,1.4469123676974505e-08,8.101011417238624e-08,0.003870361251756549,2.5320627173641697e-05,5.137395055498928e-05,6.842309812782332e-05,1.2846989250192564e-07,8.853626059135422e-05,4.268500197213143e-05,5.492975674314948e-07,0.0015921907033771276,0.004756196402013302,0.021225890144705772,2.2167060365063662e-07,0.0043556164018809795,6.525512617372442e-06,9.502029570285231e-06,3.7677552882087184e-06,2.393182985116482e-09,0.015899034217000008,2.4094460968626663e-06,1.1144799527684768e-09,2.693711758183781e-05,3.2963137073238613e-06,3.7684740163967945e-06,1.6955787884853635e-08,0.00010007360833697021,3.3582900869078003e-06,6.156923582079088e-11,9.861569196800701e-06,7.691271974863412e-08,1.3953105053587933e-06,2.1186854155530455e-06,2.146147153325728e-06,2.0990405573684257e-06,2.2959293346502818e-05,1.0149676654691575e-06,1.1112727406725753e-05,0.00010797117283800617,0.00033058246481232345,0.00022692598577123135,0.00022536628239322454,1.0267158501164886e-07,9.86694431048818e-07,7.051809370750561e-05,3.103697599726729e-05,6.826206266907775e-10,6.08033878961578e-05,1.5728825246696942e-06,1.653681493962722e-07,3.129610703922481e-08,1.0998353900504299e-05,1.234042883879738e-05,6.769910410042712e-09,1.542965435419319e-07,3.5268516512587667e-05,0.0006994560244493186,4.407728192745708e-05,6.392167506419355e-08,7.906725659267977e-05,7.041909952931746e-07,0.02030804194509983,2.534948606580656e-08,7.023851367193856e-08,4.407267439887619e-08,1.1266292432310365e-07,1.2072971003362909e-05,4.8522867501787914e-08,9.7631254902808e-06,1.5358197060777456e-06,1.744390942803875e-08,0.0013634739443659782,3.890128539296711e-07,1.2956051875789854e-07
/users/PAS2099/jianyanggu/PlotDiversiVision/data/SCBI_008/SCBI_008_PlantDiversity_32_1_4_20150602-straightened.jpg,SCBI_008/SCBI_008_PlantDiversity_32_1_4_20150602-straightened.jpg,SCBI,2015,,SCBI_008,32_1_4,32,1,4,20150602,true,SCBI_008_PlantDiversity_32_1_4_20150602-straightened_r1_c1,3,1,1,598,478,1196,957,164,1.06803008748102e-05,2.985861101478804e-05,2.0398079669803337e-08,7.882373211032245e-06,7.541125523857772e-05,2.3155114377004793e-06,4.7010354364829254e-07,3.970211764681153e-05,0.000294436322292313,1.1204349902982358e-05,2.5384297259734012e-06,0.011264408007264137,1.9154705910295888e-07,4.864476522925543e-06,1.9246459981303587e-09,4.4405613152775913e-05,1.0701012342906324e-06,4.2492030161156435e-07,1.4832532997388626e-06,7.99103236204246e-06,1.2820046322303824e-06,1.4879577975079883e-05,0.0007895833696238697,1.7308077531197341e-06,1.588107245709125e-08,0.00024516385747119784,8.709595022082794e-06,7.291136228104733e-08,5.1073826057290717e-08,9.149356117177376e-08,1.1122485155112827e-08,4.968298071617028e-06,5.234909394857823e-07,6.272113296290627e-06,2.3103333660401404e-05,4.819537934963591e-06,0.00040764451841823757,1.0217411727353465e-05,5.599448741122615e-06,9.873891713141347e-07,6.086237931413052e-07,0.0011753811268135905,0.00013573157775681466,0.00022699394321534783,3.572237616822349e-09,3.1764766816877454e-08,4.987270222045481e-05,3.598326657083817e-05,0.00029175967210903764,6.178711373650003e-07,9.890784895105753e-06,4.084100874024443e-05,5.474473141475755e-07,6.946344610625488e-10,5.2198400226188824e-05,1.0401328864872994e-07,3.4813683669199236e-06,2.142927996828803e-06,0.003232901217415929,6.788575319660595e-07,0.00041427568066865206,4.798203462996753e-06,4.229277905665185e-08,6.202612894412596e-06,2.3103716162431454e-10,8.602671641710913e-07,5.041936219640775e-07,3.6847207951495875e-08,0.005871203262358904,0.0017230829689651728,0.0007070924621075392,0.0014462951803579926,2.2519727281178348e-05,2.8415091946953908e-05,3.6220830224920064e-05,6.829586141066102e-08,8.789891836613606e-08,4.872613862971775e-05,4.9007331526240705e-09,4.385829015518539e-06,0.0005759201012551785,3.1846953788772225e-05,9.602073259884492e-05,3.2727768939366797e-06,0.00033774293842725456,0.0020823234226554632,6.24035092187114e-05,1.0128080248250626e-05,1.2714500030597264e-07,4.4897013140143827e-05,3.337272147518888e-08,1.6899527963687433e-06,3.784083673963323e-05,5.967634479020489e-06,0.00042854290222749114,7.553274190286174e-05,2.65407692268127e-07,5.204966873861849e-05,0.0009206827962771058,1.6122266970342025e-05,9.109597885981202e-05,0.0006786307203583419,0.00163821701426059,2.2105639345681993e-06,0.005006412975490093,2.271358789585065e-05,0.006624126341193914,3.3493790851935046e-06,2.9010324809064514e-08,0.9349225163459778,0.0012167695676907897,2.2059356563630672e-09,4.9285063141724095e-06,6.605519047298003e-06,0.00017247721552848816,2.1984121758578112e-06,0.003100215457379818,2.991685732922633e-06,4.4782810793009276e-10,1.8405326045467518e-05,3.54028343281243e-05,6.101281087467214e-06,9.838547612162074e-07,2.3200116174848517e-06,3.5903583466279088e-06,9.81276002676168e-07,8.708593668416142e-07,7.381279942819674e-07,7.1345357355312444e-06,8.42252302390989e-06,0.00016530121502000839,0.00014887990255374461,3.881686438944598e-07,5.147207389200048e-07,0.0001168892631540075,7.605516202602303e-06,3.758379024665359e-11,0.005629161838442087,3.2268818017655576e-07,5.622216292522353e-08,2.081142902454758e-08,1.4078945241635665e-05,2.718708174143103e-06,3.1331628402853084e-09,4.030591469472711e-07,7.777123391861096e-05,0.0008887214935384691,1.4535281479766127e-05,1.1488664313219488e-05,8.845844422467053e-05,3.0836290534352884e-05,0.005480585619807243,5.464619423634076e-09,1.3003905507957825e-07,2.6997011559615203e-07,3.7069844438519794e-07,7.636041118530557e-06,2.1429093166602797e-08,3.0799008072790457e-06,1.0944050700345542e-05,3.5598234262579354e-06,3.121596819255501e-05,2.774264373783808e-07,1.930655741944065e-07
/users/PAS2099/jianyanggu/PlotDiversiVision/data/SCBI_008/SCBI_008_PlantDiversity_32_1_4_20150602-straightened.jpg,SCBI_008/SCBI_008_PlantDiversity_32_1_4_20150602-straightened.jpg,SCBI,2015,,SCBI_008,32_1_4,32,1,4,20150602,true,SCBI_008_PlantDiversity_32_1_4_20150602-straightened_r1_c2,3,1,2,1196,478,1794,957,164,5.90911554354534e-07,6.586945346498396e-06,2.4760677952428978e-09,0.00024883932201191783,3.0126435376587324e-05,1.7077196545756124e-08,2.3712218855109768e-09,4.2569765355437994e-05,5.532331215363229e-06,4.328040813561529e-05,1.3320557457063842e-07,0.0008199627045542002,3.785635271924548e-08,1.9661010810523294e-05,3.800493253436343e-09,0.0001536884083179757,1.4502153135254048e-05,0.0008654719567857683,3.633381595591345e-08,8.725643851903442e-08,4.0557756619818974e-07,8.19767956272699e-06,6.836753527750261e-07,3.3469632398919202e-06,4.95586793824998e-10,1.4171779184835032e-05,6.938062142580748e-07,1.27064792021514e-09,4.887941607023549e-09,2.2969426360930356e-10,6.11578232501131e-10,4.764143923807751e-08,2.4396626940870192e-08,2.77099445611384e-07,2.550151521063526e-07,4.5453191432898166e-08,8.821744995657355e-05,0.002349798334762454,0.0005783128435723484,0.00015432760119438171,0.0004762954486068338,9.787829185370356e-05,8.065635483944789e-05,3.8308931834762916e-05,2.773031249070357e-10,6.222629167496052e-08,3.778582424729393e-07,2.677260226846556e-07,0.00016121528460644186,4.1803538408657914e-08,6.517066503874958e-05,3.7262640262269997e-07,2.6435859723505928e-08,3.2557727625004418e-09,1.1322533310931249e-07,1.5154517996052164e-07,7.486935515998994e-08,7.897951803670367e-08,0.0019383702892810106,4.0790943955926195e-08,3.2093408663058653e-05,0.0004093068710062653,2.647592367566176e-08,1.74402732255885e-08,3.9971560783502724e-11,2.815115976773086e-06,8.405044660264593e-09,2.7714450179239236e-10,0.000249744625762105,7.268760236911476e-05,0.7278375029563904,0.17943431437015533,4.6828707127133384e-05,8.797132977633737e-08,1.6262455915239116e-07,4.1906815795300645e-09,5.187727580846513e-09,5.298753791294075e-08,5.2385918519748387e-11,1.552052566466955e-07,2.070801201625727e-06,3.5437931273918366e-06,6.0096459492342547e-05,1.1786788718382013e-06,4.6628349082311615e-05,1.564555350341834e-05,2.3603868157806573e-06,0.00018279098730999976,5.087601451236878e-09,3.824640089078457e-07,5.745509068511012e-10,1.5652632967544378e-08,0.008927648887038231,0.00019501395581755787,6.778383249184117e-05,0.00021542314789257944,4.968498501511931e-08,0.0001601084222784266,8.889570040082617e-07,6.50136655622191e-07,0.003072534454986453,0.00016631250036880374,0.0011474828934296966,1.227779478085722e-07,0.0006011666846461594,1.6133570852616685e-06,9.209307791024912e-06,2.56576640822459e-05,8.222969527516e-10,0.0006080349558033049,1.700731786513643e-07,2.4789030828031855e-09,6.711025343975052e-05,5.767369657405652e-06,2.345942249348809e-07,4.980964085632422e-09,2.3326305381488055e-05,4.015827471448574e-06,4.878656940238146e-12,1.2082288094461546e-06,1.0659729099415927e-07,4.5126021177566145e-06,1.9510455331328558e-06,2.029818915616488e-06,7.904500307631679e-06,5.415442501544021e-06,1.765225761118927e-07,3.6800447560381144e-06,1.915887878567446e-05,5.767590209870832e-06,1.2510368833318353e-05,1.0930859389191028e-05,2.421489853077219e-08,1.2697244073933689e-06,9.29138514038641e-06,2.0580211639753543e-05,1.4670711867559305e-10,7.764723704895005e-06,6.540542329958043e-08,3.4770346601931124e-09,1.7637228344469236e-09,2.4320839656866156e-05,2.0735134967253543e-05,5.1807269585424365e-09,6.924124562601719e-08,8.550156849196355e-07,1.6846424841787666e-05,4.588776209857315e-05,1.1477344941113188e-07,5.606330159935169e-05,3.806881636592152e-07,0.06727157533168793,3.7745177650094774e-08,1.2281300421079777e-08,2.0171423642523223e-08,7.224270603956029e-08,0.00010900218330789357,3.113764890372295e-08,9.151065682999615e-07,6.456484129557793e-07,6.073866298805797e-09,0.00032788515090942383,1.994882126155062e-08,7.28957072482217e-09
/users/PAS2099/jianyanggu/PlotDiversiVision/data/SCBI_008/SCBI_008_PlantDiversity_32_1_4_20150602-straightened.jpg,SCBI_008/SCBI_008_PlantDiversity_32_1_4_20150602-straightened.jpg,SCBI,2015,,SCBI_008,32_1_4,32,1,4,20150602,true,SCBI_008_PlantDiversity_32_1_4_20150602-straightened_r2_c0,3,2,0,0,957,598,1435,164,9.914663678500801e-05,0.00021277547057252377,4.924592289512475e-08,0.0005379173089750111,0.007175213657319546,1.9216860891901888e-05,3.7362561045029e-08,0.0010561762610450387,0.00024813233176246285,5.1884533604606986e-05,3.194782038917765e-05,0.028024159371852875,7.909205237410788e-07,9.45811189012602e-05,1.8806005641636148e-08,0.002089891117066145,9.649109415477142e-05,0.0004155497590545565,2.8165044568595476e-05,3.796880628215149e-05,5.244546628091484e-06,0.00043828232446685433,0.0011683404445648193,0.0011790500720962882,2.7967883564627982e-09,0.0017920165555551648,1.6909789337660186e-05,2.393472868789104e-07,3.254114062656299e-07,1.941400284977135e-08,5.674682768130879e-08,1.3395381756708957e-05,6.890250460855896e-06,3.7520439946092665e-05,8.073150820564479e-05,1.9177168724127114e-05,0.001604858785867691,0.009408569894731045,0.005025642924010754,0.00020498980302363634,0.0004569147131405771,0.007953213527798653,0.00031920065521262586,0.0003882373566739261,4.577826473450841e-08,2.9418887947940675e-07,4.141332465223968e-05,0.0001390855759382248,0.01781758852303028,1.1563050748009118e-06,0.0007136747590266168,0.00034436359419487417,5.568752840190427e-06,3.916070667742133e-08,0.00012762771802954376,7.302193353098119e-06,3.989292508776998e-06,7.66782795835752e-06,0.005710854660719633,1.1617345307968208e-06,0.003431377001106739,0.00014145165914669633,2.346383098483784e-06,0.00012364301073830575,9.353502861131346e-09,1.239286211784929e-05,2.7158145599059935e-07,1.5424085120230302e-08,0.005214332137256861,0.001904770266264677,0.18348649144172668,0.13073429465293884,0.000571802316699177,0.0001316735433647409,0.0001267258485313505,1.4577029787687934e-06,1.7566494534548838e-06,0.00012712868920061737,5.973481620458188e-08,3.23998428939376e-05,0.0006562977214343846,0.00011915559298358858,0.0004872485878877342,9.727682481752709e-05,0.0006007978809066117,0.002353046787902713,8.880770474206656e-05,0.0019884149078279734,4.812682163901627e-07,4.60010051028803e-05,7.450640993056368e-08,2.743325467235991e-06,0.004502929747104645,0.001980224857106805,0.0010040497872978449,0.0004168898449279368,1.131236149376491e-05,0.0008402345119975507,0.0016423530178144574,7.996555359568447e-05,0.0041430117562413216,0.0030621453188359737,0.022600658237934113,0.00021026287868153304,0.09750992059707642,5.0958304200321436e-05,0.0008832900784909725,0.00028190319426357746,2.324198966618951e-08,0.027803314849734306,0.005731675308197737,5.996749905534671e-07,0.0005078503745608032,3.994365397375077e-05,0.0001179422833956778,6.597557558052358e-07,0.0022461668122559786,0.000580304185859859,3.699987205507682e-09,2.084140942315571e-05,7.520527287852019e-05,2.0284354832256213e-05,2.2659844034933485e-05,8.811453881207854e-06,4.014345904579386e-05,4.496454130276106e-05,4.921106665278785e-05,0.00011190771328983828,0.0011572600342333317,6.356662197504193e-05,0.0020826172549277544,0.0010707724140956998,8.526746569259558e-06,6.11204668530263e-05,0.0011363060912117362,4.832924241782166e-05,8.68387530772452e-08,0.0015152128180488944,8.296875080304744e-07,8.846235743931175e-08,2.2209081862456515e-07,0.00013485163799487054,0.00012063423491781577,5.976399108931219e-08,6.920777764207742e-07,0.0001807849039323628,0.0019012278644368052,0.0005224942578934133,2.30992791330209e-05,0.004998378921300173,0.00012040528235957026,0.37902024388313293,2.213060099620634e-07,8.068770398494962e-07,1.5472481891265488e-06,4.46561489297892e-06,0.00048501582932658494,1.7376737559970934e-07,2.4950659280875698e-05,2.2606056518270634e-05,1.957899257831741e-05,0.0008731926209293306,9.8243763204664e-06,7.3675516887306e-07
/users/PAS2099/jianyanggu/PlotDiversiVision/data/SCBI_008/SCBI_008_PlantDiversity_32_1_4_20150602-straightened.jpg,SCBI_008/SCBI_008_PlantDiversity_32_1_4_20150602-straightened.jpg,SCBI,2015,,SCBI_008,32_1_4,32,1,4,20150602,true,SCBI_008_PlantDiversity_32_1_4_20150602-straightened_r2_c1,3,2,1,598,957,1196,1435,164,2.0626980585802812e-06,3.40329461323563e-05,1.5505314809871606e-09,0.0001465672830818221,2.7306734409648925e-05,2.899727569172228e-08,1.1106545905192888e-08,1.5555280015178141e-06,1.2917344065499492e-06,1.337954699920374e-06,2.143196020654159e-08,0.027803216129541397,1.4637150513863162e-07,4.193725544610061e-08,1.0523687477004273e-09,7.317201379919425e-05,4.1055582045146366e-08,3.597788236220367e-07,1.1070084404707359e-08,8.069876855643088e-08,3.3678273325676855e-07,3.6895637549605453e-06,3.1265417419490404e-06,8.203911420423537e-06,4.1684572460454206e-10,6.810835657233838e-06,1.187557245430071e-06,4.006306841830565e-09,3.651851443464693e-08,3.646114521416166e-09,9.862960448359104e-10,9.75394527813478e-07,1.3806095466861734e-07,1.9312537915538996e-06,1.6929211597016547e-06,3.0463760936072504e-07,1.0811848369485233e-05,1.485009488533251e-05,3.646970435511321e-05,6.445369763241615e-06,8.91882609721506e-06,1.4878162801323924e-05,1.6297626643790863e-06,5.081038125354098e-06,9.330474587398996e-11,1.8018636183114722e-07,4.796207235813199e-07,4.920314609080378e-07,9.447513002669439e-05,5.938038061259476e-09,1.6722864529583603e-05,2.5786309834074927e-06,8.020798247798666e-09,1.9207582746538776e-10,2.2323332871110324e-07,1.1266229194006883e-07,5.605709247902269e-07,6.695856313854165e-08,0.9192420840263367,4.414192034118969e-08,0.0013983154203742743,1.2277669156901538e-06,2.7198663321570393e-09,3.013079208358249e-07,1.4355600042037509e-11,2.4231550099784727e-08,1.9121471073191287e-09,5.589791962634649e-10,0.0032561703119426966,2.096141361107584e-05,0.002843377646058798,0.0008100055856630206,3.16753976221662e-05,9.500589470690102e-08,9.95744926512998e-07,5.595301999505864e-08,5.545934822492882e-09,1.5326908453516808e-07,4.3133641103310083e-10,5.457397378449969e-07,1.5175312910287175e-05,4.944061402056832e-06,6.148056854726747e-06,3.371185448486358e-05,2.254982064187061e-05,4.104340860067168e-06,1.4879184163874015e-05,1.0298997494828654e-06,1.0710105025069083e-09,1.1237863191126962e-06,1.64590452378377e-09,3.083388211422289e-09,2.0398192646098323e-05,2.564555143180769e-05,7.099893991835415e-06,2.9615055154863512e-06,1.1458800130981217e-08,6.150569970486686e-05,2.841822833943297e-06,1.1639173180810758e-06,7.630277650605422e-06,0.0001133379410021007,0.00036952298250980675,1.253621064734034e-07,0.0010374129051342607,6.362722615449456e-07,2.5625784019212006e-06,6.7460114223649725e-06,1.1281873213420113e-09,0.0031864733900874853,2.3238385438162368e-06,2.569199852864301e-10,1.4271504369389731e-05,1.065441779246612e-06,6.904930955897726e-07,1.2514559166731942e-08,1.944116229424253e-05,2.5824601834756322e-06,1.415613112842884e-11,7.097212801454589e-06,3.062221765048889e-07,1.3275875687668304e-07,1.5564175726012763e-07,1.483473681673786e-07,4.036254495076719e-07,3.005676489920006e-06,3.529937373514258e-07,3.062842552026268e-06,4.848693606618326e-06,8.767035615164787e-05,0.0003767652087844908,0.00045510748168453574,1.4135547132809734e-07,8.438181566816638e-07,1.6269495972665027e-05,3.0357050491147675e-06,5.896701182894759e-11,0.00011281170009169728,8.384524186055842e-09,4.273206510863048e-10,1.032273932999317e-09,0.00014533573994413018,0.00018984009511768818,1.4864460773367227e-09,4.923841956383512e-08,2.747503629052517e-07,1.3220600521890447e-05,6.0290963119769e-06,7.547935609863998e-08,0.00022540800273418427,2.321569070318219e-07,0.037391629070043564,5.473550057644161e-09,5.142848991113169e-08,1.4545191717729722e-08,7.197762670330121e-07,1.5178555258898996e-05,3.550730265367008e-10,3.2988328513283705e-08,4.465307199552626e-07,2.3813220284552017e-09,8.2672468124656e-06,1.0136730566046026e-07,7.21887758459161e-08
/users/PAS2099/jianyanggu/PlotDiversiVision/data/SCBI_008/SCBI_008_PlantDiversity_32_1_4_20150602-straightened.jpg,SCBI_008/SCBI_008_PlantDiversity_32_1_4_20150602-straightened.jpg,SCBI,2015,,SCBI_008,32_1_4,32,1,4,20150602,true,SCBI_008_PlantDiversity_32_1_4_20150602-straightened_r2_c2,3,2,2,1196,957,1794,1435,164,6.765486432414036e-06,2.1701896912418306e-05,9.602159423138801e-08,0.0012272053863853216,0.0001296626724069938,4.090814854862401e-06,7.679409463889897e-07,3.2838554034242406e-05,0.00015982157492544502,0.0005738602485507727,3.1158103865891462e-06,0.01823606714606285,2.377663577135536e-07,3.0390514439204708e-05,3.9671284923770145e-08,0.0011296406155452132,2.4545359337935224e-05,0.00035102531546726823,1.5693836985519738e-06,5.612680524791358e-06,1.3471776583173778e-05,0.0010083247907459736,3.280149394413456e-05,5.5874119425425306e-05,1.476634707842095e-07,8.088432514341548e-05,2.2616472051595338e-05,1.4185010854816937e-07,4.714227941349236e-08,1.1678774392009927e-08,6.1964957609461635e-09,9.147122909780592e-06,2.998870058945613e-06,5.42801535630133e-06,2.1541884052567184e-05,4.045284640596947e-06,0.00026663168682716787,0.00037049222737550735,9.987880912376568e-05,1.4790432942390908e-05,4.719741264125332e-05,0.07230300456285477,0.004852766171097755,3.6824465496465564e-05,2.288861900012762e-08,4.002472167030646e-07,2.9618426196975634e-05,7.966005796333775e-06,0.0013828930677846074,7.839544196031056e-06,0.00068422663025558,1.7651384496275568e-06,1.495637320658716e-07,3.240211299271323e-08,6.118149485700997e-06,6.005260502206511e-07,2.9719024041696684e-06,2.5538899990351638e-06,0.01713721454143524,3.8013531593605876e-06,0.0013691300991922617,0.0006382220308296382,2.526658988699637e-07,1.0618662599881645e-05,5.182836937400737e-10,8.738078031456098e-05,3.0071867058723e-06,3.3421500233998813e-07,0.007893179543316364,0.011539137922227383,0.15844202041625977,0.1600554883480072,8.69302821229212e-05,3.6962510421290062e-06,4.8724396037869155e-06,1.9919156102332636e-08,5.264340074973006e-08,2.2789060949435225e-06,2.88737123099736e-09,4.108831944904523e-06,0.0006082295440137386,8.952942152973264e-05,0.001172285876236856,1.0216426744591445e-05,0.0004727726336568594,0.0013850471004843712,0.0001876059832284227,3.327803278807551e-05,5.264001288196596e-07,6.246561679290608e-05,7.635909327063928e-08,4.94050823363068e-07,0.16934402287006378,0.00015729095321148634,0.0006721914978697896,0.00039555312832817435,7.762969289615285e-07,0.0004461018543224782,8.87446294655092e-05,4.174382411292754e-05,0.061499617993831635,0.000422731478465721,0.003967486787587404,2.790310873024282e-06,0.02044806070625782,5.8924142649630085e-06,0.0006483072065748274,2.8553822630783543e-05,6.730394375153992e-08,0.06155829504132271,2.529757512093056e-05,4.6435488343377074e-08,0.00014775327872484922,1.8339078451390378e-05,5.777147089247592e-05,3.324082626932068e-07,0.0016398098086938262,2.9075041311443783e-05,1.1094374308129318e-09,5.2536550356308e-05,5.24910501553677e-06,0.00042479412513785064,5.9047029935754836e-05,2.361296719755046e-05,0.00010872721759369597,7.92763166828081e-05,3.1895297070150264e-06,5.785370376543142e-06,0.00016949822020251304,0.00010909532284131274,0.0023218723945319653,0.0002908004680648446,1.9248745957156643e-06,3.739452222362161e-05,0.0004599431704264134,0.0003464926849119365,6.392361640017441e-10,0.0009702292736619711,4.9813684199762065e-06,2.5786167157093587e-07,4.107887363602458e-08,0.0002498188696336001,0.00015153898857533932,3.112576152375368e-08,1.7583909084351035e-06,3.121343979728408e-05,0.000603791035246104,0.00015195576997939497,5.490886110237625e-07,0.000602272804826498,2.5553237719577737e-05,0.2042616456747055,1.5177189993664797e-07,7.617958175387685e-08,1.9617755242506973e-07,8.689935384609271e-07,0.0001491509028710425,2.414857647181634e-07,2.795650107145775e-05,1.4713899872731417e-05,1.0326439792152087e-07,0.0019851692486554384,2.7738701646740083e-07,5.452081808243747e-08
/users/PAS2099/jianyanggu/PlotDiversiVision/data/SCBI_008/SCBI_008_PlantDiversity_40_1_3_20150602-straightened.jpg,SCBI_008/SCBI_008_PlantDiversity_40_1_3_20150602-straightened.jpg,SCBI,2015,,SCBI_008,40_1_3,40,1,3,20150602,true,SCBI_008_PlantDiversity_40_1_3_20150602-straightened_r0_c0,3,0,0,0,0,529,560,164,3.6504435030337845e-08,2.9847532800886256e-07,1.2457765374840335e-10,4.8631616664351895e-05,1.6482177045418211e-07,3.699365702658497e-09,9.18571052554995e-11,7.95107553130947e-06,1.0541533157493177e-07,2.2749472918803804e-06,2.2953605238740238e-08,1.3736812434217427e-05,2.147851230205333e-09,3.119831433195941e-07,3.500643941389825e-10,5.343414954950276e-07,7.484996444873104e-08,1.3213430065661669e-06,4.563561528669879e-09,2.220863493107572e-09,4.6098424633100876e-08,3.140906557064227e-08,4.269754683150495e-08,2.810780586059991e-07,3.444058371826486e-10,3.271091372880619e-06,1.5322811464102415e-07,2.6938021258082756e-10,6.728236856545777e-10,1.0352103722854888e-11,3.461535225124379e-11,8.284783525880357e-09,2.1652832860041826e-09,2.6211040449197753e-08,2.6448478962493027e-08,1.0186727017469366e-08,4.167605766269844e-06,8.91114177647978e-05,5.4087169701233506e-05,1.0141262464458123e-05,3.99319214920979e-05,1.23189965961501e-06,4.08638697990682e-07,1.9707263163581956e-06,3.836279557911659e-11,1.6044068296139358e-09,1.6474688280254668e-08,8.106863624846028e-09,8.726022315386217e-06,7.437007010224761e-09,9.790890544536524e-06,3.24093072379128e-08,1.0512729575751223e-09,4.0478866786264334e-11,3.276068971658219e-09,1.1550959300166141e-08,8.902013570732947e-10,1.9405245466064258e-10,3.938398003811017e-05,7.514087130289226e-09,5.102691602587583e-07,9.873781891656108e-06,5.946987347016375e-10,4.0541006662841994e-10,9.815617069142135e-12,8.152176178555237e-08,7.037104787777082e-10,5.5489321471036135e-11,8.090349183476064e-06,1.143400595537969e-06,0.7137029767036438,0.2851504385471344,3.093215639182745e-07,6.730986434888564e-09,2.6023823096466003e-09,2.890831324320331e-11,1.4970577555395437e-10,2.693885781113181e-09,1.5033341325271232e-12,2.5274007331432813e-09,1.0285522478170606e-07,7.609222052451514e-08,1.497392076998949e-06,2.6161179889072628e-09,3.7510670836127247e-07,1.9148053809203702e-07,2.0745092399465648e-07,1.3730054888583254e-05,1.8154036607320734e-10,1.4067165210462917e-08,1.8593625250584722e-10,1.1798973353904785e-08,4.144729973631911e-05,4.662567789637251e-06,5.468231734084839e-07,4.620022536983015e-06,1.039112462741798e-09,5.026955705034197e-07,5.230794286603668e-08,1.0970956765277151e-07,6.594066508114338e-05,4.82737550555612e-06,2.2227834051591344e-05,2.180734481882496e-09,1.5821413398953155e-05,4.759005634014102e-08,2.5474594167462783e-07,4.216520892441622e-07,3.403023696169072e-11,2.8446322176023386e-05,4.245376672429302e-08,2.809361354660922e-10,3.6229909028406837e-07,3.4423809580630405e-08,3.731468023460138e-09,6.959415682628034e-11,1.8284309533100895e-07,4.374846085397621e-08,1.942899237761947e-13,6.7276499926549604e-09,1.2234498747432099e-08,7.365158438688013e-08,4.37928733276749e-08,3.848641938475339e-08,1.155193487534234e-07,3.5672024978339323e-07,9.148198643060823e-09,2.779911937977886e-06,4.617063041223446e-06,3.903573713159858e-07,1.8412264353173668e-06,4.2174860936938785e-07,2.666770138048946e-09,5.2763438063152535e-09,6.638223482013927e-08,3.014963851910579e-07,1.7162009660620647e-11,9.455359872845293e-07,7.978317562162829e-09,7.468731189064215e-10,1.1115346837398121e-10,8.485754676712531e-08,8.743773349806361e-08,2.442967494964421e-10,1.9913386495318264e-09,6.930813611916165e-08,2.0305623138483497e-07,1.455418470186487e-07,1.1233132646282229e-08,5.286926807457348e-07,7.791389755595901e-09,0.0005607618950307369,2.880860217047143e-09,1.100909585716181e-09,1.1796896792759526e-09,8.57752313621063e-10,1.9896627634352626e-07,7.227656806385596e-10,2.1443320008529554e-08,8.828838815588824e-08,1.0462720689830007e-09,7.142513368307846e-06,5.579332551519656e-09,4.0791853228583363e-10
/users/PAS2099/jianyanggu/PlotDiversiVision/data/SCBI_008/SCBI_008_PlantDiversity_40_1_3_20150602-straightened.jpg,SCBI_008/SCBI_008_PlantDiversity_40_1_3_20150602-straightened.jpg,SCBI,2015,,SCBI_008,40_1_3,40,1,3,20150602,true,SCBI_008_PlantDiversity_40_1_3_20150602-straightened_r0_c1,3,0,1,529,0,1057,560,164,1.1367950492058299e-07,6.353996013785945e-07,7.580884531233067e-11,0.0006917127757333219,2.9205255032138666e-06,1.8784444222319507e-08,3.6468830177938116e-09,0.00022584802354685962,7.631527410012495e-08,1.376184809487313e-05,2.124939300074402e-07,0.000532235368154943,2.753495564888908e-08,5.464949208544567e-05,5.231918365211641e-08,6.005710474710213e-06,3.5079408462479478e-06,3.385532181710005e-05,5.017013471331211e-09,7.957749126319413e-09,1.8011573388321267e-07,3.4592099495966977e-07,9.447043112231768e-07,6.523238766931172e-07,6.1061213862956265e-09,5.6093745115504134e-06,4.935018864671292e-07,1.7523910100791795e-10,1.305973440501873e-09,4.328034458600527e-11,3.7907824101957033e-10,2.212698468895269e-08,4.1400962658144635e-09,3.2553824524939046e-08,3.160513273314791e-08,1.6398340463297245e-08,6.7996788857271895e-06,1.0132187526323833e-05,7.02055740475771e-06,1.0321937224944122e-06,5.534472165891202e-06,4.823442395718303e-06,1.0729314453783445e-05,1.3643973943544552e-05,6.621558301667108e-10,8.472692769601053e-09,6.685426683361584e-07,1.713171400297142e-07,2.5454153728787787e-05,1.0436873054686657e-07,5.817585770273581e-05,3.847796961053973e-07,2.0842037429247284e-08,1.161517548808888e-08,1.4383591206978963e-08,5.753288689902547e-08,4.254247176760373e-09,5.460371599319558e-10,0.003476228564977646,2.0021200697328823e-08,4.173449724476086e-06,0.0002610744268167764,1.0401884908972647e-09,3.0441218434873463e-09,2.1835080965537657e-10,4.3461291170387994e-06,1.1826565504691189e-08,1.0891189061723594e-09,1.4166776054480579e-05,4.5879937715653796e-06,0.753554105758667,0.23524054884910583,4.4122807594249025e-06,7.443377114668692e-08,1.3543051124997874e-07,6.884021352959735e-09,5.5467648252260915e-09,5.9446868760915095e-08,2.7818919043354207e-11,8.483110747192768e-08,2.3312088615057291e-07,2.5089448172366247e-06,5.038658491685055e-05,3.0282098606448926e-08,1.9013068595086224e-06,8.695064025232568e-06,5.071706254966557e-07,4.568052099784836e-05,1.3607821536254505e-09,2.5813667647867078e-08,1.5621565152557082e-10,3.623228295168701e-08,0.0031390017829835415,1.4814236237725709e-05,7.868501597840805e-06,5.2844388847006485e-05,1.3570763179870937e-08,5.322165634424891e-06,8.69993698415783e-07,1.4743018539320474e-07,0.0003090204845648259,1.0450587978994008e-05,5.582693120231852e-05,6.132665930635994e-08,4.743576573673636e-05,8.796010320111236e-07,9.055618193087867e-07,7.48010415918543e-06,7.572477089823337e-10,0.0001275534013984725,9.602655381968361e-08,2.2085231421442586e-09,8.079439794528298e-06,2.4185605980164837e-06,2.94591245619813e-07,4.277746157299589e-09,1.0076836588268634e-05,1.5946598352911678e-07,1.6340857703425749e-12,3.2808662808747613e-07,6.77936640158805e-08,1.1441218248364748e-06,1.3877020421659836e-07,4.493245953085534e-08,1.3477392712957226e-07,2.357617887582819e-07,9.187733240878515e-08,0.00014902267139405012,1.022814649331849e-05,2.563059751992114e-06,7.947079438963556e-07,5.442080350803735e-07,5.332666930257801e-08,1.6874661667998225e-08,3.3750839634194563e-07,9.715487067296635e-06,9.467587824829593e-11,2.767757223409717e-06,1.4379532231600933e-08,3.0388662697333757e-09,7.323052719776513e-10,1.0147035709451302e-06,2.602865833978285e-06,3.825970207316232e-09,1.1243307618258314e-08,6.62187176203588e-07,2.1961345737508964e-06,6.932071300980169e-06,6.809305546084943e-07,1.0117550118593499e-05,2.5479760523694495e-08,0.001563610858283937,2.4424787525845204e-08,1.987024589311659e-08,9.716917936941627e-09,3.605483556157196e-08,2.483264779584715e-06,3.7196621338608793e-09,1.9710286380814068e-07,2.561386907018459e-07,3.252277558374317e-09,3.6272442230256274e-05,1.4069335918520665e-07,9.11615938292698e-09
/users/PAS2099/jianyanggu/PlotDiversiVision/data/SCBI_008/SCBI_008_PlantDiversity_40_1_3_20150602-straightened.jpg,SCBI_008/SCBI_008_PlantDiversity_40_1_3_20150602-straightened.jpg,SCBI,2015,,SCBI_008,40_1_3,40,1,3,20150602,true,SCBI_008_PlantDiversity_40_1_3_20150602-straightened_r0_c2,3,0,2,1057,0,1586,560,164,6.78426488320838e-07,1.631388954592694e-06,4.0267661427506596e-10,0.000223603070480749,4.774002718477277e-06,5.341324182950302e-08,1.4640509915508915e-09,1.639043512113858e-05,3.137179874102003e-06,3.7479599996004254e-05,5.61667775400565e-07,0.0005659421440213919,8.578592947117158e-09,9.32361126615433e-06,6.041230182773916e-09,1.9032249838346615e-05,1.26185693716252e-06,0.00041832917486317456,1.1529674992516448e-08,3.311092910962543e-08,4.893742016065517e-07,1.091671765607316e-05,1.4498199334411765e-06,1.1037940339519992e-06,6.173273892073894e-09,2.1000575998186832e-06,1.856429662439041e-05,8.631441339446155e-09,6.550642250857663e-09,5.354292564874186e-10,1.217613232462611e-09,1.482548270814732e-07,8.041556753823897e-08,2.1375504388743138e-07,6.508528826998372e-07,9.28314349835091e-08,5.248962406767532e-05,0.0002854498743545264,5.7403234677622095e-05,9.732595572131686e-06,7.159826054703444e-05,0.0004005514201708138,2.724154546740465e-05,0.00012201038043713197,3.0668296790992144e-09,4.597661362737426e-09,1.4386745306183002e-06,1.649152750360372e-06,4.306476694182493e-05,1.490657695057962e-07,0.00012486090417951345,6.620032877435733e-07,3.1417993540117095e-08,6.226559268185383e-09,1.2378787772604483e-08,1.103856561712746e-07,3.812207793885136e-08,2.7604075469866984e-08,0.0030314333271235228,1.1599824745189835e-07,4.06905337513308e-06,0.0005756751634180546,2.7442268457633645e-09,2.066866144900814e-08,2.3143541250103539e-10,9.558122656017076e-06,2.7858913398404184e-08,4.808869746852906e-09,6.286117422860116e-05,1.9408220396144316e-05,0.1374216228723526,0.11580981314182281,9.96256130747497e-06,2.1277301698319206e-08,2.7787908862819677e-08,2.0377254050796267e-10,1.086368661695758e-09,7.128688750412948e-09,1.638825880556638e-11,6.897120385929156e-08,8.115835044009145e-06,7.036404667815077e-07,0.00010011750418925658,7.803902235536953e-08,1.1762210306187626e-05,6.532460702146636e-06,3.49994905946005e-07,2.1980065866955556e-05,3.27603970617929e-08,5.305889203555125e-07,1.6050467621653297e-09,7.295935233742057e-08,0.7336457371711731,0.0001582851546118036,5.1290331612108275e-05,0.0006102369516156614,3.8526156487250773e-08,3.0617393349530175e-05,2.035989155046991e-06,4.236944278090959e-06,0.002769474871456623,1.950009391293861e-05,9.57060547079891e-05,2.3564584950008793e-08,2.9549782993854024e-05,2.0850971793606732e-07,9.72679572441848e-08,1.0007464652517228e-06,6.30495322617719e-10,0.0018610262777656317,2.7954951065112255e-07,3.7347223091899195e-09,3.6816406918660505e-06,2.4747744191699894e-06,3.88818506280586e-07,1.7328769530422505e-08,1.9672086637001485e-05,7.446737981808838e-07,2.3463537970197512e-12,2.1400564946816303e-06,9.436060821599312e-08,1.2076465054633445e-06,7.942868762711441e-08,3.098546486057785e-08,2.7586088435782585e-07,2.3787136171904422e-07,1.0340976075440267e-07,8.846700438880362e-06,1.4956830455048475e-05,7.789362825860735e-07,3.253339855291415e-06,9.205291462421883e-06,4.370317796542622e-08,1.9396283335026965e-07,2.8164748755443725e-07,6.0756312450394034e-05,1.1942394295694214e-10,7.721264410065487e-06,1.1795447818485627e-07,2.6036996558786996e-08,4.684927557008223e-09,2.010304797295248e-06,2.345877646803274e-06,1.6310700345911755e-08,4.5336587817246254e-08,2.2720032575307414e-06,3.615254854594241e-06,9.698096255306154e-05,9.1496168863614e-08,1.2307472388783935e-05,9.242367582373845e-08,0.000670367619022727,2.8019529807465915e-08,5.449890760900189e-09,8.460749434391346e-09,1.0391548066479572e-08,2.6069832529174164e-05,4.448735424489314e-08,5.718137799703982e-06,1.9297336621093564e-05,1.9275454121725488e-08,0.00011034162889700383,9.447113313854061e-09,3.5788323415886225e-09
/users/PAS2099/jianyanggu/PlotDiversiVision/data/SCBI_008/SCBI_008_PlantDiversity_40_1_3_20150602-straightened.jpg,SCBI_008/SCBI_008_PlantDiversity_40_1_3_20150602-straightened.jpg,SCBI,2015,,SCBI_008,40_1_3,40,1,3,20150602,true,SCBI_008_PlantDiversity_40_1_3_20150602-straightened_r1_c0,3,1,0,0,560,529,1121,164,0.0009950861567631364,0.00010320841829525307,3.872977458740934e-07,0.0015115251298993826,0.0016063362127169967,1.822995182010345e-05,4.83321855426766e-07,0.00040388968773186207,0.01534210704267025,0.0004924869281239808,1.3679043149750214e-05,0.13915808498859406,8.054082172748167e-06,3.4174379834439605e-05,1.0184371035393269e-07,0.012871436774730682,5.030993634136394e-05,4.311057637096383e-05,5.544804025703343e-06,2.6438658096594736e-05,5.708628577849595e-06,7.468357944162562e-05,0.0012685370165854692,0.00014525045116897672,8.428530406945356e-08,0.0003839151468127966,2.209765625593718e-05,3.5609532460512128e-06,7.490145037536422e-08,6.025625225447584e-07,1.4426291272684466e-07,3.679420115076937e-05,2.688697350095026e-06,1.5991688997019082e-05,9.215720638167113e-05,1.3546108675654978e-05,0.003760978812351823,0.00033254630398005247,8.585999603383243e-05,2.1997573639964685e-05,0.00018625998927745968,0.0006559928879141808,3.752347765839659e-05,0.004896827507764101,1.8201720308752556e-07,6.363745796988951e-07,0.009735013358294964,0.00018024105520453304,0.003925356548279524,3.334033635837841e-06,0.000424705765908584,0.00024572957772761583,6.660992949036881e-05,1.5311846937038354e-06,3.782816929742694e-05,1.576840440975502e-05,0.0005167167983017862,2.8094784283894114e-05,0.024511756375432014,8.32954901852645e-06,0.0012463954044505954,4.4894652091898024e-05,1.3892534411752422e-07,5.162298839422874e-05,4.907905193363149e-08,1.6574389519519173e-05,8.856106887833448e-07,1.7370322780152492e-07,0.0038954629562795162,0.0005234782001934946,0.13102948665618896,0.16681112349033356,0.0032123492565006018,0.0011903990525752306,0.002724206307902932,3.933429979952052e-06,2.5307657779194415e-05,0.00032565058791078627,5.350191258912673e-07,0.00028205724083818495,0.0005420187953859568,8.507491293130443e-05,0.003768647788092494,0.00017579933046363294,0.00019512881408445537,0.0006071619573049247,1.5424415323650464e-05,0.0012991646071895957,9.218875902661239e-07,1.6061201677075587e-05,3.6805655412308624e-08,9.320614481111988e-06,0.0010703934822231531,0.0011300004553049803,0.005332394037395716,0.0059420024044811726,1.9082317521679215e-05,0.0009414460510015488,0.00020893340115435421,0.0008117816178128123,0.0017679070588201284,0.013762547634541988,0.020136991515755653,3.271295645390637e-05,0.004365308675915003,4.803502088179812e-05,0.0005462741246446967,5.1257607992738485e-05,1.586142388987355e-06,0.2710587978363037,0.00038140875403769314,1.4646708734744607e-07,0.0001743374450597912,0.0001934338652063161,7.800601451890543e-05,8.73082535690628e-06,0.0016189349116757512,6.427182961488143e-05,1.1292347501523636e-08,1.3167156794224866e-05,0.0005812285235151649,0.00045829592272639275,4.246747266734019e-05,1.4867220670566894e-05,0.00011318591714370996,0.00026566459564492106,1.3775499610346742e-05,6.133937131380662e-05,0.0001432557328371331,0.0006103620398789644,0.0020293293055146933,0.011237549595534801,3.0791277367825387e-06,1.5748506484669633e-05,6.52237213216722e-05,0.0002035787038039416,8.324005373872012e-10,0.0006337132072076201,8.535829465472489e-07,1.4621539321524324e-06,6.709619242428744e-07,0.000663852144498378,0.0007872921414673328,7.87314533567951e-08,1.8131103729501774e-07,0.007191907614469528,0.013078022748231888,0.0068789212964475155,0.00014658470172435045,0.031619567424058914,0.0011266603833064437,0.04775063693523407,3.7319304624361394e-07,1.1533720680745319e-06,1.0732088639997528e-06,6.711645255563781e-06,0.0006400248967111111,5.73335228182259e-07,1.0764896615000907e-05,2.6862586310016923e-05,0.00036815559724345803,0.0008801861549727619,2.791094266285654e-05,7.1233366725209635e-06
/users/PAS2099/jianyanggu/PlotDiversiVision/data/SCBI_008/SCBI_008_PlantDiversity_40_1_3_20150602-straightened.jpg,SCBI_008/SCBI_008_PlantDiversity_40_1_3_20150602-straightened.jpg,SCBI,2015,,SCBI_008,40_1_3,40,1,3,20150602,true,SCBI_008_PlantDiversity_40_1_3_20150602-straightened_r1_c1,3,1,1,529,560,1057,1121,164,2.63779270426312e-06,1.0338856554881204e-05,6.516173822745941e-09,0.001564005739055574,1.4570672647096217e-05,3.0709522036431736e-08,1.8257363620932665e-08,0.00011882764374604449,1.9656559743452817e-05,2.0040579329361208e-05,9.549153219268192e-07,0.000789075915236026,3.720050401057051e-08,2.579433385108132e-05,1.485281009294681e-09,5.654627602780238e-05,1.0094965546159074e-05,9.38953508011764e-06,2.0632118946650735e-07,2.3805290538803092e-07,2.684447053979966e-06,9.904352964440477e-07,6.411101639969274e-05,2.796520675474312e-06,2.859177561376214e-09,2.5238752641598694e-05,2.8514702989923535e-06,5.419436011067091e-09,1.5365973382586162e-08,5.87025261733487e-10,1.6863084262297434e-09,8.73926012445736e-07,4.840232392666621e-08,5.183749749448907e-07,9.104012974603393e-07,8.067185603977123e-07,7.835294672986493e-05,4.72096107841935e-05,1.4881933566357475e-05,2.142882976841065e-06,8.749071639613248e-06,2.8855683922301978e-05,7.359903975157067e-05,0.00018070319492835552,1.3195050607706094e-09,2.0440268144739093e-07,0.00026875853654928505,1.5383056961582042e-06,0.00041242685983888805,3.316327763513982e-07,0.00045701672206632793,3.2137802463694243e-07,1.2643569391457277e-07,3.921968172448942e-08,2.4883482296900183e-07,1.6478377062867366e-07,2.5025615286722314e-06,1.647988483455265e-07,0.0029023513197898865,1.7284480691159843e-07,4.702537989942357e-05,1.724445610307157e-05,1.6520537826636428e-08,5.195146979275478e-09,4.817073961937979e-10,1.1479962722660275e-06,2.6584885404190572e-08,1.3781636942766795e-09,0.0012374757789075375,5.981255162623711e-05,0.7765147686004639,0.12023632973432541,5.13976629008539e-05,1.07981350083719e-06,1.6550897043998702e-06,1.9014878560597026e-08,3.672084858408198e-08,1.0323204833184718e-06,2.9660154887700685e-10,9.273167620449385e-07,2.330758434254676e-06,4.1176776903739665e-06,0.0006122352206148207,4.634804326997255e-07,0.0008925588917918503,0.00025969595299102366,1.0912096513493452e-05,7.130960148060694e-05,1.9691039909730534e-09,4.348999027570244e-07,1.0587406507056585e-09,2.5821876192821946e-07,0.0003790131595451385,3.863512392854318e-05,2.4855045921867713e-05,3.5913533793063834e-05,1.4814395044027151e-08,7.383719093922991e-06,1.1774998256441904e-06,4.5949154809932224e-06,0.00019524518575053662,0.000523968250490725,0.0018448467599228024,1.3704585910545575e-07,0.0007060991483740509,1.7494771782367025e-06,4.87219040223863e-07,6.998289336479502e-06,8.209860347108133e-09,0.08182282745838165,1.5261781300068833e-05,1.1368164187786078e-09,7.906238352006767e-06,1.0688227121136151e-05,1.030274802360509e-06,1.854473374862664e-08,5.170286385691725e-05,4.279386303096544e-07,6.341393556097419e-12,4.0447407627652865e-06,1.1506845112307929e-05,9.135013897321187e-06,2.789041673167958e-06,2.0818872599193128e-06,4.268090378900524e-06,5.265123490971746e-06,1.214019960116275e-07,5.393190804170445e-06,4.469730811251793e-06,3.8119807868497446e-05,3.9835672396293376e-06,4.6155248128343374e-05,1.4980570028910734e-07,3.826150418717589e-08,9.298282179770467e-07,1.300657277170103e-05,7.735923013285628e-12,0.0006335519137792289,5.404247076512547e-07,4.121963570469234e-08,7.127628265379826e-09,3.7381346373877022e-06,6.0721527006535325e-06,2.7667104163242584e-09,4.6647787854681155e-08,1.892142063297797e-05,0.00010964217653963715,1.1067797458963469e-05,6.588120595552027e-05,5.888299710932188e-05,5.790376690129051e-06,0.005942847579717636,6.74179716497747e-08,1.026304108364684e-08,4.879085580000719e-09,5.8980472061875844e-08,2.841057948899106e-06,1.1805350652593916e-07,9.580531923347735e-07,6.602584107895382e-06,5.432209349010009e-08,5.028793020755984e-05,1.3020454048273677e-08,3.6994438623594306e-09
/users/PAS2099/jianyanggu/PlotDiversiVision/data/SCBI_008/SCBI_008_PlantDiversity_40_1_3_20150602-straightened.jpg,SCBI_008/SCBI_008_PlantDiversity_40_1_3_20150602-straightened.jpg,SCBI,2015,,SCBI_008,40_1_3,40,1,3,20150602,true,SCBI_008_PlantDiversity_40_1_3_20150602-straightened_r1_c2,3,1,2,1057,560,1586,1121,164,1.3437829693430103e-06,8.977279321698006e-06,6.733979596162953e-09,0.003052890533581376,7.447654206771404e-05,4.379164408874203e-07,4.397859409976945e-09,5.049148603575304e-05,7.067020760587184e-06,2.3706719730398618e-05,6.139720198916621e-07,0.0008925044676288962,5.412145753780351e-08,3.8034835597500205e-05,2.3810533544832424e-09,0.0002297761384397745,5.931672149017686e-06,4.1432995203649625e-05,7.837139719413244e-07,5.0582815447342e-07,1.2883705267086043e-06,1.087627333618002e-05,5.138077995070489e-06,0.00013310502981767058,1.2209014910169458e-09,2.991202381963376e-05,3.603537606977625e-06,1.1825401990961382e-08,2.296775214460922e-08,1.1024372525980652e-09,1.4668908310255802e-09,5.297496272760327e-07,7.178768157700688e-08,2.96195116789022e-06,1.1119971077278024e-06,1.7221825032720517e-07,1.8532457033870742e-05,0.004789660684764385,0.0016142191598191857,0.0001748231443343684,0.0006317226216197014,8.586041076341644e-05,2.357217454118654e-05,1.511773189122323e-05,1.083967804405006e-09,1.2900369483759278e-07,3.019470398157864e-07,7.345508379330568e-07,0.0006174137233756483,7.313546745990607e-08,5.062302079750225e-05,2.1473917968251044e-06,3.6144358617207217e-09,5.837095695682137e-09,2.877156930480851e-07,1.6727787510717462e-07,4.788043952430598e-07,6.785710837675651e-08,0.0029569994658231735,6.807125885188725e-08,6.73201575409621e-05,0.00020937962108291686,6.263798013605992e-08,8.999625578098858e-08,6.264577051551257e-11,2.38302891375497e-06,7.520927880477757e-09,3.070107057467908e-09,0.002152061089873314,4.1313520341645926e-05,0.5405005812644958,0.3289852440357208,7.009354158071801e-05,6.858368806206272e-08,2.1042986020347598e-07,3.281291016676846e-09,4.942044107281163e-09,1.1555395218465492e-07,5.45051115352635e-10,5.34336436430749e-07,2.747280268522445e-05,4.123699909541756e-05,4.5532335207099095e-05,1.4484159009953146e-06,1.1632449968601577e-05,9.697467612568289e-05,3.6686724342871457e-06,6.789087638026103e-05,5.785821954873427e-08,1.4366289633471752e-06,5.318102846985084e-09,1.216774023760081e-07,0.0032360535115003586,0.00014396368351299316,1.3831277101417072e-05,2.3827573386370204e-05,6.360327375887209e-08,0.0001126519127865322,1.4876882232783828e-05,2.8057527288183337e-06,0.0004999511293135583,0.00016451330156996846,0.0016125573311001062,8.299422802338086e-07,0.003078525187447667,2.0026202491862932e-06,2.7163718186784536e-05,2.1062362066004425e-05,1.3851630953354288e-09,0.0017322798958048224,3.6981514313083608e-06,3.743494403352088e-09,2.9863565941923298e-05,4.561941295833094e-06,6.457661129388725e-06,3.274852744539203e-08,3.999831824330613e-05,8.716757292859256e-06,6.839834948424439e-11,2.9753821308986517e-06,2.0226113406351942e-07,1.8947196167573566e-06,3.3838416584330844e-06,6.303423560893862e-07,2.307341901541804e-06,3.888542778440751e-06,1.0214229178018286e-06,1.3562927961174864e-05,6.752204353688285e-05,2.4657858375576325e-05,9.771363693289459e-05,3.118305903626606e-05,6.403054726433766e-07,3.860048764181556e-06,3.9380603993777186e-05,5.074502405477688e-05,6.143061059837862e-10,9.48920478549553e-06,9.923522270582907e-08,9.672952216988051e-09,6.3894325386115725e-09,4.5795713958796114e-05,4.074025491718203e-05,1.4705390682934194e-08,9.811202517084894e-08,6.203520683811803e-07,7.516608093283139e-06,2.188869439123664e-05,9.661894040391417e-08,5.9259084082441404e-05,1.0069692280012532e-06,0.10056626796722412,9.371848364025936e-08,1.5024522781459382e-07,7.435436799596573e-08,1.985428497164321e-07,6.106977525632828e-05,2.2963984491752854e-08,2.6450372843100922e-06,4.830885245610261e-06,4.000205056087225e-09,0.00012421337305568159,4.259660713046287e-08,1.627769385947886e-08
/users/PAS2099/jianyanggu/PlotDiversiVision/data/SCBI_008/SCBI_008_PlantDiversity_40_1_3_20150602-straightened.jpg,SCBI_008/SCBI_008_PlantDiversity_40_1_3_20150602-straightened.jpg,SCBI,2015,,SCBI_008,40_1_3,40,1,3,20150602,true,SCBI_008_PlantDiversity_40_1_3_20150602-straightened_r2_c0,3,2,0,0,1121,529,1681,164,1.1696301953634247e-05,6.8952858782722615e-06,2.8036730714831037e-09,0.00030425185104832053,0.00010635238868417218,1.3798643294649082e-07,9.994407079716439e-09,0.0005969564663246274,1.024955872708233e-05,7.743508467683569e-05,2.423873183943215e-06,0.0003809744375757873,9.784404397805702e-08,3.281873796368018e-05,4.13901046769638e-09,4.389974128571339e-05,1.4605787328036968e-05,9.190594573738053e-05,5.754042149419547e-07,8.199572221201379e-07,6.562257567566121e-06,7.54571055949782e-06,6.371796644089045e-06,1.3960459000372794e-05,1.084915624005589e-08,0.00020341281197033823,4.1291286834166385e-06,1.5688538468339175e-08,1.3306769908183469e-08,2.5508362089254888e-09,3.9966816522962745e-09,1.0559188012848608e-06,3.504732148940093e-07,6.97842551744543e-07,2.0844859136559535e-06,2.3687441341735394e-07,0.0009862444130703807,0.0004107641289010644,0.0003370331251062453,2.7739974029827863e-05,0.00010624614515108988,0.00025501809432171285,0.0002343340020161122,7.218239625217393e-05,1.8480531549514012e-09,2.586850769148441e-07,3.6618494050344452e-06,4.283439011487644e-06,0.0002492493949830532,6.06969535965618e-07,0.0008115967502817512,4.618481398210861e-06,4.146157550621865e-07,1.1474478256445764e-08,4.265925781510305e-06,1.3512417353922501e-06,6.252410855722701e-08,7.6826800921026e-08,0.0004539534857030958,2.5743389642229886e-07,5.002790203434415e-05,0.000584312598221004,1.5602127234615182e-07,1.4480946219919133e-07,1.3709269830464166e-10,3.179395434926846e-06,3.383657798394779e-08,2.551819200391492e-09,0.0016621279064565897,0.0008887299336493015,0.4636586904525757,0.4822464883327484,4.662312858272344e-05,8.831122613628395e-06,2.5307190298917703e-06,4.0350432328750685e-08,1.534062334940245e-07,1.3870264865545323e-06,4.5461404085678225e-10,2.9547274493779696e-07,1.7770216800272465e-05,4.529618308879435e-06,0.0001352810941170901,1.5773640882343898e-07,3.596562964958139e-05,0.00018170481780543923,9.889633474813309e-06,0.001148646348156035,6.86567247498715e-08,9.722979257276165e-07,8.018395725173377e-09,5.413139660959132e-07,0.0021426165476441383,5.983309165458195e-05,0.0002632698742672801,0.00021286924311425537,2.1651990778082109e-07,6.50577703709132e-06,1.2419910490280017e-05,5.314866029948462e-06,0.009255904704332352,0.000514848215971142,0.0027592037804424763,3.560113555067801e-07,0.002906062873080373,9.98961354525818e-07,2.0235318515915424e-05,4.19724419771228e-05,5.840860239914036e-09,0.006431317422538996,6.1260602706170175e-06,2.355891259853138e-09,1.6006233636289835e-05,4.425449787959224e-06,1.6946297591857729e-06,4.181687884852181e-08,0.0001551786408526823,1.2421182873367798e-06,2.963763262586738e-11,1.6777387372712838e-06,6.472307063631888e-07,2.5176728740916587e-05,6.536570822390786e-07,4.0602441231385455e-07,3.1395024961966556e-06,4.278997039364185e-06,7.928947525215335e-07,6.815837878093589e-06,5.35728941031266e-05,6.334884801617591e-06,2.991270594066009e-05,3.797784074777155e-06,2.1546689765727933e-07,5.60131468319014e-07,9.774490536074154e-06,2.4084351935016457e-06,1.1044367642654151e-09,5.26119110872969e-05,6.075301257624233e-07,4.297542943731969e-08,1.594374587909897e-08,1.3975165529700462e-05,4.291406003176235e-05,5.14597520151483e-09,5.470034381005462e-08,2.962415965157561e-05,9.44612329476513e-05,1.3239598956715781e-05,1.7242539342987584e-06,9.932096145348623e-05,1.6684016372892074e-06,0.017423011362552643,2.0872539607807994e-07,2.0519868471069458e-08,5.446256423624618e-08,3.6974565631453515e-08,3.650860526249744e-05,2.2235223440247864e-08,4.7734565669088624e-06,5.4954307415755466e-06,8.552490271540591e-08,0.0006281302194111049,4.7216767029567563e-07,7.121109746321963e-08
/users/PAS2099/jianyanggu/PlotDiversiVision/data/SCBI_008/SCBI_008_PlantDiversity_40_1_3_20150602-straightened.jpg,SCBI_008/SCBI_008_PlantDiversity_40_1_3_20150602-straightened.jpg,SCBI,2015,,SCBI_008,40_1_3,40,1,3,20150602,true,SCBI_008_PlantDiversity_40_1_3_20150602-straightened_r2_c1,3,2,1,529,1121,1057,1681,164,8.096727469819598e-06,2.025609865086153e-05,4.5859969155515046e-09,0.0011544495355337858,2.3970440452103503e-05,4.567475642147656e-08,7.516660360806782e-08,7.902170182205737e-06,1.089068337023491e-05,6.803189080528682e-06,1.217545104736928e-07,0.002385461702942848,1.6484604259403568e-07,1.0233303555651219e-06,3.2565765639702704e-09,2.9590961275971495e-05,2.9921017130618566e-07,9.457005489821313e-07,4.503633022068243e-08,3.60361767093309e-08,3.171885282426956e-06,5.0823664423660375e-06,1.3878682239010232e-06,2.125437049471657e-06,1.12491544967952e-08,8.16306855995208e-05,1.9642236566141946e-06,1.3083440109085132e-08,8.194218636958794e-09,5.837342609282814e-09,6.77187195208262e-10,5.156455813448702e-07,3.599056341840878e-08,8.967658686742652e-07,1.7865778545456124e-06,1.0995120192092145e-06,0.00024101660528685898,0.00019302210421301425,4.859519322053529e-05,2.1165302314329892e-05,9.897901691147126e-06,9.783674613572657e-05,5.345674799173139e-05,1.4324000403576065e-05,1.408286931514624e-09,1.6947521430665802e-07,7.287290486601705e-07,1.7192355983297603e-07,0.00014401644875761122,8.060631273565377e-08,5.729343320126645e-05,2.934353915406973e-06,1.9483628044270063e-09,8.676402374341308e-10,3.5568430689636443e-07,1.0305576125801963e-07,2.7769067401095526e-07,6.745863601054225e-08,0.024073384702205658,3.092833367190906e-07,7.410899706883356e-05,6.108909929025685e-06,6.844280253659463e-09,9.42336075837602e-09,6.891431175715113e-11,1.1742614560716902e-06,3.852190744169093e-08,3.6522329605048753e-09,0.0018601111369207501,0.00036743635428138077,0.6880696415901184,0.26621726155281067,9.603408216207754e-06,6.186574807998113e-08,2.533441012531057e-08,1.1462575333354152e-09,2.8869393542407806e-09,1.0281936368983224e-07,1.2328307819053919e-10,7.92486360978728e-08,5.076224169897614e-06,1.4547842965839664e-06,2.4395798391196877e-05,5.541404561881791e-07,7.621597615070641e-05,2.2173431716510095e-05,2.7317398689774564e-06,1.5706053090980276e-05,5.4976041496956896e-09,1.4758242286916357e-05,4.498891481574674e-09,1.3407615995220112e-07,0.0001330482045887038,2.8372154702083208e-05,2.057656729448354e-06,9.082271390070673e-06,8.08323292744717e-08,7.92151695350185e-06,3.2261521027976414e-06,2.6379443625046406e-06,0.0001600368123035878,0.0005673451232723892,0.0011275949655100703,6.918470489836182e-07,0.0007873563445173204,1.6638703073112993e-06,2.6659651553018193e-07,1.8763500975182978e-06,5.240450295929122e-09,0.0038067835848778486,3.624063538154587e-07,6.023188059423035e-10,1.213627456309041e-06,6.174176974127477e-07,2.67913719653734e-07,4.187832747248876e-09,4.978268862032564e-06,4.3149259454366984e-07,8.324611833199214e-12,3.552681846485939e-06,1.403900711238748e-07,8.130432433972601e-06,6.854791649857361e-07,6.082096888349042e-07,7.276988071680535e-06,1.3431740626401734e-05,2.51332409106908e-07,1.676377360126935e-05,1.1737292879843153e-05,4.0170813008444384e-05,7.391954568447545e-05,9.890924411593005e-05,1.4010650772888766e-07,2.770854052869254e-07,1.0497461744307657e-06,8.985225576907396e-07,4.886197696452044e-11,1.5250261640176177e-05,3.0209460533114907e-07,5.907796030157897e-09,6.942495467399112e-09,2.973658183691441e-06,2.717054940148955e-06,2.790474962210965e-09,6.301066690639345e-08,7.155892944865627e-06,2.1777930669486523e-05,3.109076260443544e-06,6.23695299850624e-08,0.0001676953979767859,7.07122637777502e-07,0.007306539919227362,1.4250401747517571e-08,5.843561723395396e-08,2.502445539676046e-08,6.383274353538582e-08,1.8739608549367404e-06,8.669656992310593e-09,2.0295060210173688e-07,4.746074466766004e-07,7.896583831268345e-09,6.464641046477482e-05,4.262977881808183e-08,8.64080433871095e-08
/users/PAS2099/jianyanggu/PlotDiversiVision/data/SCBI_008/SCBI_008_PlantDiversity_40_1_3_20150602-straightened.jpg,SCBI_008/SCBI_008_PlantDiversity_40_1_3_20150602-straightened.jpg,SCBI,2015,,SCBI_008,40_1_3,40,1,3,20150602,true,SCBI_008_PlantDiversity_40_1_3_20150602-straightened_r2_c2,3,2,2,1057,1121,1586,1681,164,4.378247098202337e-08,2.5479522491878015e-07,1.7768751747748723e-11,8.308587894134689e-06,1.3674828380771942e-07,4.867748870651667e-09,1.7820553366298952e-10,1.1292730050627142e-05,1.5398148889289587e-07,2.0000631195671303e-07,6.816277675625315e-08,1.164262448583031e-05,3.1938824918142927e-09,2.546592895669164e-06,4.460169455988705e-10,2.397362663941749e-07,1.0003535066971381e-07,9.731600584927946e-06,4.26761470606607e-09,1.5843588663244645e-09,9.875795115021901e-08,2.7381965139738895e-08,3.8917768563351274e-08,6.0420729823817965e-06,7.929273904139222e-10,1.5883007336014998e-06,3.9678258190178894e-07,6.536664542977633e-10,2.8472724178385533e-09,5.958945142880978e-11,5.414952930493655e-10,4.227092897934881e-09,3.0176154908190256e-09,2.2492278262120635e-08,4.036046519217962e-08,3.254977443134521e-08,3.8632920222880784e-06,8.333636651514098e-05,2.181369018217083e-05,6.508735623356188e-06,5.003805199521594e-05,6.431970973608259e-07,2.9003996360188466e-07,7.1575341280549765e-06,6.629981286199182e-11,2.377070984493912e-09,1.1725687976138488e-08,2.3325619213920845e-09,1.2820867596019525e-05,5.524326329719997e-09,4.784869815921411e-07,7.599177109796074e-08,4.280609644524702e-09,9.888672519720032e-11,1.6951973158541023e-09,6.380401096350852e-09,6.454056733495861e-10,3.1712632519997896e-10,8.72145828907378e-05,7.189920325778587e-10,4.7520341439621916e-08,4.360735329100862e-05,6.326834056658015e-10,2.581535263335155e-10,4.8215767316228675e-12,2.2691528656082482e-08,6.116361861430164e-10,1.185082310062313e-10,2.4472601580782793e-06,1.2344768038019538e-05,0.6052261590957642,0.3937380313873291,5.290775106914225e-07,7.384667322085647e-10,1.0516046922148803e-09,3.734177897452007e-12,1.8990505348814857e-11,2.584303882002814e-10,1.0137115756189696e-12,5.836921612711876e-09,2.930740095052897e-07,1.4299962103336838e-08,1.003021111500857e-06,3.696881023529386e-08,6.194157720074145e-08,1.9292325248443376e-07,2.369151097525446e-08,9.372794011142105e-06,3.891551969559259e-09,1.8261286527376797e-07,4.7378906353756634e-11,6.684635622811186e-10,0.0002506138989701867,4.0871040255296975e-05,5.127916438141256e-07,2.9794050533382688e-06,4.5727222008906665e-09,9.801301530387718e-07,5.5202004745069644e-08,9.157939189208264e-07,2.4808647140162066e-05,3.1744043553771917e-06,3.200389619451016e-05,1.3001502097154116e-08,7.128973606995714e-07,5.325031793290691e-08,4.962147581721865e-09,5.277007630866137e-07,3.762907693771744e-11,3.87349100492429e-05,5.05596542410558e-09,2.2475102334773567e-10,2.8242664029676234e-07,1.1496662466470298e-07,5.295961713613906e-08,2.1207686995428077e-10,2.102189853303571e-07,7.424331727179379e-08,2.2485102159092857e-13,8.342053092746937e-08,3.0422575569843957e-09,1.0932128091667437e-08,1.8319195760341245e-07,2.98012938770853e-08,1.9470058987280936e-07,8.153135695465608e-07,1.0443176101659901e-08,2.2283333237282932e-05,4.997733640266233e-07,1.9678301654835195e-08,7.04021871911209e-08,5.4028255647153856e-08,4.57490312300024e-09,1.2639858937291137e-08,4.741785275541588e-08,6.77010530125699e-06,1.9942993437216394e-11,2.7642554911722073e-08,9.357738584014896e-09,9.390700023148568e-11,3.4324324632573067e-11,6.979038857934938e-08,2.5097037337218353e-07,1.4471057685483402e-09,2.0683650348019e-09,8.053012834352558e-08,6.936757301900798e-08,1.8134812762582442e-06,1.2694655993072956e-08,1.5890522035988397e-06,3.3787956876807357e-09,0.00020367771503515542,3.2887246259605263e-09,1.6518777457008582e-09,3.990438646184202e-09,1.9787438354512688e-09,6.05603077019623e-07,6.362897986278426e-10,1.678648118286219e-07,6.104925773797731e-07,5.073389486298652e-10,4.3948656980319356e-07,3.4105738233591865e-09,1.618309264372897e-09
/users/PAS2099/jianyanggu/PlotDiversiVision/data/SCBI_008/SCBI_008_PlantDiversity_41_1_1_20150602-straightened.jpg,SCBI_008/SCBI_008_PlantDiversity_41_1_1_20150602-straightened.jpg,SCBI,2015,,SCBI_008,41_1_1,41,1,1,20150602,true,SCBI_008_PlantDiversity_41_1_1_20150602-straightened_r0_c0,3,0,0,0,0,569,496,164,7.411709248117404e-06,6.463621502916794e-06,1.5503844041919734e-10,0.0025374300312250853,3.599729780034977e-06,1.784075891464454e-07,4.409498988167115e-09,2.1868567273486406e-05,9.588130751581048e-07,1.2666360817092936e-05,1.5838568856452184e-07,0.004042908549308777,2.4152210897909754e-08,1.2001513823634014e-05,3.0070300027773555e-08,4.071985586051596e-06,1.2241765716680675e-06,0.00010827053483808413,1.2962609652333867e-08,7.681264513337283e-09,2.3570518692395126e-07,3.4942654565384146e-06,1.1910065040865447e-06,2.3517809495388065e-06,6.714967693000062e-09,3.8140424294397235e-06,5.6040712479443755e-06,1.2922422243377696e-08,1.7832993748356785e-08,3.763320766125844e-10,9.90709070336493e-10,2.0074443796147534e-07,4.2802142274922517e-08,5.411794745668885e-07,1.4707192121932167e-06,9.903624231810682e-08,1.0762068995973095e-05,0.0017580286366865039,0.0004271903890185058,9.171151032205671e-05,0.00019616483768913895,3.68402834283188e-05,1.3093984307488427e-05,7.132344762794673e-05,3.6806360181884656e-09,1.0260294835973127e-08,1.0465619482147304e-07,9.755440544267913e-08,6.985673098824918e-05,1.2251568648480315e-07,2.9306052965694107e-05,6.117366524449608e-07,4.012138177245106e-09,1.2431585760808161e-09,1.8462006323716196e-07,6.308733446758197e-08,3.477082444192092e-08,1.2468304610990799e-08,0.015156029723584652,1.2244508518222119e-08,2.333373595320154e-05,0.0001006854436127469,2.4799966524824413e-08,7.663879308950072e-09,2.199927913448807e-11,8.067088401730871e-07,1.9014576579934328e-08,3.213272536939371e-09,0.00019988586427643895,3.313774868729524e-05,0.5757503509521484,0.3423304855823517,2.3918250917631667e-06,1.253621739749633e-08,5.862844876247664e-09,1.6430448668280917e-10,6.237939609299303e-10,6.42631547975725e-09,8.153170499847207e-11,1.4606042952891585e-07,1.6257727111224085e-05,4.9522018343850505e-06,1.1218093277420849e-05,1.2317129005623428e-07,1.1008504770870786e-05,1.0254676453769207e-05,2.5998497221735306e-06,5.88364819122944e-05,1.3322710046281827e-08,6.805619250371819e-07,1.3998443515461645e-09,1.2532296977951773e-08,0.047015201300382614,7.777341670589522e-05,6.128604582045227e-06,3.75277923012618e-05,2.851476565979283e-08,0.00020442470849957317,1.8763770412988379e-06,1.5662721125409007e-05,0.0013250164920464158,0.00014082838606555015,0.0011224097106605768,2.210707883421037e-08,0.0006477351998910308,1.2523175030310085e-07,5.205725756241009e-06,1.0143322697331314e-06,8.809666329767651e-10,0.00392792047932744,1.0984331311192364e-07,1.7192848256186721e-09,2.137739102181513e-05,7.068441618685029e-07,1.4596240305309038e-07,1.5116768947720516e-09,2.051439878414385e-06,3.2868550192688417e-07,4.303683277806503e-12,5.149397111381404e-06,2.5828841287989235e-08,9.022896847454831e-07,1.227089342137333e-06,4.157606099397526e-07,2.480973762430949e-06,4.583009285852313e-06,7.545698821331825e-08,3.239877332816832e-05,2.5134395400527865e-05,1.2297094144742005e-05,3.062566975131631e-05,1.4094600373937283e-05,1.2661558912441251e-08,1.1679207290171689e-07,8.253106898337137e-06,0.00016252959903795272,7.092902931660205e-10,1.7597176338313147e-05,4.0273363310916466e-08,8.308406407309121e-09,1.4352563582065159e-09,8.767538020038046e-07,1.3757803571934346e-06,6.950859887666638e-10,1.7651675676688683e-08,8.245294935704806e-08,4.916529974252626e-07,5.986932137602707e-06,5.357972909791897e-08,6.872305220895214e-06,6.275513442233205e-08,0.00184999022167176,2.481226779593726e-08,1.6832427007784645e-08,2.3448707420214987e-09,7.675904356574392e-09,2.765984845609637e-06,6.264436525071915e-09,7.829340574971866e-06,1.4791313333262224e-05,1.8284874725438272e-09,3.9942948205862194e-05,2.173563196095074e-08,1.3775697027540446e-08
/users/PAS2099/jianyanggu/PlotDiversiVision/data/SCBI_008/SCBI_008_PlantDiversity_41_1_1_20150602-straightened.jpg,SCBI_008/SCBI_008_PlantDiversity_41_1_1_20150602-straightened.jpg,SCBI,2015,,SCBI_008,41_1_1,41,1,1,20150602,true,SCBI_008_PlantDiversity_41_1_1_20150602-straightened_r0_c1,3,0,1,569,0,1139,496,164,0.0009813322685658932,0.0019159099319949746,1.9348194655322004e-06,0.00645232992246747,0.029982224106788635,5.2113362471573055e-05,1.376190397195387e-07,3.9365604607155547e-05,0.0012610942358151078,3.2660746001056395e-06,1.2298701221880037e-05,0.003572270506992936,1.3168935765861534e-05,2.3366539608105086e-05,5.916618661672146e-08,0.0019839343149214983,1.3175015737942886e-05,0.00019811275706160814,0.010258222930133343,0.009367193095386028,2.533559836592758e-06,0.0003927517682313919,0.0027573637198656797,0.0028573558665812016,7.79973086117991e-10,0.0026724061463028193,0.000215315303648822,3.744728473975556e-07,4.024610461783595e-06,2.793760131680756e-06,6.976006261538714e-07,7.301796722458676e-05,6.2230569710663985e-06,0.06611673533916473,0.002612970769405365,1.2844312550441828e-05,0.0029931128956377506,0.005484634544700384,0.002712482353672385,0.0013141247909516096,0.0005569068598560989,0.0003289422020316124,0.00041919355862773955,0.005987861193716526,2.7330823826332562e-08,4.126797819026251e-07,0.00028440981986932456,0.00018378996173851192,0.03666582703590393,2.531548943807138e-07,4.8405003326479346e-05,0.13781172037124634,2.6495743441046216e-05,5.396691449277569e-06,4.454041481949389e-05,9.007155767903896e-07,0.004594205878674984,0.008028216660022736,0.020476073026657104,8.52764515002491e-06,0.0019278748659417033,3.593054134398699e-05,1.5393210617276054e-07,0.00032222201116383076,1.513532993158151e-06,2.6767700546770357e-05,2.7962963145000685e-07,1.6418578496768532e-08,0.001992261502891779,0.0022740280255675316,0.006779133807867765,0.0009106844081543386,0.06307555735111237,0.00022757190163247287,0.006951236166059971,2.0333674910943955e-05,7.121880571503425e-06,0.002244184957817197,6.415844495677447e-07,0.00015259991050697863,0.0004585221759043634,0.0006586568779312074,0.0022142520174384117,0.019385764375329018,0.00046024302719160914,0.0027922941371798515,4.0928554767560854e-07,0.00045000019599683583,3.022133512331493e-07,0.00013718158879783005,2.563079881667818e-08,8.049026291701011e-06,0.03395746648311615,0.0009137571323662996,0.00037598921335302293,0.00021334571647457778,4.6350411139428616e-05,0.0011953380890190601,0.00548488600179553,1.618737314856844e-06,0.00014345334784593433,0.007807498797774315,0.002464980585500598,3.660832953755744e-05,0.018146885558962822,0.00861407071352005,3.175083111273125e-05,0.0002602434833534062,8.681443830482749e-08,0.00940069928765297,0.012659292668104172,2.7943251552642323e-06,0.00156096660066396,0.00012933803373016417,5.522882202058099e-05,5.323796813172521e-06,0.0014035716885700822,0.05283445119857788,9.999754269074401e-08,2.9366625312832184e-05,0.00015357045049313456,4.526182692643488e-06,0.00019728016923181713,0.00018201707280240953,0.00015256904589477926,6.56481715850532e-05,0.0011833154130727053,5.262337072053924e-05,0.0004314027610234916,0.0018808967433869839,0.0013682470889762044,0.01033158227801323,3.51935341313947e-05,0.0003975967119913548,6.942298932699487e-05,0.00012109927774872631,5.109886735965574e-09,0.01602936163544655,3.91623325413093e-06,3.1370498163596494e-06,3.965209089074051e-06,6.293821934377775e-05,0.00014341231144499034,3.71436783552781e-07,5.391529339249246e-05,0.001996735343709588,0.18141980469226837,9.671980660641566e-05,5.434603735920973e-05,0.1307864785194397,0.004137777723371983,0.0011007559951394796,1.119154457995819e-08,1.2873246078015654e-06,3.5705486425285926e-06,1.3737894732912537e-05,0.0020923849660903215,8.702209015609697e-06,2.2499600163428113e-05,2.4147652766259853e-06,0.00036505848402157426,0.0018401173874735832,1.208637854688277e-06,1.7354265082758502e-06
/users/PAS2099/jianyanggu/PlotDiversiVision/data/SCBI_008/SCBI_008_PlantDiversity_41_1_1_20150602-straightened.jpg,SCBI_008/SCBI_008_PlantDiversity_41_1_1_20150602-straightened.jpg,SCBI,2015,,SCBI_008,41_1_1,41,1,1,20150602,true,SCBI_008_PlantDiversity_41_1_1_20150602-straightened_r0_c2,3,0,2,1139,0,1708,496,164,2.161153588531306e-06,1.03894863059395e-05,2.871415105687447e-09,0.0006544654606841505,2.9264243494253606e-05,1.7065629265289317e-07,5.586171081262137e-09,1.747021269693505e-05,4.830177658732282e-06,9.860951649898198e-06,2.349392502765113e-07,0.0013649497414007783,5.4456453568718644e-08,1.3219990933066583e-06,1.9465615785918544e-09,3.0720068025402725e-05,1.1272685469521093e-06,3.0690083804074675e-05,8.928247297035341e-08,6.862965307163904e-08,9.977297850127798e-07,1.915632992677274e-06,3.6794585867028218e-06,1.2030288417008705e-05,1.1178759029562002e-09,2.8350032152957283e-05,1.4266325933931512e-06,5.175655459765949e-09,1.3978374902023916e-08,4.12050671361186e-10,9.934404410216757e-10,7.177141725378533e-08,3.340368337489963e-08,9.251106689589506e-07,6.804705208196538e-07,3.0508539339280105e-07,0.00013401168689597398,0.004001996945589781,0.0015169831458479166,0.0004809736565221101,0.000506735872477293,1.6893096471903846e-05,6.507802481792169e-06,4.61444360553287e-05,6.552378639668177e-10,7.397402157494071e-08,6.481855763240674e-08,1.9654110872124875e-07,0.00031313078943639994,1.4644460755164346e-08,1.4699164239573292e-05,2.2043584522180026e-06,3.314890362204892e-09,7.05998981498368e-10,1.6666615465510404e-07,1.413290675600365e-07,1.5896723937203205e-07,8.491911529517893e-08,0.005099532660096884,7.888203157335738e-08,4.9205642426386476e-05,3.102473056060262e-05,1.435945851113729e-08,3.178598717568093e-08,1.004836006068821e-10,2.602068605028762e-07,6.521460704789206e-09,3.3178998437577434e-10,0.00014589288912247866,4.4250398786971346e-05,0.6946405172348022,0.21597908437252045,2.3882226741989143e-05,3.228014122669265e-08,1.948449401822927e-08,4.5147319216454207e-10,2.048885283656432e-09,2.4711457768944456e-08,5.459302801491539e-11,9.484946872362343e-08,2.9209465992607875e-06,1.6935867961365147e-06,2.875575410143938e-05,4.601396312864381e-07,1.4036639186087996e-05,3.4983051591552794e-05,7.625851594639244e-07,0.00018315130728296936,1.0308934150771165e-08,1.1088440032835933e-06,1.415879413713128e-09,7.972453630600285e-08,0.0008044168935157359,0.00031448827940039337,1.6697615592420334e-06,6.689736437692773e-06,4.872700998248547e-08,2.0216075427015312e-05,4.037828148284461e-06,3.041083573407377e-06,0.0003246346313972026,0.00014085296425037086,0.0006303736590780318,6.957389473427611e-07,0.0010247911559417844,8.671337354826392e-07,3.215211791030015e-06,6.877255145809613e-06,6.644629846341843e-10,0.0004655714437831193,1.3085077625873964e-06,1.6727361717983058e-09,9.880531251837965e-06,1.0712738003348932e-06,2.839340424998227e-07,1.3432815970659817e-09,1.553904075990431e-05,3.6921410355716944e-06,2.6862904262126008e-11,6.38657866147696e-07,3.432613482345914e-08,1.0610654044285184e-06,1.6521602219654596e-06,1.1998704394500237e-06,1.689541750238277e-05,1.8111551980837248e-05,1.285314539245519e-07,1.877385875559412e-05,2.8386717531247996e-05,2.6732748665381223e-05,4.01327561121434e-05,1.998771767830476e-05,1.2481956446208642e-07,1.52169286593562e-06,2.367991783103207e-06,7.866875421314035e-06,3.408678894700756e-10,3.459499794189469e-06,8.876967427795535e-08,1.6697271343346642e-09,8.577790144848052e-10,6.281070909608388e-06,8.720402547623962e-06,9.688042368338756e-09,6.84009577867073e-08,6.421512921406247e-07,2.0848644908255665e-06,4.4185771912452765e-06,5.3990227399935975e-08,5.205584238865413e-05,2.396397178472398e-07,0.07039150595664978,3.918134439118148e-08,1.445894781682e-08,2.0908117903672974e-08,3.093498435191577e-08,1.4584774362447206e-05,2.0215967566628024e-08,5.502719773176068e-07,1.0750974297479843e-06,2.7605493446714036e-09,1.2605518350028433e-05,6.632759408375932e-08,1.602940358225169e-08
/users/PAS2099/jianyanggu/PlotDiversiVision/data/SCBI_008/SCBI_008_PlantDiversity_41_1_1_20150602-straightened.jpg,SCBI_008/SCBI_008_PlantDiversity_41_1_1_20150602-straightened.jpg,SCBI,2015,,SCBI_008,41_1_1,41,1,1,20150602,true,SCBI_008_PlantDiversity_41_1_1_20150602-straightened_r1_c0,3,1,0,0,496,569,992,164,1.489150918132509e-06,1.8578730305307545e-05,1.1127126242627128e-07,7.79712208895944e-05,6.419268902391195e-05,1.9452876642844785e-07,6.151879006210947e-08,4.675396212405758e-06,2.8513384677353315e-05,2.6877762138610706e-05,6.719404836985632e-07,0.002129016211256385,6.330620294647815e-08,5.440877885121154e-06,1.135290528253563e-08,0.0001770511589711532,4.824324605579022e-06,4.177209848421626e-05,2.7418843728810316e-06,5.983848041068995e-06,1.3870833299733931e-06,6.3686306930321734e-06,8.580364919907879e-06,3.264900442445651e-05,1.4368719547519504e-09,2.5759498385014012e-05,2.0784889329661382e-06,2.906708118644019e-07,8.331353740231862e-08,7.524134204572874e-09,1.3855851577204703e-08,2.218599775005714e-06,1.8152708207708201e-06,1.0375229066994507e-06,1.8710013591771713e-06,1.0155359859709279e-06,6.455194670706987e-05,0.00027723456150852144,5.1796385378111154e-05,1.5003790394985117e-05,2.7456851967144758e-05,0.0002237060689367354,0.00011084904690505937,6.506047066068277e-05,1.9121630945306833e-09,1.2131668825077213e-07,3.7431395867315587e-06,4.4117266952525824e-05,0.00017664772167336196,9.895506991597358e-07,3.9137055864557624e-05,3.8134151054691756e-06,6.670290275678781e-08,1.2282677097630312e-08,9.980044524127152e-07,4.785607998769592e-08,3.7943193547107512e-06,2.4422574824711774e-06,0.0005883447011001408,2.7103010324935894e-07,7.176089275162667e-05,6.877708074171096e-05,2.988115355151422e-08,4.195892870484386e-06,2.1403776528927665e-09,9.787871704247664e-07,5.6336855180916245e-08,3.3821315525983664e-08,0.0003105803916696459,9.949112427420914e-05,0.002226020907983184,0.0005869414308108389,0.00012713366595562547,2.35851700836065e-07,1.3688538729184074e-06,2.058852199837702e-09,1.495799040185375e-08,1.5470246239601693e-07,3.359421851811817e-09,4.0775485103949904e-06,0.00010187963198404759,1.8525441191741265e-05,0.00012415734818205237,8.855706255417317e-06,5.7543496950529516e-05,0.0003416736435610801,4.149258529650979e-05,2.079124351439532e-05,3.18860742254401e-08,1.316187990596518e-06,5.878903408529368e-08,3.3856315440061735e-07,0.0010062364162877202,3.359467154950835e-05,0.0001467491965740919,7.480420026695356e-05,2.3020810147045268e-07,0.00017380560166202486,1.3841504369338509e-05,4.784554221259896e-06,0.00020996489911340177,4.543737668427639e-05,0.000193468586076051,8.611380053480389e-07,4.033660297864117e-05,1.4882309642416658e-06,0.00025303231086581945,2.1339576051104814e-05,6.117591322407634e-09,0.0022896318696439266,5.954860171186738e-06,6.9444201500346026e-09,4.3564381485339254e-05,2.6798725230037235e-05,6.488867256848607e-06,7.441133220709162e-08,0.000198250068933703,2.939336991403252e-05,2.822438505134528e-09,5.6014164329099e-07,5.082591997052077e-06,2.1399155230028555e-06,5.2641767979366705e-05,2.9874932806706056e-05,0.00010046555689768866,6.857405242044479e-05,5.941993549640756e-06,1.4645601140728104e-06,5.834541661897674e-05,0.0002049602917395532,0.0019287106115370989,0.0001906493998831138,3.3960827749979217e-07,1.9591039745137095e-05,1.142068413173547e-05,2.0043466065544635e-05,5.404316438806234e-10,0.0004254078958183527,3.452012151683448e-07,6.353845805051606e-08,4.7383212908869154e-09,1.6102061636047438e-05,1.0672775715647731e-05,1.0399150873752205e-08,7.892842290857516e-08,2.1419818949652836e-06,3.095405918429606e-05,7.165638817241415e-05,6.942254913155921e-07,9.401752322446555e-05,2.7553471682040254e-06,0.983052134513855,9.216270768774848e-08,3.862058406411961e-08,5.80239394309956e-08,2.741537912243075e-07,4.9758727982407436e-05,1.1022103052482635e-07,1.3337159998627612e-06,8.672301419210271e-07,2.405135433036776e-07,0.00012464709288906306,3.577549421152071e-07,3.0968774211714845e-08
/users/PAS2099/jianyanggu/PlotDiversiVision/data/SCBI_008/SCBI_008_PlantDiversity_41_1_1_20150602-straightened.jpg,SCBI_008/SCBI_008_PlantDiversity_41_1_1_20150602-straightened.jpg,SCBI,2015,,SCBI_008,41_1_1,41,1,1,20150602,true,SCBI_008_PlantDiversity_41_1_1_20150602-straightened_r1_c1,3,1,1,569,496,1139,992,164,1.3973530030852999e-06,5.263408456812613e-05,1.325022083165095e-07,9.563651838107035e-05,0.0004504989192355424,2.3256656277226284e-05,3.0496190106532595e-07,0.00011561298015294597,7.002230995567515e-05,2.385544757999014e-05,1.8278678908245638e-05,0.0016850627725943923,6.859012842141965e-07,0.0001555908820591867,1.3482768679295987e-08,0.0008429440786130726,7.590302266180515e-05,7.857367745600641e-05,9.768134077603463e-06,5.433595288195647e-05,3.804663720075041e-06,3.3819138479884714e-05,0.00036964553873986006,2.0148931071162224e-05,2.6503421679535677e-08,0.00011798861669376493,0.00011342699872329831,1.7670994623131264e-07,1.538760329822253e-06,8.502312454083949e-08,1.320339606536436e-07,2.0733166820718907e-05,1.3243765351944603e-05,9.459807188250124e-05,9.825466986512765e-05,1.4901843314873986e-05,0.0009221413638442755,0.0021145096980035305,0.0008541240822523832,0.00010284400195814669,0.0004815223510377109,0.00019144504040014,0.00020334644068498164,0.00021835537336301059,1.6799814872570096e-08,6.799096468057542e-07,8.9288703748025e-05,0.00043377140536904335,0.005322126671671867,4.94326513944543e-07,0.0013370582601055503,3.811680471699219e-06,2.438447381791775e-06,2.505812801700813e-07,3.204570748494007e-05,1.9808485376415774e-06,3.379102417966351e-05,3.142601053696126e-05,0.003991383593529463,8.378267011721618e-06,3.816891330643557e-05,0.00020933608175255358,3.0748406061320566e-06,8.290709047287237e-06,2.6058206259449435e-08,1.7866632333607413e-05,1.6524364809811232e-06,1.6494064425387478e-07,0.0020744658540934324,0.0002413942274870351,0.02722625993192196,0.005730494391173124,0.00028878654120489955,9.920067896018736e-06,3.5520788514986634e-05,8.406110652003917e-08,1.448981379326142e-07,1.055160191754112e-05,5.673597147648479e-09,7.243763775477419e-06,0.0008620257722213864,5.756034079240635e-05,0.00684856902807951,9.594780749466736e-06,2.5082732463488355e-05,0.0043341931886971,1.011715085041942e-05,0.0008823066018521786,3.487879780550429e-07,1.7846878108684905e-05,8.44532337396231e-08,6.21373942522041e-07,0.0021649347618222237,0.00024121841124724597,0.00010831210238393396,0.0006385367014445364,9.653516599428258e-07,1.2620715097000357e-05,0.0008036435465328395,1.5386430050057243e-06,0.0016698205145075917,0.0023228309582918882,0.0024525935295969248,3.1644210594095057e-06,0.00047303456813097,0.00012289485312066972,9.543717169435695e-05,6.442887388402596e-05,3.0618002710980363e-07,0.06475570052862167,0.00013178006338421255,1.324375205058459e-07,7.41710391594097e-05,0.00013163534458726645,0.0007093320018611848,6.128902896307409e-05,0.817562460899353,0.00027542750467546284,3.6519456347861023e-09,7.983261639310513e-06,3.163638029946014e-05,8.76100966706872e-06,7.100784841895802e-06,4.024539521196857e-06,1.5874611563049257e-05,3.3781598176574335e-06,2.0165538444416597e-05,1.1265076864219736e-05,6.92685935064219e-05,0.00010438627941766754,0.000191180850379169,0.00022264846484176815,2.7268937628832646e-05,4.5255525037646294e-05,7.70265978644602e-05,8.772686123847961e-05,1.522729164982195e-09,6.967379158595577e-05,3.2722894047765294e-06,3.572624336811714e-06,5.752757488153293e-07,2.6252708266838454e-05,1.8972265024785884e-05,1.9365488412859122e-07,9.111672625294887e-07,0.0001704482565401122,0.009686884470283985,6.432622467400506e-05,7.567228294647066e-06,0.00013060448691248894,0.0002423038677079603,0.022169269621372223,2.6249790607835166e-06,2.646838765940629e-06,1.2895627605757909e-06,1.4841878510196693e-05,0.00034044249332509935,1.9165308913215995e-06,5.418071668827906e-05,6.445174221880734e-05,6.360972975016921e-07,0.0011222368339076638,5.417032866716909e-07,1.0607931244521751e-07
/users/PAS2099/jianyanggu/PlotDiversiVision/data/SCBI_008/SCBI_008_PlantDiversity_41_1_1_20150602-straightened.jpg,SCBI_008/SCBI_008_PlantDiversity_41_1_1_20150602-straightened.jpg,SCBI,2015,,SCBI_008,41_1_1,41,1,1,20150602,true,SCBI_008_PlantDiversity_41_1_1_20150602-straightened_r1_c2,3,1,2,1139,496,1708,992,164,2.1368309433000832e-07,5.794942126158276e-07,3.4926975200910704e-10,0.0005560590652748942,2.1471928448590916e-06,9.89927571026783e-08,1.0395813099250972e-09,6.891337397973984e-05,1.4234369700716343e-06,1.9025035271624802e-06,9.202147310816144e-08,0.00023180873540695757,5.1609299056565305e-09,1.4951509911043104e-05,6.126298357500559e-10,7.45409533919883e-06,1.3337056543605286e-06,1.370505469822092e-05,1.535780391748176e-09,2.0348422946625533e-09,1.2910892621675885e-07,9.589034988266576e-08,5.755287020292599e-07,2.828660399245564e-07,3.7407762998320493e-10,6.017244231770746e-06,6.010103703601999e-08,2.2579646485887395e-10,1.3976561019646283e-09,3.846834656373588e-11,7.326120265993552e-11,2.9079803010034766e-09,2.77941181181518e-09,7.234843479864139e-08,1.3264899223486282e-07,3.2649933867645586e-09,6.202523309184471e-06,0.00179648760240525,0.0007958435453474522,0.00018646403623279184,0.0003223112435080111,2.441698143229587e-06,1.0397539881523699e-05,8.212907414417714e-05,1.0107997772124122e-09,1.237159885647543e-08,4.751192150820316e-08,2.586312497498966e-09,4.6636418119305745e-05,1.2680017036359459e-08,7.06712125975173e-06,3.222284021831001e-07,1.545613947939728e-08,3.213674049096227e-10,3.088064559619852e-08,6.902482141413202e-08,2.0801603994868856e-08,1.5584378232347262e-08,0.0016117501072585583,4.256583974182604e-09,7.996010026545264e-06,5.207036520005204e-05,1.6292212023927277e-08,2.634789053601594e-09,1.6566628277536743e-11,2.8295549014956123e-08,2.7719260220493425e-09,4.911568721177595e-11,0.000242169204284437,1.3967041923024226e-06,0.8701023459434509,0.11865195631980896,3.703130687426892e-06,1.300951701921349e-08,1.610658095785311e-08,6.965003018777338e-10,5.948536108135727e-10,1.4672035142382356e-08,1.1673433053527305e-11,1.0332206201724148e-08,1.4283596101449803e-06,1.2336926147327176e-06,1.3863644198863767e-05,8.695650421941536e-08,3.7728425468230853e-06,2.6976251774613047e-06,3.146943754472886e-07,0.0015773475170135498,1.3332711601421465e-09,9.321351512880938e-08,1.4795953351409707e-10,4.229926631182934e-08,0.00010856288281502202,7.085287506924942e-06,6.850416411907645e-07,7.943776836327743e-06,5.246904244415873e-09,7.941534931887873e-06,1.4257295788411284e-07,2.535285261728859e-07,8.060510299401358e-05,5.7123572332784534e-05,0.00019424282072577626,1.4074478471570728e-08,0.00042138781282119453,5.518908778867626e-07,6.265467504817934e-07,4.4720093228534097e-07,2.6174468148454366e-10,0.0005932193016633391,2.7937105073760904e-08,1.3805714904613353e-10,3.0070084449107526e-06,7.723726866970537e-07,6.081270598201627e-09,3.3195091120319375e-10,7.726231388005544e-07,3.3171593827319157e-07,5.043062321907765e-12,2.4056214442680357e-07,3.704877293841946e-09,1.08272854504321e-06,9.630202413291045e-08,1.1961229517964966e-07,5.121534059071564e-07,2.9850633609385113e-07,2.729889736485802e-08,1.7102996935136616e-05,5.764078650827287e-06,1.1945191545237321e-05,1.736384911055211e-05,3.4766335375024937e-06,2.179655567147165e-09,9.774656462013809e-08,6.227437552297488e-07,1.3110764029988786e-06,1.0043995496422653e-10,4.165225618635304e-06,7.376999455743771e-09,4.3870454491390376e-10,5.508762335182382e-10,3.422118197704549e-07,3.372161643255822e-07,9.925280597400388e-10,2.2362284468613325e-08,7.034380899995085e-08,9.99524559119891e-07,1.1943226354560466e-06,1.4713911866692797e-07,9.158557077171281e-06,4.287421120352519e-07,0.0019856500439345837,1.3998016967775584e-08,4.099376837984892e-09,1.529682158718515e-09,3.73581565682457e-09,8.675647222844418e-06,5.876859443532112e-09,1.716874038493188e-07,2.867500654701871e-07,8.297914022570296e-10,3.4913593935925746e-06,2.3877819721462856e-09,3.6284955040599698e-09
/users/PAS2099/jianyanggu/PlotDiversiVision/data/SCBI_008/SCBI_008_PlantDiversity_41_1_1_20150602-straightened.jpg,SCBI_008/SCBI_008_PlantDiversity_41_1_1_20150602-straightened.jpg,SCBI,2015,,SCBI_008,41_1_1,41,1,1,20150602,true,SCBI_008_PlantDiversity_41_1_1_20150602-straightened_r2_c0,3,2,0,0,992,569,1488,164,1.8738807057161466e-06,5.849941317137564e-06,1.2563889484340507e-08,0.0001038375630741939,1.2458339369914029e-05,4.1250780213886173e-07,1.3420748956605166e-08,0.00014138227561488748,7.404478674288839e-05,1.0358228337281616e-06,6.25971597401076e-06,0.013139035552740097,4.5984000962562277e-07,3.72536524082534e-05,6.063991975224781e-09,2.7941958251176402e-05,3.1406505058839684e-06,9.08576294023078e-06,7.384717726210965e-09,1.3207092308675783e-07,2.1721967868870706e-07,2.604017197427311e-07,0.0004179078387096524,1.94892066929242e-07,1.4807776338443546e-08,4.03338490286842e-05,1.4216305999070755e-06,5.785529388901978e-09,3.26553220020287e-08,9.72188329839696e-10,2.478557803442527e-09,1.6524066381862212e-07,1.132976947815223e-07,7.026904995655059e-07,7.814115576820768e-08,1.7567782606420224e-07,0.001090257428586483,3.3255393645958975e-05,7.971679224283434e-06,1.8533144157117931e-06,1.529820292489603e-05,1.4587404621124733e-05,2.1282516172504984e-05,0.9526727199554443,5.116627677104191e-10,2.863883707959758e-07,9.383263204654213e-06,1.2523133818831411e-06,5.5282518587773666e-05,7.57399277517834e-07,4.584845100907842e-06,3.3907656415976817e-06,6.654187018284574e-06,4.9545967328867846e-08,4.572250134060596e-07,6.695228762509942e-07,2.0836816929659108e-06,7.918121696093294e-07,0.006985439918935299,6.336708491261334e-09,0.0002127051557181403,7.630667823832482e-05,6.31422309993468e-08,4.395949417812517e-07,2.069001858728825e-09,5.503459306055447e-07,2.7105073741040542e-08,2.4665521181077565e-08,0.0010514301247894764,1.6152320085893734e-06,0.002029175404459238,0.0005127429030835629,0.00010958065104205161,3.1603001389157725e-06,1.4595197171729524e-05,9.709219028763982e-08,2.3559628914426867e-08,4.799653083864541e-07,2.1885454559722461e-10,9.830682756728493e-07,1.538358446850907e-05,3.7622662603098433e-06,0.00043115392327308655,4.663374966185074e-06,0.00016626396973151714,1.2510629858297762e-05,1.190875354950549e-05,0.0003647950361482799,2.7213651776492043e-08,6.887943868605362e-07,5.99732397077446e-09,8.44613712303044e-09,1.7306192603427917e-05,5.147884166945005e-06,0.0018994109705090523,0.0007721532601863146,1.884755107539604e-07,0.00046410542563535273,1.2129737569921417e-06,7.143835682654753e-05,3.79173070541583e-06,0.0009796145604923368,0.0031248449813574553,4.0267831735718573e-08,6.614230369450524e-05,1.3289933349369676e-06,1.8151538370148046e-06,4.048319624416763e-06,2.910635643615933e-08,0.004573375917971134,1.5297435993488762e-06,8.490360414725728e-09,3.1965300877345726e-05,1.5823547073523514e-05,1.7329429624624026e-07,4.9315922012738156e-08,3.533985363901593e-06,3.805845153692644e-06,2.0628074803852314e-09,6.716848474752624e-06,2.705943870751071e-06,3.2387248438681127e-07,9.595851224730723e-07,3.8026362858545326e-07,6.110882395660155e-07,4.732240768134943e-07,5.845855639563524e-07,0.00012269547733012587,5.783268352388404e-05,0.00027451012283563614,0.00037666215212084353,0.003559195203706622,6.488563020212723e-09,3.6184792406857014e-07,4.163035555393435e-06,1.1094803085143212e-05,4.905322370518661e-09,4.0932147385319695e-05,3.171854956462994e-08,1.8307776628034844e-08,5.056653318291637e-09,2.8288588509894907e-05,0.00017098512034863234,3.3870005466951625e-08,5.846231942996383e-08,2.3959357349667698e-05,6.475741975009441e-05,0.00016626522119622678,9.576626325724646e-05,0.00107601098716259,1.649158093641745e-06,0.0018111311364918947,3.0743141365974225e-08,4.909068351821588e-08,4.0422200697776134e-08,1.3288253342125245e-07,6.779042450943962e-05,4.005901033110604e-08,2.5563228973624064e-06,1.5193915032796212e-06,2.1817729702888755e-06,2.1370531158027006e-06,7.132990162972419e-07,1.3952084145785193e-06
/users/PAS2099/jianyanggu/PlotDiversiVision/data/SCBI_008/SCBI_008_PlantDiversity_41_1_1_20150602-straightened.jpg,SCBI_008/SCBI_008_PlantDiversity_41_1_1_20150602-straightened.jpg,SCBI,2015,,SCBI_008,41_1_1,41,1,1,20150602,true,SCBI_008_PlantDiversity_41_1_1_20150602-straightened_r2_c1,3,2,1,569,992,1139,1488,164,1.2741170962726756e-07,5.96124550611421e-07,1.804125737692175e-10,9.817726095207036e-05,4.2897133312180813e-07,3.451693819656043e-09,7.795083467598829e-10,9.314860108133871e-06,1.1699636388584622e-06,1.3454600775730796e-05,7.273890378911574e-09,0.0002747699327301234,4.406353948382957e-09,1.2955758393218275e-05,4.992080082644179e-10,1.1595272553677205e-05,1.1297535138510284e-06,5.590856744674966e-05,1.822171968868247e-09,3.0872284728644672e-09,1.1252497955638319e-07,1.2298776255192934e-06,5.1294133385226814e-08,5.081641916149238e-07,4.4628020723358475e-10,1.9703384168678895e-06,1.8383376527708606e-06,6.401892904683848e-10,5.1378514775990425e-09,2.1338392164338416e-10,1.938145199886776e-10,1.3849312097136135e-07,9.093342079324884e-09,2.0711200932055363e-07,1.6537939018235193e-07,1.7567638010973496e-08,1.3899764780944679e-05,0.00019139201322104782,5.102275463286787e-05,1.892725776997395e-05,0.00016183359548449516,3.2590519367659e-06,7.882379122747807e-07,1.0195231880061328e-05,1.1292212998004203e-10,8.525996797459356e-09,4.185708917248121e-07,1.422123574457146e-07,2.2354737666319124e-05,4.1137301565186135e-08,2.8415126507752575e-05,3.3889276096488175e-07,8.928387806861338e-09,8.151184727189786e-10,8.868678236240157e-09,1.6705387295701257e-08,5.784381418294515e-09,5.69989699883422e-09,0.00279665132984519,6.258441320738939e-09,2.4894491161830956e-06,0.0002732000721152872,6.28324392515367e-10,2.274591404116677e-09,5.219828042024588e-12,1.4113047654973343e-06,1.7856536249638566e-09,3.0445390653000004e-10,0.00015280769730452448,4.515175987762632e-06,0.8046889305114746,0.1764177531003952,2.618822873046156e-05,8.237053705784092e-09,1.5836756972475996e-07,9.172072545915455e-10,3.901861334032475e-10,1.3810791621438057e-08,1.3165007278770346e-12,2.0161845526445177e-08,1.5647962072762311e-06,5.257811608316842e-07,2.7855860025738366e-05,6.745780467554141e-08,5.688632427336415e-06,1.5094032050910755e-06,7.5792240750161e-07,1.4239596566767432e-05,3.5244613894036547e-09,1.1795305709938475e-07,1.9386181548952663e-10,1.5111934814626693e-08,0.011394509114325047,4.823114431928843e-05,4.19861898990348e-05,0.00017620561993680894,5.645237166618244e-09,1.4706245565321296e-05,2.126066647178959e-07,7.176327443403352e-08,0.0013401085743680596,2.5499448383925483e-05,0.00020603668235708028,3.676257742668554e-09,2.2150499717099592e-05,9.025370673043653e-08,2.8355422898584948e-08,6.682648745481856e-07,5.454291185369442e-11,0.0007803139742463827,1.2690813733229334e-08,3.8827074888558855e-10,3.962256414524745e-06,1.271146743420104e-06,8.485799440904884e-08,2.8647766381340034e-09,2.542406264183228e-06,2.425535683414637e-07,4.5252123988086257e-13,7.244986477417115e-07,5.509905420808536e-08,1.885172054016948e-07,2.6471644787307014e-07,1.795813346916475e-07,2.958289258003788e-07,8.596646239311667e-07,3.6371599065887494e-08,4.571571935230168e-06,2.5390445443917997e-05,1.255053689419583e-06,5.8279565564589575e-06,6.7272585511091165e-06,5.44251221867853e-09,1.0121208759983347e-07,5.658826580656751e-07,9.389887964061927e-06,2.537022848747572e-11,8.003427865332924e-06,6.787877815384036e-09,2.20608997736349e-09,4.5586764918503775e-10,1.274278247365146e-06,1.0110409220942529e-06,6.789920847793951e-10,1.1945042288630248e-08,2.8455667688831454e-07,3.0863029678585008e-06,1.514023188065039e-05,6.43630357899383e-08,5.588572548731463e-06,1.3515796482010956e-08,0.0003104016650468111,5.105380562753226e-09,2.615083927182127e-09,1.5626702154492023e-09,9.974899128906145e-09,4.684791201725602e-05,6.413702902108298e-09,4.5892349476162053e-07,5.772770350631617e-07,3.908820378484279e-09,8.624870679341257e-05,8.156414210702678e-09,3.0624904834297695e-09
/users/PAS2099/jianyanggu/PlotDiversiVision/data/SCBI_008/SCBI_008_PlantDiversity_41_1_1_20150602-straightened.jpg,SCBI_008/SCBI_008_PlantDiversity_41_1_1_20150602-straightened.jpg,SCBI,2015,,SCBI_008,41_1_1,41,1,1,20150602,true,SCBI_008_PlantDiversity_41_1_1_20150602-straightened_r2_c2,3,2,2,1139,992,1708,1488,164,5.994645107421093e-05,0.0001566041901241988,3.224958504688402e-07,0.00031982679502107203,0.0001694858947303146,1.0561054295976646e-05,1.0239205039397348e-06,7.196826481958851e-05,0.00017598082195036113,2.999979187734425e-06,6.154923539725132e-06,0.00011844758410006762,1.8763234038488008e-05,0.00014483355334959924,1.9134233752993168e-07,0.001573858316987753,0.00019540032371878624,0.005006712861359119,6.20385662841727e-07,1.389489966641122e-06,3.790779601331451e-07,4.166936196270399e-05,0.0003576346789486706,3.1329982448369265e-05,1.4899531386447507e-08,2.0185914763715118e-05,4.20785818278091e-06,1.236582392039054e-07,6.785176083212718e-07,9.535026990192819e-09,7.091246061463607e-07,1.2168869716333575e-06,8.062700658229005e-07,1.588247141626198e-05,4.1058876377064735e-05,3.4766401313390816e-06,0.0006372901261784136,0.005788336042314768,0.013204121962189674,0.0020359938498586416,0.011395001783967018,0.00045995006803423166,0.000308853603200987,0.006707214750349522,1.1368835828307056e-07,3.8504296639985114e-08,3.1083425255928887e-06,8.385069122596178e-06,0.02930915541946888,1.6862215090895916e-07,0.0003981888003181666,1.1459631423349492e-05,2.9160325993871083e-06,7.541486411355436e-06,3.13945856760256e-05,2.2134712196475448e-07,8.749541393626714e-07,5.359273473004578e-06,8.766354585532099e-05,4.0841075588105014e-07,8.370787691092119e-05,0.1965661495923996,3.04056698041677e-07,2.9411464765871642e-06,1.2680676775289612e-07,2.538737862778362e-05,4.5744918679702096e-06,3.3479445846751332e-06,9.44959101616405e-05,0.000554697762709111,0.039149582386016846,0.018220696598291397,0.00016946069081313908,2.9648360850842437e-06,4.075254310009768e-06,1.917310470389566e-07,4.246718674494332e-07,1.936296712301555e-06,2.8591580214509804e-09,2.3994957700779196e-06,6.589784607058391e-05,3.2450009257445345e-06,0.0024666558019816875,1.8309225197299384e-05,1.6381511159124784e-05,9.372190834255889e-05,9.485407872489304e-07,0.1292618364095688,1.793672765870724e-07,5.949443675490329e-06,4.1966828234762943e-07,1.789108097227654e-07,0.005435896571725607,0.055994533002376556,6.1903378991701175e-06,8.751280802243855e-06,1.2234452242410043e-06,0.00037091216654516757,0.0001942187373060733,0.0005759369814768434,0.3186180591583252,0.0001387013035127893,0.00024330767337232828,3.078628651564941e-06,4.693222217611037e-05,0.0007821239996701479,3.395561361685395e-05,1.2440451428119559e-05,2.4775629299256252e-06,0.0012894257670268416,2.9334278224268928e-05,8.803572626447931e-08,0.0005328497500158846,8.301844354718924e-05,2.09285349228594e-06,5.767518018728879e-07,0.00011521748820086941,0.0002531447680667043,2.0979361181616696e-07,4.506389359448804e-06,2.802385552058695e-06,9.564992797095329e-05,0.0005662859184667468,0.006968974135816097,0.001888856990262866,0.002178145106881857,7.625643775099888e-05,0.001577392453327775,1.0400891369499732e-05,5.529711415874772e-06,8.96438450581627e-06,5.1078886826871894e-06,1.6761791812314186e-06,0.00012129488459322602,1.3149562619219068e-05,0.13243930041790009,7.1866064210723835e-09,1.6978275425572065e-06,6.530123755510431e-06,2.4014645987335825e-06,2.116376663252595e-06,0.00014378211926668882,9.247679554391652e-05,6.524891205117456e-07,9.8855252872454e-07,6.856214167783037e-05,0.0006333059282042086,4.7152389015536755e-06,1.5333087333146977e-07,0.0003455106052570045,0.00026983843417838216,0.00030276202596724033,4.143741136886092e-07,3.691147583140264e-07,1.7471967339588446e-07,1.9603388068389904e-07,0.0007559467339888215,5.806193144053395e-07,2.181652234867215e-05,1.8917600073109497e-06,9.214006695401622e-07,0.0008235640707425773,1.325919996020275e-08,2.53895819923855e-07
/users/PAS2099/jianyanggu/PlotDiversiVision/data/SCBI_008/SCBI_008_PlantDiversity_41_1_4_20150602-straightened.jpg,SCBI_008/SCBI_008_PlantDiversity_41_1_4_20150602-straightened.jpg,SCBI,2015,,SCBI_008,41_1_4,41,1,4,20150602,true,SCBI_008_PlantDiversity_41_1_4_20150602-straightened_r0_c0,3,0,0,0,0,573,495,164,7.927095794002526e-06,7.447559619322419e-05,1.0968573604941412e-08,0.00365044130012393,0.00016375485574826598,2.698456569305563e-07,2.444817326363591e-08,0.00012088167568435892,3.403101072763093e-05,6.779166142223403e-05,5.651401124850963e-07,0.0026530514005571604,2.1107595671310264e-07,1.892327236419078e-05,3.213504484733676e-08,0.0003868316998705268,7.914315574453212e-06,0.00018198759062215686,6.257010340959823e-07,1.5395012269436847e-06,3.703283368849952e-07,3.69665322068613e-05,4.607406481227372e-06,1.0577361535979435e-05,1.8246397726073837e-09,1.781023274816107e-05,4.899976829619845e-06,3.652953139976489e-08,2.478842020536831e-07,1.232604329715059e-08,1.2260717774381646e-08,4.426167095061828e-07,4.737131575893727e-07,2.622438842081465e-06,5.801755833090283e-06,1.432555450264772e-06,0.000244139286223799,0.001026211422868073,0.0002501825802028179,7.751004886813462e-05,0.00011590715439524502,0.0003424577589612454,8.130982314469293e-05,0.00012974647688679397,1.1649952114112239e-09,3.2259237059406587e-07,1.1395868568797596e-06,2.7967410005658166e-06,0.004610859788954258,1.1678262978875864e-07,4.820057438337244e-05,2.3046823116601445e-06,4.0157967617915347e-08,6.4068510496895215e-09,4.0432831838188577e-07,2.9618439612022485e-07,4.872072736361588e-07,2.081430778844151e-07,0.0029396642930805683,1.2675135963036155e-07,0.000170941959368065,9.472632518736646e-05,5.703441274818033e-08,1.2454324860300403e-07,1.602089155783304e-10,8.54870359034976e-06,2.6568020672357306e-08,5.2076996048811e-09,0.001458651851862669,0.00011572513176361099,0.6076516509056091,0.19921612739562988,8.720608457224444e-05,1.5173391432199423e-07,5.193718948248716e-07,4.573149414710542e-09,1.2443206465206913e-08,1.406573346685036e-07,6.09892192304784e-10,1.7405416201654589e-06,3.987866875831969e-05,8.047998562688008e-06,0.00012439530109986663,1.531232010165695e-05,3.533269773470238e-05,7.299110438907519e-05,2.763410702755209e-05,0.0001046083852997981,4.218500748720544e-08,9.774025784281548e-07,7.742389840359465e-09,9.245740528740498e-08,0.005423477850854397,0.0005596083356067538,0.00015090755186975002,0.00023408530978485942,2.844521418410295e-08,0.000276886741630733,1.1044711754948366e-05,1.9325070752529427e-06,0.0009216602193191648,0.0001218906618305482,0.0008150892099365592,2.4487854943799903e-07,0.00010646873852238059,1.6781525573605904e-06,6.485354242613539e-05,2.658945413713809e-05,2.9146651758793496e-09,0.0021195262670516968,1.6842773220560048e-06,1.0148760942740864e-08,8.165110921254382e-05,1.4883845324220601e-05,3.6827032090513967e-06,2.8326319068128214e-08,5.889909152756445e-05,2.8172369638923556e-05,7.067209317757062e-11,5.1225320021330845e-06,1.2586342563736252e-06,1.2835417919632164e-06,6.594193564524176e-06,3.4036056604236364e-06,2.6027566491393372e-05,2.0431998564163223e-05,4.672290003782109e-07,2.6082729164045304e-05,0.0002883849374484271,1.6815369235700928e-05,9.629148553358391e-05,0.00011307842942187563,3.9711034105494036e-07,4.888700004812563e-06,1.3617188415082637e-05,1.6636528016533703e-05,3.88728604860944e-09,5.4404637921834365e-05,4.1869174793873754e-08,2.8957268582985307e-08,1.3428624434652647e-08,4.698407428804785e-05,3.382935392437503e-05,1.1222005547040226e-08,1.7747817082636175e-07,8.189245477296936e-07,1.811487163649872e-05,5.852819231222384e-05,2.8015779207635205e-06,0.00021791699691675603,3.5257687613921007e-06,0.16108538210391998,8.554761876666817e-08,4.873966119589568e-08,1.2214409039756902e-08,1.024668065952028e-07,6.431890506064519e-05,2.2682566935827708e-08,1.1358457641108544e-06,2.139563775926945e-06,7.299183124587216e-08,0.00017598917474970222,4.292850874776377e-08,3.5317686553071326e-08
/users/PAS2099/jianyanggu/PlotDiversiVision/data/SCBI_008/SCBI_008_PlantDiversity_41_1_4_20150602-straightened.jpg,SCBI_008/SCBI_008_PlantDiversity_41_1_4_20150602-straightened.jpg,SCBI,2015,,SCBI_008,41_1_4,41,1,4,20150602,true,SCBI_008_PlantDiversity_41_1_4_20150602-straightened_r0_c1,3,0,1,573,0,1145,495,164,5.774295641458593e-05,0.00014516522060148418,5.047674633829047e-08,0.0004021326603833586,0.0009619688498787582,2.3354027689492796e-06,1.352064913362483e-07,0.00017153714725282043,0.00023765297373756766,2.410521119600162e-05,7.80992104409961e-06,0.00039197600563056767,9.099350251062788e-08,3.654355168691836e-05,8.186774813623288e-09,0.0015199270565062761,2.4544102416257374e-05,0.00014298662426881492,6.261916132643819e-05,5.451707329484634e-05,2.477238012943417e-06,7.232318603200838e-05,0.0002071581402560696,1.7164114979095757e-05,1.4516817747889377e-09,1.7457969079259783e-05,6.878809017507592e-06,2.2582703707030305e-07,6.139314479014502e-08,1.2098023915996237e-08,1.998854237683645e-08,1.7806702317102463e-06,6.097307618802006e-07,6.262534043344203e-06,9.003199920698535e-06,3.2192276648856932e-06,0.0007032117573544383,0.0018940058071166277,0.000636550597846508,0.00013122541713528335,0.0005727046518586576,0.0014612982049584389,7.01146200299263e-05,0.0013371417298913002,3.6182548068808273e-09,4.296802202929939e-08,1.0686910627555335e-06,2.7566742573981173e-05,0.004526564851403236,2.52300480951817e-07,2.6569701731204987e-05,6.47181195745361e-06,1.3643649765526789e-07,2.810611654524564e-08,7.417422693833942e-06,3.2886606504689553e-07,1.1153957530041225e-05,1.6999897525238339e-06,0.000462728290585801,2.2981771508057136e-07,0.0005483935819938779,0.00012969264935236424,2.8321488798610517e-07,1.0078106242872309e-05,1.1098165719758413e-09,4.963397714163875e-06,1.0671424632846538e-07,2.3452921382727254e-08,0.0006179882911965251,6.216456677066162e-05,0.00880388543009758,0.0054801530204713345,2.8486105293268338e-05,5.443492909762426e-07,9.474184139435238e-07,3.4720970543133944e-09,1.0435879005399329e-07,3.106025303623028e-07,4.6619801352676404e-09,3.361620201758342e-06,0.0002452848420944065,4.874829755863175e-06,0.000322010280797258,0.00017747720994520932,5.456680082716048e-05,0.00010036485036835074,3.7701247492805123e-06,0.0005439329543150961,2.600711184186366e-07,7.045666734484257e-07,1.284075157315101e-08,1.6826464843688882e-07,0.0014096657978370786,0.000466841651359573,9.64433784247376e-05,0.00015565878129564226,1.2186179674245068e-06,0.00018732748867478222,5.112971848575398e-05,0.0001667244068812579,0.0005172435776330531,5.3236308303894475e-05,0.0002389392611803487,6.105782631493639e-06,0.00010624201968312263,4.362041181593668e-06,0.001651464612223208,1.757289282977581e-05,9.449341753509088e-09,0.0015179107431322336,0.00013415963621810079,2.6573323452794284e-07,0.0001325157209066674,3.1831932574277744e-05,2.7016232706955634e-05,3.229718288366712e-07,0.000711609551217407,0.0002936100645456463,5.66233993026799e-09,1.5498849279538263e-06,3.602875494834734e-06,7.890143933764193e-06,2.3242764655151404e-05,3.225227555958554e-05,0.0002328963892068714,5.301379496813752e-05,6.716104508086573e-06,2.9306273063411936e-05,0.00011982717842329293,5.801629595225677e-05,0.0003909754741471261,0.00037709917523898184,3.808037718044943e-06,1.3890011359762866e-05,2.8546042813104577e-05,5.499875624082051e-05,1.5268618369645992e-08,2.9853865271434188e-05,6.489629811312625e-08,9.751421714554454e-08,7.367721543971584e-09,0.00022836911375634372,0.0002782846859190613,1.1434713798053053e-07,2.676090673503495e-07,2.300809910593671e-06,1.0413739801151678e-05,0.00018686929251998663,7.49795617593918e-07,0.0002175973349949345,1.0684061635402031e-05,0.9559088945388794,3.4025160289274936e-07,2.4400591769335733e-07,6.752087244876748e-08,1.1484422657304094e-06,4.416123192640953e-05,1.1579746228562726e-07,5.224920869295602e-07,6.099424467720382e-07,1.3841388124546938e-07,4.89314625156112e-05,7.306932303663416e-08,2.8117483452660963e-08
/users/PAS2099/jianyanggu/PlotDiversiVision/data/SCBI_008/SCBI_008_PlantDiversity_41_1_4_20150602-straightened.jpg,SCBI_008/SCBI_008_PlantDiversity_41_1_4_20150602-straightened.jpg,SCBI,2015,,SCBI_008,41_1_4,41,1,4,20150602,true,SCBI_008_PlantDiversity_41_1_4_20150602-straightened_r0_c2,3,0,2,1145,0,1718,495,164,1.4143762427920592e-06,8.186753802874591e-06,1.887615203033377e-10,0.00038881570799276233,4.326806447352283e-06,1.5919367513106408e-07,7.744430874367936e-09,1.4657065548817627e-05,1.2734127494695713e-06,3.37318197125569e-05,1.5722561386155576e-07,0.00016289824270643294,1.585681097537872e-08,4.47790125690517e-06,1.2007947525205509e-08,1.4030972124601249e-05,1.3049442486590124e-06,0.000150549371028319,1.1708108615948731e-07,6.742098435097432e-08,1.4696466621444415e-07,5.339510607882403e-06,7.015198093540675e-07,1.128883559431415e-05,2.252803721347618e-09,1.3732890238316031e-06,4.945177352055907e-06,3.9409513874488766e-08,1.672871974278678e-08,1.122114734464219e-09,2.991010772390723e-09,8.121056680465699e-07,3.4467487353140314e-07,1.2107952329643012e-07,2.352210685785394e-06,2.0466386274620163e-07,2.6819177946890704e-05,0.00044655552483163774,0.0001770876260707155,5.328952829586342e-05,0.0002893999917432666,0.00019719261035788804,1.211336984852096e-05,9.234508979716338e-06,4.680562049053094e-10,5.167904326697226e-09,1.7696648058063147e-07,8.918823368730955e-08,0.00017213885439559817,5.107696487982594e-09,4.226949386065826e-05,3.60662653520194e-07,1.2147176597920861e-08,9.980066772996565e-10,1.2441033447885275e-07,4.253064389558858e-08,7.059623641225699e-08,1.7219367265397523e-08,0.0021046779584139585,5.286768356427274e-08,4.638339760276722e-06,0.0007658781250938773,6.200574720338636e-09,4.725417213080618e-08,3.721061219569277e-12,3.2412960990768624e-06,3.321957109392315e-08,7.026784709651679e-10,3.6184541386319324e-05,0.00012664575478993356,0.6005427241325378,0.2921590805053711,5.965204309177352e-06,7.775334154302982e-09,1.9907570703026067e-08,3.469656159604817e-11,4.1776773707091763e-10,7.4025119367604475e-09,4.6289066329974204e-11,6.22641351810671e-08,2.4070470317383297e-05,1.7307829693891108e-06,1.1442139111750294e-05,3.143729827570496e-06,1.3564933396992274e-05,8.342874934896827e-06,3.7625071058755566e-07,6.281388778006658e-05,8.027048359338096e-09,1.2932440540680545e-06,1.915419156617304e-09,1.2076026401075524e-08,0.06673645228147507,0.00022120610810816288,7.502882363041863e-05,0.00021123583428561687,3.304364426526263e-08,4.686058309744112e-05,1.9135668480885215e-06,3.5053853935096413e-06,0.01761687733232975,2.9317445296328515e-05,0.0003572386340238154,1.5201372605133656e-08,0.00022197533689904958,1.162878930927036e-07,8.25102597445948e-06,1.5590102293572272e-06,3.0134447714935675e-10,0.0053339614532887936,1.5295553623673186e-07,3.6952230164644106e-09,1.0482607649464626e-05,5.602142891802941e-07,1.0215696022441989e-07,2.636971085934192e-09,7.384162472590106e-06,1.2821377595173544e-06,4.0003174384128926e-12,1.949551773350322e-07,7.207270158460233e-08,5.60778744329582e-07,1.2858365153078921e-05,7.252121577039361e-06,1.215257179865148e-05,4.6594275772804394e-05,2.0011205492664885e-07,3.7435679587360937e-06,8.389021786570083e-06,7.943410764710279e-07,1.714127392915543e-05,1.0837084118975326e-05,9.526356592459706e-09,6.779239356546896e-07,5.224981578066945e-06,8.266436634585261e-05,1.9244925097972043e-10,1.1232562428631354e-05,9.533741973655196e-08,1.3863359349386428e-08,7.34916127953511e-10,8.5911358382873e-07,5.374678266889532e-07,1.1650267417451232e-09,2.2950912281771707e-08,1.8737003415481013e-07,2.5202443794114515e-06,0.00013879103062208742,2.3425732464943394e-08,1.6537254850845784e-05,1.8360651665716432e-07,0.009674190543591976,2.519626640662409e-08,6.379441419568366e-09,3.938739556730297e-09,1.103072033714625e-08,1.1393922250135802e-05,4.681510734627636e-09,7.247969051604741e-07,1.4007434856466716e-06,4.538133424603075e-09,0.0009294244810007513,4.373212902919477e-09,2.156325562552297e-09
/users/PAS2099/jianyanggu/PlotDiversiVision/data/SCBI_008/SCBI_008_PlantDiversity_41_1_4_20150602-straightened.jpg,SCBI_008/SCBI_008_PlantDiversity_41_1_4_20150602-straightened.jpg,SCBI,2015,,SCBI_008,41_1_4,41,1,4,20150602,true,SCBI_008_PlantDiversity_41_1_4_20150602-straightened_r1_c0,3,1,0,0,495,573,990,164,1.6756933973738342e-07,1.6238844864346902e-06,4.852453994175221e-10,0.00011283570347586647,2.6212453576590633e-06,6.842460376077497e-09,2.4425665934302287e-09,7.854932846385054e-06,8.1526121675779e-07,1.473068891755247e-06,4.202914993811646e-08,0.0015768519369885325,1.2887887201884496e-08,8.10752226243494e-06,7.497473197837223e-10,1.4444291082327254e-05,2.062641442535096e-06,5.1504110160749406e-05,1.0322578347654598e-08,9.788966082169281e-09,8.468514778314784e-08,8.726811984161031e-07,3.562821859759424e-07,1.3409990060608834e-06,1.1547240247322677e-10,2.941249022114789e-06,8.904871862114305e-08,6.654665707372942e-11,4.4708359236977913e-10,2.1008961931245906e-11,2.454388775552374e-11,3.9325933620659725e-09,7.870903928619555e-10,1.8246952038225572e-07,6.493456083944693e-08,8.539619678060717e-09,2.1091011149110273e-05,0.00041281775338575244,0.00047262670705094934,0.00011730909318430349,0.00023468407744076103,1.1620579243754037e-05,4.1238295125367586e-06,3.3244025416934164e-06,2.0131352140850822e-10,3.377148116712192e-09,1.5702749323054377e-08,4.7680345005574054e-08,1.7767324607120827e-05,1.8420527325702096e-08,1.1200027074664831e-05,4.79057121083315e-07,2.7740784669383345e-10,1.6319416651366936e-10,6.326551726942853e-09,2.8831578902099864e-08,8.524619232730402e-08,8.943062290711623e-09,0.004436448682099581,4.953620624803534e-09,2.191194835177157e-05,3.24952561641112e-05,1.03598907230662e-09,2.433043988503414e-09,5.7972845274312235e-12,7.192733733063505e-07,2.194871395744258e-09,6.656086792844462e-11,0.0001380805333610624,7.976834240253083e-06,0.8934983015060425,0.08299296349287033,1.5563049601041712e-05,4.472458847715188e-09,6.2662648403488674e-09,3.0209446055806666e-10,2.7411320435710707e-10,4.317131985231981e-09,3.211459960808516e-12,1.1326673821088207e-08,8.885597679864077e-08,7.356846367656544e-07,1.037601032294333e-05,2.388427731148113e-07,1.1045710380130913e-05,4.923166670778301e-06,1.0263769354423857e-06,2.12799586734036e-05,2.1559769525225647e-09,1.0547521611670163e-07,1.1688526535547084e-10,5.779187350896109e-09,0.0029640053398907185,0.0004043515946250409,2.7770488486567046e-06,2.7315761599311372e-06,5.4405298044457595e-09,4.0163806261261925e-05,6.271125698731339e-07,3.702713797792967e-07,0.00022577268828172237,4.068936323164962e-05,0.00015277827333193272,3.7520933915402566e-08,4.550895027932711e-05,1.7569230976732797e-06,3.9289687947530183e-07,1.1076381269958802e-06,7.340152791135424e-11,5.11524522153195e-05,8.061193312869364e-08,2.3140128702081597e-10,6.438827313104412e-06,1.4096073073233129e-06,1.3619964533972961e-07,1.9327526246115667e-09,4.625522251444636e-06,1.3917506294092163e-06,1.3628140499780117e-12,5.18897991241829e-07,8.47507042323059e-09,1.4566175821073557e-07,1.5525203878041793e-07,2.833062353602145e-07,8.805429274616472e-07,1.2668457429754199e-06,3.531818393298636e-08,2.4773671611910686e-05,5.9677222452592105e-06,2.5038445983227575e-06,5.887630777579034e-06,4.357908892416162e-06,3.62845042900517e-08,8.387276579924219e-07,2.1684751061457064e-07,5.062482523499057e-05,5.2987451232278104e-11,3.776047606152133e-06,1.5102454398174814e-08,7.998909867801274e-10,4.864463831744104e-10,1.2404490917106159e-05,5.87977501709247e-06,1.0896864521825478e-09,1.7165104893024363e-08,1.6885395837107353e-07,6.605111593671609e-06,1.104621105696424e-06,5.318759210837243e-09,1.660993802943267e-05,6.663540830231796e-08,0.011572864837944508,4.375492412833637e-09,4.759636240692089e-09,3.0623446001243337e-09,7.270657853553075e-09,2.6088271624757908e-05,6.220228332409761e-09,9.141361090314604e-08,6.217005221742511e-08,7.378139210700851e-10,1.9362470993655734e-05,4.896917982222249e-09,4.675061227032984e-09
/users/PAS2099/jianyanggu/PlotDiversiVision/data/SCBI_008/SCBI_008_PlantDiversity_41_1_4_20150602-straightened.jpg,SCBI_008/SCBI_008_PlantDiversity_41_1_4_20150602-straightened.jpg,SCBI,2015,,SCBI_008,41_1_4,41,1,4,20150602,true,SCBI_008_PlantDiversity_41_1_4_20150602-straightened_r1_c1,3,1,1,573,495,1145,990,164,9.109168530585521e-08,1.1936203918594401e-06,5.432046479292296e-11,8.459945092909038e-05,4.946925855620066e-07,1.3240565976957441e-08,1.8626497566565092e-10,4.496658675634535e-06,1.772419864209951e-07,6.340406457638892e-07,3.029570549983873e-08,2.943340405181516e-05,2.2059023496723285e-09,3.000223387061851e-06,4.671494441277346e-11,5.14159523845592e-07,3.131350183593895e-07,4.2104165913769975e-06,6.749114600523853e-09,7.73704211809445e-09,1.3452409852732217e-08,7.027942388049269e-07,2.335995930025092e-07,1.1501026619953336e-06,3.340821369546276e-11,5.3564571089737e-07,5.078397080637842e-08,2.6534457964189073e-10,7.609419760967739e-10,5.529451549413089e-11,6.345329817136758e-11,6.012641939889818e-09,1.2062889576114344e-09,1.1724726789452689e-07,5.045358619781837e-08,1.4382809609969627e-08,8.609275937487837e-06,0.000321014056680724,0.00014555487723555416,2.063367901428137e-05,6.79272779962048e-05,2.9148686735425144e-06,1.12061411527975e-06,2.037749254668597e-06,5.309615247472976e-11,6.498708238211748e-10,7.763739873212216e-09,6.7063838926628705e-09,8.64864432514878e-06,5.93864957210144e-09,4.544321200228296e-06,1.0789958082568774e-07,1.9188758915156257e-10,5.4671583232801524e-11,4.8552748488361885e-09,6.928273954542874e-09,5.588664198086235e-09,6.897601378952345e-10,0.00012347522715572268,8.11555656010654e-10,2.2357257876137737e-06,4.381434337119572e-05,4.70808170227599e-10,4.151556320941552e-10,1.8651792350193874e-12,2.9332494477785076e-07,1.888103562386334e-10,4.798173316999943e-11,9.82385336101288e-06,2.542238462410751e-06,0.6769564151763916,0.31597620248794556,2.40584029143065e-07,4.140756182380301e-09,9.446232240861718e-09,8.211967911231355e-11,1.7055445944436087e-10,3.430869588427754e-09,8.82817961529031e-13,3.414757365760579e-09,2.283188820229043e-07,4.0523300981476496e-07,3.717834488270455e-06,2.214081185059058e-08,6.027713084222341e-07,1.1611897434704588e-06,1.501275193049878e-07,9.129702448262833e-06,9.594507410781716e-10,9.37962880698251e-08,7.227159148914808e-11,5.8476721243039265e-09,0.0038091582246124744,1.8525215637055226e-05,6.066582614039362e-07,1.0733187991718296e-06,8.555501307405677e-10,5.4253300731943455e-06,2.449232852086425e-07,1.5680561205044796e-07,0.0005413923063315451,1.3125374607625417e-05,8.519014954799786e-05,9.179802695769013e-09,1.3276192476041615e-05,7.236995429593662e-07,4.113429383778566e-07,2.0942529488365835e-07,6.300824011845618e-12,5.356176552595571e-05,1.2332864685049572e-07,2.8764671200498526e-10,3.858685317936761e-07,1.3154031819340162e-07,1.1218754281117072e-07,3.9858172318218976e-10,1.7061662447304116e-06,1.7675584729204274e-07,3.1512084066286083e-13,1.3797723852349009e-07,2.2790442866238436e-09,6.506181193799421e-08,1.1384647535805925e-07,2.7821057457799725e-08,1.3030872025865392e-07,1.6068651120804134e-07,4.289297095283473e-08,2.957474862341769e-06,2.6429854642628925e-06,6.891769999128883e-08,3.398957630906807e-07,1.0325742749728306e-07,2.33242420932811e-08,4.444029144679007e-08,7.864499593779328e-07,3.331427069497295e-05,5.939571751101269e-11,5.941896006333991e-07,1.4982935780949447e-08,3.9376080174235994e-10,1.5549729559527492e-10,1.498700953561638e-06,6.653821174040786e-07,6.360479920530793e-10,1.7940497976098868e-09,4.282887644535549e-08,4.257202590451925e-07,2.402154905212228e-06,5.488373311379746e-09,2.0068227968295105e-06,4.19918393390617e-08,0.0015503526665270329,6.101757987764245e-10,4.124185992715468e-10,2.8326926915234196e-10,1.6036599825852704e-10,6.230641247384483e-07,1.00849584239171e-09,1.2876895993940707e-07,1.6522029966381524e-07,5.276020731415088e-10,8.422427526966203e-06,6.908555949536321e-10,6.507539507261129e-10
/users/PAS2099/jianyanggu/PlotDiversiVision/data/SCBI_008/SCBI_008_PlantDiversity_41_1_4_20150602-straightened.jpg,SCBI_008/SCBI_008_PlantDiversity_41_1_4_20150602-straightened.jpg,SCBI,2015,,SCBI_008,41_1_4,41,1,4,20150602,true,SCBI_008_PlantDiversity_41_1_4_20150602-straightened_r1_c2,3,1,2,1145,495,1718,990,164,2.495882540642924e-07,2.83116446553322e-06,9.892760916008214e-11,0.00015521330351475626,5.007109962207323e-07,1.6268911551264864e-08,2.720093039698668e-10,3.083452975261025e-05,2.151002433947724e-07,1.794846525626781e-06,3.722712804687944e-08,4.4938657083548605e-05,4.357489480355525e-09,2.170546849811217e-06,4.9099002641384e-10,4.109055680601159e-06,9.34153263187909e-07,0.00012373361096251756,1.5027012523205485e-08,4.566191869059821e-09,2.199417004078441e-08,1.239105529293738e-07,2.7946799718847615e-07,2.175719828301226e-06,1.0621078322392563e-10,1.18870843834884e-06,2.2461966864284477e-07,5.767405997225694e-10,3.4925371483751633e-09,4.599876729516339e-11,1.5166708167146936e-10,8.457410771711693e-09,4.567219935580624e-09,1.8592734818412282e-07,1.706054746364316e-07,3.309230933723484e-08,6.192329692567e-06,0.0015932813985273242,0.0008384097018279135,0.0001511788577772677,0.0008609152864664793,9.499112820776645e-06,2.7370749648980564e-06,6.776858754165005e-06,6.357201570716953e-11,6.520460837933229e-10,4.740577264072954e-09,1.0391093319128686e-08,0.00020327825041022152,4.270551912100018e-09,5.205282377573894e-06,8.150716723775986e-08,1.12659170881102e-09,1.0046709991717861e-10,7.521373746044446e-09,8.081762814526883e-09,2.397291432032489e-08,3.726561281780505e-09,0.0002233136910945177,5.91213245026978e-10,3.903338438249193e-06,7.997502689249814e-05,5.571058059317124e-10,8.572488829905467e-10,4.710753922360089e-12,1.5245213091930054e-07,7.382677247314007e-10,3.3051256176364063e-11,3.4337310353294015e-05,3.1408023914991645e-06,0.8539725542068481,0.12202990800142288,2.448692157486221e-06,6.563884991095392e-10,6.832289733971209e-10,1.70255354953186e-11,3.8124860907151614e-11,3.573190354710931e-10,1.881773816631016e-12,6.776408767450448e-09,2.6994442237082694e-07,2.7871848828908696e-07,4.0745603655523155e-06,1.7400022045421792e-07,1.9335020624566823e-06,7.453858756889531e-07,3.761298614790576e-07,2.2299605916487053e-05,4.3329553833793e-10,2.824485818564426e-07,5.5430309647830356e-11,5.049110463062334e-09,0.005967143457382917,0.00011256022116867825,5.77935225010151e-07,6.964530712139094e-07,6.885796932643018e-10,2.8192138415761292e-05,2.0994119154238433e-07,1.0316338148186333e-06,0.0011683049378916621,4.85163491248386e-06,6.035495607648045e-05,3.2095812674270974e-09,4.3480671592988074e-05,2.2896952600603981e-07,1.0240585197607288e-06,4.824302322958829e-06,1.0254045876290085e-11,7.934539462439716e-05,7.698008630541153e-08,4.6071843562423e-10,1.3913117072661407e-05,6.559915277648543e-07,1.7565541909903004e-08,1.6933245083894377e-10,1.137410436058417e-06,8.490553682349855e-07,3.7116571751857896e-13,2.686438733690011e-07,4.06772082683915e-09,1.1639609454050515e-07,7.696926331846043e-07,6.774890835004044e-07,1.3720783726967056e-06,3.197975956936716e-06,2.0435077630054366e-08,1.451483058190206e-06,8.626004159850709e-07,2.4177916202461347e-07,1.0139674486708827e-06,8.524987720193167e-07,7.389978851080059e-09,2.071315208240776e-07,3.9196004308905685e-07,8.443179831374437e-05,1.9661348937827228e-10,2.2265001007326646e-06,4.221700322659672e-09,1.8314372240979537e-10,5.858941803937867e-11,1.0285451708114124e-06,4.4307770963314397e-07,1.0413706563738856e-09,1.2019716777444955e-08,2.1373827152615377e-08,6.864407282591856e-07,1.1279221325821709e-06,1.3447534641386483e-08,2.9148795874789357e-06,5.162169358641222e-08,0.011967184953391552,2.644151120279048e-09,3.039684892680583e-10,2.6654778384482825e-10,2.1823817752952834e-10,4.399570570967626e-06,2.3911528312936525e-09,2.22955009121506e-07,4.946246576764679e-07,3.6193947838825125e-10,3.92367155654938e-06,2.5077892540359414e-10,1.3297091205899392e-10
/users/PAS2099/jianyanggu/PlotDiversiVision/data/SCBI_008/SCBI_008_PlantDiversity_41_1_4_20150602-straightened.jpg,SCBI_008/SCBI_008_PlantDiversity_41_1_4_20150602-straightened.jpg,SCBI,2015,,SCBI_008,41_1_4,41,1,4,20150602,true,SCBI_008_PlantDiversity_41_1_4_20150602-straightened_r2_c0,3,2,0,0,990,573,1485,164,5.138620640110503e-09,8.707839782573501e-09,2.3150687963879868e-11,1.9576998511183774e-07,1.3635642837073192e-08,3.835034068089271e-09,1.317503051101454e-10,1.2583805997223863e-08,6.851806944041527e-08,8.075804913687534e-08,5.030778904568933e-09,1.3918129297962878e-06,1.6376523748196092e-10,6.074189968785504e-07,8.184057598281669e-11,2.068974936264567e-06,2.0216168650222244e-07,0.00013943172234576195,1.244217617824006e-09,5.199648711595728e-09,5.901644173356146e-10,9.357534509035759e-06,9.360238806266352e-08,1.0953250750844745e-07,3.010000582115424e-11,9.164286218776851e-09,3.23593667417299e-07,3.8518029044087854e-11,6.290396536989817e-10,5.674470268668408e-11,6.003297164935972e-11,8.580914312439347e-10,1.5140617648512489e-09,3.4932387649178054e-08,7.596015194621941e-08,3.505531420699981e-09,9.565410863388024e-08,1.3299015222401067e-07,3.716235852380123e-08,1.8710650806497142e-09,1.3802586629196867e-08,4.5438129745889455e-05,4.568333679344505e-06,4.004500624432694e-07,5.083128709615359e-11,9.32145159671105e-12,2.3538075932805214e-09,4.2660037280484175e-08,8.408603662246605e-07,1.560873208461544e-08,4.582032033795258e-07,5.3646833642062575e-09,7.154619258153971e-11,2.368046647660549e-09,5.212177356384018e-10,2.0210354223504368e-10,3.6728826646736934e-09,3.6227052468973397e-09,7.876254244365555e-07,1.4173294482500154e-10,5.827203040098539e-07,0.0002829866425599903,9.039349130324226e-12,4.332170733256646e-10,8.160641433441196e-12,2.8917384042870253e-06,9.187523519749163e-10,3.96641053335145e-10,8.098298280856397e-07,6.94780112553417e-07,2.6613126919983188e-06,2.4343262339243665e-06,2.480416299022181e-07,1.5805008413138921e-09,1.1768876984064036e-09,1.5801013275584808e-11,3.518993083040378e-11,9.106675968872935e-10,1.390465975865951e-12,4.1479078505268774e-10,1.0871578126625536e-07,2.8154108377975717e-08,6.674712494714186e-05,3.0560163288839703e-09,4.740065051578313e-08,3.865145856707386e-07,7.937207158192905e-08,3.534389136916616e-08,1.3538041798710765e-09,5.3801382904339334e-08,1.8041606403285115e-11,1.109521252651291e-09,0.997327446937561,1.2450741451175418e-06,1.048684978854908e-07,1.665514162141335e-07,2.8528795992244227e-10,6.175124872243032e-05,9.15373945531428e-08,1.200412214075186e-07,0.001992299221456051,3.129456160877453e-08,6.922796558228583e-08,3.3766278662028526e-10,4.42107790377122e-07,6.865906954089951e-09,8.852360622313427e-09,2.50875356044844e-08,2.2118114631486385e-11,3.981319878221257e-06,8.626276581935599e-09,4.115252028036309e-10,1.3883289966543089e-06,1.8865047479721397e-07,7.938807833340888e-09,2.0630295249901565e-09,1.7547579318488715e-06,1.4486144550573954e-07,2.5767585222664924e-13,8.92410980668501e-08,8.240545468218841e-10,1.0427646301991444e-08,2.445435631770465e-09,8.248974281421795e-10,7.704802906793873e-10,1.0067758848819608e-09,4.419558052859429e-08,1.1862317350619378e-08,1.0850448006749502e-07,8.409777874085478e-10,1.1042985192943888e-08,5.067145281145713e-08,1.6813179737340533e-09,1.087568506363823e-07,3.376270640842449e-08,3.5801927879219875e-05,2.945460195191707e-11,9.385696131403165e-08,6.726561530001618e-09,4.468256598055831e-10,5.091065763407343e-11,9.054039082911913e-07,3.2114772352542786e-07,5.913429745874055e-10,6.549166764457937e-10,4.965591937633462e-09,8.9018058702095e-08,1.2687007711065235e-07,2.818395239412297e-10,1.486853165033608e-07,1.779278235858328e-08,1.9252910021805292e-07,1.6273893344020962e-10,2.7168305799518677e-11,1.420755353642722e-11,5.90179554532666e-12,9.351143148705887e-07,4.333081893292956e-09,2.022920568833797e-07,1.3053229608317451e-08,1.6328250973529634e-09,1.5126265680009965e-06,2.1287423213056655e-11,5.569983016484592e-11
/users/PAS2099/jianyanggu/PlotDiversiVision/data/SCBI_008/SCBI_008_PlantDiversity_41_1_4_20150602-straightened.jpg,SCBI_008/SCBI_008_PlantDiversity_41_1_4_20150602-straightened.jpg,SCBI,2015,,SCBI_008,41_1_4,41,1,4,20150602,true,SCBI_008_PlantDiversity_41_1_4_20150602-straightened_r2_c1,3,2,1,573,990,1145,1485,164,1.5982658396751503e-06,1.0845355973287951e-05,6.374648808815664e-09,0.0005410087760537863,2.3210594008560292e-05,8.032661753532011e-07,3.9768464077383214e-09,0.00014383727102540433,1.0456647942191921e-05,8.327740033564623e-06,5.242029033070139e-07,0.002163154073059559,2.7116232814705654e-08,1.7226753698196262e-05,1.959017614794334e-09,5.449543095892295e-05,1.0275308341078926e-05,1.703612542769406e-05,8.588804689679819e-08,3.56860823558236e-07,1.505680984337232e-07,6.240377842914313e-06,1.1403270946175326e-05,1.6182658555408125e-06,2.2161762702754828e-10,7.136855856515467e-06,9.753948404522816e-08,8.498555637004301e-09,5.414636738976242e-09,2.3759419431890194e-10,5.146399417732539e-10,6.457401724446754e-08,3.6598589048253416e-08,3.101596348642488e-07,4.963715696248983e-07,1.3824023881170433e-07,6.354607467073947e-05,0.0020339873153716326,0.0005415414925664663,0.00016789873188827187,0.00022650200116913766,0.0005503004067577422,0.00010745087638497353,0.0001745830668369308,6.678915198676805e-10,3.629092759638297e-08,1.696360669711794e-07,1.0154270313478264e-07,6.78858850733377e-05,1.3091518269447988e-07,4.534178060566774e-06,5.783061851616367e-07,4.455691815508089e-09,5.160238347734492e-10,2.5388277435922646e-07,8.539734608348226e-08,5.141913561601541e-07,5.025960803095586e-08,0.003060630289837718,3.263999204250467e-08,0.00010296698019374162,7.70992919569835e-05,2.8829974851873885e-08,9.31602031073453e-08,5.837953037657329e-11,1.1145442613269552e-06,1.2975666763281879e-08,1.0901662905737908e-09,0.00045712091377936304,8.386397894355468e-06,0.3235189616680145,0.21879202127456665,3.121336249023443e-06,1.8242108978938631e-07,1.6235084387972165e-07,9.525008559663206e-10,6.342243619172905e-09,9.129212941161313e-08,6.310670735976132e-11,1.5768932826176751e-07,8.020021596166771e-06,1.0386440408183262e-05,2.8341395591269247e-05,9.243457270713407e-07,1.7786678654374555e-05,2.867481998691801e-05,1.0142356586584356e-05,0.0001797638542484492,1.0193618393827819e-08,7.983418868207082e-07,1.554506412482226e-09,1.753015226313437e-07,0.0006736302166245878,2.8432141334633343e-05,3.0458817491307855e-05,4.467580947675742e-05,4.7939032299382234e-08,0.0002538018161430955,6.948538157303119e-06,4.08941878049518e-06,0.00023342107306234539,7.575703057227656e-05,0.0003293322224635631,2.42820107132502e-07,0.0007695505628362298,1.84520115453779e-06,0.0005265605868771672,1.8429641386319418e-06,8.162134301770152e-10,0.0007942574447952211,3.101976517427829e-06,1.8480935670694976e-09,1.2085307389497757e-05,3.444082494752365e-06,8.450202813037322e-07,3.18467963111857e-09,3.0345625418704003e-05,6.019678039592691e-06,2.3090168665973465e-10,8.464591587653558e-07,1.8462976925093244e-08,1.9150129446643405e-06,8.030884828258422e-07,7.696404509260901e-07,2.945789901787066e-06,2.742480774031719e-06,2.1375728920247639e-07,1.702527515590191e-05,0.00010797353024827316,2.81288903352106e-05,0.00014009905862621963,3.993698919657618e-05,4.480835613662748e-08,9.79291257863224e-07,1.3508595657185651e-05,2.324054185010027e-05,3.680927507243581e-10,9.76266892394051e-06,4.304971668034341e-08,4.24128376863564e-09,1.3223963035713382e-09,1.28464016597718e-05,9.464974027650896e-06,1.813780770021367e-08,1.3202402726619766e-07,5.695054596799309e-07,4.1803004933171906e-06,2.8854996344307438e-05,1.22397935342633e-07,2.0710738681373186e-05,6.528565563712618e-07,0.44237685203552246,4.0704581039108234e-08,1.2878324184839585e-08,8.975270304745209e-09,2.590263648016844e-08,1.2311264072195627e-05,9.58131707307075e-09,6.125934532974497e-07,5.233536626292334e-07,4.549955523458493e-09,3.188089613104239e-05,5.9230238491636555e-08,1.0373793379869767e-08
/users/PAS2099/jianyanggu/PlotDiversiVision/data/SCBI_008/SCBI_008_PlantDiversity_41_1_4_20150602-straightened.jpg,SCBI_008/SCBI_008_PlantDiversity_41_1_4_20150602-straightened.jpg,SCBI,2015,,SCBI_008,41_1_4,41,1,4,20150602,true,SCBI_008_PlantDiversity_41_1_4_20150602-straightened_r2_c2,3,2,2,1145,990,1718,1485,164,1.1839775652333628e-05,3.0961768061388284e-05,1.5251409024585882e-07,0.0008263707277365029,0.0004487726546358317,1.4347404430736788e-05,9.353568088954489e-07,0.00017945301078725606,0.0002076631208183244,4.809724123333581e-05,1.9228633391321637e-05,0.016555730253458023,3.818645382125396e-06,0.00017479716916568577,9.126786437718692e-08,0.0009301420068368316,0.00010021343769039959,0.001704071182757616,1.2670527212321758e-05,9.65567960520275e-06,1.7991069398703985e-06,7.43788987165317e-05,8.364590757992119e-05,5.165910624782555e-05,1.7602266311200765e-08,0.00028061415650881827,4.852665006183088e-05,1.209794788792351e-07,8.74419754381961e-07,5.87218629277686e-08,8.859492339752251e-08,1.8924951064036577e-06,1.4638749235018622e-06,9.287552529713139e-05,1.7397222109138966e-05,1.525375137134688e-05,0.0005597436684183776,0.00891052559018135,0.0031940857879817486,0.0010976989287883043,0.0014308941317722201,0.0026708159130066633,0.0005180694279260933,0.0024096062406897545,1.884655098649546e-08,4.360761920452205e-07,3.4588854305184213e-06,1.290678574150661e-05,0.19024671614170074,9.262421940547938e-07,9.083071927307174e-05,1.8882838048739359e-06,1.42726037211105e-07,1.784988690189948e-08,6.265908723435132e-06,3.7317789747248753e-07,2.8333308819128433e-06,7.102642939571524e-06,0.01314681675285101,7.307751275220653e-07,0.0016569053987041116,0.0001565611019032076,2.441738615743816e-06,3.895491772709647e-06,1.7683491337905366e-09,2.5606888812035322e-05,1.918810312417918e-06,2.62440131848507e-08,0.001826403196901083,0.0016941672656685114,0.24386078119277954,0.24161992967128754,0.00022019272728357464,2.6662612526706653e-06,9.12140058062505e-06,6.464261304017782e-08,4.232450123708986e-08,1.7718429035085137e-06,3.9960119657678206e-09,4.8124402383109555e-05,0.000175724460859783,0.0001491149450885132,0.0007520345970988274,8.404598702327348e-06,0.00019354853429831564,0.00024031703651417047,0.00010270191705785692,8.318418986164033e-05,8.485065450258844e-07,3.178973202011548e-05,6.456522783082619e-08,3.830181682928924e-08,0.0025121979415416718,0.0027837001252919436,0.00028853610274381936,0.00042958970880135894,9.824730113905389e-07,0.000510913785547018,0.0012466585030779243,3.367066165083088e-05,0.0072785536758601665,0.0006804649019613862,0.002892029471695423,9.910098697218928e-07,0.007180705200880766,2.009447598538827e-05,0.014647324569523335,0.00010562222450971603,5.600287522611325e-08,0.028814485296607018,1.611756488273386e-05,4.8057920309929614e-08,0.0013457295717671514,0.0002804664836730808,8.534709922969341e-05,3.940719125239411e-06,0.002516417996957898,0.00019138339848723263,1.1145741218854255e-08,5.93740442127455e-05,1.537374009785708e-05,8.888174306775909e-06,0.00020670678350143135,0.00015000381972640753,0.0006655544275417924,0.00011286915832897648,1.3283606676850468e-06,1.2741535101667978e-05,0.00016638021043036133,0.00018385442672297359,0.0024723822716623545,0.00025722524151206017,2.8541808205773123e-06,2.967755244753789e-05,0.0005155105609446764,0.0011540972627699375,1.432582830140916e-09,0.00047342016478069127,1.1290731549706834e-07,1.0412545492499703e-07,9.661190958354382e-09,0.0008054991485551,0.0005023025441914797,2.4551965793762065e-07,3.6750604976987233e-06,3.230338961657253e-06,0.00017405992548447102,6.754035712219775e-05,5.626374331768602e-06,0.00012622869689948857,0.00011823985551018268,0.17783209681510925,2.2945089028780785e-07,9.888423164738924e-07,3.038258000742644e-07,1.6578142094658688e-05,0.0005107774049974978,1.1970921320880734e-07,5.821742888656445e-05,0.00015070929657667875,4.5426094885669954e-08,0.00013743978342972696,2.237725738041263e-07,6.453346657053771e-08
